CreatedDate,Shape,RapUploadNo,MinSize,MaxSize,Color,Clarity,IsUpdated,Price
2025-03-21T04:42:44.276Z,PB,1,0.18,0.22,D,SI1,FALSE,1000
2025-03-21T04:42:44.276Z,PB,1,0.18,0.22,D,SI3,FALSE,710
2025-03-21T04:42:44.276Z,PB,1,0.18,0.22,E,IF,FALSE,1370
2025-03-21T04:42:44.276Z,PB,1,0.18,0.22,E,VVS1,FALSE,1370
2025-03-21T04:42:44.276Z,PB,1,0.18,0.22,E,VVS2,FALSE,1370
2025-03-21T04:42:44.276Z,PB,1,0.18,0.22,E,I3,FALSE,360
2025-03-21T04:42:44.276Z,PB,1,0.18,0.22,F,VS1,FALSE,1160
2025-03-21T04:42:44.276Z,PB,1,0.18,0.22,F,VS2,FALSE,1160
2025-03-21T04:42:44.276Z,PB,1,0.18,0.22,F,SI1,FALSE,1000
2025-03-21T04:42:44.276Z,PB,1,0.18,0.22,F,SI2,FALSE,850
2025-03-21T04:42:44.276Z,PB,1,0.18,0.22,G,SI1,FALSE,880
2025-03-21T04:42:44.276Z,PB,1,0.18,0.22,G,SI2,FALSE,750
2025-03-21T04:42:44.276Z,PB,1,0.18,0.22,G,I1,FALSE,520
2025-03-21T04:42:44.276Z,PB,1,0.18,0.22,G,I3,FALSE,320
2025-03-21T04:42:44.276Z,PB,1,0.18,0.22,H,IF,FALSE,1210
2025-03-21T04:42:44.276Z,PB,1,0.18,0.22,H,SI3,FALSE,630
2025-03-21T04:42:44.276Z,PB,1,0.18,0.22,I,IF,FALSE,1000
2025-03-21T04:42:44.276Z,PB,1,0.18,0.22,I,VVS1,FALSE,1000
2025-03-21T04:42:44.276Z,PB,1,0.18,0.22,D,VS2,FALSE,1160
2025-03-21T04:42:44.276Z,PB,1,0.18,0.22,D,I1,FALSE,600
2025-03-21T04:42:44.276Z,PB,1,0.18,0.22,E,VS2,FALSE,1160
2025-03-21T04:42:44.276Z,PB,1,0.18,0.22,E,SI2,FALSE,850
2025-03-21T04:42:44.276Z,PB,1,0.18,0.22,E,SI3,FALSE,710
2025-03-21T04:42:44.276Z,PB,1,0.18,0.22,E,I1,FALSE,600
2025-03-21T04:42:44.276Z,PB,1,0.18,0.22,F,VVS2,FALSE,1370
2025-03-21T04:42:44.276Z,PB,1,0.18,0.22,F,SI3,FALSE,710
2025-03-21T04:42:44.276Z,PB,1,0.18,0.22,G,IF,FALSE,1210
2025-03-21T04:42:44.276Z,PB,1,0.18,0.22,G,VVS1,FALSE,1210
2025-03-21T04:42:44.276Z,PB,1,0.18,0.22,G,VVS2,FALSE,1210
2025-03-21T04:42:44.276Z,PB,1,0.18,0.22,H,VVS2,FALSE,1210
2025-03-21T04:42:44.276Z,PB,1,0.18,0.22,H,VS2,FALSE,1020
2025-03-21T04:42:44.276Z,PB,1,0.18,0.22,H,SI2,FALSE,750
2025-03-21T04:42:44.276Z,PB,1,0.18,0.22,I,SI1,FALSE,750
2025-03-21T04:42:44.275Z,PB,1,0.18,0.22,D,IF,FALSE,1370
2025-03-21T04:42:44.276Z,PB,1,0.18,0.22,D,VVS2,FALSE,1370
2025-03-21T04:42:44.276Z,PB,1,0.18,0.22,D,VS1,FALSE,1160
2025-03-21T04:42:44.276Z,PB,1,0.18,0.22,D,SI2,FALSE,850
2025-03-21T04:42:44.276Z,PB,1,0.18,0.22,D,I2,FALSE,450
2025-03-21T04:42:44.276Z,PB,1,0.18,0.22,D,I3,FALSE,360
2025-03-21T04:42:44.276Z,PB,1,0.18,0.22,E,VS1,FALSE,1160
2025-03-21T04:42:44.276Z,PB,1,0.18,0.22,E,SI1,FALSE,1000
2025-03-21T04:42:44.276Z,PB,1,0.18,0.22,F,IF,FALSE,1370
2025-03-21T04:42:44.276Z,PB,1,0.18,0.22,F,I1,FALSE,600
2025-03-21T04:42:44.276Z,PB,1,0.18,0.22,F,I3,FALSE,360
2025-03-21T04:42:44.276Z,PB,1,0.18,0.22,G,SI3,FALSE,630
2025-03-21T04:42:44.276Z,PB,1,0.18,0.22,G,I2,FALSE,400
2025-03-21T04:42:44.276Z,PB,1,0.18,0.22,H,VVS1,FALSE,1210
2025-03-21T04:42:44.276Z,PB,1,0.18,0.22,H,SI1,FALSE,880
2025-03-21T04:42:44.276Z,PB,1,0.18,0.22,H,I3,FALSE,320
2025-03-21T04:42:44.276Z,PB,1,0.18,0.22,I,VVS2,FALSE,1000
2025-03-21T04:42:44.276Z,PB,1,0.18,0.22,I,VS2,FALSE,850
2025-03-21T04:42:44.276Z,PB,1,0.18,0.22,I,SI3,FALSE,540
2025-03-21T04:42:44.276Z,PB,1,0.18,0.22,I,I1,FALSE,450
2025-03-21T04:42:44.276Z,PB,1,0.18,0.22,D,VVS1,FALSE,1370
2025-03-21T04:42:44.276Z,PB,1,0.18,0.22,E,I2,FALSE,450
2025-03-21T04:42:44.276Z,PB,1,0.18,0.22,F,VVS1,FALSE,1370
2025-03-21T04:42:44.276Z,PB,1,0.18,0.22,F,I2,FALSE,450
2025-03-21T04:42:44.276Z,PB,1,0.18,0.22,G,VS1,FALSE,1020
2025-03-21T04:42:44.276Z,PB,1,0.18,0.22,G,VS2,FALSE,1020
2025-03-21T04:42:44.276Z,PB,1,0.18,0.22,H,VS1,FALSE,1020
2025-03-21T04:42:44.276Z,PB,1,0.18,0.22,H,I1,FALSE,520
2025-03-21T04:42:44.276Z,PB,1,0.18,0.22,H,I2,FALSE,400
2025-03-21T04:42:44.276Z,PB,1,0.18,0.22,I,VS1,FALSE,850
2025-03-21T04:42:44.276Z,PB,1,0.18,0.22,I,SI2,FALSE,650
2025-03-21T04:42:44.276Z,PB,1,0.18,0.22,J,SI1,FALSE,750
2025-03-21T04:42:44.276Z,PB,1,0.18,0.22,J,I1,FALSE,450
2025-03-21T04:42:44.276Z,PB,1,0.18,0.22,J,I3,FALSE,270
2025-03-21T04:42:44.276Z,PB,1,0.18,0.22,K,VS1,FALSE,650
2025-03-21T04:42:44.276Z,PB,1,0.18,0.22,K,VS2,FALSE,650
2025-03-21T04:42:44.276Z,PB,1,0.18,0.22,K,SI1,FALSE,570
2025-03-21T04:42:44.276Z,PB,1,0.18,0.22,K,SI2,FALSE,490
2025-03-21T04:42:44.276Z,PB,1,0.18,0.22,K,I2,FALSE,270
2025-03-21T04:42:44.276Z,PB,1,0.18,0.22,L,IF,FALSE,770
2025-03-21T04:42:44.276Z,PB,1,0.18,0.22,L,VVS1,FALSE,770
2025-03-21T04:42:44.276Z,PB,1,0.18,0.22,L,VS2,FALSE,650
2025-03-21T04:42:44.276Z,PB,1,0.18,0.22,L,SI2,FALSE,490
2025-03-21T04:42:44.276Z,PB,1,0.18,0.22,L,SI3,FALSE,420
2025-03-21T04:42:44.276Z,PB,1,0.18,0.22,L,I1,FALSE,350
2025-03-21T04:42:44.276Z,PB,1,0.18,0.22,L,I2,FALSE,270
2025-03-21T04:42:44.276Z,PB,1,0.18,0.22,N,SI3,FALSE,320
2025-03-21T04:42:44.276Z,PB,1,0.23,0.29,D,VVS2,FALSE,1610
2025-03-21T04:42:44.276Z,PB,1,0.23,0.29,D,SI1,FALSE,1130
2025-03-21T04:42:44.276Z,PB,1,0.23,0.29,D,SI2,FALSE,970
2025-03-21T04:42:44.276Z,PB,1,0.18,0.22,I,I3,FALSE,270
2025-03-21T04:42:44.276Z,PB,1,0.18,0.22,J,VVS1,FALSE,1000
2025-03-21T04:42:44.276Z,PB,1,0.18,0.22,J,VS1,FALSE,850
2025-03-21T04:42:44.276Z,PB,1,0.18,0.22,J,VS2,FALSE,850
2025-03-21T04:42:44.276Z,PB,1,0.18,0.22,K,VVS2,FALSE,770
2025-03-21T04:42:44.276Z,PB,1,0.18,0.22,L,VVS2,FALSE,770
2025-03-21T04:42:44.276Z,PB,1,0.18,0.22,L,SI1,FALSE,570
2025-03-21T04:42:44.276Z,PB,1,0.18,0.22,L,I3,FALSE,210
2025-03-21T04:42:44.276Z,PB,1,0.18,0.22,M,IF,FALSE,600
2025-03-21T04:42:44.276Z,PB,1,0.18,0.22,M,VVS1,FALSE,600
2025-03-21T04:42:44.276Z,PB,1,0.18,0.22,M,VVS2,FALSE,600
2025-03-21T04:42:44.276Z,PB,1,0.18,0.22,M,VS1,FALSE,510
2025-03-21T04:42:44.276Z,PB,1,0.18,0.22,N,VS1,FALSE,510
2025-03-21T04:42:44.276Z,PB,1,0.18,0.22,N,I1,FALSE,260
2025-03-21T04:42:44.276Z,PB,1,0.18,0.22,N,I2,FALSE,200
2025-03-21T04:42:44.276Z,PB,1,0.18,0.22,J,IF,FALSE,1000
2025-03-21T04:42:44.276Z,PB,1,0.18,0.22,J,SI3,FALSE,540
2025-03-21T04:42:44.276Z,PB,1,0.18,0.22,K,I3,FALSE,210
2025-03-21T04:42:44.276Z,PB,1,0.18,0.22,M,SI3,FALSE,320
2025-03-21T04:42:44.276Z,PB,1,0.18,0.22,M,I2,FALSE,200
2025-03-21T04:42:44.276Z,PB,1,0.18,0.22,N,IF,FALSE,600
2025-03-21T04:42:44.276Z,PB,1,0.18,0.22,N,VVS1,FALSE,600
2025-03-21T04:42:44.276Z,PB,1,0.18,0.22,N,SI1,FALSE,430
2025-03-21T04:42:44.276Z,PB,1,0.18,0.22,N,SI2,FALSE,370
2025-03-21T04:42:44.276Z,PB,1,0.23,0.29,D,IF,FALSE,1610
2025-03-21T04:42:44.276Z,PB,1,0.23,0.29,D,VVS1,FALSE,1610
2025-03-21T04:42:44.276Z,PB,1,0.23,0.29,D,VS1,FALSE,1400
2025-03-21T04:42:44.276Z,PB,1,0.23,0.29,D,VS2,FALSE,1400
2025-03-21T04:42:44.276Z,PB,1,0.18,0.22,I,I2,FALSE,350
2025-03-21T04:42:44.276Z,PB,1,0.18,0.22,J,VVS2,FALSE,1000
2025-03-21T04:42:44.276Z,PB,1,0.18,0.22,J,SI2,FALSE,650
2025-03-21T04:42:44.276Z,PB,1,0.18,0.22,J,I2,FALSE,350
2025-03-21T04:42:44.276Z,PB,1,0.18,0.22,K,IF,FALSE,770
2025-03-21T04:42:44.276Z,PB,1,0.18,0.22,K,VVS1,FALSE,770
2025-03-21T04:42:44.276Z,PB,1,0.18,0.22,K,SI3,FALSE,420
2025-03-21T04:42:44.276Z,PB,1,0.18,0.22,K,I1,FALSE,350
2025-03-21T04:42:44.276Z,PB,1,0.18,0.22,L,VS1,FALSE,650
2025-03-21T04:42:44.276Z,PB,1,0.18,0.22,M,VS2,FALSE,510
2025-03-21T04:42:44.276Z,PB,1,0.18,0.22,M,SI1,FALSE,430
2025-03-21T04:42:44.276Z,PB,1,0.18,0.22,M,SI2,FALSE,370
2025-03-21T04:42:44.276Z,PB,1,0.18,0.22,M,I1,FALSE,260
2025-03-21T04:42:44.276Z,PB,1,0.18,0.22,M,I3,FALSE,150
2025-03-21T04:42:44.276Z,PB,1,0.18,0.22,N,VVS2,FALSE,600
2025-03-21T04:42:44.276Z,PB,1,0.18,0.22,N,VS2,FALSE,510
2025-03-21T04:42:44.276Z,PB,1,0.18,0.22,N,I3,FALSE,150
2025-03-21T04:42:44.276Z,PB,1,0.23,0.29,D,SI3,FALSE,820
2025-03-21T04:42:44.276Z,PB,1,0.23,0.29,D,I2,FALSE,510
2025-03-21T04:42:44.276Z,PB,1,0.23,0.29,E,IF,FALSE,1610
2025-03-21T04:42:44.276Z,PB,1,0.23,0.29,F,VVS2,FALSE,1610
2025-03-21T04:42:44.276Z,PB,1,0.23,0.29,F,VS2,FALSE,1400
2025-03-21T04:42:44.276Z,PB,1,0.23,0.29,F,SI3,FALSE,820
2025-03-21T04:42:44.276Z,PB,1,0.23,0.29,F,I1,FALSE,660
2025-03-21T04:42:44.276Z,PB,1,0.23,0.29,G,VS1,FALSE,1210
2025-03-21T04:42:44.276Z,PB,1,0.23,0.29,G,SI2,FALSE,840
2025-03-21T04:42:44.276Z,PB,1,0.23,0.29,G,SI3,FALSE,720
2025-03-21T04:42:44.276Z,PB,1,0.23,0.29,H,I3,FALSE,350
2025-03-21T04:42:44.276Z,PB,1,0.23,0.29,I,SI2,FALSE,720
2025-03-21T04:42:44.276Z,PB,1,0.23,0.29,I,I2,FALSE,390
2025-03-21T04:42:44.276Z,PB,1,0.23,0.29,J,IF,FALSE,1180
2025-03-21T04:42:44.276Z,PB,1,0.23,0.29,J,VVS2,FALSE,1180
2025-03-21T04:42:44.276Z,PB,1,0.23,0.29,J,VS2,FALSE,1020
2025-03-21T04:42:44.276Z,PB,1,0.23,0.29,J,I1,FALSE,490
2025-03-21T04:42:44.276Z,PB,1,0.23,0.29,K,I2,FALSE,310
2025-03-21T04:42:44.276Z,PB,1,0.23,0.29,L,VVS1,FALSE,940
2025-03-21T04:42:44.276Z,PB,1,0.23,0.29,L,SI1,FALSE,670
2025-03-21T04:42:44.276Z,PB,1,0.23,0.29,M,VVS1,FALSE,780
2025-03-21T04:42:44.276Z,PB,1,0.23,0.29,M,VVS2,FALSE,780
2025-03-21T04:42:44.276Z,PB,1,0.23,0.29,M,I1,FALSE,310
2025-03-21T04:42:44.276Z,PB,1,0.23,0.29,N,VVS1,FALSE,780
2025-03-21T04:42:44.276Z,PB,1,0.23,0.29,N,SI1,FALSE,550
2025-03-21T04:42:44.276Z,PB,1,0.23,0.29,N,SI2,FALSE,480
2025-03-21T04:42:44.276Z,PB,1,0.23,0.29,N,I2,FALSE,240
2025-03-21T04:42:44.276Z,PB,1,0.23,0.29,N,I3,FALSE,170
2025-03-21T04:42:44.276Z,PB,1,0.3,0.39,D,IF,FALSE,2400
2025-03-21T04:42:44.276Z,PB,1,0.3,0.39,D,VS2,FALSE,1700
2025-03-21T04:42:44.276Z,PB,1,0.3,0.39,D,I2,FALSE,800
2025-03-21T04:42:44.276Z,PB,1,0.3,0.39,D,I3,FALSE,600
2025-03-21T04:42:44.276Z,PB,1,0.3,0.39,E,I1,FALSE,900
2025-03-21T04:42:44.276Z,PB,1,0.3,0.39,E,I3,FALSE,500
2025-03-21T04:42:44.276Z,PB,1,0.3,0.39,F,VVS2,FALSE,1700
2025-03-21T04:42:44.276Z,PB,1,0.3,0.39,G,VVS2,FALSE,1600
2025-03-21T04:42:44.276Z,PB,1,0.3,0.39,G,SI3,FALSE,900
2025-03-21T04:42:44.276Z,PB,1,0.3,0.39,H,VVS2,FALSE,1500
2025-03-21T04:42:44.276Z,PB,1,0.3,0.39,H,SI2,FALSE,1000
2025-03-21T04:42:44.276Z,PB,1,0.3,0.39,I,VVS2,FALSE,1300
2025-03-21T04:42:44.276Z,PB,1,0.3,0.39,I,VS2,FALSE,1100
2025-03-21T04:42:44.276Z,PB,1,0.3,0.39,I,SI1,FALSE,1000
2025-03-21T04:42:44.276Z,PB,1,0.3,0.39,J,IF,FALSE,1300
2025-03-21T04:42:44.276Z,PB,1,0.3,0.39,J,VVS2,FALSE,1100
2025-03-21T04:42:44.276Z,PB,1,0.3,0.39,J,VS1,FALSE,1100
2025-03-21T04:42:44.276Z,PB,1,0.3,0.39,J,SI1,FALSE,900
2025-03-21T04:42:44.276Z,PB,1,0.3,0.39,J,SI2,FALSE,800
2025-03-21T04:42:44.276Z,PB,1,0.3,0.39,J,I3,FALSE,300
2025-03-21T04:42:44.276Z,PB,1,0.3,0.39,K,IF,FALSE,1200
2025-03-21T04:42:44.276Z,PB,1,0.3,0.39,L,VVS1,FALSE,900
2025-03-21T04:42:44.276Z,PB,1,0.3,0.39,L,I1,FALSE,500
2025-03-21T04:42:44.276Z,PB,1,0.3,0.39,M,I1,FALSE,400
2025-03-21T04:42:44.276Z,PB,1,0.4,0.49,D,I1,FALSE,1200
2025-03-21T04:42:44.276Z,PB,1,0.4,0.49,E,IF,FALSE,2700
2025-03-21T04:42:44.276Z,PB,1,0.4,0.49,E,SI3,FALSE,1300
2025-03-21T04:42:44.276Z,PB,1,0.4,0.49,E,I3,FALSE,600
2025-03-21T04:42:44.276Z,PB,1,0.4,0.49,F,IF,FALSE,2500
2025-03-21T04:42:44.276Z,PB,1,0.4,0.49,F,VVS1,FALSE,2300
2025-03-21T04:42:44.276Z,PB,1,0.4,0.49,F,VS1,FALSE,1900
2025-03-21T04:42:44.276Z,PB,1,0.4,0.49,F,SI2,FALSE,1400
2025-03-21T04:42:44.276Z,PB,1,0.4,0.49,F,SI3,FALSE,1200
2025-03-21T04:42:44.276Z,PB,1,0.4,0.49,F,I1,FALSE,1000
2025-03-21T04:42:44.276Z,PB,1,0.4,0.49,F,I2,FALSE,800
2025-03-21T04:42:44.276Z,PB,1,0.4,0.49,G,IF,FALSE,2300
2025-03-21T04:42:44.276Z,PB,1,0.4,0.49,G,VS1,FALSE,1800
2025-03-21T04:42:44.276Z,PB,1,0.23,0.29,D,I1,FALSE,660
2025-03-21T04:42:44.276Z,PB,1,0.23,0.29,D,I3,FALSE,400
2025-03-21T04:42:44.276Z,PB,1,0.23,0.29,E,VVS1,FALSE,1610
2025-03-21T04:42:44.276Z,PB,1,0.23,0.29,E,VS2,FALSE,1400
2025-03-21T04:42:44.276Z,PB,1,0.23,0.29,E,SI3,FALSE,820
2025-03-21T04:42:44.276Z,PB,1,0.23,0.29,E,I2,FALSE,510
2025-03-21T04:42:44.276Z,PB,1,0.23,0.29,F,SI1,FALSE,1130
2025-03-21T04:42:44.276Z,PB,1,0.23,0.29,G,IF,FALSE,1410
2025-03-21T04:42:44.276Z,PB,1,0.23,0.29,G,VVS2,FALSE,1410
2025-03-21T04:42:44.276Z,PB,1,0.23,0.29,H,VVS1,FALSE,1410
2025-03-21T04:42:44.276Z,PB,1,0.23,0.29,H,SI1,FALSE,990
2025-03-21T04:42:44.276Z,PB,1,0.23,0.29,I,IF,FALSE,1180
2025-03-21T04:42:44.276Z,PB,1,0.23,0.29,I,VVS1,FALSE,1180
2025-03-21T04:42:44.276Z,PB,1,0.23,0.29,I,VVS2,FALSE,1180
2025-03-21T04:42:44.276Z,PB,1,0.23,0.29,J,SI1,FALSE,840
2025-03-21T04:42:44.276Z,PB,1,0.23,0.29,J,SI2,FALSE,720
2025-03-21T04:42:44.276Z,PB,1,0.23,0.29,J,I2,FALSE,390
2025-03-21T04:42:44.276Z,PB,1,0.23,0.29,K,VVS1,FALSE,940
2025-03-21T04:42:44.276Z,PB,1,0.23,0.29,K,VS1,FALSE,820
2025-03-21T04:42:44.276Z,PB,1,0.23,0.29,K,VS2,FALSE,820
2025-03-21T04:42:44.276Z,PB,1,0.23,0.29,K,SI1,FALSE,670
2025-03-21T04:42:44.276Z,PB,1,0.23,0.29,L,SI3,FALSE,510
2025-03-21T04:42:44.276Z,PB,1,0.23,0.29,L,I1,FALSE,390
2025-03-21T04:42:44.276Z,PB,1,0.23,0.29,L,I2,FALSE,310
2025-03-21T04:42:44.276Z,PB,1,0.23,0.29,M,IF,FALSE,780
2025-03-21T04:42:44.276Z,PB,1,0.23,0.29,M,VS2,FALSE,660
2025-03-21T04:42:44.276Z,PB,1,0.23,0.29,M,SI2,FALSE,480
2025-03-21T04:42:44.276Z,PB,1,0.23,0.29,M,I2,FALSE,240
2025-03-21T04:42:44.276Z,PB,1,0.23,0.29,N,IF,FALSE,780
2025-03-21T04:42:44.276Z,PB,1,0.23,0.29,N,VS2,FALSE,660
2025-03-21T04:42:44.276Z,PB,1,0.3,0.39,D,VVS2,FALSE,2000
2025-03-21T04:42:44.276Z,PB,1,0.3,0.39,D,VS1,FALSE,1800
2025-03-21T04:42:44.276Z,PB,1,0.3,0.39,D,SI1,FALSE,1600
2025-03-21T04:42:44.276Z,PB,1,0.3,0.39,E,VVS1,FALSE,2000
2025-03-21T04:42:44.276Z,PB,1,0.3,0.39,E,VVS2,FALSE,1800
2025-03-21T04:42:44.276Z,PB,1,0.3,0.39,E,SI1,FALSE,1500
2025-03-21T04:42:44.276Z,PB,1,0.3,0.39,E,I2,FALSE,800
2025-03-21T04:42:44.276Z,PB,1,0.3,0.39,F,VVS1,FALSE,1800
2025-03-21T04:42:44.276Z,PB,1,0.3,0.39,F,VS1,FALSE,1600
2025-03-21T04:42:44.276Z,PB,1,0.3,0.39,F,SI1,FALSE,1400
2025-03-21T04:42:44.276Z,PB,1,0.3,0.39,F,SI2,FALSE,1200
2025-03-21T04:42:44.276Z,PB,1,0.3,0.39,F,I1,FALSE,800
2025-03-21T04:42:44.276Z,PB,1,0.3,0.39,F,I2,FALSE,700
2025-03-21T04:42:44.276Z,PB,1,0.3,0.39,G,VS2,FALSE,1400
2025-03-21T04:42:44.276Z,PB,1,0.3,0.39,G,I2,FALSE,700
2025-03-21T04:42:44.276Z,PB,1,0.3,0.39,G,I3,FALSE,400
2025-03-21T04:42:44.276Z,PB,1,0.3,0.39,H,IF,FALSE,1700
2025-03-21T04:42:44.276Z,PB,1,0.3,0.39,H,VS1,FALSE,1400
2025-03-21T04:42:44.276Z,PB,1,0.3,0.39,H,SI1,FALSE,1200
2025-03-21T04:42:44.276Z,PB,1,0.3,0.39,H,SI3,FALSE,800
2025-03-21T04:42:44.276Z,PB,1,0.3,0.39,H,I3,FALSE,400
2025-03-21T04:42:44.276Z,PB,1,0.3,0.39,I,IF,FALSE,1500
2025-03-21T04:42:44.276Z,PB,1,0.3,0.39,I,VVS1,FALSE,1400
2025-03-21T04:42:44.276Z,PB,1,0.3,0.39,I,SI2,FALSE,900
2025-03-21T04:42:44.276Z,PB,1,0.3,0.39,J,SI3,FALSE,700
2025-03-21T04:42:44.276Z,PB,1,0.3,0.39,K,SI2,FALSE,700
2025-03-21T04:42:44.276Z,PB,1,0.3,0.39,K,I3,FALSE,300
2025-03-21T04:42:44.276Z,PB,1,0.3,0.39,L,IF,FALSE,1000
2025-03-21T04:42:44.276Z,PB,1,0.3,0.39,L,VS2,FALSE,800
2025-03-21T04:42:44.276Z,PB,1,0.3,0.39,L,SI3,FALSE,600
2025-03-21T04:42:44.276Z,PB,1,0.3,0.39,M,IF,FALSE,900
2025-03-21T04:42:44.276Z,PB,1,0.3,0.39,M,VVS2,FALSE,900
2025-03-21T04:42:44.276Z,PB,1,0.3,0.39,M,I2,FALSE,300
2025-03-21T04:42:44.276Z,PB,1,0.4,0.49,D,VVS2,FALSE,2400
2025-03-21T04:42:44.276Z,PB,1,0.4,0.49,D,SI1,FALSE,1800
2025-03-21T04:42:44.276Z,PB,1,0.4,0.49,G,SI2,FALSE,1300
2025-03-21T04:42:44.276Z,PB,1,0.4,0.49,H,VS2,FALSE,1600
2025-03-21T04:42:44.276Z,PB,1,0.4,0.49,H,SI2,FALSE,1200
2025-03-21T04:42:44.276Z,PB,1,0.4,0.49,H,SI3,FALSE,1000
2025-03-21T04:42:44.276Z,PB,1,0.4,0.49,H,I1,FALSE,900
2025-03-21T04:42:44.276Z,PB,1,0.4,0.49,H,I2,FALSE,700
2025-03-21T04:42:44.276Z,PB,1,0.4,0.49,I,IF,FALSE,1900
2025-03-21T04:42:44.276Z,PB,1,0.4,0.49,I,VVS1,FALSE,1700
2025-03-21T04:42:44.276Z,PB,1,0.4,0.49,I,SI1,FALSE,1300
2025-03-21T04:42:44.276Z,PB,1,0.4,0.49,I,I3,FALSE,400
2025-03-21T04:42:44.276Z,PB,1,0.4,0.49,J,SI3,FALSE,900
2025-03-21T04:42:44.276Z,PB,1,0.4,0.49,K,VVS2,FALSE,1200
2025-03-21T04:42:44.276Z,PB,1,0.4,0.49,K,VS2,FALSE,1100
2025-03-21T04:42:44.276Z,PB,1,0.4,0.49,L,IF,FALSE,1300
2025-03-21T04:42:44.276Z,PB,1,0.4,0.49,L,VS2,FALSE,1000
2025-03-21T04:42:44.276Z,PB,1,0.4,0.49,L,I1,FALSE,600
2025-03-21T04:42:44.276Z,PB,1,0.4,0.49,M,VS1,FALSE,900
2025-03-21T04:42:44.276Z,PB,1,0.4,0.49,M,VS2,FALSE,900
2025-03-21T04:42:44.276Z,PB,1,0.4,0.49,M,I3,FALSE,300
2025-03-21T04:42:44.276Z,PB,1,0.5,0.69,D,IF,FALSE,3300
2025-03-21T04:42:44.276Z,PB,1,0.5,0.69,D,VS1,FALSE,2600
2025-03-21T04:42:44.276Z,PB,1,0.5,0.69,D,SI1,FALSE,2200
2025-03-21T04:42:44.276Z,PB,1,0.5,0.69,D,SI2,FALSE,2000
2025-03-21T04:42:44.276Z,PB,1,0.5,0.69,D,SI3,FALSE,1800
2025-03-21T04:42:44.276Z,PB,1,0.5,0.69,E,I3,FALSE,800
2025-03-21T04:42:44.276Z,PB,1,0.5,0.69,F,I2,FALSE,1100
2025-03-21T04:42:44.276Z,PB,1,0.5,0.69,G,IF,FALSE,2600
2025-03-21T04:42:44.276Z,PB,1,0.5,0.69,G,I1,FALSE,1300
2025-03-21T04:42:44.276Z,PB,1,0.5,0.69,H,VVS1,FALSE,2200
2025-03-21T04:42:44.276Z,PB,1,0.5,0.69,H,VS1,FALSE,2000
2025-03-21T04:42:44.276Z,PB,1,0.5,0.69,H,I2,FALSE,900
2025-03-21T04:42:44.276Z,PB,1,0.5,0.69,I,VVS1,FALSE,2000
2025-03-21T04:42:44.276Z,PB,1,0.5,0.69,I,SI1,FALSE,1600
2025-03-21T04:42:44.276Z,PB,1,0.5,0.69,I,I2,FALSE,900
2025-03-21T04:42:44.276Z,PB,1,0.5,0.69,I,I3,FALSE,600
2025-03-21T04:42:44.276Z,PB,1,0.5,0.69,J,SI1,FALSE,1400
2025-03-21T04:42:44.276Z,PB,1,0.5,0.69,J,I1,FALSE,1000
2025-03-21T04:42:44.276Z,PB,1,0.5,0.69,K,VVS2,FALSE,1500
2025-03-21T04:42:44.276Z,PB,1,0.5,0.69,K,VS2,FALSE,1300
2025-03-21T04:42:44.276Z,PB,1,0.5,0.69,K,I1,FALSE,900
2025-03-21T04:42:44.276Z,PB,1,0.5,0.69,L,VVS1,FALSE,1400
2025-03-21T04:42:44.276Z,PB,1,0.5,0.69,L,VS1,FALSE,1200
2025-03-21T04:42:44.276Z,PB,1,0.5,0.69,L,SI2,FALSE,1000
2025-03-21T04:42:44.276Z,PB,1,0.5,0.69,L,SI3,FALSE,900
2025-03-21T04:42:44.276Z,PB,1,0.5,0.69,M,IF,FALSE,1400
2025-03-21T04:42:44.276Z,PB,1,0.5,0.69,M,I3,FALSE,400
2025-03-21T04:42:44.276Z,PB,1,0.7,0.89,D,I2,FALSE,1600
2025-03-21T04:42:44.276Z,PB,1,0.7,0.89,E,SI2,FALSE,2200
2025-03-21T04:42:44.276Z,PB,1,0.7,0.89,F,IF,FALSE,4000
2025-03-21T04:42:44.276Z,PB,1,0.7,0.89,F,VVS2,FALSE,3600
2025-03-21T04:42:44.276Z,PB,1,0.7,0.89,G,VVS1,FALSE,3500
2025-03-21T04:42:44.276Z,PB,1,0.7,0.89,G,VVS2,FALSE,3300
2025-03-21T04:42:44.276Z,PB,1,0.7,0.89,G,VS1,FALSE,3100
2025-03-21T04:42:44.276Z,PB,1,0.7,0.89,G,SI3,FALSE,1700
2025-03-21T04:42:44.276Z,PB,1,0.7,0.89,G,I2,FALSE,1400
2025-03-21T04:42:44.276Z,PB,1,0.7,0.89,H,VS1,FALSE,2800
2025-03-21T04:42:44.276Z,PB,1,0.7,0.89,I,VVS1,FALSE,2900
2025-03-21T04:42:44.276Z,PB,1,0.7,0.89,I,VS1,FALSE,2500
2025-03-21T04:42:44.276Z,PB,1,0.7,0.89,I,VS2,FALSE,2200
2025-03-21T04:42:44.276Z,PB,1,0.7,0.89,I,I3,FALSE,800
2025-03-21T04:42:44.276Z,PB,1,0.7,0.89,J,IF,FALSE,2600
2025-03-21T04:42:44.276Z,PB,1,0.7,0.89,J,VVS2,FALSE,2300
2025-03-21T04:42:44.276Z,PB,1,0.7,0.89,J,SI1,FALSE,1700
2025-03-21T04:42:44.276Z,PB,1,0.7,0.89,J,I3,FALSE,700
2025-03-21T04:42:44.276Z,PB,1,0.4,0.49,D,SI3,FALSE,1400
2025-03-21T04:42:44.276Z,PB,1,0.4,0.49,E,VVS1,FALSE,2400
2025-03-21T04:42:44.276Z,PB,1,0.4,0.49,E,I1,FALSE,1100
2025-03-21T04:42:44.276Z,PB,1,0.4,0.49,F,VS2,FALSE,1800
2025-03-21T04:42:44.276Z,PB,1,0.4,0.49,G,VVS1,FALSE,2100
2025-03-21T04:42:44.276Z,PB,1,0.4,0.49,G,SI1,FALSE,1500
2025-03-21T04:42:44.276Z,PB,1,0.4,0.49,G,I1,FALSE,1000
2025-03-21T04:42:44.276Z,PB,1,0.4,0.49,G,I3,FALSE,500
2025-03-21T04:42:44.276Z,PB,1,0.4,0.49,H,I3,FALSE,500
2025-03-21T04:42:44.276Z,PB,1,0.4,0.49,I,VS1,FALSE,1500
2025-03-21T04:42:44.276Z,PB,1,0.4,0.49,I,VS2,FALSE,1400
2025-03-21T04:42:44.276Z,PB,1,0.4,0.49,I,SI3,FALSE,1000
2025-03-21T04:42:44.276Z,PB,1,0.4,0.49,J,IF,FALSE,1600
2025-03-21T04:42:44.276Z,PB,1,0.4,0.49,J,VVS2,FALSE,1400
2025-03-21T04:42:44.276Z,PB,1,0.4,0.49,J,SI1,FALSE,1200
2025-03-21T04:42:44.276Z,PB,1,0.4,0.49,J,SI2,FALSE,1100
2025-03-21T04:42:44.276Z,PB,1,0.4,0.49,J,I1,FALSE,700
2025-03-21T04:42:44.276Z,PB,1,0.4,0.49,J,I3,FALSE,400
2025-03-21T04:42:44.276Z,PB,1,0.4,0.49,K,SI1,FALSE,1000
2025-03-21T04:42:44.276Z,PB,1,0.4,0.49,K,SI3,FALSE,800
2025-03-21T04:42:44.276Z,PB,1,0.4,0.49,K,I3,FALSE,400
2025-03-21T04:42:44.276Z,PB,1,0.4,0.49,L,VVS1,FALSE,1200
2025-03-21T04:42:44.276Z,PB,1,0.4,0.49,L,VVS2,FALSE,1100
2025-03-21T04:42:44.276Z,PB,1,0.4,0.49,L,I2,FALSE,500
2025-03-21T04:42:44.276Z,PB,1,0.4,0.49,L,I3,FALSE,300
2025-03-21T04:42:44.276Z,PB,1,0.4,0.49,M,VVS2,FALSE,1000
2025-03-21T04:42:44.276Z,PB,1,0.4,0.49,M,I1,FALSE,500
2025-03-21T04:42:44.276Z,PB,1,0.5,0.69,D,VVS2,FALSE,2800
2025-03-21T04:42:44.276Z,PB,1,0.5,0.69,D,I3,FALSE,900
2025-03-21T04:42:44.276Z,PB,1,0.5,0.69,E,VVS1,FALSE,2800
2025-03-21T04:42:44.276Z,PB,1,0.5,0.69,E,VVS2,FALSE,2600
2025-03-21T04:42:44.276Z,PB,1,0.5,0.69,E,SI1,FALSE,2100
2025-03-21T04:42:44.276Z,PB,1,0.5,0.69,E,SI2,FALSE,1800
2025-03-21T04:42:44.276Z,PB,1,0.5,0.69,E,SI3,FALSE,1700
2025-03-21T04:42:44.276Z,PB,1,0.5,0.69,F,VVS1,FALSE,2600
2025-03-21T04:42:44.276Z,PB,1,0.5,0.69,F,VVS2,FALSE,2500
2025-03-21T04:42:44.276Z,PB,1,0.5,0.69,G,VS1,FALSE,2200
2025-03-21T04:42:44.276Z,PB,1,0.5,0.69,G,VS2,FALSE,2100
2025-03-21T04:42:44.276Z,PB,1,0.5,0.69,G,SI2,FALSE,1600
2025-03-21T04:42:44.276Z,PB,1,0.5,0.69,H,I3,FALSE,700
2025-03-21T04:42:44.276Z,PB,1,0.5,0.69,I,VS1,FALSE,1800
2025-03-21T04:42:44.276Z,PB,1,0.5,0.69,I,SI3,FALSE,1300
2025-03-21T04:42:44.276Z,PB,1,0.5,0.69,J,VVS2,FALSE,1700
2025-03-21T04:42:44.276Z,PB,1,0.5,0.69,J,VS1,FALSE,1600
2025-03-21T04:42:44.276Z,PB,1,0.5,0.69,J,SI2,FALSE,1300
2025-03-21T04:42:44.276Z,PB,1,0.5,0.69,J,I3,FALSE,600
2025-03-21T04:42:44.276Z,PB,1,0.5,0.69,K,IF,FALSE,1700
2025-03-21T04:42:44.276Z,PB,1,0.5,0.69,K,VS1,FALSE,1400
2025-03-21T04:42:44.276Z,PB,1,0.5,0.69,K,SI1,FALSE,1200
2025-03-21T04:42:44.276Z,PB,1,0.5,0.69,K,I2,FALSE,700
2025-03-21T04:42:44.276Z,PB,1,0.5,0.69,L,VS2,FALSE,1100
2025-03-21T04:42:44.276Z,PB,1,0.5,0.69,L,I2,FALSE,700
2025-03-21T04:42:44.276Z,PB,1,0.5,0.69,M,VVS2,FALSE,1200
2025-03-21T04:42:44.276Z,PB,1,0.5,0.69,M,SI1,FALSE,1000
2025-03-21T04:42:44.276Z,PB,1,0.5,0.69,M,I1,FALSE,700
2025-03-21T04:42:44.276Z,PB,1,0.5,0.69,M,I2,FALSE,600
2025-03-21T04:42:44.276Z,PB,1,0.7,0.89,D,IF,FALSE,4700
2025-03-21T04:42:44.276Z,PB,1,0.7,0.89,D,VVS1,FALSE,4300
2025-03-21T04:42:44.276Z,PB,1,0.7,0.89,E,IF,FALSE,4300
2025-03-21T04:42:44.276Z,PB,1,0.7,0.89,E,VS1,FALSE,3500
2025-03-21T04:42:44.276Z,PB,1,0.7,0.89,E,SI1,FALSE,2600
2025-03-21T04:42:44.276Z,PB,1,0.7,0.89,F,VS2,FALSE,3000
2025-03-21T04:42:44.276Z,PB,1,0.7,0.89,F,SI1,FALSE,2400
2025-03-21T04:42:44.276Z,PB,1,0.7,0.89,F,I2,FALSE,1400
2025-03-21T04:42:44.276Z,PB,1,0.7,0.89,K,IF,FALSE,2200
2025-03-21T04:42:44.276Z,PB,1,0.7,0.89,L,VS1,FALSE,1700
2025-03-21T04:42:44.276Z,PB,1,0.7,0.89,L,SI1,FALSE,1500
2025-03-21T04:42:44.276Z,PB,1,0.7,0.89,L,SI2,FALSE,1400
2025-03-21T04:42:44.276Z,PB,1,0.7,0.89,L,I3,FALSE,600
2025-03-21T04:42:44.276Z,PB,1,0.7,0.89,M,VVS1,FALSE,1700
2025-03-21T04:42:44.276Z,PB,1,0.7,0.89,M,VVS2,FALSE,1600
2025-03-21T04:42:44.276Z,PB,1,0.7,0.89,M,VS1,FALSE,1500
2025-03-21T04:42:44.276Z,PB,1,0.7,0.89,M,SI3,FALSE,1100
2025-03-21T04:42:44.276Z,PB,1,0.9,0.99,D,VS1,FALSE,5200
2025-03-21T04:42:44.276Z,PB,1,0.9,0.99,D,SI2,FALSE,3300
2025-03-21T04:42:44.276Z,PB,1,0.9,0.99,D,SI3,FALSE,3000
2025-03-21T04:42:44.276Z,PB,1,0.9,0.99,D,I1,FALSE,2400
2025-03-21T04:42:44.276Z,PB,1,0.9,0.99,D,I3,FALSE,1100
2025-03-21T04:42:44.276Z,PB,1,0.9,0.99,E,VVS2,FALSE,5200
2025-03-21T04:42:44.276Z,PB,1,0.9,0.99,E,SI1,FALSE,3500
2025-03-21T04:42:44.276Z,PB,1,0.9,0.99,E,SI2,FALSE,3100
2025-03-21T04:42:44.276Z,PB,1,0.9,0.99,F,IF,FALSE,5500
2025-03-21T04:42:44.276Z,PB,1,0.9,0.99,F,VS2,FALSE,4000
2025-03-21T04:42:44.276Z,PB,1,0.9,0.99,F,SI3,FALSE,2600
2025-03-21T04:42:44.276Z,PB,1,0.9,0.99,G,SI2,FALSE,2700
2025-03-21T04:42:44.276Z,PB,1,0.9,0.99,G,I2,FALSE,1600
2025-03-21T04:42:44.276Z,PB,1,0.9,0.99,H,SI2,FALSE,2500
2025-03-21T04:42:44.276Z,PB,1,0.9,0.99,I,VVS1,FALSE,3900
2025-03-21T04:42:44.276Z,PB,1,0.9,0.99,I,VVS2,FALSE,3700
2025-03-21T04:42:44.276Z,PB,1,0.9,0.99,I,VS1,FALSE,3400
2025-03-21T04:42:44.276Z,PB,1,0.9,0.99,I,SI1,FALSE,2700
2025-03-21T04:42:44.276Z,PB,1,0.9,0.99,I,SI3,FALSE,2100
2025-03-21T04:42:44.276Z,PB,1,0.9,0.99,J,VVS2,FALSE,3200
2025-03-21T04:42:44.276Z,PB,1,0.9,0.99,J,VS1,FALSE,3000
2025-03-21T04:42:44.276Z,PB,1,0.9,0.99,J,SI1,FALSE,2400
2025-03-21T04:42:44.276Z,PB,1,0.9,0.99,J,SI2,FALSE,2100
2025-03-21T04:42:44.276Z,PB,1,0.9,0.99,J,I1,FALSE,1700
2025-03-21T04:42:44.276Z,PB,1,0.9,0.99,K,VVS1,FALSE,2800
2025-03-21T04:42:44.276Z,PB,1,0.9,0.99,K,VVS2,FALSE,2600
2025-03-21T04:42:44.276Z,PB,1,0.9,0.99,K,VS1,FALSE,2500
2025-03-21T04:42:44.276Z,PB,1,0.9,0.99,K,SI3,FALSE,1700
2025-03-21T04:42:44.276Z,PB,1,0.9,0.99,K,I3,FALSE,800
2025-03-21T04:42:44.276Z,PB,1,0.9,0.99,M,SI1,FALSE,1500
2025-03-21T04:42:44.276Z,PB,1,1,1.49,D,IF,FALSE,9300
2025-03-21T04:42:44.276Z,PB,1,1,1.49,D,SI1,FALSE,4600
2025-03-21T04:42:44.276Z,PB,1,1,1.49,E,I1,FALSE,2900
2025-03-21T04:42:44.276Z,PB,1,1,1.49,F,I1,FALSE,2800
2025-03-21T04:42:44.276Z,PB,1,1,1.49,G,VS2,FALSE,4800
2025-03-21T04:42:44.276Z,PB,1,1,1.49,G,SI1,FALSE,3800
2025-03-21T04:42:44.276Z,PB,1,1,1.49,G,SI3,FALSE,2900
2025-03-21T04:42:44.276Z,PB,1,1,1.49,G,I1,FALSE,2600
2025-03-21T04:42:44.276Z,PB,1,1,1.49,H,SI2,FALSE,3100
2025-03-21T04:42:44.276Z,PB,1,1,1.49,I,SI2,FALSE,2800
2025-03-21T04:42:44.276Z,PB,1,1,1.49,J,VVS1,FALSE,3800
2025-03-21T04:42:44.276Z,PB,1,1,1.49,J,VVS2,FALSE,3600
2025-03-21T04:42:44.276Z,PB,1,1,1.49,J,SI1,FALSE,2900
2025-03-21T04:42:44.276Z,PB,1,1,1.49,K,IF,FALSE,3400
2025-03-21T04:42:44.276Z,PB,1,1,1.49,K,VVS1,FALSE,3200
2025-03-21T04:42:44.276Z,PB,1,1,1.49,K,I1,FALSE,1700
2025-03-21T04:42:44.276Z,PB,1,1,1.49,K,I3,FALSE,900
2025-03-21T04:42:44.276Z,PB,1,1,1.49,L,VVS2,FALSE,2500
2025-03-21T04:42:44.276Z,PB,1,1,1.49,L,VS2,FALSE,2200
2025-03-21T04:42:44.276Z,PB,1,1,1.49,M,IF,FALSE,2500
2025-03-21T04:42:44.276Z,PB,1,1,1.49,M,VS1,FALSE,2000
2025-03-21T04:42:44.276Z,PB,1,1,1.49,M,SI1,FALSE,1800
2025-03-21T04:42:44.276Z,PB,1,1,1.49,M,SI2,FALSE,1700
2025-03-21T04:42:44.276Z,PB,1,1,1.49,M,I1,FALSE,1300
2025-03-21T04:42:44.276Z,PB,1,1,1.49,M,I3,FALSE,800
2025-03-21T04:42:44.276Z,PB,1,0.7,0.89,G,SI2,FALSE,1800
2025-03-21T04:42:44.276Z,PB,1,0.7,0.89,G,I1,FALSE,1600
2025-03-21T04:42:44.276Z,PB,1,0.7,0.89,H,VVS1,FALSE,3200
2025-03-21T04:42:44.276Z,PB,1,0.7,0.89,H,VVS2,FALSE,3000
2025-03-21T04:42:44.276Z,PB,1,0.7,0.89,H,VS2,FALSE,2500
2025-03-21T04:42:44.276Z,PB,1,0.7,0.89,H,I1,FALSE,1500
2025-03-21T04:42:44.276Z,PB,1,0.7,0.89,H,I2,FALSE,1300
2025-03-21T04:42:44.276Z,PB,1,0.7,0.89,I,SI1,FALSE,2000
2025-03-21T04:42:44.276Z,PB,1,0.7,0.89,I,SI2,FALSE,1600
2025-03-21T04:42:44.276Z,PB,1,0.7,0.89,I,I1,FALSE,1400
2025-03-21T04:42:44.276Z,PB,1,0.7,0.89,I,I2,FALSE,1200
2025-03-21T04:42:44.276Z,PB,1,0.7,0.89,J,SI2,FALSE,1600
2025-03-21T04:42:44.276Z,PB,1,0.7,0.89,J,I1,FALSE,1300
2025-03-21T04:42:44.276Z,PB,1,0.7,0.89,J,I2,FALSE,1100
2025-03-21T04:42:44.276Z,PB,1,0.7,0.89,K,SI2,FALSE,1500
2025-03-21T04:42:44.276Z,PB,1,0.7,0.89,L,VS2,FALSE,1600
2025-03-21T04:42:44.276Z,PB,1,0.7,0.89,L,I1,FALSE,1100
2025-03-21T04:42:44.276Z,PB,1,0.7,0.89,M,IF,FALSE,1800
2025-03-21T04:42:44.276Z,PB,1,0.7,0.89,M,SI1,FALSE,1300
2025-03-21T04:42:44.276Z,PB,1,0.7,0.89,M,SI2,FALSE,1200
2025-03-21T04:42:44.276Z,PB,1,0.7,0.89,M,I2,FALSE,700
2025-03-21T04:42:44.276Z,PB,1,0.9,0.99,D,VVS1,FALSE,6300
2025-03-21T04:42:44.276Z,PB,1,0.9,0.99,D,I2,FALSE,1800
2025-03-21T04:42:44.276Z,PB,1,0.9,0.99,E,VS1,FALSE,4900
2025-03-21T04:42:44.276Z,PB,1,0.9,0.99,F,VVS1,FALSE,5200
2025-03-21T04:42:44.276Z,PB,1,0.9,0.99,F,I1,FALSE,2200
2025-03-21T04:42:44.276Z,PB,1,0.9,0.99,G,SI3,FALSE,2400
2025-03-21T04:42:44.276Z,PB,1,0.9,0.99,H,VS1,FALSE,3900
2025-03-21T04:42:44.276Z,PB,1,0.9,0.99,I,IF,FALSE,4100
2025-03-21T04:42:44.276Z,PB,1,0.9,0.99,I,SI2,FALSE,2300
2025-03-21T04:42:44.276Z,PB,1,0.9,0.99,I,I1,FALSE,1900
2025-03-21T04:42:44.276Z,PB,1,0.9,0.99,I,I3,FALSE,900
2025-03-21T04:42:44.276Z,PB,1,0.9,0.99,J,IF,FALSE,3600
2025-03-21T04:42:44.276Z,PB,1,0.9,0.99,J,VS2,FALSE,2700
2025-03-21T04:42:44.276Z,PB,1,0.9,0.99,J,I2,FALSE,1300
2025-03-21T04:42:44.276Z,PB,1,0.9,0.99,J,I3,FALSE,800
2025-03-21T04:42:44.276Z,PB,1,0.9,0.99,L,IF,FALSE,2400
2025-03-21T04:42:44.276Z,PB,1,0.9,0.99,L,VVS1,FALSE,2300
2025-03-21T04:42:44.276Z,PB,1,0.9,0.99,L,SI2,FALSE,1600
2025-03-21T04:42:44.276Z,PB,1,0.9,0.99,L,I2,FALSE,1000
2025-03-21T04:42:44.276Z,PB,1,1,1.49,D,VS1,FALSE,6700
2025-03-21T04:42:44.276Z,PB,1,1,1.49,D,SI2,FALSE,3900
2025-03-21T04:42:44.276Z,PB,1,1,1.49,D,SI3,FALSE,3500
2025-03-21T04:42:44.276Z,PB,1,1,1.49,D,I3,FALSE,1300
2025-03-21T04:42:44.276Z,PB,1,1,1.49,E,IF,FALSE,8200
2025-03-21T04:42:44.276Z,PB,1,1,1.49,E,VS1,FALSE,6200
2025-03-21T04:42:44.276Z,PB,1,1,1.49,E,VS2,FALSE,5400
2025-03-21T04:42:44.276Z,PB,1,1,1.49,E,SI2,FALSE,3700
2025-03-21T04:42:44.276Z,PB,1,1,1.49,E,SI3,FALSE,3300
2025-03-21T04:42:44.276Z,PB,1,1,1.49,F,VS1,FALSE,5800
2025-03-21T04:42:44.276Z,PB,1,1,1.49,F,SI3,FALSE,3100
2025-03-21T04:42:44.276Z,PB,1,1,1.49,F,I3,FALSE,1100
2025-03-21T04:42:44.276Z,PB,1,1,1.49,H,IF,FALSE,5600
2025-03-21T04:42:44.276Z,PB,1,1,1.49,H,VVS1,FALSE,5200
2025-03-21T04:42:44.276Z,PB,1,1,1.49,H,VS1,FALSE,4600
2025-03-21T04:42:44.276Z,PB,1,1,1.49,H,VS2,FALSE,4200
2025-03-21T04:42:44.276Z,PB,1,1,1.49,H,SI1,FALSE,3600
2025-03-21T04:42:44.276Z,PB,1,1,1.49,H,SI3,FALSE,2700
2025-03-21T04:42:44.276Z,PB,1,1,1.49,I,IF,FALSE,4700
2025-03-21T04:42:44.276Z,PB,1,1,1.49,I,VVS2,FALSE,4200
2025-03-21T04:42:44.276Z,PB,1,1,1.49,I,VS1,FALSE,3900
2025-03-21T04:42:44.276Z,PB,1,1,1.49,J,IF,FALSE,4000
2025-03-21T04:42:44.276Z,PB,1,1,1.49,J,I3,FALSE,900
2025-03-21T04:42:44.276Z,PB,1,1,1.49,K,VVS2,FALSE,3000
2025-03-21T04:42:44.276Z,PB,1,1.5,1.99,D,I1,FALSE,5100
2025-03-21T04:42:44.276Z,PB,1,1.5,1.99,D,I2,FALSE,2700
2025-03-21T04:42:44.276Z,PB,1,1.5,1.99,E,SI2,FALSE,6300
2025-03-21T04:42:44.276Z,PB,1,1.5,1.99,E,I2,FALSE,2600
2025-03-21T04:42:44.276Z,PB,1,1.5,1.99,E,I3,FALSE,1400
2025-03-21T04:42:44.276Z,PB,1,1.5,1.99,F,VVS1,FALSE,11500
2025-03-21T04:42:44.276Z,PB,1,1.5,1.99,F,VS2,FALSE,8800
2025-03-21T04:42:44.276Z,PB,1,1.5,1.99,F,SI1,FALSE,7200
2025-03-21T04:42:44.276Z,PB,1,1.5,1.99,F,SI3,FALSE,5100
2025-03-21T04:42:44.276Z,PB,1,1.5,1.99,G,VVS2,FALSE,10000
2025-03-21T04:42:44.276Z,PB,1,1.5,1.99,G,SI1,FALSE,6700
2025-03-21T04:42:44.276Z,PB,1,1.5,1.99,G,SI2,FALSE,5600
2025-03-21T04:42:44.276Z,PB,1,1.5,1.99,G,I1,FALSE,4200
2025-03-21T04:42:44.276Z,PB,1,1.5,1.99,H,I2,FALSE,2300
2025-03-21T04:42:44.276Z,PB,1,1.5,1.99,I,IF,FALSE,7900
2025-03-21T04:42:44.276Z,PB,1,1.5,1.99,I,SI1,FALSE,5600
2025-03-21T04:42:44.276Z,PB,1,1.5,1.99,K,VVS2,FALSE,4500
2025-03-21T04:42:44.276Z,PB,1,1.5,1.99,K,VS1,FALSE,4300
2025-03-21T04:42:44.276Z,PB,1,1.5,1.99,L,VVS2,FALSE,3700
2025-03-21T04:42:44.276Z,PB,1,1.5,1.99,L,SI1,FALSE,3200
2025-03-21T04:42:44.276Z,PB,1,1.5,1.99,L,SI3,FALSE,2800
2025-03-21T04:42:44.276Z,PB,1,1.5,1.99,L,I1,FALSE,2600
2025-03-21T04:42:44.276Z,PB,1,1.5,1.99,L,I2,FALSE,1600
2025-03-21T04:42:44.276Z,PB,1,1.5,1.99,M,SI2,FALSE,2500
2025-03-21T04:42:44.276Z,PB,1,1.5,1.99,M,SI3,FALSE,2400
2025-03-21T04:42:44.276Z,PB,1,1.5,1.99,M,I2,FALSE,1500
2025-03-21T04:42:44.276Z,PB,1,2,2.99,D,VS2,FALSE,16000
2025-03-21T04:42:44.276Z,PB,1,2,2.99,D,I1,FALSE,6900
2025-03-21T04:42:44.276Z,PB,1,2,2.99,D,I2,FALSE,3000
2025-03-21T04:42:44.276Z,PB,1,2,2.99,E,IF,FALSE,20000
2025-03-21T04:42:44.276Z,PB,1,2,2.99,E,VS2,FALSE,15000
2025-03-21T04:42:44.276Z,PB,1,2,2.99,E,SI1,FALSE,12500
2025-03-21T04:42:44.276Z,PB,1,2,2.99,E,SI2,FALSE,9600
2025-03-21T04:42:44.276Z,PB,1,2,2.99,F,VS2,FALSE,14000
2025-03-21T04:42:44.276Z,PB,1,2,2.99,F,SI2,FALSE,9100
2025-03-21T04:42:44.276Z,PB,1,2,2.99,F,I1,FALSE,5900
2025-03-21T04:42:44.276Z,PB,1,2,2.99,F,I2,FALSE,2800
2025-03-21T04:42:44.276Z,PB,1,2,2.99,G,VS2,FALSE,13000
2025-03-21T04:42:44.276Z,PB,1,2,2.99,H,SI1,FALSE,9900
2025-03-21T04:42:44.276Z,PB,1,2,2.99,H,SI3,FALSE,6400
2025-03-21T04:42:44.276Z,PB,1,2,2.99,H,I3,FALSE,1200
2025-03-21T04:42:44.276Z,PB,1,2,2.99,I,VVS1,FALSE,10400
2025-03-21T04:42:44.276Z,PB,1,2,2.99,I,SI1,FALSE,8500
2025-03-21T04:42:44.276Z,PB,1,2,2.99,I,SI2,FALSE,7500
2025-03-21T04:42:44.276Z,PB,1,2,2.99,I,I2,FALSE,2400
2025-03-21T04:42:44.276Z,PB,1,2,2.99,J,I1,FALSE,4500
2025-03-21T04:42:44.276Z,PB,1,2,2.99,K,IF,FALSE,7000
2025-03-21T04:42:44.276Z,PB,1,2,2.99,K,SI1,FALSE,5500
2025-03-21T04:42:44.276Z,PB,1,2,2.99,K,SI3,FALSE,4300
2025-03-21T04:42:44.276Z,PB,1,2,2.99,L,IF,FALSE,5400
2025-03-21T04:42:44.276Z,PB,1,2,2.99,L,VS2,FALSE,4500
2025-03-21T04:42:44.276Z,PB,1,2,2.99,L,SI2,FALSE,4100
2025-03-21T04:42:44.276Z,PB,1,2,2.99,M,IF,FALSE,4500
2025-03-21T04:42:44.276Z,PB,1,2,2.99,M,VVS2,FALSE,4000
2025-03-21T04:42:44.276Z,PB,1,2,2.99,M,SI1,FALSE,3500
2025-03-21T04:42:44.276Z,PB,1,2,2.99,M,I1,FALSE,2700
2025-03-21T04:42:44.276Z,PB,1,2,2.99,M,I3,FALSE,1000
2025-03-21T04:42:44.276Z,PB,1,3,3.99,D,I1,FALSE,8600
2025-03-21T04:42:44.276Z,PB,1,3,3.99,D,I3,FALSE,1700
2025-03-21T04:42:44.276Z,PB,1,3,3.99,E,IF,FALSE,36500
2025-03-21T04:42:44.276Z,PB,1,3,3.99,E,SI2,FALSE,16500
2025-03-21T04:42:44.276Z,PB,1,3,3.99,E,I1,FALSE,8000
2025-03-21T04:42:44.276Z,PB,1,3,3.99,E,I2,FALSE,3300
2025-03-21T04:42:44.276Z,PB,1,3,3.99,E,I3,FALSE,1600
2025-03-21T04:42:44.276Z,PB,1,1,1.49,K,SI1,FALSE,2400
2025-03-21T04:42:44.276Z,PB,1,1,1.49,L,SI3,FALSE,1800
2025-03-21T04:42:44.276Z,PB,1,1,1.49,M,VVS1,FALSE,2300
2025-03-21T04:42:44.276Z,PB,1,1.5,1.99,D,VVS1,FALSE,13200
2025-03-21T04:42:44.276Z,PB,1,1.5,1.99,D,VS1,FALSE,11600
2025-03-21T04:42:44.276Z,PB,1,1.5,1.99,D,I3,FALSE,1500
2025-03-21T04:42:44.276Z,PB,1,1.5,1.99,E,VS1,FALSE,10800
2025-03-21T04:42:44.276Z,PB,1,1.5,1.99,E,VS2,FALSE,9300
2025-03-21T04:42:44.276Z,PB,1,1.5,1.99,E,SI1,FALSE,7600
2025-03-21T04:42:44.276Z,PB,1,1.5,1.99,E,SI3,FALSE,5500
2025-03-21T04:42:44.276Z,PB,1,1.5,1.99,F,VVS2,FALSE,10800
2025-03-21T04:42:44.276Z,PB,1,1.5,1.99,F,I1,FALSE,4500
2025-03-21T04:42:44.276Z,PB,1,1.5,1.99,F,I2,FALSE,2500
2025-03-21T04:42:44.276Z,PB,1,1.5,1.99,G,VS2,FALSE,8200
2025-03-21T04:42:44.276Z,PB,1,1.5,1.99,G,I3,FALSE,1200
2025-03-21T04:42:44.276Z,PB,1,1.5,1.99,H,VVS2,FALSE,8400
2025-03-21T04:42:44.276Z,PB,1,1.5,1.99,H,SI3,FALSE,4500
2025-03-21T04:42:44.276Z,PB,1,1.5,1.99,I,VVS2,FALSE,7200
2025-03-21T04:42:44.276Z,PB,1,1.5,1.99,I,VS1,FALSE,6800
2025-03-21T04:42:44.276Z,PB,1,1.5,1.99,I,SI2,FALSE,4800
2025-03-21T04:42:44.276Z,PB,1,1.5,1.99,J,VVS1,FALSE,6100
2025-03-21T04:42:44.276Z,PB,1,1.5,1.99,J,SI2,FALSE,4400
2025-03-21T04:42:44.276Z,PB,1,1.5,1.99,J,I1,FALSE,3300
2025-03-21T04:42:44.276Z,PB,1,1.5,1.99,J,I2,FALSE,2000
2025-03-21T04:42:44.276Z,PB,1,1.5,1.99,K,IF,FALSE,4900
2025-03-21T04:42:44.276Z,PB,1,1.5,1.99,K,VVS1,FALSE,4700
2025-03-21T04:42:44.276Z,PB,1,1.5,1.99,K,SI1,FALSE,3900
2025-03-21T04:42:44.276Z,PB,1,1.5,1.99,K,SI3,FALSE,3300
2025-03-21T04:42:44.276Z,PB,1,1.5,1.99,K,I1,FALSE,2900
2025-03-21T04:42:44.276Z,PB,1,1.5,1.99,L,VVS1,FALSE,3900
2025-03-21T04:42:44.276Z,PB,1,1.5,1.99,L,VS1,FALSE,3600
2025-03-21T04:42:44.276Z,PB,1,1.5,1.99,L,VS2,FALSE,3400
2025-03-21T04:42:44.276Z,PB,1,1.5,1.99,L,I3,FALSE,1000
2025-03-21T04:42:44.276Z,PB,1,1.5,1.99,M,VS1,FALSE,3100
2025-03-21T04:42:44.276Z,PB,1,1.5,1.99,M,SI1,FALSE,2700
2025-03-21T04:42:44.276Z,PB,1,2,2.99,D,IF,FALSE,21500
2025-03-21T04:42:44.276Z,PB,1,2,2.99,D,VVS2,FALSE,18500
2025-03-21T04:42:44.276Z,PB,1,2,2.99,D,VS1,FALSE,17500
2025-03-21T04:42:44.276Z,PB,1,2,2.99,D,SI1,FALSE,13500
2025-03-21T04:42:44.276Z,PB,1,2,2.99,D,SI2,FALSE,10300
2025-03-21T04:42:44.276Z,PB,1,2,2.99,D,SI3,FALSE,8200
2025-03-21T04:42:44.276Z,PB,1,2,2.99,D,I3,FALSE,1600
2025-03-21T04:42:44.276Z,PB,1,2,2.99,E,VVS1,FALSE,18500
2025-03-21T04:42:44.276Z,PB,1,2,2.99,E,VVS2,FALSE,17000
2025-03-21T04:42:44.276Z,PB,1,2,2.99,E,I2,FALSE,2900
2025-03-21T04:42:44.276Z,PB,1,2,2.99,F,VVS1,FALSE,17000
2025-03-21T04:42:44.276Z,PB,1,2,2.99,F,VS1,FALSE,15000
2025-03-21T04:42:44.276Z,PB,1,2,2.99,F,SI1,FALSE,11700
2025-03-21T04:42:44.276Z,PB,1,2,2.99,H,VS2,FALSE,11000
2025-03-21T04:42:44.276Z,PB,1,2,2.99,H,I1,FALSE,5100
2025-03-21T04:42:44.276Z,PB,1,2,2.99,H,I2,FALSE,2500
2025-03-21T04:42:44.276Z,PB,1,2,2.99,I,IF,FALSE,10800
2025-03-21T04:42:44.276Z,PB,1,2,2.99,I,I1,FALSE,4800
2025-03-21T04:42:44.276Z,PB,1,2,2.99,J,VVS2,FALSE,8100
2025-03-21T04:42:44.276Z,PB,1,2,2.99,J,SI1,FALSE,7000
2025-03-21T04:42:44.276Z,PB,1,2,2.99,J,SI2,FALSE,6300
2025-03-21T04:42:44.276Z,PB,1,2,2.99,K,VVS1,FALSE,6600
2025-03-21T04:42:44.276Z,PB,1,2,2.99,K,VS2,FALSE,5800
2025-03-21T04:42:44.276Z,PB,1,2,2.99,K,I2,FALSE,2100
2025-03-21T04:42:44.276Z,PB,1,2,2.99,L,VVS1,FALSE,5100
2025-03-21T04:42:44.276Z,PB,1,2,2.99,L,VVS2,FALSE,4900
2025-03-21T04:42:44.276Z,PB,1,2,2.99,L,SI1,FALSE,4300
2025-03-21T04:42:44.276Z,PB,1,2,2.99,L,SI3,FALSE,3600
2025-03-21T04:42:44.276Z,PB,1,2,2.99,L,I1,FALSE,3300
2025-03-21T04:42:44.276Z,PB,1,3,3.99,F,VS2,FALSE,22500
2025-03-21T04:42:44.276Z,PB,1,3,3.99,F,I1,FALSE,7400
2025-03-21T04:42:44.276Z,PB,1,3,3.99,G,VVS2,FALSE,24500
2025-03-21T04:42:44.276Z,PB,1,3,3.99,G,VS1,FALSE,22500
2025-03-21T04:42:44.276Z,PB,1,3,3.99,G,SI2,FALSE,14500
2025-03-21T04:42:44.276Z,PB,1,3,3.99,G,I1,FALSE,6700
2025-03-21T04:42:44.276Z,PB,1,3,3.99,G,I2,FALSE,2900
2025-03-21T04:42:44.276Z,PB,1,3,3.99,H,VS1,FALSE,19500
2025-03-21T04:42:44.276Z,PB,1,3,3.99,H,VS2,FALSE,18000
2025-03-21T04:42:44.276Z,PB,1,3,3.99,H,SI1,FALSE,16000
2025-03-21T04:42:44.276Z,PB,1,3,3.99,H,SI2,FALSE,13500
2025-03-21T04:42:44.276Z,PB,1,3,3.99,H,I2,FALSE,2700
2025-03-21T04:42:44.276Z,PB,1,3,3.99,I,VS2,FALSE,15500
2025-03-21T04:42:44.276Z,PB,1,3,3.99,I,I2,FALSE,2600
2025-03-21T04:42:44.276Z,PB,1,3,3.99,I,I3,FALSE,1400
2025-03-21T04:42:44.276Z,PB,1,3,3.99,J,VVS1,FALSE,14200
2025-03-21T04:42:44.276Z,PB,1,3,3.99,J,VVS2,FALSE,13500
2025-03-21T04:42:44.276Z,PB,1,3,3.99,J,VS1,FALSE,12700
2025-03-21T04:42:44.276Z,PB,1,3,3.99,J,SI1,FALSE,11100
2025-03-21T04:42:44.276Z,PB,1,3,3.99,K,SI3,FALSE,6100
2025-03-21T04:42:44.276Z,PB,1,3,3.99,K,I2,FALSE,2400
2025-03-21T04:42:44.276Z,PB,1,3,3.99,K,I3,FALSE,1300
2025-03-21T04:42:44.276Z,PB,1,3,3.99,M,IF,FALSE,6700
2025-03-21T04:42:44.276Z,PB,1,3,3.99,M,VVS2,FALSE,6000
2025-03-21T04:42:44.276Z,PB,1,3,3.99,M,SI2,FALSE,4600
2025-03-21T04:42:44.276Z,PB,1,3,3.99,M,I2,FALSE,2100
2025-03-21T04:42:44.276Z,PB,1,4,4.99,D,VVS1,FALSE,46000
2025-03-21T04:42:44.276Z,PB,1,4,4.99,D,VS1,FALSE,40500
2025-03-21T04:42:44.276Z,PB,1,4,4.99,D,SI1,FALSE,26500
2025-03-21T04:42:44.276Z,PB,1,4,4.99,D,I3,FALSE,1900
2025-03-21T04:42:44.276Z,PB,1,4,4.99,E,VS1,FALSE,37500
2025-03-21T04:42:44.276Z,PB,1,4,4.99,E,SI1,FALSE,24500
2025-03-21T04:42:44.276Z,PB,1,4,4.99,E,I3,FALSE,1700
2025-03-21T04:42:44.276Z,PB,1,4,4.99,F,IF,FALSE,42000
2025-03-21T04:42:44.276Z,PB,1,4,4.99,F,VVS2,FALSE,37000
2025-03-21T04:42:44.276Z,PB,1,4,4.99,F,VS2,FALSE,31500
2025-03-21T04:42:44.276Z,PB,1,4,4.99,F,SI1,FALSE,23000
2025-03-21T04:42:44.276Z,PB,1,4,4.99,F,SI3,FALSE,11300
2025-03-21T04:42:44.276Z,PB,1,4,4.99,G,VVS2,FALSE,32000
2025-03-21T04:42:44.276Z,PB,1,4,4.99,G,VS1,FALSE,30000
2025-03-21T04:42:44.276Z,PB,1,4,4.99,G,I2,FALSE,3200
2025-03-21T04:42:44.276Z,PB,1,2,2.99,L,I2,FALSE,1900
2025-03-21T04:42:44.276Z,PB,1,2,2.99,L,I3,FALSE,1100
2025-03-21T04:42:44.276Z,PB,1,3,3.99,D,VS1,FALSE,30000
2025-03-21T04:42:44.276Z,PB,1,3,3.99,D,VS2,FALSE,27000
2025-03-21T04:42:44.276Z,PB,1,3,3.99,D,SI3,FALSE,11800
2025-03-21T04:42:44.276Z,PB,1,3,3.99,E,VVS1,FALSE,32500
2025-03-21T04:42:44.276Z,PB,1,3,3.99,F,VVS2,FALSE,27000
2025-03-21T04:42:44.276Z,PB,1,3,3.99,F,SI1,FALSE,19500
2025-03-21T04:42:44.276Z,PB,1,3,3.99,F,SI3,FALSE,10100
2025-03-21T04:42:44.276Z,PB,1,3,3.99,F,I2,FALSE,3000
2025-03-21T04:42:44.276Z,PB,1,3,3.99,G,VVS1,FALSE,26500
2025-03-21T04:42:44.276Z,PB,1,3,3.99,G,SI1,FALSE,18000
2025-03-21T04:42:44.276Z,PB,1,3,3.99,G,I3,FALSE,1500
2025-03-21T04:42:44.276Z,PB,1,3,3.99,H,VVS1,FALSE,22500
2025-03-21T04:42:44.276Z,PB,1,3,3.99,H,VVS2,FALSE,21000
2025-03-21T04:42:44.276Z,PB,1,3,3.99,I,IF,FALSE,19500
2025-03-21T04:42:44.276Z,PB,1,3,3.99,I,VVS2,FALSE,17500
2025-03-21T04:42:44.276Z,PB,1,3,3.99,I,SI1,FALSE,14000
2025-03-21T04:42:44.276Z,PB,1,3,3.99,I,I1,FALSE,5700
2025-03-21T04:42:44.276Z,PB,1,3,3.99,J,IF,FALSE,15400
2025-03-21T04:42:44.276Z,PB,1,3,3.99,J,SI2,FALSE,10200
2025-03-21T04:42:44.276Z,PB,1,3,3.99,J,SI3,FALSE,7100
2025-03-21T04:42:44.276Z,PB,1,3,3.99,J,I2,FALSE,2500
2025-03-21T04:42:44.276Z,PB,1,3,3.99,K,VS1,FALSE,10000
2025-03-21T04:42:44.276Z,PB,1,3,3.99,K,I1,FALSE,5000
2025-03-21T04:42:44.276Z,PB,1,3,3.99,L,IF,FALSE,8900
2025-03-21T04:42:44.276Z,PB,1,3,3.99,L,VS1,FALSE,7500
2025-03-21T04:42:44.276Z,PB,1,3,3.99,L,SI1,FALSE,6600
2025-03-21T04:42:44.276Z,PB,1,3,3.99,L,SI2,FALSE,6200
2025-03-21T04:42:44.276Z,PB,1,3,3.99,L,SI3,FALSE,5300
2025-03-21T04:42:44.276Z,PB,1,4,4.99,D,IF,FALSE,53500
2025-03-21T04:42:44.276Z,PB,1,4,4.99,D,SI2,FALSE,19500
2025-03-21T04:42:44.276Z,PB,1,4,4.99,D,SI3,FALSE,13000
2025-03-21T04:42:44.276Z,PB,1,4,4.99,D,I1,FALSE,9200
2025-03-21T04:42:44.276Z,PB,1,4,4.99,D,I2,FALSE,3900
2025-03-21T04:42:44.276Z,PB,1,4,4.99,E,VVS1,FALSE,42000
2025-03-21T04:42:44.276Z,PB,1,4,4.99,E,SI2,FALSE,18500
2025-03-21T04:42:44.276Z,PB,1,4,4.99,F,I2,FALSE,3500
2025-03-21T04:42:44.276Z,PB,1,4,4.99,G,IF,FALSE,37500
2025-03-21T04:42:44.276Z,PB,1,4,4.99,G,VVS1,FALSE,34000
2025-03-21T04:42:44.276Z,PB,1,4,4.99,G,SI1,FALSE,21500
2025-03-21T04:42:44.276Z,PB,1,4,4.99,G,SI2,FALSE,16500
2025-03-21T04:42:44.276Z,PB,1,4,4.99,G,SI3,FALSE,10400
2025-03-21T04:42:44.276Z,PB,1,4,4.99,H,VVS1,FALSE,28500
2025-03-21T04:42:44.276Z,PB,1,0.23,0.29,E,SI1,FALSE,1130
2025-03-21T04:42:44.276Z,PB,1,0.23,0.29,E,SI2,FALSE,970
2025-03-21T04:42:44.276Z,PB,1,0.23,0.29,E,I3,FALSE,400
2025-03-21T04:42:44.276Z,PB,1,0.23,0.29,F,IF,FALSE,1610
2025-03-21T04:42:44.276Z,PB,1,0.23,0.29,G,VS2,FALSE,1210
2025-03-21T04:42:44.276Z,PB,1,0.23,0.29,G,I1,FALSE,570
2025-03-21T04:42:44.276Z,PB,1,0.23,0.29,G,I2,FALSE,450
2025-03-21T04:42:44.276Z,PB,1,0.23,0.29,G,I3,FALSE,350
2025-03-21T04:42:44.276Z,PB,1,0.23,0.29,H,VS1,FALSE,1210
2025-03-21T04:42:44.276Z,PB,1,0.23,0.29,H,SI2,FALSE,840
2025-03-21T04:42:44.276Z,PB,1,0.23,0.29,H,SI3,FALSE,720
2025-03-21T04:42:44.276Z,PB,1,0.23,0.29,I,VS1,FALSE,1020
2025-03-21T04:42:44.276Z,PB,1,0.23,0.29,I,VS2,FALSE,1020
2025-03-21T04:42:44.276Z,PB,1,0.23,0.29,I,SI1,FALSE,840
2025-03-21T04:42:44.276Z,PB,1,0.23,0.29,I,SI3,FALSE,630
2025-03-21T04:42:44.276Z,PB,1,0.23,0.29,I,I3,FALSE,300
2025-03-21T04:42:44.276Z,PB,1,0.23,0.29,J,VVS1,FALSE,1180
2025-03-21T04:42:44.276Z,PB,1,0.23,0.29,J,VS1,FALSE,1020
2025-03-21T04:42:44.276Z,PB,1,0.23,0.29,J,SI3,FALSE,630
2025-03-21T04:42:44.276Z,PB,1,0.23,0.29,J,I3,FALSE,300
2025-03-21T04:42:44.276Z,PB,1,0.23,0.29,K,SI2,FALSE,590
2025-03-21T04:42:44.276Z,PB,1,0.23,0.29,K,SI3,FALSE,510
2025-03-21T04:42:44.276Z,PB,1,0.23,0.29,K,I1,FALSE,390
2025-03-21T04:42:44.276Z,PB,1,0.23,0.29,L,VS2,FALSE,820
2025-03-21T04:42:44.276Z,PB,1,0.23,0.29,M,VS1,FALSE,660
2025-03-21T04:42:44.276Z,PB,1,0.23,0.29,M,SI1,FALSE,550
2025-03-21T04:42:44.276Z,PB,1,0.23,0.29,M,SI3,FALSE,420
2025-03-21T04:42:44.276Z,PB,1,0.23,0.29,N,VS1,FALSE,660
2025-03-21T04:42:44.276Z,PB,1,0.23,0.29,N,SI3,FALSE,420
2025-03-21T04:42:44.276Z,PB,1,0.23,0.29,N,I1,FALSE,310
2025-03-21T04:42:44.276Z,PB,1,0.3,0.39,E,IF,FALSE,2200
2025-03-21T04:42:44.276Z,PB,1,0.3,0.39,F,IF,FALSE,2000
2025-03-21T04:42:44.276Z,PB,1,0.3,0.39,F,VS2,FALSE,1500
2025-03-21T04:42:44.276Z,PB,1,0.3,0.39,G,IF,FALSE,1800
2025-03-21T04:42:44.276Z,PB,1,0.3,0.39,G,VVS1,FALSE,1700
2025-03-21T04:42:44.276Z,PB,1,0.3,0.39,G,VS1,FALSE,1500
2025-03-21T04:42:44.276Z,PB,1,0.3,0.39,G,SI2,FALSE,1100
2025-03-21T04:42:44.276Z,PB,1,0.3,0.39,H,VS2,FALSE,1300
2025-03-21T04:42:44.276Z,PB,1,0.3,0.39,H,I1,FALSE,700
2025-03-21T04:42:44.276Z,PB,1,0.3,0.39,H,I2,FALSE,600
2025-03-21T04:42:44.276Z,PB,1,0.3,0.39,I,SI3,FALSE,800
2025-03-21T04:42:44.276Z,PB,1,0.3,0.39,I,I1,FALSE,700
2025-03-21T04:42:44.276Z,PB,1,0.3,0.39,I,I2,FALSE,600
2025-03-21T04:42:44.276Z,PB,1,0.3,0.39,J,I1,FALSE,600
2025-03-21T04:42:44.276Z,PB,1,0.3,0.39,J,I2,FALSE,500
2025-03-21T04:42:44.276Z,PB,1,0.3,0.39,K,VS1,FALSE,900
2025-03-21T04:42:44.276Z,PB,1,0.3,0.39,K,VS2,FALSE,900
2025-03-21T04:42:44.276Z,PB,1,0.3,0.39,K,SI1,FALSE,800
2025-03-21T04:42:44.276Z,PB,1,0.3,0.39,K,SI3,FALSE,700
2025-03-21T04:42:44.276Z,PB,1,0.3,0.39,L,VS1,FALSE,800
2025-03-21T04:42:44.276Z,PB,1,0.3,0.39,L,SI1,FALSE,800
2025-03-21T04:42:44.276Z,PB,1,0.3,0.39,L,SI2,FALSE,700
2025-03-21T04:42:44.276Z,PB,1,0.3,0.39,M,VS2,FALSE,800
2025-03-21T04:42:44.276Z,PB,1,0.3,0.39,M,SI2,FALSE,600
2025-03-21T04:42:44.276Z,PB,1,0.4,0.49,D,IF,FALSE,2900
2025-03-21T04:42:44.276Z,PB,1,0.4,0.49,D,VS2,FALSE,2000
2025-03-21T04:42:44.276Z,PB,1,0.4,0.49,D,SI2,FALSE,1600
2025-03-21T04:42:44.276Z,PB,1,0.4,0.49,D,I2,FALSE,900
2025-03-21T04:42:44.276Z,PB,1,0.4,0.49,E,VS1,FALSE,2000
2025-03-21T04:42:44.276Z,PB,1,0.4,0.49,E,SI1,FALSE,1700
2025-03-21T04:42:44.276Z,PB,1,0.4,0.49,F,VVS2,FALSE,2100
2025-03-21T04:42:44.276Z,PB,1,0.4,0.49,G,VVS2,FALSE,1900
2025-03-21T04:42:44.276Z,PB,1,0.4,0.49,H,VVS2,FALSE,1800
2025-03-21T04:42:44.276Z,PB,1,0.4,0.49,H,VS1,FALSE,1700
2025-03-21T04:42:44.276Z,PB,1,0.4,0.49,H,SI1,FALSE,1400
2025-03-21T04:42:44.276Z,PB,1,0.23,0.29,E,VVS2,FALSE,1610
2025-03-21T04:42:44.276Z,PB,1,0.23,0.29,E,VS1,FALSE,1400
2025-03-21T04:42:44.276Z,PB,1,0.23,0.29,E,I1,FALSE,660
2025-03-21T04:42:44.276Z,PB,1,0.23,0.29,F,VVS1,FALSE,1610
2025-03-21T04:42:44.276Z,PB,1,0.23,0.29,F,VS1,FALSE,1400
2025-03-21T04:42:44.276Z,PB,1,0.23,0.29,F,SI2,FALSE,970
2025-03-21T04:42:44.276Z,PB,1,0.23,0.29,F,I2,FALSE,510
2025-03-21T04:42:44.276Z,PB,1,0.23,0.29,F,I3,FALSE,400
2025-03-21T04:42:44.276Z,PB,1,0.23,0.29,G,VVS1,FALSE,1410
2025-03-21T04:42:44.276Z,PB,1,0.23,0.29,G,SI1,FALSE,990
2025-03-21T04:42:44.276Z,PB,1,0.23,0.29,H,IF,FALSE,1410
2025-03-21T04:42:44.276Z,PB,1,0.23,0.29,H,VVS2,FALSE,1410
2025-03-21T04:42:44.276Z,PB,1,0.23,0.29,H,VS2,FALSE,1210
2025-03-21T04:42:44.276Z,PB,1,0.23,0.29,H,I1,FALSE,570
2025-03-21T04:42:44.276Z,PB,1,0.23,0.29,H,I2,FALSE,450
2025-03-21T04:42:44.276Z,PB,1,0.23,0.29,I,I1,FALSE,490
2025-03-21T04:42:44.276Z,PB,1,0.23,0.29,K,IF,FALSE,940
2025-03-21T04:42:44.276Z,PB,1,0.23,0.29,K,VVS2,FALSE,940
2025-03-21T04:42:44.276Z,PB,1,0.23,0.29,K,I3,FALSE,230
2025-03-21T04:42:44.276Z,PB,1,0.23,0.29,L,IF,FALSE,940
2025-03-21T04:42:44.276Z,PB,1,0.23,0.29,L,VVS2,FALSE,940
2025-03-21T04:42:44.276Z,PB,1,0.23,0.29,L,VS1,FALSE,820
2025-03-21T04:42:44.276Z,PB,1,0.23,0.29,L,SI2,FALSE,590
2025-03-21T04:42:44.276Z,PB,1,0.23,0.29,L,I3,FALSE,230
2025-03-21T04:42:44.276Z,PB,1,0.23,0.29,M,I3,FALSE,170
2025-03-21T04:42:44.276Z,PB,1,0.23,0.29,N,VVS2,FALSE,780
2025-03-21T04:42:44.276Z,PB,1,0.3,0.39,D,VVS1,FALSE,2200
2025-03-21T04:42:44.276Z,PB,1,0.3,0.39,D,SI2,FALSE,1400
2025-03-21T04:42:44.276Z,PB,1,0.3,0.39,D,SI3,FALSE,1200
2025-03-21T04:42:44.276Z,PB,1,0.3,0.39,D,I1,FALSE,1000
2025-03-21T04:42:44.276Z,PB,1,0.3,0.39,E,VS1,FALSE,1700
2025-03-21T04:42:44.276Z,PB,1,0.3,0.39,E,VS2,FALSE,1600
2025-03-21T04:42:44.276Z,PB,1,0.3,0.39,E,SI2,FALSE,1300
2025-03-21T04:42:44.276Z,PB,1,0.3,0.39,E,SI3,FALSE,1100
2025-03-21T04:42:44.276Z,PB,1,0.3,0.39,F,SI3,FALSE,1000
2025-03-21T04:42:44.276Z,PB,1,0.3,0.39,F,I3,FALSE,500
2025-03-21T04:42:44.276Z,PB,1,0.3,0.39,G,SI1,FALSE,1300
2025-03-21T04:42:44.276Z,PB,1,0.3,0.39,G,I1,FALSE,800
2025-03-21T04:42:44.276Z,PB,1,0.3,0.39,H,VVS1,FALSE,1600
2025-03-21T04:42:44.276Z,PB,1,0.3,0.39,I,VS1,FALSE,1200
2025-03-21T04:42:44.276Z,PB,1,0.3,0.39,I,I3,FALSE,400
2025-03-21T04:42:44.276Z,PB,1,0.3,0.39,J,VVS1,FALSE,1200
2025-03-21T04:42:44.276Z,PB,1,0.3,0.39,J,VS2,FALSE,1000
2025-03-21T04:42:44.276Z,PB,1,0.3,0.39,K,VVS1,FALSE,1100
2025-03-21T04:42:44.276Z,PB,1,0.3,0.39,K,VVS2,FALSE,1000
2025-03-21T04:42:44.276Z,PB,1,0.3,0.39,K,I1,FALSE,600
2025-03-21T04:42:44.276Z,PB,1,0.3,0.39,K,I2,FALSE,500
2025-03-21T04:42:44.276Z,PB,1,0.3,0.39,L,VVS2,FALSE,900
2025-03-21T04:42:44.276Z,PB,1,0.3,0.39,L,I2,FALSE,400
2025-03-21T04:42:44.276Z,PB,1,0.3,0.39,L,I3,FALSE,200
2025-03-21T04:42:44.276Z,PB,1,0.3,0.39,M,VVS1,FALSE,900
2025-03-21T04:42:44.276Z,PB,1,0.3,0.39,M,VS1,FALSE,800
2025-03-21T04:42:44.276Z,PB,1,0.3,0.39,M,SI1,FALSE,700
2025-03-21T04:42:44.276Z,PB,1,0.3,0.39,M,SI3,FALSE,500
2025-03-21T04:42:44.276Z,PB,1,0.3,0.39,M,I3,FALSE,200
2025-03-21T04:42:44.276Z,PB,1,0.4,0.49,D,VVS1,FALSE,2600
2025-03-21T04:42:44.276Z,PB,1,0.4,0.49,D,VS1,FALSE,2200
2025-03-21T04:42:44.276Z,PB,1,0.4,0.49,D,I3,FALSE,700
2025-03-21T04:42:44.276Z,PB,1,0.4,0.49,E,VVS2,FALSE,2200
2025-03-21T04:42:44.276Z,PB,1,0.4,0.49,E,VS2,FALSE,1900
2025-03-21T04:42:44.276Z,PB,1,0.4,0.49,E,SI2,FALSE,1500
2025-03-21T04:42:44.276Z,PB,1,0.4,0.49,E,I2,FALSE,900
2025-03-21T04:42:44.276Z,PB,1,0.4,0.49,F,SI1,FALSE,1600
2025-03-21T04:42:44.276Z,PB,1,0.4,0.49,F,I3,FALSE,500
2025-03-21T04:42:44.276Z,PB,1,0.4,0.49,G,VS2,FALSE,1700
2025-03-21T04:42:44.276Z,PB,1,0.4,0.49,G,SI3,FALSE,1100
2025-03-21T04:42:44.276Z,PB,1,0.4,0.49,G,I2,FALSE,800
2025-03-21T04:42:44.276Z,PB,1,0.4,0.49,H,IF,FALSE,2100
2025-03-21T04:42:44.276Z,PB,1,0.4,0.49,H,VVS1,FALSE,1900
2025-03-21T04:42:44.276Z,PB,1,0.4,0.49,I,I1,FALSE,800
2025-03-21T04:42:44.276Z,PB,1,0.4,0.49,I,I2,FALSE,700
2025-03-21T04:42:44.276Z,PB,1,0.4,0.49,J,VVS1,FALSE,1500
2025-03-21T04:42:44.276Z,PB,1,0.4,0.49,J,VS1,FALSE,1300
2025-03-21T04:42:44.276Z,PB,1,0.4,0.49,J,I2,FALSE,600
2025-03-21T04:42:44.276Z,PB,1,0.4,0.49,K,IF,FALSE,1400
2025-03-21T04:42:44.276Z,PB,1,0.4,0.49,K,VVS1,FALSE,1300
2025-03-21T04:42:44.276Z,PB,1,0.4,0.49,K,VS1,FALSE,1100
2025-03-21T04:42:44.276Z,PB,1,0.4,0.49,K,SI2,FALSE,900
2025-03-21T04:42:44.276Z,PB,1,0.4,0.49,K,I2,FALSE,600
2025-03-21T04:42:44.276Z,PB,1,0.4,0.49,L,SI1,FALSE,900
2025-03-21T04:42:44.276Z,PB,1,0.4,0.49,L,SI2,FALSE,800
2025-03-21T04:42:44.276Z,PB,1,0.4,0.49,M,IF,FALSE,1200
2025-03-21T04:42:44.276Z,PB,1,0.4,0.49,M,VVS1,FALSE,1100
2025-03-21T04:42:44.276Z,PB,1,0.4,0.49,M,SI1,FALSE,800
2025-03-21T04:42:44.276Z,PB,1,0.4,0.49,M,SI3,FALSE,600
2025-03-21T04:42:44.276Z,PB,1,0.4,0.49,M,I2,FALSE,400
2025-03-21T04:42:44.276Z,PB,1,0.5,0.69,D,VVS1,FALSE,3000
2025-03-21T04:42:44.276Z,PB,1,0.5,0.69,E,IF,FALSE,3000
2025-03-21T04:42:44.276Z,PB,1,0.5,0.69,E,VS1,FALSE,2500
2025-03-21T04:42:44.276Z,PB,1,0.5,0.69,E,I2,FALSE,1200
2025-03-21T04:42:44.276Z,PB,1,0.5,0.69,F,VS1,FALSE,2400
2025-03-21T04:42:44.276Z,PB,1,0.5,0.69,F,VS2,FALSE,2200
2025-03-21T04:42:44.276Z,PB,1,0.5,0.69,F,SI1,FALSE,2000
2025-03-21T04:42:44.276Z,PB,1,0.5,0.69,F,SI3,FALSE,1600
2025-03-21T04:42:44.276Z,PB,1,0.5,0.69,F,I3,FALSE,700
2025-03-21T04:42:44.276Z,PB,1,0.5,0.69,H,SI1,FALSE,1800
2025-03-21T04:42:44.276Z,PB,1,0.5,0.69,I,SI2,FALSE,1400
2025-03-21T04:42:44.276Z,PB,1,0.5,0.69,J,VS2,FALSE,1500
2025-03-21T04:42:44.276Z,PB,1,0.5,0.69,K,SI2,FALSE,1100
2025-03-21T04:42:44.276Z,PB,1,0.5,0.69,K,SI3,FALSE,1000
2025-03-21T04:42:44.276Z,PB,1,0.5,0.69,K,I3,FALSE,600
2025-03-21T04:42:44.276Z,PB,1,0.5,0.69,L,VVS2,FALSE,1300
2025-03-21T04:42:44.276Z,PB,1,0.5,0.69,L,I1,FALSE,800
2025-03-21T04:42:44.276Z,PB,1,0.5,0.69,M,SI2,FALSE,900
2025-03-21T04:42:44.276Z,PB,1,0.7,0.89,D,VVS2,FALSE,4000
2025-03-21T04:42:44.276Z,PB,1,0.7,0.89,D,SI2,FALSE,2400
2025-03-21T04:42:44.276Z,PB,1,0.7,0.89,D,I1,FALSE,2000
2025-03-21T04:42:44.276Z,PB,1,0.7,0.89,D,I3,FALSE,1000
2025-03-21T04:42:44.276Z,PB,1,0.7,0.89,F,VS1,FALSE,3300
2025-03-21T04:42:44.276Z,PB,1,0.7,0.89,F,SI3,FALSE,1800
2025-03-21T04:42:44.276Z,PB,1,0.7,0.89,F,I1,FALSE,1600
2025-03-21T04:42:44.276Z,PB,1,0.7,0.89,G,VS2,FALSE,2800
2025-03-21T04:42:44.276Z,PB,1,0.7,0.89,G,I3,FALSE,800
2025-03-21T04:42:44.276Z,PB,1,0.7,0.89,H,SI2,FALSE,1700
2025-03-21T04:42:44.276Z,PB,1,0.7,0.89,I,IF,FALSE,3100
2025-03-21T04:42:44.276Z,PB,1,0.7,0.89,I,VVS2,FALSE,2700
2025-03-21T04:42:44.276Z,PB,1,0.7,0.89,J,VVS1,FALSE,2500
2025-03-21T04:42:44.276Z,PB,1,0.7,0.89,K,VVS1,FALSE,2100
2025-03-21T04:42:44.276Z,PB,1,0.7,0.89,K,VVS2,FALSE,2000
2025-03-21T04:42:44.276Z,PB,1,0.7,0.89,K,VS1,FALSE,1900
2025-03-21T04:42:44.276Z,PB,1,0.7,0.89,K,SI3,FALSE,1400
2025-03-21T04:42:44.276Z,PB,1,0.7,0.89,K,I1,FALSE,1200
2025-03-21T04:42:44.276Z,PB,1,0.7,0.89,L,IF,FALSE,2000
2025-03-21T04:42:44.276Z,PB,1,0.7,0.89,L,VVS1,FALSE,1900
2025-03-21T04:42:44.276Z,PB,1,0.7,0.89,L,SI3,FALSE,1300
2025-03-21T04:42:44.276Z,PB,1,0.7,0.89,L,I2,FALSE,800
2025-03-21T04:42:44.276Z,PB,1,0.7,0.89,M,VS2,FALSE,1400
2025-03-21T04:42:44.276Z,PB,1,0.7,0.89,M,I1,FALSE,900
2025-03-21T04:42:44.276Z,PB,1,0.7,0.89,M,I3,FALSE,500
2025-03-21T04:42:44.276Z,PB,1,0.9,0.99,D,IF,FALSE,6700
2025-03-21T04:42:44.276Z,PB,1,0.9,0.99,D,VVS2,FALSE,5600
2025-03-21T04:42:44.276Z,PB,1,0.9,0.99,D,VS2,FALSE,4400
2025-03-21T04:42:44.276Z,PB,1,0.9,0.99,D,SI1,FALSE,3700
2025-03-21T04:42:44.276Z,PB,1,0.9,0.99,E,SI3,FALSE,2800
2025-03-21T04:42:44.276Z,PB,1,0.9,0.99,F,SI2,FALSE,2900
2025-03-21T04:42:44.276Z,PB,1,0.9,0.99,F,I2,FALSE,1600
2025-03-21T04:42:44.276Z,PB,1,0.9,0.99,F,I3,FALSE,1000
2025-03-21T04:42:44.276Z,PB,1,0.9,0.99,G,VVS1,FALSE,4900
2025-03-21T04:42:44.276Z,PB,1,0.9,0.99,G,VS2,FALSE,3800
2025-03-21T04:42:44.276Z,PB,1,0.9,0.99,G,SI1,FALSE,3200
2025-03-21T04:42:44.276Z,PB,1,0.9,0.99,H,VVS1,FALSE,4500
2025-03-21T04:42:44.276Z,PB,1,0.9,0.99,H,VVS2,FALSE,4200
2025-03-21T04:42:44.276Z,PB,1,0.9,0.99,H,VS2,FALSE,3500
2025-03-21T04:42:44.276Z,PB,1,0.9,0.99,H,SI1,FALSE,3000
2025-03-21T04:42:44.276Z,PB,1,0.9,0.99,H,SI3,FALSE,2200
2025-03-21T04:42:44.276Z,PB,1,0.9,0.99,H,I1,FALSE,2000
2025-03-21T04:42:44.276Z,PB,1,0.9,0.99,I,VS2,FALSE,3100
2025-03-21T04:42:44.276Z,PB,1,0.9,0.99,J,VVS1,FALSE,3400
2025-03-21T04:42:44.276Z,PB,1,0.9,0.99,J,SI3,FALSE,1900
2025-03-21T04:42:44.276Z,PB,1,0.9,0.99,K,VS2,FALSE,2300
2025-03-21T04:42:44.276Z,PB,1,0.9,0.99,K,SI1,FALSE,2100
2025-03-21T04:42:44.276Z,PB,1,0.9,0.99,K,SI2,FALSE,1900
2025-03-21T04:42:44.276Z,PB,1,0.9,0.99,L,VS2,FALSE,1900
2025-03-21T04:42:44.276Z,PB,1,0.9,0.99,L,SI1,FALSE,1800
2025-03-21T04:42:44.276Z,PB,1,0.9,0.99,L,SI3,FALSE,1500
2025-03-21T04:42:44.276Z,PB,1,0.9,0.99,L,I1,FALSE,1300
2025-03-21T04:42:44.276Z,PB,1,0.9,0.99,L,I3,FALSE,700
2025-03-21T04:42:44.276Z,PB,1,0.9,0.99,M,IF,FALSE,2000
2025-03-21T04:42:44.276Z,PB,1,0.9,0.99,M,VVS2,FALSE,1800
2025-03-21T04:42:44.276Z,PB,1,0.9,0.99,M,VS1,FALSE,1700
2025-03-21T04:42:44.276Z,PB,1,0.9,0.99,M,VS2,FALSE,1600
2025-03-21T04:42:44.276Z,PB,1,0.9,0.99,M,SI2,FALSE,1400
2025-03-21T04:42:44.276Z,PB,1,0.9,0.99,M,I1,FALSE,1100
2025-03-21T04:42:44.276Z,PB,1,0.9,0.99,M,I3,FALSE,700
2025-03-21T04:42:44.276Z,PB,1,1,1.49,D,I1,FALSE,3100
2025-03-21T04:42:44.276Z,PB,1,1,1.49,E,SI1,FALSE,4300
2025-03-21T04:42:44.276Z,PB,1,1,1.49,E,I3,FALSE,1200
2025-03-21T04:42:44.276Z,PB,1,1,1.49,F,IF,FALSE,7400
2025-03-21T04:42:44.276Z,PB,1,1,1.49,F,VVS2,FALSE,6400
2025-03-21T04:42:44.276Z,PB,1,1,1.49,F,VS2,FALSE,5100
2025-03-21T04:42:44.276Z,PB,1,1,1.49,F,SI1,FALSE,4000
2025-03-21T04:42:44.276Z,PB,1,1,1.49,G,VVS1,FALSE,6200
2025-03-21T04:42:44.276Z,PB,1,1,1.49,G,VVS2,FALSE,5800
2025-03-21T04:42:44.276Z,PB,1,1,1.49,G,VS1,FALSE,5400
2025-03-21T04:42:44.276Z,PB,1,1,1.49,G,I2,FALSE,1900
2025-03-21T04:42:44.276Z,PB,1,1,1.49,H,VVS2,FALSE,4900
2025-03-21T04:42:44.276Z,PB,1,1,1.49,H,I1,FALSE,2400
2025-03-21T04:42:44.276Z,PB,1,1,1.49,I,SI3,FALSE,2400
2025-03-21T04:42:44.276Z,PB,1,1,1.49,I,I1,FALSE,2200
2025-03-21T04:42:44.276Z,PB,1,1,1.49,J,VS2,FALSE,3200
2025-03-21T04:42:44.276Z,PB,1,1,1.49,J,SI3,FALSE,2200
2025-03-21T04:42:44.276Z,PB,1,1,1.49,J,I1,FALSE,1900
2025-03-21T04:42:44.276Z,PB,1,1,1.49,J,I2,FALSE,1500
2025-03-21T04:42:44.276Z,PB,1,1,1.49,K,VS1,FALSE,2800
2025-03-21T04:42:44.276Z,PB,1,1,1.49,K,SI3,FALSE,1900
2025-03-21T04:42:44.276Z,PB,1,1,1.49,L,IF,FALSE,2900
2025-03-21T04:42:44.276Z,PB,1,1,1.49,L,VVS1,FALSE,2700
2025-03-21T04:42:44.276Z,PB,1,1,1.49,L,SI1,FALSE,2000
2025-03-21T04:42:44.276Z,PB,1,1,1.49,L,I1,FALSE,1600
2025-03-21T04:42:44.276Z,PB,1,1,1.49,M,SI3,FALSE,1600
2025-03-21T04:42:44.276Z,PB,1,1.5,1.99,D,VVS2,FALSE,12500
2025-03-21T04:42:44.276Z,PB,1,1.5,1.99,D,SI1,FALSE,8100
2025-03-21T04:42:44.276Z,PB,1,1.5,1.99,E,VVS2,FALSE,11600
2025-03-21T04:42:44.276Z,PB,1,0.4,0.49,I,VVS2,FALSE,1600
2025-03-21T04:42:44.276Z,PB,1,0.4,0.49,I,SI2,FALSE,1100
2025-03-21T04:42:44.276Z,PB,1,0.4,0.49,J,VS2,FALSE,1300
2025-03-21T04:42:44.276Z,PB,1,0.4,0.49,K,I1,FALSE,700
2025-03-21T04:42:44.276Z,PB,1,0.4,0.49,L,VS1,FALSE,1000
2025-03-21T04:42:44.276Z,PB,1,0.4,0.49,L,SI3,FALSE,700
2025-03-21T04:42:44.276Z,PB,1,0.4,0.49,M,SI2,FALSE,700
2025-03-21T04:42:44.276Z,PB,1,0.5,0.69,D,VS2,FALSE,2400
2025-03-21T04:42:44.276Z,PB,1,0.5,0.69,D,I1,FALSE,1600
2025-03-21T04:42:44.276Z,PB,1,0.5,0.69,D,I2,FALSE,1300
2025-03-21T04:42:44.276Z,PB,1,0.5,0.69,E,VS2,FALSE,2300
2025-03-21T04:42:44.276Z,PB,1,0.5,0.69,E,I1,FALSE,1500
2025-03-21T04:42:44.276Z,PB,1,0.5,0.69,F,IF,FALSE,2800
2025-03-21T04:42:44.276Z,PB,1,0.5,0.69,F,SI2,FALSE,1700
2025-03-21T04:42:44.276Z,PB,1,0.5,0.69,F,I1,FALSE,1400
2025-03-21T04:42:44.276Z,PB,1,0.5,0.69,G,VVS1,FALSE,2400
2025-03-21T04:42:44.276Z,PB,1,0.5,0.69,G,VVS2,FALSE,2300
2025-03-21T04:42:44.276Z,PB,1,0.5,0.69,G,SI1,FALSE,1900
2025-03-21T04:42:44.276Z,PB,1,0.5,0.69,G,SI3,FALSE,1500
2025-03-21T04:42:44.276Z,PB,1,0.5,0.69,G,I2,FALSE,1000
2025-03-21T04:42:44.276Z,PB,1,0.5,0.69,G,I3,FALSE,700
2025-03-21T04:42:44.276Z,PB,1,0.5,0.69,H,IF,FALSE,2400
2025-03-21T04:42:44.276Z,PB,1,0.5,0.69,H,VVS2,FALSE,2100
2025-03-21T04:42:44.276Z,PB,1,0.5,0.69,H,VS2,FALSE,1900
2025-03-21T04:42:44.276Z,PB,1,0.5,0.69,H,SI2,FALSE,1500
2025-03-21T04:42:44.276Z,PB,1,0.5,0.69,H,SI3,FALSE,1400
2025-03-21T04:42:44.276Z,PB,1,0.5,0.69,H,I1,FALSE,1200
2025-03-21T04:42:44.276Z,PB,1,0.5,0.69,I,IF,FALSE,2200
2025-03-21T04:42:44.276Z,PB,1,0.5,0.69,I,VVS2,FALSE,1900
2025-03-21T04:42:44.276Z,PB,1,0.5,0.69,I,VS2,FALSE,1700
2025-03-21T04:42:44.276Z,PB,1,0.5,0.69,I,I1,FALSE,1100
2025-03-21T04:42:44.276Z,PB,1,0.5,0.69,J,IF,FALSE,1900
2025-03-21T04:42:44.276Z,PB,1,0.5,0.69,J,VVS1,FALSE,1800
2025-03-21T04:42:44.276Z,PB,1,0.5,0.69,J,SI3,FALSE,1200
2025-03-21T04:42:44.276Z,PB,1,0.5,0.69,J,I2,FALSE,800
2025-03-21T04:42:44.276Z,PB,1,0.5,0.69,K,VVS1,FALSE,1600
2025-03-21T04:42:44.276Z,PB,1,0.5,0.69,L,IF,FALSE,1500
2025-03-21T04:42:44.276Z,PB,1,0.5,0.69,L,SI1,FALSE,1100
2025-03-21T04:42:44.276Z,PB,1,0.5,0.69,L,I3,FALSE,500
2025-03-21T04:42:44.276Z,PB,1,0.5,0.69,M,VVS1,FALSE,1300
2025-03-21T04:42:44.276Z,PB,1,0.5,0.69,M,VS1,FALSE,1100
2025-03-21T04:42:44.276Z,PB,1,0.5,0.69,M,VS2,FALSE,1000
2025-03-21T04:42:44.276Z,PB,1,0.5,0.69,M,SI3,FALSE,800
2025-03-21T04:42:44.276Z,PB,1,0.7,0.89,D,VS1,FALSE,3700
2025-03-21T04:42:44.276Z,PB,1,0.7,0.89,D,VS2,FALSE,3400
2025-03-21T04:42:44.276Z,PB,1,0.7,0.89,D,SI1,FALSE,2800
2025-03-21T04:42:44.276Z,PB,1,0.7,0.89,D,SI3,FALSE,2200
2025-03-21T04:42:44.276Z,PB,1,0.7,0.89,E,VVS1,FALSE,4000
2025-03-21T04:42:44.276Z,PB,1,0.7,0.89,E,VVS2,FALSE,3800
2025-03-21T04:42:44.276Z,PB,1,0.7,0.89,E,VS2,FALSE,3200
2025-03-21T04:42:44.276Z,PB,1,0.7,0.89,E,SI3,FALSE,2000
2025-03-21T04:42:44.276Z,PB,1,0.7,0.89,E,I1,FALSE,1800
2025-03-21T04:42:44.276Z,PB,1,0.7,0.89,E,I2,FALSE,1500
2025-03-21T04:42:44.276Z,PB,1,0.7,0.89,E,I3,FALSE,900
2025-03-21T04:42:44.276Z,PB,1,0.7,0.89,F,VVS1,FALSE,3800
2025-03-21T04:42:44.276Z,PB,1,0.7,0.89,F,SI2,FALSE,2000
2025-03-21T04:42:44.276Z,PB,1,0.7,0.89,F,I3,FALSE,900
2025-03-21T04:42:44.276Z,PB,1,0.7,0.89,G,IF,FALSE,3700
2025-03-21T04:42:44.276Z,PB,1,0.7,0.89,G,SI1,FALSE,2200
2025-03-21T04:42:44.276Z,PB,1,0.7,0.89,H,IF,FALSE,3400
2025-03-21T04:42:44.276Z,PB,1,0.7,0.89,H,SI1,FALSE,2100
2025-03-21T04:42:44.276Z,PB,1,0.7,0.89,H,SI3,FALSE,1600
2025-03-21T04:42:44.276Z,PB,1,0.7,0.89,H,I3,FALSE,800
2025-03-21T04:42:44.276Z,PB,1,0.7,0.89,I,SI3,FALSE,1600
2025-03-21T04:42:44.276Z,PB,1,0.7,0.89,J,VS1,FALSE,2100
2025-03-21T04:42:44.276Z,PB,1,0.7,0.89,J,VS2,FALSE,1900
2025-03-21T04:42:44.276Z,PB,1,0.7,0.89,J,SI3,FALSE,1500
2025-03-21T04:42:44.276Z,PB,1,0.7,0.89,K,VS2,FALSE,1800
2025-03-21T04:42:44.276Z,PB,1,0.7,0.89,K,SI1,FALSE,1600
2025-03-21T04:42:44.276Z,PB,1,0.7,0.89,K,I2,FALSE,1000
2025-03-21T04:42:44.276Z,PB,1,0.7,0.89,K,I3,FALSE,700
2025-03-21T04:42:44.276Z,PB,1,0.7,0.89,L,VVS2,FALSE,1800
2025-03-21T04:42:44.276Z,PB,1,0.9,0.99,E,IF,FALSE,6200
2025-03-21T04:42:44.276Z,PB,1,0.9,0.99,E,VVS1,FALSE,5700
2025-03-21T04:42:44.276Z,PB,1,0.9,0.99,E,VS2,FALSE,4200
2025-03-21T04:42:44.276Z,PB,1,0.9,0.99,E,I1,FALSE,2300
2025-03-21T04:42:44.276Z,PB,1,0.9,0.99,E,I2,FALSE,1700
2025-03-21T04:42:44.276Z,PB,1,0.9,0.99,E,I3,FALSE,1000
2025-03-21T04:42:44.276Z,PB,1,0.9,0.99,F,VVS2,FALSE,4900
2025-03-21T04:42:44.276Z,PB,1,0.9,0.99,F,VS1,FALSE,4600
2025-03-21T04:42:44.276Z,PB,1,0.9,0.99,F,SI1,FALSE,3300
2025-03-21T04:42:44.276Z,PB,1,0.9,0.99,G,IF,FALSE,5200
2025-03-21T04:42:44.276Z,PB,1,0.9,0.99,G,VVS2,FALSE,4600
2025-03-21T04:42:44.276Z,PB,1,0.9,0.99,G,VS1,FALSE,4300
2025-03-21T04:42:44.276Z,PB,1,0.9,0.99,G,I1,FALSE,2100
2025-03-21T04:42:44.276Z,PB,1,0.9,0.99,G,I3,FALSE,900
2025-03-21T04:42:44.276Z,PB,1,0.9,0.99,H,IF,FALSE,4800
2025-03-21T04:42:44.276Z,PB,1,0.9,0.99,H,I2,FALSE,1500
2025-03-21T04:42:44.276Z,PB,1,0.9,0.99,H,I3,FALSE,900
2025-03-21T04:42:44.276Z,PB,1,0.9,0.99,I,I2,FALSE,1400
2025-03-21T04:42:44.276Z,PB,1,0.9,0.99,K,IF,FALSE,3000
2025-03-21T04:42:44.276Z,PB,1,0.9,0.99,K,I1,FALSE,1500
2025-03-21T04:42:44.276Z,PB,1,0.9,0.99,K,I2,FALSE,1200
2025-03-21T04:42:44.276Z,PB,1,0.9,0.99,L,VVS2,FALSE,2200
2025-03-21T04:42:44.276Z,PB,1,0.9,0.99,L,VS1,FALSE,2000
2025-03-21T04:42:44.276Z,PB,1,0.9,0.99,M,VVS1,FALSE,1900
2025-03-21T04:42:44.276Z,PB,1,0.9,0.99,M,SI3,FALSE,1300
2025-03-21T04:42:44.276Z,PB,1,0.9,0.99,M,I2,FALSE,900
2025-03-21T04:42:44.276Z,PB,1,1,1.49,D,VVS1,FALSE,8200
2025-03-21T04:42:44.276Z,PB,1,1,1.49,D,VVS2,FALSE,7600
2025-03-21T04:42:44.276Z,PB,1,1,1.49,D,VS2,FALSE,5700
2025-03-21T04:42:44.276Z,PB,1,1,1.49,D,I2,FALSE,2100
2025-03-21T04:42:44.276Z,PB,1,1,1.49,E,VVS1,FALSE,7500
2025-03-21T04:42:44.276Z,PB,1,1,1.49,E,VVS2,FALSE,6900
2025-03-21T04:42:44.276Z,PB,1,1,1.49,E,I2,FALSE,2000
2025-03-21T04:42:44.276Z,PB,1,1,1.49,F,VVS1,FALSE,6800
2025-03-21T04:42:44.276Z,PB,1,1,1.49,F,SI2,FALSE,3500
2025-03-21T04:42:44.276Z,PB,1,1,1.49,F,I2,FALSE,2000
2025-03-21T04:42:44.276Z,PB,1,1,1.49,G,IF,FALSE,6600
2025-03-21T04:42:44.276Z,PB,1,1,1.49,G,SI2,FALSE,3300
2025-03-21T04:42:44.276Z,PB,1,1,1.49,G,I3,FALSE,1000
2025-03-21T04:42:44.276Z,PB,1,1,1.49,H,I2,FALSE,1800
2025-03-21T04:42:44.276Z,PB,1,1,1.49,H,I3,FALSE,1000
2025-03-21T04:42:44.276Z,PB,1,1,1.49,I,VVS1,FALSE,4400
2025-03-21T04:42:44.276Z,PB,1,1,1.49,I,VS2,FALSE,3700
2025-03-21T04:42:44.276Z,PB,1,1,1.49,I,SI1,FALSE,3200
2025-03-21T04:42:44.276Z,PB,1,1,1.49,I,I2,FALSE,1700
2025-03-21T04:42:44.276Z,PB,1,1,1.49,I,I3,FALSE,1000
2025-03-21T04:42:44.276Z,PB,1,1,1.49,J,VS1,FALSE,3400
2025-03-21T04:42:44.276Z,PB,1,1,1.49,J,SI2,FALSE,2500
2025-03-21T04:42:44.276Z,PB,1,1,1.49,K,VS2,FALSE,2600
2025-03-21T04:42:44.276Z,PB,1,1,1.49,K,SI2,FALSE,2200
2025-03-21T04:42:44.276Z,PB,1,1,1.49,K,I2,FALSE,1400
2025-03-21T04:42:44.276Z,PB,1,1,1.49,L,VS1,FALSE,2300
2025-03-21T04:42:44.276Z,PB,1,1,1.49,L,SI2,FALSE,1900
2025-03-21T04:42:44.276Z,PB,1,1,1.49,L,I2,FALSE,1200
2025-03-21T04:42:44.276Z,PB,1,1,1.49,L,I3,FALSE,900
2025-03-21T04:42:44.276Z,PB,1,1,1.49,M,VVS2,FALSE,2100
2025-03-21T04:42:44.276Z,PB,1,1,1.49,M,VS2,FALSE,1900
2025-03-21T04:42:44.276Z,PB,1,1,1.49,M,I2,FALSE,1000
2025-03-21T04:42:44.276Z,PB,1,1.5,1.99,D,IF,FALSE,14100
2025-03-21T04:42:44.276Z,PB,1,1.5,1.99,D,VS2,FALSE,9900
2025-03-21T04:42:44.276Z,PB,1,1.5,1.99,D,SI2,FALSE,6700
2025-03-21T04:42:44.276Z,PB,1,1.5,1.99,D,SI3,FALSE,5900
2025-03-21T04:42:44.276Z,PB,1,1.5,1.99,E,IF,FALSE,13200
2025-03-21T04:42:44.276Z,PB,1,1.5,1.99,E,VVS1,FALSE,12400
2025-03-21T04:42:44.276Z,PB,1,1.5,1.99,F,IF,FALSE,12300
2025-03-21T04:42:44.276Z,PB,1,1.5,1.99,F,VS1,FALSE,10200
2025-03-21T04:42:44.276Z,PB,1,1.5,1.99,F,SI2,FALSE,6000
2025-03-21T04:42:44.276Z,PB,1,1.5,1.99,F,I3,FALSE,1300
2025-03-21T04:42:44.276Z,PB,1,1.5,1.99,G,VVS1,FALSE,10500
2025-03-21T04:42:44.276Z,PB,1,1.5,1.99,G,VS1,FALSE,9300
2025-03-21T04:42:44.276Z,PB,1,1.5,1.99,G,SI3,FALSE,4800
2025-03-21T04:42:44.276Z,PB,1,1.5,1.99,G,I2,FALSE,2400
2025-03-21T04:42:44.276Z,PB,1,1.5,1.99,H,VS2,FALSE,7100
2025-03-21T04:42:44.276Z,PB,1,1.5,1.99,H,I1,FALSE,3900
2025-03-21T04:42:44.276Z,PB,1,1.5,1.99,H,I3,FALSE,1100
2025-03-21T04:42:44.276Z,PB,1,1.5,1.99,I,VVS1,FALSE,7500
2025-03-21T04:42:44.276Z,PB,1,1.5,1.99,I,VS2,FALSE,6300
2025-03-21T04:42:44.276Z,PB,1,1.5,1.99,I,SI3,FALSE,4200
2025-03-21T04:42:44.276Z,PB,1,1.5,1.99,I,I3,FALSE,1100
2025-03-21T04:42:44.276Z,PB,1,1.5,1.99,J,IF,FALSE,6400
2025-03-21T04:42:44.276Z,PB,1,1.5,1.99,J,VVS2,FALSE,5800
2025-03-21T04:42:44.276Z,PB,1,1.5,1.99,J,SI1,FALSE,4800
2025-03-21T04:42:44.276Z,PB,1,1.5,1.99,J,SI3,FALSE,3800
2025-03-21T04:42:44.276Z,PB,1,1.5,1.99,K,SI2,FALSE,3700
2025-03-21T04:42:44.276Z,PB,1,1.5,1.99,K,I2,FALSE,1800
2025-03-21T04:42:44.276Z,PB,1,1.5,1.99,K,I3,FALSE,1000
2025-03-21T04:42:44.276Z,PB,1,1.5,1.99,M,IF,FALSE,3500
2025-03-21T04:42:44.276Z,PB,1,1.5,1.99,M,VVS1,FALSE,3300
2025-03-21T04:42:44.276Z,PB,1,1.5,1.99,M,I3,FALSE,1000
2025-03-21T04:42:44.276Z,PB,1,2,2.99,D,VVS1,FALSE,20000
2025-03-21T04:42:44.276Z,PB,1,2,2.99,E,VS1,FALSE,16000
2025-03-21T04:42:44.276Z,PB,1,2,2.99,E,I1,FALSE,6400
2025-03-21T04:42:44.276Z,PB,1,2,2.99,F,VVS2,FALSE,16000
2025-03-21T04:42:44.276Z,PB,1,2,2.99,F,SI3,FALSE,7400
2025-03-21T04:42:44.276Z,PB,1,2,2.99,F,I3,FALSE,1400
2025-03-21T04:42:44.276Z,PB,1,2,2.99,G,IF,FALSE,17000
2025-03-21T04:42:44.276Z,PB,1,2,2.99,G,VVS2,FALSE,15000
2025-03-21T04:42:44.276Z,PB,1,2,2.99,G,VS1,FALSE,14000
2025-03-21T04:42:44.276Z,PB,1,2,2.99,G,SI1,FALSE,10700
2025-03-21T04:42:44.276Z,PB,1,2,2.99,G,SI3,FALSE,7000
2025-03-21T04:42:44.276Z,PB,1,2,2.99,G,I2,FALSE,2700
2025-03-21T04:42:44.276Z,PB,1,2,2.99,G,I3,FALSE,1300
2025-03-21T04:42:44.276Z,PB,1,2,2.99,H,VVS1,FALSE,12500
2025-03-21T04:42:44.276Z,PB,1,2,2.99,H,VVS2,FALSE,12000
2025-03-21T04:42:44.276Z,PB,1,2,2.99,H,VS1,FALSE,11500
2025-03-21T04:42:44.276Z,PB,1,2,2.99,I,VS1,FALSE,9500
2025-03-21T04:42:44.276Z,PB,1,2,2.99,I,SI3,FALSE,5700
2025-03-21T04:42:44.276Z,PB,1,2,2.99,I,I3,FALSE,1200
2025-03-21T04:42:44.276Z,PB,1,2,2.99,J,IF,FALSE,8800
2025-03-21T04:42:44.276Z,PB,1,2,2.99,J,VVS1,FALSE,8400
2025-03-21T04:42:44.276Z,PB,1,2,2.99,J,I2,FALSE,2200
2025-03-21T04:42:44.276Z,PB,1,2,2.99,J,I3,FALSE,1200
2025-03-21T04:42:44.276Z,PB,1,2,2.99,K,VVS2,FALSE,6300
2025-03-21T04:42:44.276Z,PB,1,2,2.99,K,SI2,FALSE,5100
2025-03-21T04:42:44.276Z,PB,1,2,2.99,K,I1,FALSE,3700
2025-03-21T04:42:44.276Z,PB,1,2,2.99,M,VS1,FALSE,3800
2025-03-21T04:42:44.276Z,PB,1,2,2.99,M,SI2,FALSE,3300
2025-03-21T04:42:44.276Z,PB,1,2,2.99,M,SI3,FALSE,2900
2025-03-21T04:42:44.276Z,PB,1,2,2.99,M,I2,FALSE,1800
2025-03-21T04:42:44.276Z,PB,1,3,3.99,D,SI2,FALSE,17500
2025-03-21T04:42:44.276Z,PB,1,3,3.99,E,VVS2,FALSE,29500
2025-03-21T04:42:44.276Z,PB,1,3,3.99,E,VS2,FALSE,24500
2025-03-21T04:42:44.276Z,PB,1,3,3.99,E,SI1,FALSE,21500
2025-03-21T04:42:44.276Z,PB,1,3,3.99,E,SI3,FALSE,10900
2025-03-21T04:42:44.276Z,PB,1,3,3.99,F,IF,FALSE,32500
2025-03-21T04:42:44.276Z,PB,1,3,3.99,F,VS1,FALSE,25000
2025-03-21T04:42:44.276Z,PB,1,3,3.99,F,SI2,FALSE,15500
2025-03-21T04:42:44.276Z,PB,1,3,3.99,F,I3,FALSE,1500
2025-03-21T04:42:44.276Z,PB,1,3,3.99,G,IF,FALSE,29000
2025-03-21T04:42:44.276Z,PB,1,3,3.99,G,SI3,FALSE,9200
2025-03-21T04:42:44.276Z,PB,1,3,3.99,H,IF,FALSE,24000
2025-03-21T04:42:44.276Z,PB,1,3,3.99,H,I1,FALSE,6200
2025-03-21T04:42:44.276Z,PB,1,3,3.99,H,I3,FALSE,1400
2025-03-21T04:42:44.276Z,PB,1,3,3.99,I,SI3,FALSE,7900
2025-03-21T04:42:44.276Z,PB,1,3,3.99,J,I1,FALSE,5400
2025-03-21T04:42:44.276Z,PB,1,3,3.99,J,I3,FALSE,1300
2025-03-21T04:42:44.276Z,PB,1,3,3.99,K,IF,FALSE,11900
2025-03-21T04:42:44.276Z,PB,1,3,3.99,K,VVS2,FALSE,10500
2025-03-21T04:42:44.276Z,PB,1,3,3.99,K,VS2,FALSE,9400
2025-03-21T04:42:44.276Z,PB,1,3,3.99,K,SI1,FALSE,8800
2025-03-21T04:42:44.276Z,PB,1,3,3.99,K,SI2,FALSE,8200
2025-03-21T04:42:44.276Z,PB,1,3,3.99,L,VVS2,FALSE,7900
2025-03-21T04:42:44.276Z,PB,1,3,3.99,L,VS2,FALSE,7100
2025-03-21T04:42:44.276Z,PB,1,3,3.99,L,I1,FALSE,4400
2025-03-21T04:42:44.276Z,PB,1,3,3.99,L,I2,FALSE,2300
2025-03-21T04:42:44.276Z,PB,1,3,3.99,L,I3,FALSE,1200
2025-03-21T04:42:44.276Z,PB,1,3,3.99,M,VS1,FALSE,5700
2025-03-21T04:42:44.276Z,PB,1,3,3.99,M,VS2,FALSE,5400
2025-03-21T04:42:44.276Z,PB,1,3,3.99,M,SI1,FALSE,4900
2025-03-21T04:42:44.276Z,PB,1,3,3.99,M,I1,FALSE,3600
2025-03-21T04:42:44.276Z,PB,1,3,3.99,M,I3,FALSE,1100
2025-03-21T04:42:44.276Z,PB,1,4,4.99,D,VS2,FALSE,37500
2025-03-21T04:42:44.276Z,PB,1,4,4.99,E,VVS2,FALSE,40000
2025-03-21T04:42:44.276Z,PB,1,4,4.99,E,SI3,FALSE,12300
2025-03-21T04:42:44.276Z,PB,1,4,4.99,E,I1,FALSE,8800
2025-03-21T04:42:44.276Z,PB,1,4,4.99,E,I2,FALSE,3700
2025-03-21T04:42:44.276Z,PB,1,4,4.99,F,VVS1,FALSE,39000
2025-03-21T04:42:44.276Z,PB,1,4,4.99,F,SI2,FALSE,17500
2025-03-21T04:42:44.276Z,PB,1,4,4.99,F,I1,FALSE,8200
2025-03-21T04:42:44.276Z,PB,1,4,4.99,G,VS2,FALSE,27500
2025-03-21T04:42:44.276Z,PB,1,4,4.99,G,I1,FALSE,7700
2025-03-21T04:42:44.276Z,PB,1,4,4.99,G,I3,FALSE,1600
2025-03-21T04:42:44.276Z,PB,1,4,4.99,H,IF,FALSE,30500
2025-03-21T04:42:44.276Z,PB,1,4,4.99,H,VVS2,FALSE,27000
2025-03-21T04:42:44.276Z,PB,1,4,4.99,H,VS1,FALSE,25500
2025-03-21T04:42:44.276Z,PB,1,1.5,1.99,E,I1,FALSE,4800
2025-03-21T04:42:44.276Z,PB,1,1.5,1.99,G,IF,FALSE,10900
2025-03-21T04:42:44.276Z,PB,1,1.5,1.99,H,IF,FALSE,9200
2025-03-21T04:42:44.276Z,PB,1,1.5,1.99,H,VVS1,FALSE,8800
2025-03-21T04:42:44.276Z,PB,1,1.5,1.99,H,VS1,FALSE,7900
2025-03-21T04:42:44.276Z,PB,1,1.5,1.99,H,SI1,FALSE,6200
2025-03-21T04:42:44.276Z,PB,1,1.5,1.99,H,SI2,FALSE,5200
2025-03-21T04:42:44.276Z,PB,1,1.5,1.99,I,I1,FALSE,3600
2025-03-21T04:42:44.276Z,PB,1,1.5,1.99,I,I2,FALSE,2200
2025-03-21T04:42:44.276Z,PB,1,1.5,1.99,J,VS1,FALSE,5500
2025-03-21T04:42:44.276Z,PB,1,1.5,1.99,J,VS2,FALSE,5200
2025-03-21T04:42:44.276Z,PB,1,1.5,1.99,J,I3,FALSE,1100
2025-03-21T04:42:44.276Z,PB,1,1.5,1.99,K,VS2,FALSE,4100
2025-03-21T04:42:44.276Z,PB,1,1.5,1.99,L,IF,FALSE,4100
2025-03-21T04:42:44.276Z,PB,1,1.5,1.99,L,SI2,FALSE,3000
2025-03-21T04:42:44.276Z,PB,1,1.5,1.99,M,VVS2,FALSE,3200
2025-03-21T04:42:44.276Z,PB,1,1.5,1.99,M,VS2,FALSE,2900
2025-03-21T04:42:44.276Z,PB,1,1.5,1.99,M,I1,FALSE,2200
2025-03-21T04:42:44.276Z,PB,1,2,2.99,E,SI3,FALSE,7800
2025-03-21T04:42:44.276Z,PB,1,2,2.99,E,I3,FALSE,1500
2025-03-21T04:42:44.276Z,PB,1,2,2.99,F,IF,FALSE,18500
2025-03-21T04:42:44.276Z,PB,1,2,2.99,G,VVS1,FALSE,16000
2025-03-21T04:42:44.276Z,PB,1,2,2.99,G,SI2,FALSE,8600
2025-03-21T04:42:44.276Z,PB,1,2,2.99,G,I1,FALSE,5500
2025-03-21T04:42:44.276Z,PB,1,2,2.99,H,IF,FALSE,13500
2025-03-21T04:42:44.276Z,PB,1,2,2.99,H,SI2,FALSE,8200
2025-03-21T04:42:44.276Z,PB,1,2,2.99,I,VVS2,FALSE,9900
2025-03-21T04:42:44.276Z,PB,1,2,2.99,I,VS2,FALSE,9000
2025-03-21T04:42:44.276Z,PB,1,2,2.99,J,VS1,FALSE,7700
2025-03-21T04:42:44.276Z,PB,1,2,2.99,J,VS2,FALSE,7400
2025-03-21T04:42:44.276Z,PB,1,2,2.99,J,SI3,FALSE,5100
2025-03-21T04:42:44.276Z,PB,1,2,2.99,K,VS1,FALSE,6000
2025-03-21T04:42:44.276Z,PB,1,2,2.99,K,I3,FALSE,1100
2025-03-21T04:42:44.276Z,PB,1,2,2.99,L,VS1,FALSE,4700
2025-03-21T04:42:44.276Z,PB,1,2,2.99,M,VVS1,FALSE,4200
2025-03-21T04:42:44.276Z,PB,1,2,2.99,M,VS2,FALSE,3600
2025-03-21T04:42:44.276Z,PB,1,3,3.99,D,IF,FALSE,42000
2025-03-21T04:42:44.276Z,PB,1,3,3.99,D,VVS1,FALSE,35500
2025-03-21T04:42:44.276Z,PB,1,3,3.99,D,VVS2,FALSE,32500
2025-03-21T04:42:44.276Z,PB,1,3,3.99,D,SI1,FALSE,23000
2025-03-21T04:42:44.276Z,PB,1,3,3.99,D,I2,FALSE,3600
2025-03-21T04:42:44.276Z,PB,1,3,3.99,E,VS1,FALSE,27500
2025-03-21T04:42:44.276Z,PB,1,3,3.99,F,VVS1,FALSE,29500
2025-03-21T04:42:44.276Z,PB,1,3,3.99,G,VS2,FALSE,20500
2025-03-21T04:42:44.276Z,PB,1,3,3.99,H,SI3,FALSE,8500
2025-03-21T04:42:44.276Z,PB,1,3,3.99,I,VVS1,FALSE,18500
2025-03-21T04:42:44.276Z,PB,1,3,3.99,I,VS1,FALSE,16500
2025-03-21T04:42:44.276Z,PB,1,3,3.99,I,SI2,FALSE,12000
2025-03-21T04:42:44.276Z,PB,1,3,3.99,J,VS2,FALSE,12100
2025-03-21T04:42:44.276Z,PB,1,3,3.99,K,VVS1,FALSE,11100
2025-03-21T04:42:44.276Z,PB,1,3,3.99,L,VVS1,FALSE,8300
2025-03-21T04:42:44.276Z,PB,1,3,3.99,M,VVS1,FALSE,6300
2025-03-21T04:42:44.276Z,PB,1,3,3.99,M,SI3,FALSE,4100
2025-03-21T04:42:44.276Z,PB,1,4,4.99,D,VVS2,FALSE,43500
2025-03-21T04:42:44.276Z,PB,1,4,4.99,E,IF,FALSE,46000
2025-03-21T04:42:44.276Z,PB,1,4,4.99,E,VS2,FALSE,34500
2025-03-21T04:42:44.276Z,PB,1,4,4.99,F,VS1,FALSE,34500
2025-03-21T04:42:44.276Z,PB,1,4,4.99,F,I3,FALSE,1600
2025-03-21T04:42:44.276Z,PB,1,4,4.99,H,I1,FALSE,7200
2025-03-21T04:42:44.276Z,PB,1,4,4.99,I,VVS2,FALSE,22000
2025-03-21T04:42:44.276Z,PB,1,4,4.99,I,VS1,FALSE,20500
2025-03-21T04:42:44.276Z,PB,1,4,4.99,I,VS2,FALSE,19000
2025-03-21T04:42:44.276Z,PB,1,4,4.99,I,SI2,FALSE,14000
2025-03-21T04:42:44.276Z,PB,1,4,4.99,J,I3,FALSE,1400
2025-03-21T04:42:44.276Z,PB,1,4,4.99,K,VVS1,FALSE,14800
2025-03-21T04:42:44.276Z,PB,1,4,4.99,L,VVS1,FALSE,10600
2025-03-21T04:42:44.276Z,PB,1,4,4.99,L,I1,FALSE,4800
2025-03-21T04:42:44.276Z,PB,1,4,4.99,L,I2,FALSE,2400
2025-03-21T04:42:44.276Z,PB,1,4,4.99,M,SI3,FALSE,4700
2025-03-21T04:42:44.276Z,PB,1,4,4.99,M,I1,FALSE,3900
2025-03-21T04:42:44.276Z,PB,1,4,4.99,M,I3,FALSE,1200
2025-03-21T04:42:44.276Z,PB,1,5,9.99,D,VVS1,FALSE,63500
2025-03-21T04:42:44.276Z,PB,1,5,9.99,D,VVS2,FALSE,60000
2025-03-21T04:42:44.276Z,PB,1,5,9.99,D,VS1,FALSE,57000
2025-03-21T04:42:44.276Z,PB,1,5,9.99,D,I1,FALSE,10500
2025-03-21T04:42:44.276Z,PB,1,5,9.99,E,IF,FALSE,63000
2025-03-21T04:42:44.276Z,PB,1,5,9.99,E,I2,FALSE,4000
2025-03-21T04:42:44.276Z,PB,1,5,9.99,E,I3,FALSE,1800
2025-03-21T04:42:44.276Z,PB,1,5,9.99,F,VS2,FALSE,43000
2025-03-21T04:42:44.276Z,PB,1,5,9.99,F,SI2,FALSE,23500
2025-03-21T04:42:44.276Z,PB,1,5,9.99,G,IF,FALSE,50000
2025-03-21T04:42:44.276Z,PB,1,5,9.99,G,VVS2,FALSE,44500
2025-03-21T04:42:44.276Z,PB,1,5,9.99,G,VS1,FALSE,42500
2025-03-21T04:42:44.276Z,PB,1,5,9.99,G,SI3,FALSE,12400
2025-03-21T04:42:44.276Z,PB,1,5,9.99,G,I2,FALSE,3600
2025-03-21T04:42:44.276Z,PB,1,5,9.99,H,SI2,FALSE,20500
2025-03-21T04:42:44.276Z,PB,1,5,9.99,H,I2,FALSE,3300
2025-03-21T04:42:44.276Z,PB,1,5,9.99,H,I3,FALSE,1600
2025-03-21T04:42:44.276Z,PB,1,5,9.99,I,VVS2,FALSE,27500
2025-03-21T04:42:44.276Z,PB,1,5,9.99,I,SI3,FALSE,10700
2025-03-21T04:42:44.276Z,PB,1,5,9.99,I,I1,FALSE,7700
2025-03-21T04:42:44.276Z,PB,1,5,9.99,I,I2,FALSE,3000
2025-03-21T04:42:44.276Z,PB,1,5,9.99,I,I3,FALSE,1600
2025-03-21T04:42:44.276Z,PB,1,4,4.99,H,SI3,FALSE,9800
2025-03-21T04:42:44.276Z,PB,1,4,4.99,H,I2,FALSE,2900
2025-03-21T04:42:44.276Z,PB,1,4,4.99,H,I3,FALSE,1500
2025-03-21T04:42:44.276Z,PB,1,4,4.99,I,IF,FALSE,25000
2025-03-21T04:42:44.276Z,PB,1,4,4.99,I,SI1,FALSE,16500
2025-03-21T04:42:44.276Z,PB,1,4,4.99,I,I2,FALSE,2800
2025-03-21T04:42:44.276Z,PB,1,4,4.99,I,I3,FALSE,1500
2025-03-21T04:42:44.276Z,PB,1,4,4.99,J,IF,FALSE,19500
2025-03-21T04:42:44.276Z,PB,1,4,4.99,J,VVS1,FALSE,18500
2025-03-21T04:42:44.276Z,PB,1,4,4.99,J,VS2,FALSE,15500
2025-03-21T04:42:44.276Z,PB,1,4,4.99,J,SI3,FALSE,8100
2025-03-21T04:42:44.276Z,PB,1,4,4.99,J,I1,FALSE,6100
2025-03-21T04:42:44.276Z,PB,1,4,4.99,K,SI3,FALSE,7000
2025-03-21T04:42:44.276Z,PB,1,4,4.99,K,I1,FALSE,5600
2025-03-21T04:42:44.276Z,PB,1,4,4.99,K,I2,FALSE,2500
2025-03-21T04:42:44.276Z,PB,1,4,4.99,K,I3,FALSE,1400
2025-03-21T04:42:44.276Z,PB,1,4,4.99,L,VVS2,FALSE,10000
2025-03-21T04:42:44.276Z,PB,1,4,4.99,L,VS1,FALSE,9500
2025-03-21T04:42:44.276Z,PB,1,4,4.99,L,SI1,FALSE,8400
2025-03-21T04:42:44.276Z,PB,1,4,4.99,M,VVS2,FALSE,7400
2025-03-21T04:42:44.276Z,PB,1,4,4.99,M,SI2,FALSE,6100
2025-03-21T04:42:44.276Z,PB,1,5,9.99,D,VS2,FALSE,49000
2025-03-21T04:42:44.276Z,PB,1,5,9.99,D,SI1,FALSE,37500
2025-03-21T04:42:44.276Z,PB,1,5,9.99,D,SI3,FALSE,14600
2025-03-21T04:42:44.276Z,PB,1,5,9.99,D,I2,FALSE,4300
2025-03-21T04:42:44.276Z,PB,1,5,9.99,D,I3,FALSE,2000
2025-03-21T04:42:44.276Z,PB,1,5,9.99,E,VVS1,FALSE,58000
2025-03-21T04:42:44.276Z,PB,1,5,9.99,E,VS2,FALSE,45500
2025-03-21T04:42:44.276Z,PB,1,5,9.99,F,IF,FALSE,56500
2025-03-21T04:42:44.276Z,PB,1,5,9.99,F,SI1,FALSE,32000
2025-03-21T04:42:44.276Z,PB,1,5,9.99,F,SI3,FALSE,12900
2025-03-21T04:42:44.276Z,PB,1,5,9.99,G,SI1,FALSE,29500
2025-03-21T04:42:44.276Z,PB,1,5,9.99,G,I1,FALSE,8400
2025-03-21T04:42:44.276Z,PB,1,5,9.99,G,I3,FALSE,1700
2025-03-21T04:42:44.276Z,PB,1,5,9.99,H,SI1,FALSE,25000
2025-03-21T04:42:44.276Z,PB,1,5,9.99,H,SI3,FALSE,11800
2025-03-21T04:42:44.276Z,PB,1,5,9.99,I,IF,FALSE,32500
2025-03-21T04:42:44.276Z,PB,1,5,9.99,I,SI1,FALSE,21000
2025-03-21T04:42:44.276Z,PB,1,4,4.99,H,VS2,FALSE,23500
2025-03-21T04:42:44.276Z,PB,1,4,4.99,J,VVS2,FALSE,17500
2025-03-21T04:42:44.276Z,PB,1,4,4.99,J,VS1,FALSE,16500
2025-03-21T04:42:44.276Z,PB,1,4,4.99,J,SI2,FALSE,12500
2025-03-21T04:42:44.276Z,PB,1,4,4.99,J,I2,FALSE,2600
2025-03-21T04:42:44.276Z,PB,1,4,4.99,K,VVS2,FALSE,13900
2025-03-21T04:42:44.276Z,PB,1,4,4.99,K,SI1,FALSE,11500
2025-03-21T04:42:44.276Z,PB,1,4,4.99,K,SI2,FALSE,10500
2025-03-21T04:42:44.276Z,PB,1,4,4.99,L,IF,FALSE,11300
2025-03-21T04:42:44.276Z,PB,1,4,4.99,L,SI2,FALSE,7700
2025-03-21T04:42:44.276Z,PB,1,4,4.99,M,VVS1,FALSE,7700
2025-03-21T04:42:44.276Z,PB,1,4,4.99,M,SI1,FALSE,6400
2025-03-21T04:42:44.276Z,PB,1,5,9.99,D,IF,FALSE,75000
2025-03-21T04:42:44.276Z,PB,1,5,9.99,D,SI2,FALSE,27000
2025-03-21T04:42:44.276Z,PB,1,5,9.99,E,VS1,FALSE,52500
2025-03-21T04:42:44.276Z,PB,1,5,9.99,E,SI2,FALSE,25000
2025-03-21T04:42:44.276Z,PB,1,5,9.99,E,SI3,FALSE,13900
2025-03-21T04:42:44.276Z,PB,1,5,9.99,F,VVS2,FALSE,51000
2025-03-21T04:42:44.276Z,PB,1,5,9.99,F,I1,FALSE,8900
2025-03-21T04:42:44.276Z,PB,1,5,9.99,F,I2,FALSE,3800
2025-03-21T04:42:44.276Z,PB,1,5,9.99,F,I3,FALSE,1700
2025-03-21T04:42:44.276Z,PB,1,5,9.99,G,SI2,FALSE,22000
2025-03-21T04:42:44.276Z,PB,1,5,9.99,H,VVS2,FALSE,36500
2025-03-21T04:42:44.276Z,PB,1,5,9.99,H,VS2,FALSE,30000
2025-03-21T04:42:44.276Z,PB,1,5,9.99,H,I1,FALSE,8100
2025-03-21T04:42:44.276Z,PB,1,5,9.99,I,VS1,FALSE,25500
2025-03-21T04:42:44.276Z,PB,1,4,4.99,H,SI1,FALSE,19000
2025-03-21T04:42:44.276Z,PB,1,4,4.99,H,SI2,FALSE,15500
2025-03-21T04:42:44.276Z,PB,1,4,4.99,I,VVS1,FALSE,23500
2025-03-21T04:42:44.276Z,PB,1,4,4.99,I,SI3,FALSE,9000
2025-03-21T04:42:44.276Z,PB,1,4,4.99,I,I1,FALSE,6600
2025-03-21T04:42:44.276Z,PB,1,4,4.99,J,SI1,FALSE,14000
2025-03-21T04:42:44.276Z,PB,1,4,4.99,K,IF,FALSE,15800
2025-03-21T04:42:44.276Z,PB,1,4,4.99,K,VS1,FALSE,13200
2025-03-21T04:42:44.276Z,PB,1,4,4.99,K,VS2,FALSE,12300
2025-03-21T04:42:44.276Z,PB,1,4,4.99,L,VS2,FALSE,9000
2025-03-21T04:42:44.276Z,PB,1,4,4.99,L,SI3,FALSE,5800
2025-03-21T04:42:44.276Z,PB,1,4,4.99,L,I3,FALSE,1300
2025-03-21T04:42:44.276Z,PB,1,4,4.99,M,IF,FALSE,8100
2025-03-21T04:42:44.276Z,PB,1,4,4.99,M,VS1,FALSE,7100
2025-03-21T04:42:44.276Z,PB,1,4,4.99,M,VS2,FALSE,6800
2025-03-21T04:42:44.276Z,PB,1,4,4.99,M,I2,FALSE,2200
2025-03-21T04:42:44.276Z,PB,1,5,9.99,E,VVS2,FALSE,55000
2025-03-21T04:42:44.276Z,PB,1,5,9.99,E,SI1,FALSE,35000
2025-03-21T04:42:44.276Z,PB,1,5,9.99,E,I1,FALSE,9500
2025-03-21T04:42:44.276Z,PB,1,5,9.99,F,VVS1,FALSE,53500
2025-03-21T04:42:44.276Z,PB,1,5,9.99,F,VS1,FALSE,48500
2025-03-21T04:42:44.276Z,PB,1,5,9.99,G,VVS1,FALSE,47000
2025-03-21T04:42:44.276Z,PB,1,5,9.99,G,VS2,FALSE,36500
2025-03-21T04:42:44.276Z,PB,1,5,9.99,H,IF,FALSE,42000
2025-03-21T04:42:44.276Z,PB,1,5,9.99,H,VVS1,FALSE,38500
2025-03-21T04:42:44.276Z,PB,1,5,9.99,H,VS1,FALSE,33500
2025-03-21T04:42:44.276Z,PB,1,5,9.99,I,VVS1,FALSE,30000
2025-03-21T04:42:44.276Z,PB,1,5,9.99,I,VS2,FALSE,23500
2025-03-21T04:42:44.276Z,PB,1,5,9.99,I,SI2,FALSE,18000
2025-03-21T04:42:44.276Z,PB,1,5,9.99,J,I1,FALSE,7000
2025-03-21T04:42:44.276Z,PB,1,5,9.99,J,I2,FALSE,2800
2025-03-21T04:42:44.276Z,PB,1,5,9.99,K,IF,FALSE,19500
2025-03-21T04:42:44.276Z,PB,1,5,9.99,K,VS2,FALSE,15500
2025-03-21T04:42:44.276Z,PB,1,5,9.99,L,VVS1,FALSE,14000
2025-03-21T04:42:44.276Z,PB,1,5,9.99,L,VS1,FALSE,13000
2025-03-21T04:42:44.276Z,PB,1,5,9.99,L,SI1,FALSE,12000
2025-03-21T04:42:44.276Z,PB,1,5,9.99,M,SI1,FALSE,8500
2025-03-21T04:42:44.276Z,PB,1,10,99,D,IF,FALSE,132000
2025-03-21T04:42:44.276Z,PB,1,10,99,D,I2,FALSE,5300
2025-03-21T04:42:44.276Z,PB,1,10,99,D,I3,FALSE,2300
2025-03-21T04:42:44.276Z,PB,1,10,99,E,IF,FALSE,107000
2025-03-21T04:42:44.276Z,PB,1,10,99,E,VVS2,FALSE,90500
2025-03-21T04:42:44.276Z,PB,1,10,99,E,VS1,FALSE,83500
2025-03-21T04:42:44.276Z,PB,1,10,99,F,VVS1,FALSE,88500
2025-03-21T04:42:44.276Z,PB,1,10,99,H,VVS2,FALSE,57000
2025-03-21T04:42:44.276Z,PB,1,10,99,H,VS2,FALSE,46500
2025-03-21T04:42:44.276Z,PB,1,10,99,H,I1,FALSE,10100
2025-03-21T04:42:44.276Z,PB,1,10,99,H,I2,FALSE,4400
2025-03-21T04:42:44.276Z,PB,1,10,99,I,SI1,FALSE,33000
2025-03-21T04:42:44.276Z,PB,1,10,99,I,SI2,FALSE,26000
2025-03-21T04:42:44.276Z,PB,1,10,99,I,SI3,FALSE,15000
2025-03-21T04:42:44.276Z,PB,1,10,99,J,VS1,FALSE,31500
2025-03-21T04:42:44.276Z,PB,1,10,99,K,SI1,FALSE,21000
2025-03-21T04:42:44.276Z,PB,1,10,99,K,SI2,FALSE,18500
2025-03-21T04:42:44.276Z,PB,1,10,99,K,SI3,FALSE,12000
2025-03-21T04:42:44.276Z,PB,1,10,99,L,VS1,FALSE,19000
2025-03-21T04:42:44.276Z,PB,1,10,99,M,VVS2,FALSE,15500
2025-03-21T04:42:44.276Z,PB,1,10,99,M,SI1,FALSE,12500
2025-03-21T04:42:44.276Z,PB,1,10,99,M,SI2,FALSE,11500
2025-03-21T04:42:44.276Z,PB,1,10,99,M,I1,FALSE,6400
2025-03-21T04:42:44.276Z,PB,1,0.3,0.39,N,IF,FALSE,900
2025-03-21T04:42:44.276Z,PB,1,0.3,0.39,N,VVS1,FALSE,900
2025-03-21T04:42:44.276Z,PB,1,0.3,0.39,N,VS1,FALSE,800
2025-03-21T04:42:44.276Z,PB,1,0.3,0.39,N,SI1,FALSE,700
2025-03-21T04:42:44.276Z,PB,1,0.4,0.49,N,VVS1,FALSE,1100
2025-03-21T04:42:44.276Z,PB,1,0.4,0.49,N,I1,FALSE,500
2025-03-21T04:42:44.276Z,PB,1,0.5,0.69,N,IF,FALSE,1400
2025-03-21T04:42:44.276Z,PB,1,0.5,0.69,N,VS1,FALSE,1100
2025-03-21T04:42:44.276Z,PB,1,0.7,0.89,N,VVS2,FALSE,1600
2025-03-21T04:42:44.276Z,PB,1,0.7,0.89,N,VS1,FALSE,1500
2025-03-21T04:42:44.276Z,PB,1,5,9.99,J,IF,FALSE,25000
2025-03-21T04:42:44.276Z,PB,1,5,9.99,J,VS1,FALSE,20000
2025-03-21T04:42:44.276Z,PB,1,5,9.99,J,SI1,FALSE,17500
2025-03-21T04:42:44.276Z,PB,1,5,9.99,K,VVS2,FALSE,17500
2025-03-21T04:42:44.276Z,PB,1,5,9.99,K,SI2,FALSE,13500
2025-03-21T04:42:44.276Z,PB,1,5,9.99,K,I1,FALSE,6500
2025-03-21T04:42:44.276Z,PB,1,5,9.99,L,VVS2,FALSE,13500
2025-03-21T04:42:44.276Z,PB,1,5,9.99,M,VVS1,FALSE,11000
2025-03-21T04:42:44.276Z,PB,1,5,9.99,M,SI2,FALSE,8000
2025-03-21T04:42:44.276Z,PB,1,10,99,D,VVS1,FALSE,107500
2025-03-21T04:42:44.276Z,PB,1,10,99,D,I1,FALSE,12400
2025-03-21T04:42:44.276Z,PB,1,10,99,E,I1,FALSE,11700
2025-03-21T04:42:44.276Z,PB,1,10,99,F,SI2,FALSE,36500
2025-03-21T04:42:44.276Z,PB,1,10,99,F,SI3,FALSE,18500
2025-03-21T04:42:44.276Z,PB,1,10,99,G,VVS2,FALSE,69500
2025-03-21T04:42:44.276Z,PB,1,10,99,G,SI1,FALSE,46000
2025-03-21T04:42:44.276Z,PB,1,10,99,G,SI2,FALSE,34000
2025-03-21T04:42:44.276Z,PB,1,10,99,H,IF,FALSE,65500
2025-03-21T04:42:44.276Z,PB,1,10,99,H,VVS1,FALSE,61000
2025-03-21T04:42:44.276Z,PB,1,10,99,H,SI2,FALSE,30500
2025-03-21T04:42:44.276Z,PB,1,10,99,H,I3,FALSE,1900
2025-03-21T04:42:44.276Z,PB,1,10,99,I,IF,FALSE,51000
2025-03-21T04:42:44.276Z,PB,1,10,99,I,VS1,FALSE,40500
2025-03-21T04:42:44.276Z,PB,1,10,99,I,VS2,FALSE,37000
2025-03-21T04:42:44.276Z,PB,1,10,99,I,I3,FALSE,1800
2025-03-21T04:42:44.276Z,PB,1,10,99,J,IF,FALSE,39500
2025-03-21T04:42:44.276Z,PB,1,10,99,J,VVS1,FALSE,37000
2025-03-21T04:42:44.276Z,PB,1,10,99,J,VVS2,FALSE,34500
2025-03-21T04:42:44.276Z,PB,1,10,99,J,SI1,FALSE,25500
2025-03-21T04:42:44.276Z,PB,1,10,99,J,I1,FALSE,9100
2025-03-21T04:42:44.276Z,PB,1,10,99,K,VVS2,FALSE,27500
2025-03-21T04:42:44.276Z,PB,1,10,99,L,IF,FALSE,23000
2025-03-21T04:42:44.276Z,PB,1,10,99,M,VS1,FALSE,14500
2025-03-21T04:42:44.276Z,PB,1,0.3,0.39,N,VS2,FALSE,800
2025-03-21T04:42:44.276Z,PB,1,0.3,0.39,N,SI2,FALSE,600
2025-03-21T04:42:44.276Z,PB,1,0.4,0.49,N,I3,FALSE,300
2025-03-21T04:42:44.276Z,PB,1,0.5,0.69,N,VS2,FALSE,1000
2025-03-21T04:42:44.276Z,PB,1,0.5,0.69,N,SI1,FALSE,1000
2025-03-21T04:42:44.276Z,PB,1,0.5,0.69,N,I2,FALSE,600
2025-03-21T04:42:44.276Z,PB,1,0.5,0.69,N,I3,FALSE,400
2025-03-21T04:42:44.276Z,PB,1,0.7,0.89,N,VS2,FALSE,1400
2025-03-21T04:42:44.276Z,PB,1,5,9.99,J,VVS2,FALSE,21500
2025-03-21T04:42:44.276Z,PB,1,5,9.99,J,I3,FALSE,1500
2025-03-21T04:42:44.276Z,PB,1,5,9.99,K,VVS1,FALSE,18500
2025-03-21T04:42:44.276Z,PB,1,5,9.99,K,SI1,FALSE,14500
2025-03-21T04:42:44.276Z,PB,1,5,9.99,L,IF,FALSE,15000
2025-03-21T04:42:44.276Z,PB,1,5,9.99,L,VS2,FALSE,12500
2025-03-21T04:42:44.276Z,PB,1,5,9.99,L,SI3,FALSE,7100
2025-03-21T04:42:44.276Z,PB,1,5,9.99,L,I2,FALSE,2400
2025-03-21T04:42:44.276Z,PB,1,5,9.99,M,IF,FALSE,11500
2025-03-21T04:42:44.276Z,PB,1,5,9.99,M,VS1,FALSE,9500
2025-03-21T04:42:44.276Z,PB,1,5,9.99,M,VS2,FALSE,9000
2025-03-21T04:42:44.276Z,PB,1,5,9.99,M,SI3,FALSE,6100
2025-03-21T04:42:44.276Z,PB,1,5,9.99,M,I3,FALSE,1300
2025-03-21T04:42:44.276Z,PB,1,10,99,D,VVS2,FALSE,99000
2025-03-21T04:42:44.276Z,PB,1,10,99,D,VS1,FALSE,92000
2025-03-21T04:42:44.276Z,PB,1,10,99,D,VS2,FALSE,79500
2025-03-21T04:42:44.276Z,PB,1,10,99,D,SI1,FALSE,57500
2025-03-21T04:42:44.276Z,PB,1,10,99,D,SI2,FALSE,41000
2025-03-21T04:42:44.276Z,PB,1,10,99,D,SI3,FALSE,20500
2025-03-21T04:42:44.276Z,PB,1,10,99,E,VVS1,FALSE,96500
2025-03-21T04:42:44.276Z,PB,1,10,99,E,SI3,FALSE,19500
2025-03-21T04:42:44.276Z,PB,1,10,99,E,I2,FALSE,5000
2025-03-21T04:42:44.276Z,PB,1,10,99,F,IF,FALSE,94500
2025-03-21T04:42:44.276Z,PB,1,10,99,F,VS2,FALSE,66500
2025-03-21T04:42:44.276Z,PB,1,10,99,F,I2,FALSE,4800
2025-03-21T04:42:44.276Z,PB,1,10,99,G,I1,FALSE,10600
2025-03-21T04:42:44.276Z,PB,1,10,99,G,I3,FALSE,2000
2025-03-21T04:42:44.276Z,PB,1,10,99,H,SI3,FALSE,16000
2025-03-21T04:42:44.276Z,PB,1,10,99,I,VVS1,FALSE,47500
2025-03-21T04:42:44.276Z,PB,1,10,99,I,VVS2,FALSE,44000
2025-03-21T04:42:44.276Z,PB,1,10,99,I,I1,FALSE,9700
2025-03-21T04:42:44.276Z,PB,1,10,99,J,SI2,FALSE,22000
2025-03-21T04:42:44.276Z,PB,1,10,99,J,SI3,FALSE,13500
2025-03-21T04:42:44.276Z,PB,1,10,99,K,VVS1,FALSE,29500
2025-03-21T04:42:44.276Z,PB,1,10,99,K,VS1,FALSE,25000
2025-03-21T04:42:44.276Z,PB,1,10,99,K,I2,FALSE,3800
2025-03-21T04:42:44.276Z,PB,1,10,99,K,I3,FALSE,1600
2025-03-21T04:42:44.276Z,PB,1,10,99,L,VVS1,FALSE,21500
2025-03-21T04:42:44.276Z,PB,1,10,99,L,VVS2,FALSE,20500
2025-03-21T04:42:44.276Z,PB,1,10,99,L,VS2,FALSE,17500
2025-03-21T04:42:44.276Z,PB,1,10,99,L,SI1,FALSE,16000
2025-03-21T04:42:44.276Z,PB,1,10,99,L,SI3,FALSE,10500
2025-03-21T04:42:44.276Z,PB,1,10,99,L,I3,FALSE,1600
2025-03-21T04:42:44.276Z,PB,1,10,99,M,IF,FALSE,17500
2025-03-21T04:42:44.276Z,PB,1,10,99,M,VVS1,FALSE,16500
2025-03-21T04:42:44.276Z,PB,1,10,99,M,SI3,FALSE,9000
2025-03-21T04:42:44.276Z,PB,1,10,99,M,I3,FALSE,1500
2025-03-21T04:42:44.276Z,PB,1,0.3,0.39,N,VVS2,FALSE,900
2025-03-21T04:42:44.276Z,PB,1,0.3,0.39,N,SI3,FALSE,500
2025-03-21T04:42:44.276Z,PB,1,0.3,0.39,N,I1,FALSE,400
2025-03-21T04:42:44.276Z,PB,1,0.3,0.39,N,I2,FALSE,300
2025-03-21T04:42:44.276Z,PB,1,0.3,0.39,N,I3,FALSE,200
2025-03-21T04:42:44.276Z,PB,1,0.4,0.49,N,VS2,FALSE,900
2025-03-21T04:42:44.276Z,PB,1,0.4,0.49,N,SI1,FALSE,800
2025-03-21T04:42:44.276Z,PB,1,0.4,0.49,N,I2,FALSE,400
2025-03-21T04:42:44.276Z,PB,1,0.5,0.69,N,VVS2,FALSE,1200
2025-03-21T04:42:44.276Z,PB,1,0.5,0.69,N,SI3,FALSE,800
2025-03-21T04:42:44.276Z,PB,1,0.5,0.69,N,I1,FALSE,700
2025-03-21T04:42:44.276Z,PB,1,0.7,0.89,N,VVS1,FALSE,1700
2025-03-21T04:42:44.276Z,PB,1,5,9.99,J,VVS1,FALSE,23000
2025-03-21T04:42:44.276Z,PB,1,5,9.99,J,VS2,FALSE,18500
2025-03-21T04:42:44.276Z,PB,1,5,9.99,J,SI2,FALSE,16000
2025-03-21T04:42:44.276Z,PB,1,5,9.99,J,SI3,FALSE,9700
2025-03-21T04:42:44.276Z,PB,1,5,9.99,K,VS1,FALSE,16500
2025-03-21T04:42:44.276Z,PB,1,5,9.99,K,SI3,FALSE,8800
2025-03-21T04:42:44.276Z,PB,1,5,9.99,K,I2,FALSE,2700
2025-03-21T04:42:44.276Z,PB,1,5,9.99,K,I3,FALSE,1500
2025-03-21T04:42:44.276Z,PB,1,5,9.99,L,SI2,FALSE,11000
2025-03-21T04:42:44.276Z,PB,1,5,9.99,L,I1,FALSE,5600
2025-03-21T04:42:44.276Z,PB,1,5,9.99,L,I3,FALSE,1400
2025-03-21T04:42:44.276Z,PB,1,5,9.99,M,VVS2,FALSE,10500
2025-03-21T04:42:44.276Z,PB,1,5,9.99,M,I1,FALSE,4600
2025-03-21T04:42:44.276Z,PB,1,5,9.99,M,I2,FALSE,2300
2025-03-21T04:42:44.276Z,PB,1,10,99,E,VS2,FALSE,72500
2025-03-21T04:42:44.276Z,PB,1,10,99,E,SI1,FALSE,53500
2025-03-21T04:42:44.276Z,PB,1,10,99,E,SI2,FALSE,39000
2025-03-21T04:42:44.276Z,PB,1,10,99,E,I3,FALSE,2200
2025-03-21T04:42:44.276Z,PB,1,10,99,F,VVS2,FALSE,83500
2025-03-21T04:42:44.276Z,PB,1,10,99,F,VS1,FALSE,76500
2025-03-21T04:42:44.276Z,PB,1,10,99,F,SI1,FALSE,49500
2025-03-21T04:42:44.276Z,PB,1,10,99,F,I1,FALSE,11100
2025-03-21T04:42:44.276Z,PB,1,10,99,F,I3,FALSE,2100
2025-03-21T04:42:44.276Z,PB,1,10,99,G,IF,FALSE,79000
2025-03-21T04:42:44.276Z,PB,1,10,99,G,VVS1,FALSE,74500
2025-03-21T04:42:44.276Z,PB,1,10,99,G,VS1,FALSE,65000
2025-03-21T04:42:44.276Z,PB,1,10,99,G,VS2,FALSE,57500
2025-03-21T04:42:44.276Z,PB,1,10,99,G,SI3,FALSE,17000
2025-03-21T04:42:44.276Z,PB,1,10,99,G,I2,FALSE,4600
2025-03-21T04:42:44.276Z,PB,1,10,99,H,VS1,FALSE,53000
2025-03-21T04:42:44.276Z,PB,1,10,99,H,SI1,FALSE,39500
2025-03-21T04:42:44.276Z,PB,1,10,99,I,I2,FALSE,4200
2025-03-21T04:42:44.276Z,PB,1,10,99,J,VS2,FALSE,28500
2025-03-21T04:42:44.276Z,PB,1,10,99,J,I2,FALSE,4000
2025-03-21T04:42:44.276Z,PB,1,10,99,J,I3,FALSE,1700
2025-03-21T04:42:44.276Z,PB,1,10,99,K,IF,FALSE,31500
2025-03-21T04:42:44.276Z,PB,1,10,99,K,VS2,FALSE,23000
2025-03-21T04:42:44.276Z,PB,1,10,99,K,I1,FALSE,8600
2025-03-21T04:42:44.276Z,PB,1,10,99,L,SI2,FALSE,14000
2025-03-21T04:42:44.276Z,PB,1,10,99,L,I1,FALSE,7700
2025-03-21T04:42:44.276Z,PB,1,10,99,L,I2,FALSE,3600
2025-03-21T04:42:44.276Z,PB,1,10,99,M,VS2,FALSE,13500
2025-03-21T04:42:44.276Z,PB,1,10,99,M,I2,FALSE,3300
2025-03-21T04:42:44.276Z,PB,1,0.4,0.49,N,IF,FALSE,1200
2025-03-21T04:42:44.276Z,PB,1,0.4,0.49,N,VVS2,FALSE,1000
2025-03-21T04:42:44.276Z,PB,1,0.4,0.49,N,VS1,FALSE,900
2025-03-21T04:42:44.276Z,PB,1,0.4,0.49,N,SI2,FALSE,700
2025-03-21T04:42:44.276Z,PB,1,0.4,0.49,N,SI3,FALSE,600
2025-03-21T04:42:44.276Z,PB,1,0.5,0.69,N,VVS1,FALSE,1300
2025-03-21T04:42:44.276Z,PB,1,0.5,0.69,N,SI2,FALSE,900
2025-03-21T04:42:44.276Z,PB,1,0.7,0.89,N,IF,FALSE,1800
2025-03-21T04:42:44.276Z,PB,1,0.7,0.89,N,SI2,FALSE,1200
2025-03-21T04:42:44.276Z,PB,1,0.7,0.89,N,SI3,FALSE,1100
2025-03-21T04:42:44.276Z,PB,1,0.7,0.89,N,I2,FALSE,700
2025-03-21T04:42:44.276Z,PB,1,0.7,0.89,N,I3,FALSE,500
2025-03-21T04:42:44.276Z,PB,1,0.9,0.99,N,I1,FALSE,1100
2025-03-21T04:42:44.276Z,PB,1,1,1.49,N,I2,FALSE,1000
2025-03-21T04:42:44.276Z,PB,1,1.5,1.99,N,IF,FALSE,3500
2025-03-21T04:42:44.276Z,PB,1,1.5,1.99,N,I1,FALSE,2200
2025-03-21T04:42:44.276Z,PB,1,1.5,1.99,N,I2,FALSE,1500
2025-03-21T04:42:44.276Z,PB,1,2,2.99,N,VVS2,FALSE,4000
2025-03-21T04:42:44.276Z,PB,1,2,2.99,N,VS2,FALSE,3600
2025-03-21T04:42:44.276Z,PB,1,2,2.99,N,I1,FALSE,2700
2025-03-21T04:42:44.276Z,PB,1,2,2.99,N,I3,FALSE,1000
2025-03-21T04:42:44.276Z,PB,1,3,3.99,N,SI1,FALSE,4900
2025-03-21T04:42:44.276Z,PB,1,3,3.99,N,I1,FALSE,3600
2025-03-21T04:42:44.276Z,PB,1,3,3.99,N,I2,FALSE,2100
2025-03-21T04:42:44.276Z,PB,1,4,4.99,N,IF,FALSE,8100
2025-03-21T04:42:44.276Z,PB,1,4,4.99,N,VVS2,FALSE,7400
2025-03-21T04:42:44.276Z,PB,1,4,4.99,N,SI1,FALSE,6400
2025-03-21T04:42:44.276Z,PB,1,4,4.99,N,I2,FALSE,2200
2025-03-21T04:42:44.276Z,PB,1,5,9.99,N,I3,FALSE,1300
2025-03-21T04:42:44.276Z,PB,1,10,99,N,VVS1,FALSE,16500
2025-03-21T04:42:44.276Z,PB,1,10,99,N,VS2,FALSE,13500
2025-03-21T04:42:44.276Z,PB,1,10,99,N,SI2,FALSE,11500
2025-03-21T04:42:44.276Z,PB,1,10,99,N,SI3,FALSE,9000
2025-03-21T04:42:44.276Z,PB,1,0.3,0.39,O-P,IF,FALSE,900
2025-03-21T04:42:44.276Z,PB,1,0.3,0.39,O-P,VS2,FALSE,800
2025-03-21T04:42:44.276Z,PB,1,0.4,0.49,O-P,SI2,FALSE,700
2025-03-21T04:42:44.276Z,PB,1,0.5,0.69,O-P,VS1,FALSE,1100
2025-03-21T04:42:44.276Z,PB,1,0.5,0.69,O-P,VS2,FALSE,1000
2025-03-21T04:42:44.276Z,PB,1,0.5,0.69,O-P,SI1,FALSE,1000
2025-03-21T04:42:44.276Z,PB,1,0.5,0.69,O-P,I2,FALSE,600
2025-03-21T04:42:44.276Z,PB,1,0.7,0.89,O-P,IF,FALSE,1800
2025-03-21T04:42:44.276Z,PB,1,0.7,0.89,O-P,VS2,FALSE,1400
2025-03-21T04:42:44.276Z,PB,1,0.7,0.89,N,I1,FALSE,900
2025-03-21T04:42:44.276Z,PB,1,0.7,0.89,O-P,I2,FALSE,700
2025-03-21T04:42:44.276Z,PB,1,0.9,0.99,O-P,IF,FALSE,2000
2025-03-21T04:42:44.276Z,PB,1,0.9,0.99,N,IF,FALSE,2000
2025-03-21T04:42:44.276Z,PB,1,0.9,0.99,O-P,I3,FALSE,700
2025-03-21T04:42:44.276Z,PB,1,0.9,0.99,N,VVS1,FALSE,1900
2025-03-21T04:42:44.276Z,PB,1,1,1.49,O-P,SI2,FALSE,1700
2025-03-21T04:42:44.276Z,PB,1,0.9,0.99,N,VVS2,FALSE,1800
2025-03-21T04:42:44.276Z,PB,1,1,1.49,O-P,I1,FALSE,1300
2025-03-21T04:42:44.276Z,PB,1,0.9,0.99,N,VS1,FALSE,1700
2025-03-21T04:42:44.277Z,PB,1,1.5,1.99,O-P,I1,FALSE,2200
2025-03-21T04:42:44.276Z,PB,1,0.9,0.99,N,VS2,FALSE,1600
2025-03-21T04:42:44.277Z,PB,1,1.5,1.99,O-P,I3,FALSE,1000
2025-03-21T04:42:44.276Z,PB,1,0.9,0.99,N,SI1,FALSE,1500
2025-03-21T04:42:44.277Z,PB,1,2,2.99,O-P,IF,FALSE,4500
2025-03-21T04:42:44.276Z,PB,1,0.9,0.99,N,SI2,FALSE,1400
2025-03-21T04:42:44.277Z,PB,1,2,2.99,O-P,VVS1,FALSE,4200
2025-03-21T04:42:44.276Z,PB,1,1,1.49,N,IF,FALSE,2500
2025-03-21T04:42:44.277Z,PB,1,2,2.99,O-P,VS1,FALSE,3800
2025-03-21T04:42:44.276Z,PB,1,1,1.49,N,VS1,FALSE,2000
2025-03-21T04:42:44.277Z,PB,1,2,2.99,O-P,SI2,FALSE,3300
2025-03-21T04:42:44.276Z,PB,1,1,1.49,N,SI1,FALSE,1800
2025-03-21T04:42:44.277Z,PB,1,2,2.99,O-P,I1,FALSE,2700
2025-03-21T04:42:44.276Z,PB,1,1,1.49,N,SI2,FALSE,1700
2025-03-21T04:42:44.277Z,PB,1,2,2.99,O-P,I2,FALSE,1800
2025-03-21T04:42:44.276Z,PB,1,1,1.49,N,SI3,FALSE,1600
2025-03-21T04:42:44.277Z,PB,1,3,3.99,O-P,VVS1,FALSE,6300
2025-03-21T04:42:44.276Z,PB,1,1,1.49,N,I3,FALSE,800
2025-03-21T04:42:44.277Z,PB,1,3,3.99,O-P,VVS2,FALSE,6000
2025-03-21T04:42:44.276Z,PB,1,1.5,1.99,N,VVS1,FALSE,3300
2025-03-21T04:42:44.277Z,PB,1,3,3.99,O-P,VS2,FALSE,5400
2025-03-21T04:42:44.276Z,PB,1,1.5,1.99,N,VS1,FALSE,3100
2025-03-21T04:42:44.277Z,PB,1,3,3.99,O-P,SI1,FALSE,4900
2025-03-21T04:42:44.276Z,PB,1,1.5,1.99,N,SI3,FALSE,2400
2025-03-21T04:42:44.277Z,PB,1,3,3.99,O-P,I3,FALSE,1100
2025-03-21T04:42:44.276Z,PB,1,2,2.99,N,IF,FALSE,4500
2025-03-21T04:42:44.277Z,PB,1,4,4.99,O-P,VVS1,FALSE,7700
2025-03-21T04:42:44.276Z,PB,1,3,3.99,N,IF,FALSE,6700
2025-03-21T04:42:44.277Z,PB,1,4,4.99,O-P,VVS2,FALSE,7400
2025-03-21T04:42:44.276Z,PB,1,3,3.99,N,VVS1,FALSE,6300
2025-03-21T04:42:44.277Z,PB,1,5,9.99,O-P,IF,FALSE,11500
2025-03-21T04:42:44.276Z,PB,1,3,3.99,N,SI2,FALSE,4600
2025-03-21T04:42:44.277Z,PB,1,5,9.99,O-P,VS2,FALSE,9000
2025-03-21T04:42:44.276Z,PB,1,4,4.99,N,VVS1,FALSE,7700
2025-03-21T04:42:44.277Z,PB,1,5,9.99,O-P,I2,FALSE,2300
2025-03-21T04:42:44.276Z,PB,1,4,4.99,N,SI2,FALSE,6100
2025-03-21T04:42:44.277Z,PB,1,5,9.99,O-P,I3,FALSE,1300
2025-03-21T04:42:44.276Z,PB,1,4,4.99,N,I1,FALSE,3900
2025-03-21T04:42:44.277Z,PB,1,10,99,O-P,I1,FALSE,6400
2025-03-21T04:42:44.276Z,PB,1,4,4.99,N,I3,FALSE,1200
2025-03-21T04:42:44.277Z,PB,1,0.3,0.39,Q-R,IF,FALSE,900
2025-03-21T04:42:44.276Z,PB,1,5,9.99,N,SI1,FALSE,8500
2025-03-21T04:42:44.277Z,PB,1,0.3,0.39,Q-R,VS1,FALSE,800
2025-03-21T04:42:44.276Z,PB,1,5,9.99,N,SI2,FALSE,8000
2025-03-21T04:42:44.277Z,PB,1,0.3,0.39,Q-R,VS2,FALSE,800
2025-03-21T04:42:44.276Z,PB,1,5,9.99,N,I2,FALSE,2300
2025-03-21T04:42:44.277Z,PB,1,0.4,0.49,Q-R,I1,FALSE,500
2025-03-21T04:42:44.276Z,PB,1,10,99,N,I2,FALSE,3300
2025-03-21T04:42:44.277Z,PB,1,0.5,0.69,Q-R,I1,FALSE,700
2025-03-21T04:42:44.276Z,PB,1,0.3,0.39,O-P,VS1,FALSE,800
2025-03-21T04:42:44.277Z,PB,1,0.5,0.69,Q-R,I2,FALSE,600
2025-03-21T04:42:44.276Z,PB,1,0.3,0.39,O-P,SI1,FALSE,700
2025-03-21T04:42:44.277Z,PB,1,0.7,0.89,Q-R,VVS1,FALSE,1700
2025-03-21T04:42:44.276Z,PB,1,0.3,0.39,O-P,I2,FALSE,300
2025-03-21T04:42:44.276Z,PB,1,0.4,0.49,O-P,VVS1,FALSE,1100
2025-03-21T04:42:44.276Z,PB,1,0.4,0.49,O-P,VS2,FALSE,900
2025-03-21T04:42:44.276Z,PB,1,0.4,0.49,O-P,I2,FALSE,400
2025-03-21T04:42:44.276Z,PB,1,0.5,0.69,O-P,IF,FALSE,1400
2025-03-21T04:42:44.276Z,PB,1,0.5,0.69,O-P,I1,FALSE,700
2025-03-21T04:42:44.276Z,PB,1,0.5,0.69,O-P,I3,FALSE,400
2025-03-21T04:42:44.276Z,PB,1,0.7,0.89,O-P,SI1,FALSE,1300
2025-03-21T04:42:44.276Z,PB,1,0.7,0.89,O-P,SI2,FALSE,1200
2025-03-21T04:42:44.276Z,PB,1,0.9,0.99,O-P,SI3,FALSE,1300
2025-03-21T04:42:44.276Z,PB,1,1,1.49,O-P,I2,FALSE,1000
2025-03-21T04:42:44.277Z,PB,1,1,1.49,O-P,I3,FALSE,800
2025-03-21T04:42:44.277Z,PB,1,1.5,1.99,O-P,IF,FALSE,3500
2025-03-21T04:42:44.277Z,PB,1,1.5,1.99,O-P,VVS1,FALSE,3300
2025-03-21T04:42:44.277Z,PB,1,1.5,1.99,O-P,VS2,FALSE,2900
2025-03-21T04:42:44.277Z,PB,1,1.5,1.99,O-P,SI3,FALSE,2400
2025-03-21T04:42:44.277Z,PB,1,1.5,1.99,O-P,I2,FALSE,1500
2025-03-21T04:42:44.277Z,PB,1,2,2.99,O-P,SI3,FALSE,2900
2025-03-21T04:42:44.277Z,PB,1,3,3.99,O-P,IF,FALSE,6700
2025-03-21T04:42:44.277Z,PB,1,4,4.99,O-P,IF,FALSE,8100
2025-03-21T04:42:44.277Z,PB,1,4,4.99,O-P,I1,FALSE,3900
2025-03-21T04:42:44.277Z,PB,1,4,4.99,O-P,I3,FALSE,1200
2025-03-21T04:42:44.277Z,PB,1,5,9.99,O-P,VS1,FALSE,9500
2025-03-21T04:42:44.277Z,PB,1,5,9.99,O-P,SI3,FALSE,6100
2025-03-21T04:42:44.277Z,PB,1,5,9.99,O-P,I1,FALSE,4600
2025-03-21T04:42:44.277Z,PB,1,10,99,O-P,IF,FALSE,17500
2025-03-21T04:42:44.277Z,PB,1,10,99,O-P,VVS2,FALSE,15500
2025-03-21T04:42:44.277Z,PB,1,10,99,O-P,VS2,FALSE,13500
2025-03-21T04:42:44.277Z,PB,1,10,99,O-P,I3,FALSE,1500
2025-03-21T04:42:44.277Z,PB,1,0.3,0.39,Q-R,I2,FALSE,300
2025-03-21T04:42:44.277Z,PB,1,0.4,0.49,Q-R,VVS1,FALSE,1100
2025-03-21T04:42:44.277Z,PB,1,0.4,0.49,Q-R,VS2,FALSE,900
2025-03-21T04:42:44.277Z,PB,1,0.5,0.69,Q-R,SI1,FALSE,1000
2025-03-21T04:42:44.276Z,PB,1,0.7,0.89,N,SI1,FALSE,1300
2025-03-21T04:42:44.277Z,PB,1,0.7,0.89,Q-R,VS2,FALSE,1400
2025-03-21T04:42:44.277Z,PB,1,0.7,0.89,Q-R,SI2,FALSE,1200
2025-03-21T04:42:44.277Z,PB,1,0.9,0.99,Q-R,IF,FALSE,2000
2025-03-21T04:42:44.277Z,PB,1,0.9,0.99,Q-R,VVS2,FALSE,1800
2025-03-21T04:42:44.277Z,PB,1,0.9,0.99,Q-R,I2,FALSE,900
2025-03-21T04:42:44.277Z,PB,1,0.9,0.99,Q-R,I3,FALSE,700
2025-03-21T04:42:44.277Z,PB,1,1,1.49,Q-R,IF,FALSE,2500
2025-03-21T04:42:44.277Z,PB,1,1,1.49,Q-R,VVS2,FALSE,2100
2025-03-21T04:42:44.277Z,PB,1,1,1.49,Q-R,SI1,FALSE,1800
2025-03-21T04:42:44.277Z,PB,1,1,1.49,Q-R,I1,FALSE,1300
2025-03-21T04:42:44.277Z,PB,1,1.5,1.99,Q-R,VVS1,FALSE,3300
2025-03-21T04:42:44.277Z,PB,1,1.5,1.99,Q-R,I1,FALSE,2200
2025-03-21T04:42:44.277Z,PB,1,2,2.99,Q-R,IF,FALSE,4500
2025-03-21T04:42:44.277Z,PB,1,2,2.99,Q-R,SI1,FALSE,3500
2025-03-21T04:42:44.277Z,PB,1,2,2.99,Q-R,SI2,FALSE,3300
2025-03-21T04:42:44.277Z,PB,1,2,2.99,Q-R,SI3,FALSE,2900
2025-03-21T04:42:44.277Z,PB,1,3,3.99,Q-R,VS1,FALSE,5700
2025-03-21T04:42:44.277Z,PB,1,3,3.99,Q-R,VS2,FALSE,5400
2025-03-21T04:42:44.277Z,PB,1,3,3.99,Q-R,SI1,FALSE,4900
2025-03-21T04:42:44.277Z,PB,1,3,3.99,Q-R,SI3,FALSE,4100
2025-03-21T04:42:44.277Z,PB,1,4,4.99,Q-R,VS1,FALSE,7100
2025-03-21T04:42:44.277Z,PB,1,4,4.99,Q-R,VS2,FALSE,6800
2025-03-21T04:42:44.277Z,PB,1,4,4.99,Q-R,SI1,FALSE,6400
2025-03-21T04:42:44.277Z,PB,1,4,4.99,Q-R,SI2,FALSE,6100
2025-03-21T04:42:44.277Z,PB,1,4,4.99,Q-R,I1,FALSE,3900
2025-03-21T04:42:44.277Z,PB,1,5,9.99,Q-R,IF,FALSE,11500
2025-03-21T04:42:44.277Z,PB,1,5,9.99,Q-R,I1,FALSE,4600
2025-03-21T04:42:44.277Z,PB,1,10,99,Q-R,VVS2,FALSE,15500
2025-03-21T04:42:44.277Z,PB,1,0.3,0.39,S-T,SI1,FALSE,700
2025-03-21T04:42:44.277Z,PB,1,0.3,0.39,S-T,I2,FALSE,300
2025-03-21T04:42:44.277Z,PB,1,0.4,0.49,S-T,VVS1,FALSE,1100
2025-03-21T04:42:44.277Z,PB,1,0.5,0.69,S-T,VS2,FALSE,1000
2025-03-21T04:42:44.277Z,PB,1,0.7,0.89,S-T,VS1,FALSE,1500
2025-03-21T04:42:44.277Z,PB,1,0.7,0.89,S-T,SI1,FALSE,1300
2025-03-21T04:42:44.277Z,PB,1,0.7,0.89,S-T,I3,FALSE,500
2025-03-21T04:42:44.277Z,PB,1,0.9,0.99,S-T,VVS1,FALSE,1900
2025-03-21T04:42:44.277Z,PB,1,0.9,0.99,S-T,VS1,FALSE,1700
2025-03-21T04:42:44.277Z,PB,1,0.9,0.99,S-T,SI1,FALSE,1500
2025-03-21T04:42:44.277Z,PB,1,0.9,0.99,S-T,SI2,FALSE,1400
2025-03-21T04:42:44.277Z,PB,1,0.9,0.99,S-T,SI3,FALSE,1300
2025-03-21T04:42:44.277Z,PB,1,0.9,0.99,S-T,I3,FALSE,700
2025-03-21T04:42:44.277Z,PB,1,1,1.49,S-T,IF,FALSE,2500
2025-03-21T04:42:44.277Z,PB,1,1,1.49,S-T,VVS1,FALSE,2300
2025-03-21T04:42:44.277Z,PB,1,1,1.49,S-T,VVS2,FALSE,2100
2025-03-21T04:42:44.277Z,PB,1,1,1.49,S-T,SI3,FALSE,1600
2025-03-21T04:42:44.277Z,PB,1,1.5,1.99,S-T,VVS1,FALSE,3300
2025-03-21T04:42:44.277Z,PB,1,1.5,1.99,S-T,SI3,FALSE,2400
2025-03-21T04:42:44.277Z,PB,1,1.5,1.99,S-T,I3,FALSE,1000
2025-03-21T04:42:44.277Z,PB,1,2,2.99,S-T,VVS1,FALSE,4200
2025-03-21T04:42:44.277Z,PB,1,2,2.99,S-T,VS2,FALSE,3600
2025-03-21T04:42:44.277Z,PB,1,2,2.99,S-T,SI3,FALSE,2900
2025-03-21T04:42:44.277Z,PB,1,2,2.99,S-T,I2,FALSE,1800
2025-03-21T04:42:44.277Z,PB,1,3,3.99,S-T,VS1,FALSE,5700
2025-03-21T04:42:44.277Z,PB,1,3,3.99,S-T,VS2,FALSE,5400
2025-03-21T04:42:44.277Z,PB,1,3,3.99,S-T,SI3,FALSE,4100
2025-03-21T04:42:44.277Z,PB,1,4,4.99,S-T,VVS1,FALSE,7700
2025-03-21T04:42:44.277Z,PB,1,4,4.99,S-T,VVS2,FALSE,7400
2025-03-21T04:42:44.277Z,PB,1,4,4.99,S-T,SI3,FALSE,4700
2025-03-21T04:42:44.277Z,PB,1,5,9.99,S-T,SI1,FALSE,8500
2025-03-21T04:42:44.277Z,PB,1,5,9.99,S-T,I1,FALSE,4600
2025-03-21T04:42:44.277Z,PB,1,5,9.99,S-T,I3,FALSE,1300
2025-03-21T04:42:44.277Z,PB,1,10,99,S-T,VVS2,FALSE,15500
2025-03-21T04:42:44.277Z,PB,1,10,99,S-T,SI3,FALSE,9000
2025-03-21T04:42:44.277Z,PB,1,10,99,S-T,I1,FALSE,6400
2025-03-21T04:42:44.276Z,PB,1,0.9,0.99,N,SI3,FALSE,1300
2025-03-21T04:42:44.276Z,PB,1,1,1.49,N,VVS2,FALSE,2100
2025-03-21T04:42:44.276Z,PB,1,1,1.49,N,VS2,FALSE,1900
2025-03-21T04:42:44.276Z,PB,1,1,1.49,N,I1,FALSE,1300
2025-03-21T04:42:44.276Z,PB,1,1.5,1.99,N,VS2,FALSE,2900
2025-03-21T04:42:44.276Z,PB,1,1.5,1.99,N,SI2,FALSE,2500
2025-03-21T04:42:44.276Z,PB,1,2,2.99,N,VVS1,FALSE,4200
2025-03-21T04:42:44.276Z,PB,1,2,2.99,N,SI1,FALSE,3500
2025-03-21T04:42:44.276Z,PB,1,2,2.99,N,SI2,FALSE,3300
2025-03-21T04:42:44.276Z,PB,1,2,2.99,N,I2,FALSE,1800
2025-03-21T04:42:44.276Z,PB,1,3,3.99,N,VVS2,FALSE,6000
2025-03-21T04:42:44.276Z,PB,1,3,3.99,N,VS1,FALSE,5700
2025-03-21T04:42:44.276Z,PB,1,3,3.99,N,VS2,FALSE,5400
2025-03-21T04:42:44.276Z,PB,1,3,3.99,N,SI3,FALSE,4100
2025-03-21T04:42:44.276Z,PB,1,3,3.99,N,I3,FALSE,1100
2025-03-21T04:42:44.276Z,PB,1,4,4.99,N,SI3,FALSE,4700
2025-03-21T04:42:44.276Z,PB,1,5,9.99,N,VVS2,FALSE,10500
2025-03-21T04:42:44.276Z,PB,1,5,9.99,N,SI3,FALSE,6100
2025-03-21T04:42:44.276Z,PB,1,10,99,N,IF,FALSE,17500
2025-03-21T04:42:44.276Z,PB,1,10,99,N,VS1,FALSE,14500
2025-03-21T04:42:44.276Z,PB,1,10,99,N,SI1,FALSE,12500
2025-03-21T04:42:44.276Z,PB,1,10,99,N,I1,FALSE,6400
2025-03-21T04:42:44.276Z,PB,1,10,99,N,I3,FALSE,1500
2025-03-21T04:42:44.276Z,PB,1,0.3,0.39,O-P,SI3,FALSE,500
2025-03-21T04:42:44.276Z,PB,1,0.3,0.39,O-P,I1,FALSE,400
2025-03-21T04:42:44.276Z,PB,1,0.4,0.49,O-P,IF,FALSE,1200
2025-03-21T04:42:44.276Z,PB,1,0.4,0.49,O-P,VVS2,FALSE,1000
2025-03-21T04:42:44.276Z,PB,1,0.4,0.49,O-P,VS1,FALSE,900
2025-03-21T04:42:44.276Z,PB,1,0.4,0.49,O-P,SI1,FALSE,800
2025-03-21T04:42:44.276Z,PB,1,0.4,0.49,O-P,SI3,FALSE,600
2025-03-21T04:42:44.276Z,PB,1,0.4,0.49,O-P,I1,FALSE,500
2025-03-21T04:42:44.276Z,PB,1,0.4,0.49,O-P,I3,FALSE,300
2025-03-21T04:42:44.276Z,PB,1,0.5,0.69,O-P,VVS1,FALSE,1300
2025-03-21T04:42:44.276Z,PB,1,0.5,0.69,O-P,SI3,FALSE,800
2025-03-21T04:42:44.276Z,PB,1,0.7,0.89,O-P,VVS1,FALSE,1700
2025-03-21T04:42:44.276Z,PB,1,0.7,0.89,O-P,VVS2,FALSE,1600
2025-03-21T04:42:44.276Z,PB,1,0.9,0.99,O-P,VVS1,FALSE,1900
2025-03-21T04:42:44.276Z,PB,1,0.9,0.99,O-P,VS1,FALSE,1700
2025-03-21T04:42:44.276Z,PB,1,0.9,0.99,O-P,VS2,FALSE,1600
2025-03-21T04:42:44.276Z,PB,1,0.9,0.99,O-P,SI1,FALSE,1500
2025-03-21T04:42:44.276Z,PB,1,0.9,0.99,O-P,SI2,FALSE,1400
2025-03-21T04:42:44.276Z,PB,1,0.9,0.99,O-P,I1,FALSE,1100
2025-03-21T04:42:44.276Z,PB,1,0.9,0.99,O-P,I2,FALSE,900
2025-03-21T04:42:44.276Z,PB,1,1,1.49,O-P,IF,FALSE,2500
2025-03-21T04:42:44.276Z,PB,1,1,1.49,O-P,VVS1,FALSE,2300
2025-03-21T04:42:44.276Z,PB,1,1,1.49,O-P,VS1,FALSE,2000
2025-03-21T04:42:44.276Z,PB,1,1,1.49,O-P,VS2,FALSE,1900
2025-03-21T04:42:44.276Z,PB,1,1,1.49,O-P,SI3,FALSE,1600
2025-03-21T04:42:44.277Z,PB,1,1.5,1.99,O-P,SI1,FALSE,2700
2025-03-21T04:42:44.277Z,PB,1,2,2.99,O-P,VVS2,FALSE,4000
2025-03-21T04:42:44.277Z,PB,1,2,2.99,O-P,SI1,FALSE,3500
2025-03-21T04:42:44.277Z,PB,1,2,2.99,O-P,I3,FALSE,1000
2025-03-21T04:42:44.277Z,PB,1,3,3.99,O-P,VS1,FALSE,5700
2025-03-21T04:42:44.277Z,PB,1,3,3.99,O-P,SI2,FALSE,4600
2025-03-21T04:42:44.277Z,PB,1,3,3.99,O-P,SI3,FALSE,4100
2025-03-21T04:42:44.277Z,PB,1,3,3.99,O-P,I1,FALSE,3600
2025-03-21T04:42:44.277Z,PB,1,3,3.99,O-P,I2,FALSE,2100
2025-03-21T04:42:44.277Z,PB,1,4,4.99,O-P,VS1,FALSE,7100
2025-03-21T04:42:44.277Z,PB,1,4,4.99,O-P,VS2,FALSE,6800
2025-03-21T04:42:44.277Z,PB,1,4,4.99,O-P,SI2,FALSE,6100
2025-03-21T04:42:44.277Z,PB,1,4,4.99,O-P,I2,FALSE,2200
2025-03-21T04:42:44.277Z,PB,1,5,9.99,O-P,VVS1,FALSE,11000
2025-03-21T04:42:44.277Z,PB,1,10,99,O-P,VS1,FALSE,14500
2025-03-21T04:42:44.277Z,PB,1,10,99,O-P,SI2,FALSE,11500
2025-03-21T04:42:44.277Z,PB,1,0.3,0.39,U-V,VVS2,FALSE,900
2025-03-21T04:42:44.277Z,PB,1,0.3,0.39,U-V,SI1,FALSE,700
2025-03-21T04:42:44.277Z,PB,1,0.3,0.39,U-V,I1,FALSE,400
2025-03-21T04:42:44.277Z,PB,1,0.3,0.39,U-V,I2,FALSE,300
2025-03-21T04:42:44.277Z,PB,1,0.3,0.39,U-V,I3,FALSE,200
2025-03-21T04:42:44.277Z,PB,1,0.4,0.49,U-V,IF,FALSE,1200
2025-03-21T04:42:44.277Z,PB,1,0.4,0.49,U-V,SI3,FALSE,600
2025-03-21T04:42:44.277Z,PB,1,0.4,0.49,U-V,I1,FALSE,500
2025-03-21T04:42:44.277Z,PB,1,10,99,O-P,SI3,FALSE,9000
2025-03-21T04:42:44.277Z,PB,1,0.3,0.39,Q-R,SI1,FALSE,700
2025-03-21T04:42:44.277Z,PB,1,0.4,0.49,Q-R,VS1,FALSE,900
2025-03-21T04:42:44.277Z,PB,1,0.4,0.49,Q-R,SI2,FALSE,700
2025-03-21T04:42:44.277Z,PB,1,0.4,0.49,Q-R,SI3,FALSE,600
2025-03-21T04:42:44.277Z,PB,1,0.4,0.49,Q-R,I2,FALSE,400
2025-03-21T04:42:44.277Z,PB,1,0.5,0.69,Q-R,IF,FALSE,1400
2025-03-21T04:42:44.277Z,PB,1,0.5,0.69,Q-R,VS1,FALSE,1100
2025-03-21T04:42:44.277Z,PB,1,0.5,0.69,Q-R,VS2,FALSE,1000
2025-03-21T04:42:44.277Z,PB,1,0.5,0.69,Q-R,SI2,FALSE,900
2025-03-21T04:42:44.277Z,PB,1,0.9,0.99,Q-R,SI3,FALSE,1300
2025-03-21T04:42:44.277Z,PB,1,1,1.49,Q-R,VVS1,FALSE,2300
2025-03-21T04:42:44.277Z,PB,1,1,1.49,Q-R,I2,FALSE,1000
2025-03-21T04:42:44.277Z,PB,1,1.5,1.99,Q-R,SI2,FALSE,2500
2025-03-21T04:42:44.277Z,PB,1,1.5,1.99,Q-R,I2,FALSE,1500
2025-03-21T04:42:44.277Z,PB,1,2,2.99,Q-R,VVS1,FALSE,4200
2025-03-21T04:42:44.277Z,PB,1,3,3.99,Q-R,VVS1,FALSE,6300
2025-03-21T04:42:44.277Z,PB,1,4,4.99,Q-R,I2,FALSE,2200
2025-03-21T04:42:44.277Z,PB,1,5,9.99,Q-R,VS1,FALSE,9500
2025-03-21T04:42:44.277Z,PB,1,5,9.99,Q-R,SI1,FALSE,8500
2025-03-21T04:42:44.277Z,PB,1,10,99,Q-R,SI1,FALSE,12500
2025-03-21T04:42:44.277Z,PB,1,10,99,Q-R,I1,FALSE,6400
2025-03-21T04:42:44.277Z,PB,1,0.3,0.39,S-T,VVS1,FALSE,900
2025-03-21T04:42:44.277Z,PB,1,0.3,0.39,S-T,VS2,FALSE,800
2025-03-21T04:42:44.277Z,PB,1,0.4,0.49,S-T,SI3,FALSE,600
2025-03-21T04:42:44.277Z,PB,1,0.4,0.49,S-T,I2,FALSE,400
2025-03-21T04:42:44.277Z,PB,1,0.5,0.69,S-T,VVS1,FALSE,1300
2025-03-21T04:42:44.277Z,PB,1,0.5,0.69,S-T,SI1,FALSE,1000
2025-03-21T04:42:44.277Z,PB,1,0.5,0.69,S-T,SI2,FALSE,900
2025-03-21T04:42:44.277Z,PB,1,0.5,0.69,S-T,I1,FALSE,700
2025-03-21T04:42:44.277Z,PB,1,0.7,0.89,S-T,VVS1,FALSE,1700
2025-03-21T04:42:44.277Z,PB,1,0.7,0.89,S-T,I2,FALSE,700
2025-03-21T04:42:44.277Z,PB,1,0.9,0.99,S-T,IF,FALSE,2000
2025-03-21T04:42:44.277Z,PB,1,1,1.49,S-T,VS1,FALSE,2000
2025-03-21T04:42:44.277Z,PB,1,1,1.49,S-T,I2,FALSE,1000
2025-03-21T04:42:44.277Z,PB,1,1.5,1.99,S-T,VVS2,FALSE,3200
2025-03-21T04:42:44.277Z,PB,1,1.5,1.99,S-T,I1,FALSE,2200
2025-03-21T04:42:44.277Z,PB,1,2,2.99,S-T,IF,FALSE,4500
2025-03-21T04:42:44.277Z,PB,1,2,2.99,S-T,SI1,FALSE,3500
2025-03-21T04:42:44.277Z,PB,1,2,2.99,S-T,I1,FALSE,2700
2025-03-21T04:42:44.277Z,PB,1,3,3.99,S-T,IF,FALSE,6700
2025-03-21T04:42:44.277Z,PB,1,3,3.99,S-T,VVS1,FALSE,6300
2025-03-21T04:42:44.277Z,PB,1,3,3.99,S-T,VVS2,FALSE,6000
2025-03-21T04:42:44.277Z,PB,1,3,3.99,S-T,I2,FALSE,2100
2025-03-21T04:42:44.277Z,PB,1,4,4.99,S-T,VS1,FALSE,7100
2025-03-21T04:42:44.277Z,PB,1,4,4.99,S-T,I1,FALSE,3900
2025-03-21T04:42:44.277Z,PB,1,5,9.99,S-T,IF,FALSE,11500
2025-03-21T04:42:44.277Z,PB,1,5,9.99,S-T,VS2,FALSE,9000
2025-03-21T04:42:44.277Z,PB,1,5,9.99,S-T,SI2,FALSE,8000
2025-03-21T04:42:44.277Z,PB,1,10,99,S-T,VS1,FALSE,14500
2025-03-21T04:42:44.277Z,PB,1,0.3,0.39,U-V,VS1,FALSE,800
2025-03-21T04:42:44.277Z,PB,1,0.3,0.39,U-V,SI2,FALSE,600
2025-03-21T04:42:44.277Z,PB,1,0.4,0.49,U-V,VVS2,FALSE,1000
2025-03-21T04:42:44.277Z,PB,1,0.4,0.49,U-V,SI1,FALSE,800
2025-03-21T04:42:44.277Z,PB,1,0.4,0.49,U-V,I2,FALSE,400
2025-03-21T04:42:44.276Z,PB,1,0.9,0.99,N,I2,FALSE,900
2025-03-21T04:42:44.276Z,PB,1,0.9,0.99,N,I3,FALSE,700
2025-03-21T04:42:44.276Z,PB,1,1,1.49,N,VVS1,FALSE,2300
2025-03-21T04:42:44.276Z,PB,1,1.5,1.99,N,VVS2,FALSE,3200
2025-03-21T04:42:44.276Z,PB,1,1.5,1.99,N,SI1,FALSE,2700
2025-03-21T04:42:44.276Z,PB,1,1.5,1.99,N,I3,FALSE,1000
2025-03-21T04:42:44.276Z,PB,1,2,2.99,N,VS1,FALSE,3800
2025-03-21T04:42:44.276Z,PB,1,2,2.99,N,SI3,FALSE,2900
2025-03-21T04:42:44.276Z,PB,1,4,4.99,N,VS1,FALSE,7100
2025-03-21T04:42:44.276Z,PB,1,4,4.99,N,VS2,FALSE,6800
2025-03-21T04:42:44.276Z,PB,1,5,9.99,N,IF,FALSE,11500
2025-03-21T04:42:44.276Z,PB,1,5,9.99,N,VVS1,FALSE,11000
2025-03-21T04:42:44.276Z,PB,1,5,9.99,N,VS1,FALSE,9500
2025-03-21T04:42:44.276Z,PB,1,5,9.99,N,VS2,FALSE,9000
2025-03-21T04:42:44.276Z,PB,1,5,9.99,N,I1,FALSE,4600
2025-03-21T04:42:44.276Z,PB,1,10,99,N,VVS2,FALSE,15500
2025-03-21T04:42:44.276Z,PB,1,0.3,0.39,O-P,VVS1,FALSE,900
2025-03-21T04:42:44.276Z,PB,1,0.3,0.39,O-P,VVS2,FALSE,900
2025-03-21T04:42:44.276Z,PB,1,0.3,0.39,O-P,SI2,FALSE,600
2025-03-21T04:42:44.276Z,PB,1,0.3,0.39,O-P,I3,FALSE,200
2025-03-21T04:42:44.276Z,PB,1,0.5,0.69,O-P,VVS2,FALSE,1200
2025-03-21T04:42:44.276Z,PB,1,0.5,0.69,O-P,SI2,FALSE,900
2025-03-21T04:42:44.276Z,PB,1,0.7,0.89,O-P,VS1,FALSE,1500
2025-03-21T04:42:44.276Z,PB,1,0.7,0.89,O-P,SI3,FALSE,1100
2025-03-21T04:42:44.276Z,PB,1,0.7,0.89,O-P,I1,FALSE,900
2025-03-21T04:42:44.276Z,PB,1,0.7,0.89,O-P,I3,FALSE,500
2025-03-21T04:42:44.276Z,PB,1,0.9,0.99,O-P,VVS2,FALSE,1800
2025-03-21T04:42:44.276Z,PB,1,1,1.49,O-P,VVS2,FALSE,2100
2025-03-21T04:42:44.276Z,PB,1,1,1.49,O-P,SI1,FALSE,1800
2025-03-21T04:42:44.277Z,PB,1,1.5,1.99,O-P,VVS2,FALSE,3200
2025-03-21T04:42:44.277Z,PB,1,1.5,1.99,O-P,VS1,FALSE,3100
2025-03-21T04:42:44.277Z,PB,1,1.5,1.99,O-P,SI2,FALSE,2500
2025-03-21T04:42:44.277Z,PB,1,2,2.99,O-P,VS2,FALSE,3600
2025-03-21T04:42:44.277Z,PB,1,4,4.99,O-P,SI1,FALSE,6400
2025-03-21T04:42:44.277Z,PB,1,4,4.99,O-P,SI3,FALSE,4700
2025-03-21T04:42:44.277Z,PB,1,5,9.99,O-P,VVS2,FALSE,10500
2025-03-21T04:42:44.277Z,PB,1,5,9.99,O-P,SI1,FALSE,8500
2025-03-21T04:42:44.277Z,PB,1,5,9.99,O-P,SI2,FALSE,8000
2025-03-21T04:42:44.277Z,PB,1,10,99,O-P,VVS1,FALSE,16500
2025-03-21T04:42:44.277Z,PB,1,10,99,O-P,SI1,FALSE,12500
2025-03-21T04:42:44.277Z,PB,1,10,99,O-P,I2,FALSE,3300
2025-03-21T04:42:44.277Z,PB,1,0.3,0.39,Q-R,VVS1,FALSE,900
2025-03-21T04:42:44.277Z,PB,1,0.3,0.39,Q-R,VVS2,FALSE,900
2025-03-21T04:42:44.277Z,PB,1,0.3,0.39,Q-R,SI2,FALSE,600
2025-03-21T04:42:44.277Z,PB,1,0.3,0.39,Q-R,SI3,FALSE,500
2025-03-21T04:42:44.277Z,PB,1,0.3,0.39,Q-R,I1,FALSE,400
2025-03-21T04:42:44.277Z,PB,1,0.3,0.39,Q-R,I3,FALSE,200
2025-03-21T04:42:44.277Z,PB,1,0.4,0.49,Q-R,IF,FALSE,1200
2025-03-21T04:42:44.277Z,PB,1,0.4,0.49,Q-R,VVS2,FALSE,1000
2025-03-21T04:42:44.277Z,PB,1,0.4,0.49,Q-R,SI1,FALSE,800
2025-03-21T04:42:44.277Z,PB,1,0.4,0.49,Q-R,I3,FALSE,300
2025-03-21T04:42:44.277Z,PB,1,0.5,0.69,Q-R,VVS1,FALSE,1300
2025-03-21T04:42:44.277Z,PB,1,0.5,0.69,Q-R,VVS2,FALSE,1200
2025-03-21T04:42:44.277Z,PB,1,0.5,0.69,Q-R,SI3,FALSE,800
2025-03-21T04:42:44.277Z,PB,1,0.5,0.69,Q-R,I3,FALSE,400
2025-03-21T04:42:44.277Z,PB,1,0.7,0.89,Q-R,SI1,FALSE,1300
2025-03-21T04:42:44.277Z,PB,1,0.7,0.89,Q-R,SI3,FALSE,1100
2025-03-21T04:42:44.277Z,PB,1,0.7,0.89,Q-R,I2,FALSE,700
2025-03-21T04:42:44.277Z,PB,1,0.7,0.89,Q-R,I3,FALSE,500
2025-03-21T04:42:44.277Z,PB,1,0.9,0.99,Q-R,VVS1,FALSE,1900
2025-03-21T04:42:44.277Z,PB,1,0.9,0.99,Q-R,SI2,FALSE,1400
2025-03-21T04:42:44.277Z,PB,1,1,1.49,Q-R,VS2,FALSE,1900
2025-03-21T04:42:44.277Z,PB,1,1,1.49,Q-R,SI2,FALSE,1700
2025-03-21T04:42:44.277Z,PB,1,1,1.49,Q-R,SI3,FALSE,1600
2025-03-21T04:42:44.277Z,PB,1,1,1.49,Q-R,I3,FALSE,800
2025-03-21T04:42:44.277Z,PB,1,0.7,0.89,Q-R,IF,FALSE,1800
2025-03-21T04:42:44.277Z,PB,1,0.7,0.89,Q-R,VVS2,FALSE,1600
2025-03-21T04:42:44.277Z,PB,1,0.7,0.89,Q-R,VS1,FALSE,1500
2025-03-21T04:42:44.277Z,PB,1,0.7,0.89,Q-R,I1,FALSE,900
2025-03-21T04:42:44.277Z,PB,1,0.9,0.99,Q-R,VS1,FALSE,1700
2025-03-21T04:42:44.277Z,PB,1,0.9,0.99,Q-R,VS2,FALSE,1600
2025-03-21T04:42:44.277Z,PB,1,0.9,0.99,Q-R,SI1,FALSE,1500
2025-03-21T04:42:44.277Z,PB,1,0.9,0.99,Q-R,I1,FALSE,1100
2025-03-21T04:42:44.277Z,PB,1,1,1.49,Q-R,VS1,FALSE,2000
2025-03-21T04:42:44.277Z,PB,1,1.5,1.99,Q-R,IF,FALSE,3500
2025-03-21T04:42:44.277Z,PB,1,1.5,1.99,Q-R,SI1,FALSE,2700
2025-03-21T04:42:44.277Z,PB,1,1.5,1.99,Q-R,SI3,FALSE,2400
2025-03-21T04:42:44.277Z,PB,1,2,2.99,Q-R,I1,FALSE,2700
2025-03-21T04:42:44.277Z,PB,1,3,3.99,Q-R,IF,FALSE,6700
2025-03-21T04:42:44.277Z,PB,1,3,3.99,Q-R,VVS2,FALSE,6000
2025-03-21T04:42:44.277Z,PB,1,3,3.99,Q-R,SI2,FALSE,4600
2025-03-21T04:42:44.277Z,PB,1,3,3.99,Q-R,I1,FALSE,3600
2025-03-21T04:42:44.277Z,PB,1,3,3.99,Q-R,I3,FALSE,1100
2025-03-21T04:42:44.277Z,PB,1,4,4.99,Q-R,IF,FALSE,8100
2025-03-21T04:42:44.277Z,PB,1,4,4.99,Q-R,SI3,FALSE,4700
2025-03-21T04:42:44.277Z,PB,1,4,4.99,Q-R,I3,FALSE,1200
2025-03-21T04:42:44.277Z,PB,1,5,9.99,Q-R,VVS2,FALSE,10500
2025-03-21T04:42:44.277Z,PB,1,5,9.99,Q-R,SI2,FALSE,8000
2025-03-21T04:42:44.277Z,PB,1,5,9.99,Q-R,SI3,FALSE,6100
2025-03-21T04:42:44.277Z,PB,1,10,99,Q-R,VVS1,FALSE,16500
2025-03-21T04:42:44.277Z,PB,1,10,99,Q-R,SI2,FALSE,11500
2025-03-21T04:42:44.277Z,PB,1,10,99,Q-R,I3,FALSE,1500
2025-03-21T04:42:44.277Z,PB,1,0.3,0.39,S-T,IF,FALSE,900
2025-03-21T04:42:44.277Z,PB,1,0.3,0.39,S-T,VVS2,FALSE,900
2025-03-21T04:42:44.277Z,PB,1,0.3,0.39,S-T,SI2,FALSE,600
2025-03-21T04:42:44.277Z,PB,1,0.3,0.39,S-T,SI3,FALSE,500
2025-03-21T04:42:44.277Z,PB,1,0.3,0.39,S-T,I3,FALSE,200
2025-03-21T04:42:44.277Z,PB,1,0.4,0.49,S-T,SI1,FALSE,800
2025-03-21T04:42:44.277Z,PB,1,0.4,0.49,S-T,SI2,FALSE,700
2025-03-21T04:42:44.277Z,PB,1,0.4,0.49,S-T,I1,FALSE,500
2025-03-21T04:42:44.277Z,PB,1,0.4,0.49,S-T,I3,FALSE,300
2025-03-21T04:42:44.277Z,PB,1,0.5,0.69,S-T,VS1,FALSE,1100
2025-03-21T04:42:44.277Z,PB,1,0.5,0.69,S-T,I2,FALSE,600
2025-03-21T04:42:44.277Z,PB,1,0.5,0.69,S-T,I3,FALSE,400
2025-03-21T04:42:44.277Z,PB,1,0.7,0.89,S-T,IF,FALSE,1800
2025-03-21T04:42:44.277Z,PB,1,0.7,0.89,S-T,VVS2,FALSE,1600
2025-03-21T04:42:44.277Z,PB,1,0.7,0.89,S-T,VS2,FALSE,1400
2025-03-21T04:42:44.277Z,PB,1,0.7,0.89,S-T,I1,FALSE,900
2025-03-21T04:42:44.277Z,PB,1,0.9,0.99,S-T,VS2,FALSE,1600
2025-03-21T04:42:44.277Z,PB,1,0.9,0.99,S-T,I1,FALSE,1100
2025-03-21T04:42:44.277Z,PB,1,0.9,0.99,S-T,I2,FALSE,900
2025-03-21T04:42:44.277Z,PB,1,1,1.49,S-T,VS2,FALSE,1900
2025-03-21T04:42:44.277Z,PB,1,1,1.49,S-T,SI1,FALSE,1800
2025-03-21T04:42:44.277Z,PB,1,1,1.49,S-T,SI2,FALSE,1700
2025-03-21T04:42:44.277Z,PB,1,1,1.49,S-T,I1,FALSE,1300
2025-03-21T04:42:44.277Z,PB,1,1,1.49,S-T,I3,FALSE,800
2025-03-21T04:42:44.277Z,PB,1,1.5,1.99,S-T,IF,FALSE,3500
2025-03-21T04:42:44.277Z,PB,1,1.5,1.99,S-T,SI1,FALSE,2700
2025-03-21T04:42:44.277Z,PB,1,2,2.99,S-T,VVS2,FALSE,4000
2025-03-21T04:42:44.277Z,PB,1,3,3.99,S-T,SI1,FALSE,4900
2025-03-21T04:42:44.277Z,PB,1,4,4.99,S-T,VS2,FALSE,6800
2025-03-21T04:42:44.277Z,PB,1,4,4.99,S-T,SI1,FALSE,6400
2025-03-21T04:42:44.277Z,PB,1,4,4.99,S-T,I2,FALSE,2200
2025-03-21T04:42:44.277Z,PB,1,4,4.99,S-T,I3,FALSE,1200
2025-03-21T04:42:44.277Z,PB,1,5,9.99,S-T,VVS1,FALSE,11000
2025-03-21T04:42:44.277Z,PB,1,5,9.99,S-T,VS1,FALSE,9500
2025-03-21T04:42:44.277Z,PB,1,5,9.99,S-T,SI3,FALSE,6100
2025-03-21T04:42:44.277Z,PB,1,5,9.99,S-T,I2,FALSE,2300
2025-03-21T04:42:44.277Z,PB,1,10,99,S-T,VS2,FALSE,13500
2025-03-21T04:42:44.277Z,PB,1,1.5,1.99,Q-R,VVS2,FALSE,3200
2025-03-21T04:42:44.277Z,PB,1,1.5,1.99,Q-R,VS1,FALSE,3100
2025-03-21T04:42:44.277Z,PB,1,1.5,1.99,Q-R,VS2,FALSE,2900
2025-03-21T04:42:44.277Z,PB,1,1.5,1.99,Q-R,I3,FALSE,1000
2025-03-21T04:42:44.277Z,PB,1,2,2.99,Q-R,VVS2,FALSE,4000
2025-03-21T04:42:44.277Z,PB,1,2,2.99,Q-R,VS1,FALSE,3800
2025-03-21T04:42:44.277Z,PB,1,2,2.99,Q-R,VS2,FALSE,3600
2025-03-21T04:42:44.277Z,PB,1,2,2.99,Q-R,I2,FALSE,1800
2025-03-21T04:42:44.277Z,PB,1,2,2.99,Q-R,I3,FALSE,1000
2025-03-21T04:42:44.277Z,PB,1,3,3.99,Q-R,I2,FALSE,2100
2025-03-21T04:42:44.277Z,PB,1,4,4.99,Q-R,VVS1,FALSE,7700
2025-03-21T04:42:44.277Z,PB,1,4,4.99,Q-R,VVS2,FALSE,7400
2025-03-21T04:42:44.277Z,PB,1,5,9.99,Q-R,VVS1,FALSE,11000
2025-03-21T04:42:44.277Z,PB,1,5,9.99,Q-R,VS2,FALSE,9000
2025-03-21T04:42:44.277Z,PB,1,5,9.99,Q-R,I2,FALSE,2300
2025-03-21T04:42:44.277Z,PB,1,5,9.99,Q-R,I3,FALSE,1300
2025-03-21T04:42:44.277Z,PB,1,10,99,Q-R,IF,FALSE,17500
2025-03-21T04:42:44.277Z,PB,1,10,99,Q-R,VS1,FALSE,14500
2025-03-21T04:42:44.277Z,PB,1,10,99,Q-R,VS2,FALSE,13500
2025-03-21T04:42:44.277Z,PB,1,10,99,Q-R,SI3,FALSE,9000
2025-03-21T04:42:44.277Z,PB,1,10,99,Q-R,I2,FALSE,3300
2025-03-21T04:42:44.277Z,PB,1,0.3,0.39,S-T,VS1,FALSE,800
2025-03-21T04:42:44.277Z,PB,1,0.3,0.39,S-T,I1,FALSE,400
2025-03-21T04:42:44.277Z,PB,1,0.4,0.49,S-T,IF,FALSE,1200
2025-03-21T04:42:44.277Z,PB,1,0.4,0.49,S-T,VVS2,FALSE,1000
2025-03-21T04:42:44.277Z,PB,1,0.4,0.49,S-T,VS1,FALSE,900
2025-03-21T04:42:44.277Z,PB,1,0.4,0.49,S-T,VS2,FALSE,900
2025-03-21T04:42:44.277Z,PB,1,0.5,0.69,S-T,IF,FALSE,1400
2025-03-21T04:42:44.277Z,PB,1,0.5,0.69,S-T,VVS2,FALSE,1200
2025-03-21T04:42:44.277Z,PB,1,0.5,0.69,S-T,SI3,FALSE,800
2025-03-21T04:42:44.277Z,PB,1,0.7,0.89,S-T,SI2,FALSE,1200
2025-03-21T04:42:44.277Z,PB,1,0.7,0.89,S-T,SI3,FALSE,1100
2025-03-21T04:42:44.277Z,PB,1,0.9,0.99,S-T,VVS2,FALSE,1800
2025-03-21T04:42:44.277Z,PB,1,1.5,1.99,S-T,VS1,FALSE,3100
2025-03-21T04:42:44.277Z,PB,1,1.5,1.99,S-T,VS2,FALSE,2900
2025-03-21T04:42:44.277Z,PB,1,1.5,1.99,S-T,SI2,FALSE,2500
2025-03-21T04:42:44.277Z,PB,1,1.5,1.99,S-T,I2,FALSE,1500
2025-03-21T04:42:44.277Z,PB,1,2,2.99,S-T,VS1,FALSE,3800
2025-03-21T04:42:44.277Z,PB,1,2,2.99,S-T,SI2,FALSE,3300
2025-03-21T04:42:44.277Z,PB,1,2,2.99,S-T,I3,FALSE,1000
2025-03-21T04:42:44.277Z,PB,1,3,3.99,S-T,SI2,FALSE,4600
2025-03-21T04:42:44.277Z,PB,1,3,3.99,S-T,I1,FALSE,3600
2025-03-21T04:42:44.277Z,PB,1,3,3.99,S-T,I3,FALSE,1100
2025-03-21T04:42:44.277Z,PB,1,4,4.99,S-T,IF,FALSE,8100
2025-03-21T04:42:44.277Z,PB,1,4,4.99,S-T,SI2,FALSE,6100
2025-03-21T04:42:44.277Z,PB,1,5,9.99,S-T,VVS2,FALSE,10500
2025-03-21T04:42:44.277Z,PB,1,10,99,S-T,IF,FALSE,17500
2025-03-21T04:42:44.277Z,PB,1,10,99,S-T,VVS1,FALSE,16500
2025-03-21T04:42:44.277Z,PB,1,10,99,S-T,SI2,FALSE,11500
2025-03-21T04:42:44.277Z,PB,1,0.3,0.39,U-V,IF,FALSE,900
2025-03-21T04:42:44.277Z,PB,1,0.4,0.49,U-V,VVS1,FALSE,1100
2025-03-21T04:42:44.277Z,PB,1,0.4,0.49,U-V,SI2,FALSE,700
2025-03-21T04:42:44.277Z,PB,1,0.4,0.49,U-V,I3,FALSE,300
2025-03-21T04:42:44.277Z,PB,1,10,99,S-T,SI1,FALSE,12500
2025-03-21T04:42:44.277Z,PB,1,10,99,S-T,I2,FALSE,3300
2025-03-21T04:42:44.277Z,PB,1,10,99,S-T,I3,FALSE,1500
2025-03-21T04:42:44.277Z,PB,1,0.3,0.39,U-V,VVS1,FALSE,900
2025-03-21T04:42:44.277Z,PB,1,0.3,0.39,U-V,VS2,FALSE,800
2025-03-21T04:42:44.277Z,PB,1,0.3,0.39,U-V,SI3,FALSE,500
2025-03-21T04:42:44.277Z,PB,1,0.4,0.49,U-V,VS1,FALSE,900
2025-03-21T04:42:44.277Z,PB,1,0.4,0.49,U-V,VS2,FALSE,900
2025-03-21T04:42:44.277Z,PB,1,0.5,0.69,U-V,IF,FALSE,1400
2025-03-21T04:42:44.277Z,PB,1,0.7,0.89,U-V,VS2,FALSE,1400
2025-03-21T04:42:44.277Z,PB,1,0.7,0.89,U-V,SI3,FALSE,1100
2025-03-21T04:42:44.277Z,PB,1,0.9,0.99,U-V,IF,FALSE,2000
2025-03-21T04:42:44.277Z,PB,1,0.9,0.99,U-V,VVS1,FALSE,1900
2025-03-21T04:42:44.277Z,PB,1,0.9,0.99,U-V,VS2,FALSE,1600
2025-03-21T04:42:44.277Z,PB,1,0.9,0.99,U-V,SI1,FALSE,1500
2025-03-21T04:42:44.277Z,PB,1,0.9,0.99,U-V,I2,FALSE,900
2025-03-21T04:42:44.277Z,PB,1,1,1.49,U-V,VVS2,FALSE,2100
2025-03-21T04:42:44.277Z,PB,1,1,1.49,U-V,SI1,FALSE,1800
2025-03-21T04:42:44.277Z,PB,1,1.5,1.99,U-V,VVS1,FALSE,3300
2025-03-21T04:42:44.277Z,PB,1,1.5,1.99,U-V,VS2,FALSE,2900
2025-03-21T04:42:44.277Z,PB,1,2,2.99,U-V,VS2,FALSE,3600
2025-03-21T04:42:44.277Z,PB,1,2,2.99,U-V,SI1,FALSE,3500
2025-03-21T04:42:44.277Z,PB,1,2,2.99,U-V,SI2,FALSE,3300
2025-03-21T04:42:44.277Z,PB,1,3,3.99,U-V,IF,FALSE,6700
2025-03-21T04:42:44.277Z,PB,1,3,3.99,U-V,VVS1,FALSE,6300
2025-03-21T04:42:44.277Z,PB,1,3,3.99,U-V,SI1,FALSE,4900
2025-03-21T04:42:44.277Z,PB,1,3,3.99,U-V,SI3,FALSE,4100
2025-03-21T04:42:44.277Z,PB,1,3,3.99,U-V,I1,FALSE,3600
2025-03-21T04:42:44.277Z,PB,1,4,4.99,U-V,VS1,FALSE,7100
2025-03-21T04:42:44.277Z,PB,1,4,4.99,U-V,VS2,FALSE,6800
2025-03-21T04:42:44.277Z,PB,1,4,4.99,U-V,SI2,FALSE,6100
2025-03-21T04:42:44.277Z,PB,1,4,4.99,U-V,SI3,FALSE,4700
2025-03-21T04:42:44.277Z,PB,1,5,9.99,U-V,IF,FALSE,11500
2025-03-21T04:42:44.277Z,PB,1,5,9.99,U-V,VVS1,FALSE,11000
2025-03-21T04:42:44.277Z,PB,1,5,9.99,U-V,VVS2,FALSE,10500
2025-03-21T04:42:44.277Z,PB,1,5,9.99,U-V,SI1,FALSE,8500
2025-03-21T04:42:44.277Z,PB,1,5,9.99,U-V,SI2,FALSE,8000
2025-03-21T04:42:44.277Z,PB,1,5,9.99,U-V,I1,FALSE,4600
2025-03-21T04:42:44.277Z,PB,1,10,99,U-V,IF,FALSE,17500
2025-03-21T04:42:44.277Z,PB,1,10,99,U-V,VVS1,FALSE,16500
2025-03-21T04:42:44.277Z,PB,1,10,99,U-V,VVS2,FALSE,15500
2025-03-21T04:42:44.277Z,PB,1,0.3,0.39,,VS1,FALSE,800
2025-03-21T04:42:44.277Z,PB,1,0.3,0.39,,SI2,FALSE,600
2025-03-21T04:42:44.277Z,PB,1,0.3,0.39,,I1,FALSE,400
2025-03-21T04:42:44.277Z,PB,1,0.3,0.39,,I2,FALSE,300
2025-03-21T04:42:44.277Z,PB,1,0.4,0.49,,VVS2,FALSE,1000
2025-03-21T04:42:44.277Z,PB,1,0.4,0.49,,VS1,FALSE,900
2025-03-21T04:42:44.277Z,PB,1,0.4,0.49,,SI2,FALSE,700
2025-03-21T04:42:44.277Z,PB,1,0.4,0.49,,SI3,FALSE,600
2025-03-21T04:42:44.277Z,PB,1,0.4,0.49,,I1,FALSE,500
2025-03-21T04:42:44.277Z,PB,1,0.5,0.69,,VVS1,FALSE,1300
2025-03-21T04:42:44.277Z,PB,1,0.5,0.69,,VVS2,FALSE,1200
2025-03-21T04:42:44.277Z,PB,1,0.5,0.69,,VS1,FALSE,1100
2025-03-21T04:42:44.277Z,PB,1,0.5,0.69,,SI3,FALSE,800
2025-03-21T04:42:44.277Z,PB,1,0.5,0.69,,I2,FALSE,600
2025-03-21T04:42:44.277Z,PB,1,0.7,0.89,,SI2,FALSE,1200
2025-03-21T04:42:44.277Z,PB,1,0.7,0.89,,I2,FALSE,700
2025-03-21T04:42:44.277Z,PB,1,0.7,0.89,,I3,FALSE,500
2025-03-21T04:42:44.277Z,PB,1,0.9,0.99,,IF,FALSE,2000
2025-03-21T04:42:44.277Z,PB,1,0.9,0.99,,VS1,FALSE,1700
2025-03-21T04:42:44.277Z,PB,1,0.9,0.99,,SI1,FALSE,1500
2025-03-21T04:42:44.277Z,PB,1,1,1.49,,IF,FALSE,2500
2025-03-21T04:42:44.277Z,PB,1,1,1.49,,VS2,FALSE,1900
2025-03-21T04:42:44.277Z,PB,1,1,1.49,,SI1,FALSE,1800
2025-03-21T04:42:44.277Z,PB,1,1,1.49,,I2,FALSE,1000
2025-03-21T04:42:44.277Z,PB,1,1,1.49,,I3,FALSE,800
2025-03-21T04:42:44.277Z,PB,1,1.5,1.99,,VS1,FALSE,3100
2025-03-21T04:42:44.277Z,PB,1,1.5,1.99,,I1,FALSE,2200
2025-03-21T04:42:44.277Z,PB,1,1.5,1.99,,I2,FALSE,1500
2025-03-21T04:42:44.277Z,PB,1,1.5,1.99,,I3,FALSE,1000
2025-03-21T04:42:44.277Z,PB,1,0.5,0.69,U-V,VVS2,FALSE,1200
2025-03-21T04:42:44.277Z,PB,1,0.5,0.69,U-V,SI1,FALSE,1000
2025-03-21T04:42:44.277Z,PB,1,0.5,0.69,U-V,I1,FALSE,700
2025-03-21T04:42:44.277Z,PB,1,0.5,0.69,U-V,I2,FALSE,600
2025-03-21T04:42:44.277Z,PB,1,0.5,0.69,U-V,I3,FALSE,400
2025-03-21T04:42:44.277Z,PB,1,0.7,0.89,U-V,VVS1,FALSE,1700
2025-03-21T04:42:44.277Z,PB,1,0.7,0.89,U-V,SI1,FALSE,1300
2025-03-21T04:42:44.277Z,PB,1,0.7,0.89,U-V,SI2,FALSE,1200
2025-03-21T04:42:44.277Z,PB,1,0.7,0.89,U-V,I2,FALSE,700
2025-03-21T04:42:44.277Z,PB,1,0.9,0.99,U-V,VS1,FALSE,1700
2025-03-21T04:42:44.277Z,PB,1,0.9,0.99,U-V,I3,FALSE,700
2025-03-21T04:42:44.277Z,PB,1,1.5,1.99,U-V,VVS2,FALSE,3200
2025-03-21T04:42:44.277Z,PB,1,1.5,1.99,U-V,SI2,FALSE,2500
2025-03-21T04:42:44.277Z,PB,1,2,2.99,U-V,VVS1,FALSE,4200
2025-03-21T04:42:44.277Z,PB,1,2,2.99,U-V,I1,FALSE,2700
2025-03-21T04:42:44.277Z,PB,1,3,3.99,U-V,VS1,FALSE,5700
2025-03-21T04:42:44.277Z,PB,1,3,3.99,U-V,I2,FALSE,2100
2025-03-21T04:42:44.277Z,PB,1,3,3.99,U-V,I3,FALSE,1100
2025-03-21T04:42:44.277Z,PB,1,4,4.99,U-V,VVS2,FALSE,7400
2025-03-21T04:42:44.277Z,PB,1,4,4.99,U-V,I3,FALSE,1200
2025-03-21T04:42:44.277Z,PB,1,10,99,U-V,VS1,FALSE,14500
2025-03-21T04:42:44.277Z,PB,1,10,99,U-V,VS2,FALSE,13500
2025-03-21T04:42:44.277Z,PB,1,10,99,U-V,SI2,FALSE,11500
2025-03-21T04:42:44.277Z,PB,1,10,99,U-V,I2,FALSE,3300
2025-03-21T04:42:44.277Z,PB,1,10,99,U-V,I3,FALSE,1500
2025-03-21T04:42:44.277Z,PB,1,0.4,0.49,,VVS1,FALSE,1100
2025-03-21T04:42:44.277Z,PB,1,0.5,0.69,,SI1,FALSE,1000
2025-03-21T04:42:44.277Z,PB,1,0.5,0.69,,I3,FALSE,400
2025-03-21T04:42:44.277Z,PB,1,0.7,0.89,,IF,FALSE,1800
2025-03-21T04:42:44.277Z,PB,1,0.7,0.89,,VVS2,FALSE,1600
2025-03-21T04:42:44.277Z,PB,1,0.7,0.89,,SI3,FALSE,1100
2025-03-21T04:42:44.277Z,PB,1,0.9,0.99,,SI3,FALSE,1300
2025-03-21T04:42:44.277Z,PB,1,0.9,0.99,,I1,FALSE,1100
2025-03-21T04:42:44.277Z,PB,1,0.9,0.99,,I2,FALSE,900
2025-03-21T04:42:44.277Z,PB,1,1,1.49,,VVS2,FALSE,2100
2025-03-21T04:42:44.277Z,PB,1,1.5,1.99,,VVS1,FALSE,3300
2025-03-21T04:42:44.277Z,PB,1,1.5,1.99,,SI2,FALSE,2500
2025-03-21T04:42:44.277Z,PB,1,1.5,1.99,,SI3,FALSE,2400
2025-03-21T04:42:44.277Z,PB,1,2,2.99,,IF,FALSE,4500
2025-03-21T04:42:44.277Z,PB,1,2,2.99,,VS1,FALSE,3800
2025-03-21T04:42:44.277Z,PB,1,0.5,0.69,U-V,VVS1,FALSE,1300
2025-03-21T04:42:44.277Z,PB,1,0.5,0.69,U-V,SI3,FALSE,800
2025-03-21T04:42:44.277Z,PB,1,0.7,0.89,U-V,IF,FALSE,1800
2025-03-21T04:42:44.277Z,PB,1,0.7,0.89,U-V,VS1,FALSE,1500
2025-03-21T04:42:44.277Z,PB,1,0.9,0.99,U-V,SI2,FALSE,1400
2025-03-21T04:42:44.277Z,PB,1,0.9,0.99,U-V,SI3,FALSE,1300
2025-03-21T04:42:44.277Z,PB,1,0.9,0.99,U-V,I1,FALSE,1100
2025-03-21T04:42:44.277Z,PB,1,1,1.49,U-V,IF,FALSE,2500
2025-03-21T04:42:44.277Z,PB,1,1,1.49,U-V,VS1,FALSE,2000
2025-03-21T04:42:44.277Z,PB,1,1,1.49,U-V,VS2,FALSE,1900
2025-03-21T04:42:44.277Z,PB,1,1,1.49,U-V,SI3,FALSE,1600
2025-03-21T04:42:44.277Z,PB,1,1,1.49,U-V,I3,FALSE,800
2025-03-21T04:42:44.277Z,PB,1,1.5,1.99,U-V,IF,FALSE,3500
2025-03-21T04:42:44.277Z,PB,1,1.5,1.99,U-V,I1,FALSE,2200
2025-03-21T04:42:44.277Z,PB,1,1.5,1.99,U-V,I2,FALSE,1500
2025-03-21T04:42:44.277Z,PB,1,1.5,1.99,U-V,I3,FALSE,1000
2025-03-21T04:42:44.277Z,PB,1,2,2.99,U-V,IF,FALSE,4500
2025-03-21T04:42:44.277Z,PB,1,2,2.99,U-V,VS1,FALSE,3800
2025-03-21T04:42:44.277Z,PB,1,2,2.99,U-V,SI3,FALSE,2900
2025-03-21T04:42:44.277Z,PB,1,3,3.99,U-V,VVS2,FALSE,6000
2025-03-21T04:42:44.277Z,PB,1,4,4.99,U-V,IF,FALSE,8100
2025-03-21T04:42:44.277Z,PB,1,4,4.99,U-V,VVS1,FALSE,7700
2025-03-21T04:42:44.277Z,PB,1,4,4.99,U-V,SI1,FALSE,6400
2025-03-21T04:42:44.277Z,PB,1,4,4.99,U-V,I2,FALSE,2200
2025-03-21T04:42:44.277Z,PB,1,5,9.99,U-V,I3,FALSE,1300
2025-03-21T04:42:44.277Z,PB,1,10,99,U-V,SI3,FALSE,9000
2025-03-21T04:42:44.277Z,PB,1,0.3,0.39,,VVS2,FALSE,900
2025-03-21T04:42:44.277Z,PB,1,0.3,0.39,,VS2,FALSE,800
2025-03-21T04:42:44.277Z,PB,1,0.4,0.49,,IF,FALSE,1200
2025-03-21T04:42:44.277Z,PB,1,0.4,0.49,,I2,FALSE,400
2025-03-21T04:42:44.277Z,PB,1,0.5,0.69,,IF,FALSE,1400
2025-03-21T04:42:44.277Z,PB,1,0.7,0.89,,VS1,FALSE,1500
2025-03-21T04:42:44.277Z,PB,1,0.7,0.89,,I1,FALSE,900
2025-03-21T04:42:44.277Z,PB,1,0.9,0.99,,VVS1,FALSE,1900
2025-03-21T04:42:44.277Z,PB,1,0.9,0.99,,VS2,FALSE,1600
2025-03-21T04:42:44.277Z,PB,1,0.9,0.99,,I3,FALSE,700
2025-03-21T04:42:44.277Z,PB,1,1,1.49,,VVS1,FALSE,2300
2025-03-21T04:42:44.277Z,PB,1,1,1.49,,VS1,FALSE,2000
2025-03-21T04:42:44.277Z,PB,1,1,1.49,,SI3,FALSE,1600
2025-03-21T04:42:44.277Z,PB,1,1.5,1.99,,IF,FALSE,3500
2025-03-21T04:42:44.277Z,PB,1,1.5,1.99,,SI1,FALSE,2700
2025-03-21T04:42:44.277Z,PB,1,2,2.99,,VVS2,FALSE,4000
2025-03-21T04:42:44.277Z,PB,1,2,2.99,,VS2,FALSE,3600
2025-03-21T04:42:44.277Z,PB,1,0.5,0.69,U-V,VS1,FALSE,1100
2025-03-21T04:42:44.277Z,PB,1,0.5,0.69,U-V,VS2,FALSE,1000
2025-03-21T04:42:44.277Z,PB,1,0.5,0.69,U-V,SI2,FALSE,900
2025-03-21T04:42:44.277Z,PB,1,0.7,0.89,U-V,VVS2,FALSE,1600
2025-03-21T04:42:44.277Z,PB,1,0.7,0.89,U-V,I1,FALSE,900
2025-03-21T04:42:44.277Z,PB,1,0.7,0.89,U-V,I3,FALSE,500
2025-03-21T04:42:44.277Z,PB,1,0.9,0.99,U-V,VVS2,FALSE,1800
2025-03-21T04:42:44.277Z,PB,1,1,1.49,U-V,VVS1,FALSE,2300
2025-03-21T04:42:44.277Z,PB,1,1,1.49,U-V,SI2,FALSE,1700
2025-03-21T04:42:44.277Z,PB,1,1,1.49,U-V,I1,FALSE,1300
2025-03-21T04:42:44.277Z,PB,1,1,1.49,U-V,I2,FALSE,1000
2025-03-21T04:42:44.277Z,PB,1,1.5,1.99,U-V,VS1,FALSE,3100
2025-03-21T04:42:44.277Z,PB,1,1.5,1.99,U-V,SI1,FALSE,2700
2025-03-21T04:42:44.277Z,PB,1,1.5,1.99,U-V,SI3,FALSE,2400
2025-03-21T04:42:44.277Z,PB,1,2,2.99,U-V,VVS2,FALSE,4000
2025-03-21T04:42:44.277Z,PB,1,2,2.99,U-V,I2,FALSE,1800
2025-03-21T04:42:44.277Z,PB,1,2,2.99,U-V,I3,FALSE,1000
2025-03-21T04:42:44.277Z,PB,1,3,3.99,U-V,VS2,FALSE,5400
2025-03-21T04:42:44.277Z,PB,1,3,3.99,U-V,SI2,FALSE,4600
2025-03-21T04:42:44.277Z,PB,1,4,4.99,U-V,I1,FALSE,3900
2025-03-21T04:42:44.277Z,PB,1,5,9.99,U-V,VS1,FALSE,9500
2025-03-21T04:42:44.277Z,PB,1,5,9.99,U-V,VS2,FALSE,9000
2025-03-21T04:42:44.277Z,PB,1,5,9.99,U-V,SI3,FALSE,6100
2025-03-21T04:42:44.277Z,PB,1,5,9.99,U-V,I2,FALSE,2300
2025-03-21T04:42:44.277Z,PB,1,10,99,U-V,SI1,FALSE,12500
2025-03-21T04:42:44.277Z,PB,1,10,99,U-V,I1,FALSE,6400
2025-03-21T04:42:44.277Z,PB,1,0.3,0.39,,IF,FALSE,900
2025-03-21T04:42:44.277Z,PB,1,0.3,0.39,,VVS1,FALSE,900
2025-03-21T04:42:44.277Z,PB,1,0.3,0.39,,SI1,FALSE,700
2025-03-21T04:42:44.277Z,PB,1,0.3,0.39,,SI3,FALSE,500
2025-03-21T04:42:44.277Z,PB,1,0.3,0.39,,I3,FALSE,200
2025-03-21T04:42:44.277Z,PB,1,0.4,0.49,,VS2,FALSE,900
2025-03-21T04:42:44.277Z,PB,1,0.4,0.49,,SI1,FALSE,800
2025-03-21T04:42:44.277Z,PB,1,0.4,0.49,,I3,FALSE,300
2025-03-21T04:42:44.277Z,PB,1,0.5,0.69,,VS2,FALSE,1000
2025-03-21T04:42:44.277Z,PB,1,0.5,0.69,,SI2,FALSE,900
2025-03-21T04:42:44.277Z,PB,1,0.5,0.69,,I1,FALSE,700
2025-03-21T04:42:44.277Z,PB,1,0.7,0.89,,VVS1,FALSE,1700
2025-03-21T04:42:44.277Z,PB,1,0.7,0.89,,VS2,FALSE,1400
2025-03-21T04:42:44.277Z,PB,1,0.7,0.89,,SI1,FALSE,1300
2025-03-21T04:42:44.277Z,PB,1,0.9,0.99,,VVS2,FALSE,1800
2025-03-21T04:42:44.277Z,PB,1,0.9,0.99,,SI2,FALSE,1400
2025-03-21T04:42:44.277Z,PB,1,1,1.49,,SI2,FALSE,1700
2025-03-21T04:42:44.277Z,PB,1,1,1.49,,I1,FALSE,1300
2025-03-21T04:42:44.277Z,PB,1,1.5,1.99,,VVS2,FALSE,3200
2025-03-21T04:42:44.277Z,PB,1,1.5,1.99,,VS2,FALSE,2900
2025-03-21T04:42:44.277Z,PB,1,2,2.99,,VVS1,FALSE,4200
2025-03-21T04:42:44.277Z,PB,1,2,2.99,,SI2,FALSE,3300
2025-03-21T04:42:44.277Z,PB,1,3,3.99,,VVS1,FALSE,6300
2025-03-21T04:42:44.277Z,PB,1,3,3.99,,I1,FALSE,3600
2025-03-21T04:42:44.277Z,PB,1,3,3.99,,I2,FALSE,2100
2025-03-21T04:42:44.277Z,PB,1,4,4.99,,VS2,FALSE,6800
2025-03-21T04:42:44.277Z,PB,1,4,4.99,,SI1,FALSE,6400
2025-03-21T04:42:44.277Z,PB,1,5,9.99,,SI1,FALSE,8500
2025-03-21T04:42:44.277Z,PB,1,10,99,,VS1,FALSE,14500
2025-03-21T04:42:44.277Z,PB,1,10,99,,SI1,FALSE,12500
2025-03-21T04:42:44.277Z,PB,1,0.3,0.39,Y-Z,I3,FALSE,200
2025-03-21T04:42:44.277Z,PB,1,0.4,0.49,Y-Z,VVS1,FALSE,1100
2025-03-21T04:42:44.277Z,PB,1,2,2.99,,SI1,FALSE,3500
2025-03-21T04:42:44.277Z,PB,1,2,2.99,,SI3,FALSE,2900
2025-03-21T04:42:44.277Z,PB,1,2,2.99,,I2,FALSE,1800
2025-03-21T04:42:44.277Z,PB,1,3,3.99,,IF,FALSE,6700
2025-03-21T04:42:44.277Z,PB,1,3,3.99,,VVS2,FALSE,6000
2025-03-21T04:42:44.277Z,PB,1,3,3.99,,SI1,FALSE,4900
2025-03-21T04:42:44.277Z,PB,1,4,4.99,,I1,FALSE,3900
2025-03-21T04:42:44.277Z,PB,1,4,4.99,,I3,FALSE,1200
2025-03-21T04:42:44.277Z,PB,1,5,9.99,,VS1,FALSE,9500
2025-03-21T04:42:44.277Z,PB,1,5,9.99,,VS2,FALSE,9000
2025-03-21T04:42:44.277Z,PB,1,5,9.99,,I1,FALSE,4600
2025-03-21T04:42:44.277Z,PB,1,10,99,,IF,FALSE,17500
2025-03-21T04:42:44.277Z,PB,1,10,99,,SI3,FALSE,9000
2025-03-21T04:42:44.277Z,PB,1,0.3,0.39,Y-Z,IF,FALSE,900
2025-03-21T04:42:44.277Z,PB,1,0.3,0.39,Y-Z,VVS1,FALSE,900
2025-03-21T04:42:44.277Z,PB,1,0.3,0.39,Y-Z,VS1,FALSE,800
2025-03-21T04:42:44.277Z,PB,1,0.3,0.39,Y-Z,VS2,FALSE,800
2025-03-21T04:42:44.277Z,PB,1,2,2.99,,I1,FALSE,2700
2025-03-21T04:42:44.277Z,PB,1,2,2.99,,I3,FALSE,1000
2025-03-21T04:42:44.277Z,PB,1,3,3.99,,SI2,FALSE,4600
2025-03-21T04:42:44.277Z,PB,1,4,4.99,,IF,FALSE,8100
2025-03-21T04:42:44.277Z,PB,1,4,4.99,,SI2,FALSE,6100
2025-03-21T04:42:44.277Z,PB,1,4,4.99,,SI3,FALSE,4700
2025-03-21T04:42:44.277Z,PB,1,4,4.99,,I2,FALSE,2200
2025-03-21T04:42:44.277Z,PB,1,5,9.99,,IF,FALSE,11500
2025-03-21T04:42:44.277Z,PB,1,5,9.99,,SI3,FALSE,6100
2025-03-21T04:42:44.277Z,PB,1,5,9.99,,I2,FALSE,2300
2025-03-21T04:42:44.277Z,PB,1,5,9.99,,I3,FALSE,1300
2025-03-21T04:42:44.277Z,PB,1,10,99,,VVS2,FALSE,15500
2025-03-21T04:42:44.277Z,PB,1,10,99,,VS2,FALSE,13500
2025-03-21T04:42:44.277Z,PB,1,10,99,,SI2,FALSE,11500
2025-03-21T04:42:44.277Z,PB,1,10,99,,I3,FALSE,1500
2025-03-21T04:42:44.277Z,PB,1,0.3,0.39,Y-Z,SI1,FALSE,700
2025-03-21T04:42:44.277Z,PB,1,0.3,0.39,Y-Z,SI2,FALSE,600
2025-03-21T04:42:44.277Z,PB,1,3,3.99,,VS1,FALSE,5700
2025-03-21T04:42:44.277Z,PB,1,3,3.99,,VS2,FALSE,5400
2025-03-21T04:42:44.277Z,PB,1,3,3.99,,SI3,FALSE,4100
2025-03-21T04:42:44.277Z,PB,1,3,3.99,,I3,FALSE,1100
2025-03-21T04:42:44.277Z,PB,1,4,4.99,,VVS1,FALSE,7700
2025-03-21T04:42:44.277Z,PB,1,4,4.99,,VVS2,FALSE,7400
2025-03-21T04:42:44.277Z,PB,1,4,4.99,,VS1,FALSE,7100
2025-03-21T04:42:44.277Z,PB,1,5,9.99,,VVS1,FALSE,11000
2025-03-21T04:42:44.277Z,PB,1,5,9.99,,VVS2,FALSE,10500
2025-03-21T04:42:44.277Z,PB,1,5,9.99,,SI2,FALSE,8000
2025-03-21T04:42:44.277Z,PB,1,10,99,,VVS1,FALSE,16500
2025-03-21T04:42:44.277Z,PB,1,10,99,,I1,FALSE,6400
2025-03-21T04:42:44.277Z,PB,1,10,99,,I2,FALSE,3300
2025-03-21T04:42:44.277Z,PB,1,0.3,0.39,Y-Z,VVS2,FALSE,900
2025-03-21T04:42:44.277Z,PB,1,0.3,0.39,Y-Z,SI3,FALSE,500
2025-03-21T04:42:44.277Z,PB,1,0.3,0.39,Y-Z,I1,FALSE,400
2025-03-21T04:42:44.277Z,PB,1,0.3,0.39,Y-Z,I2,FALSE,300
2025-03-21T04:42:44.277Z,PB,1,0.4,0.49,Y-Z,IF,FALSE,1200
2025-03-21T04:42:44.277Z,PB,1,0.4,0.49,Y-Z,VVS2,FALSE,1000
2025-03-21T04:42:44.277Z,PB,1,0.4,0.49,Y-Z,SI3,FALSE,600
2025-03-21T04:42:44.277Z,PB,1,0.4,0.49,Y-Z,I2,FALSE,400
2025-03-21T04:42:44.277Z,PB,1,0.5,0.69,Y-Z,VS1,FALSE,1100
2025-03-21T04:42:44.277Z,PB,1,0.5,0.69,Y-Z,I2,FALSE,600
2025-03-21T04:42:44.277Z,PB,1,0.7,0.89,Y-Z,SI3,FALSE,1100
2025-03-21T04:42:44.277Z,PB,1,0.9,0.99,Y-Z,VVS1,FALSE,1900
2025-03-21T04:42:44.277Z,PB,1,0.9,0.99,Y-Z,VVS2,FALSE,1800
2025-03-21T04:42:44.277Z,PB,1,1,1.49,Y-Z,VVS2,FALSE,2100
2025-03-21T04:42:44.277Z,PB,1,1,1.49,Y-Z,SI2,FALSE,1700
2025-03-21T04:42:44.277Z,PB,1,1,1.49,Y-Z,I2,FALSE,1000
2025-03-21T04:42:44.277Z,PB,1,1,1.49,Y-Z,I3,FALSE,800
2025-03-21T04:42:44.277Z,PB,1,1.5,1.99,Y-Z,VVS1,FALSE,3300
2025-03-21T04:42:44.277Z,PB,1,1.5,1.99,Y-Z,VVS2,FALSE,3200
2025-03-21T04:42:44.277Z,PB,1,1.5,1.99,Y-Z,SI2,FALSE,2500
2025-03-21T04:42:44.277Z,PB,1,1.5,1.99,Y-Z,I3,FALSE,1000
2025-03-21T04:42:44.277Z,PB,1,3,3.99,Y-Z,VVS1,FALSE,6300
2025-03-21T04:42:44.277Z,PB,1,3,3.99,Y-Z,SI3,FALSE,4100
2025-03-21T04:42:44.277Z,PB,1,3,3.99,Y-Z,I3,FALSE,1100
2025-03-21T04:42:44.277Z,PB,1,4,4.99,Y-Z,IF,FALSE,8100
2025-03-21T04:42:44.277Z,PB,1,4,4.99,Y-Z,VS2,FALSE,6800
2025-03-21T04:42:44.277Z,PB,1,4,4.99,Y-Z,SI1,FALSE,6400
2025-03-21T04:42:44.277Z,PB,1,4,4.99,Y-Z,SI2,FALSE,6100
2025-03-21T04:42:44.277Z,PB,1,4,4.99,Y-Z,SI3,FALSE,4700
2025-03-21T04:42:44.277Z,PB,1,5,9.99,Y-Z,IF,FALSE,11500
2025-03-21T04:42:44.277Z,PB,1,5,9.99,Y-Z,VVS1,FALSE,11000
2025-03-21T04:42:44.277Z,PB,1,5,9.99,Y-Z,VS2,FALSE,9000
2025-03-21T04:42:44.277Z,PB,1,10,99,Y-Z,VVS2,FALSE,15500
2025-03-21T04:42:44.277Z,PB,1,10,99,Y-Z,VS1,FALSE,14500
2025-03-21T04:42:44.277Z,PB,1,10,99,Y-Z,VS2,FALSE,13500
2025-03-21T04:42:44.277Z,PB,1,10,99,Y-Z,SI2,FALSE,11500
2025-03-21T04:42:44.277Z,PB,1,10,99,Y-Z,I3,FALSE,1500
2025-03-21T04:42:44.277Z,PB,1,0.18,0.22,G,FL,FALSE,1210
2025-03-21T04:42:44.277Z,PB,1,0.18,0.22,I,FL,FALSE,1000
2025-03-21T04:42:44.277Z,PB,1,0.4,0.49,Y-Z,SI1,FALSE,800
2025-03-21T04:42:44.277Z,PB,1,0.5,0.69,Y-Z,IF,FALSE,1400
2025-03-21T04:42:44.277Z,PB,1,0.5,0.69,Y-Z,VVS1,FALSE,1300
2025-03-21T04:42:44.277Z,PB,1,0.5,0.69,Y-Z,VVS2,FALSE,1200
2025-03-21T04:42:44.277Z,PB,1,0.5,0.69,Y-Z,SI2,FALSE,900
2025-03-21T04:42:44.277Z,PB,1,0.7,0.89,Y-Z,VS2,FALSE,1400
2025-03-21T04:42:44.277Z,PB,1,0.7,0.89,Y-Z,SI1,FALSE,1300
2025-03-21T04:42:44.277Z,PB,1,0.7,0.89,Y-Z,SI2,FALSE,1200
2025-03-21T04:42:44.277Z,PB,1,0.7,0.89,Y-Z,I3,FALSE,500
2025-03-21T04:42:44.277Z,PB,1,0.9,0.99,Y-Z,VS2,FALSE,1600
2025-03-21T04:42:44.277Z,PB,1,0.9,0.99,Y-Z,SI1,FALSE,1500
2025-03-21T04:42:44.277Z,PB,1,0.9,0.99,Y-Z,I1,FALSE,1100
2025-03-21T04:42:44.277Z,PB,1,0.9,0.99,Y-Z,I3,FALSE,700
2025-03-21T04:42:44.277Z,PB,1,1,1.49,Y-Z,VS1,FALSE,2000
2025-03-21T04:42:44.277Z,PB,1,1,1.49,Y-Z,VS2,FALSE,1900
2025-03-21T04:42:44.277Z,PB,1,1,1.49,Y-Z,SI3,FALSE,1600
2025-03-21T04:42:44.277Z,PB,1,1.5,1.99,Y-Z,VS2,FALSE,2900
2025-03-21T04:42:44.277Z,PB,1,1.5,1.99,Y-Z,I1,FALSE,2200
2025-03-21T04:42:44.277Z,PB,1,2,2.99,Y-Z,I2,FALSE,1800
2025-03-21T04:42:44.277Z,PB,1,4,4.99,Y-Z,VVS1,FALSE,7700
2025-03-21T04:42:44.277Z,PB,1,5,9.99,Y-Z,SI1,FALSE,8500
2025-03-21T04:42:44.277Z,PB,1,10,99,Y-Z,SI3,FALSE,9000
2025-03-21T04:42:44.277Z,PB,1,10,99,Y-Z,I2,FALSE,3300
2025-03-21T04:42:44.277Z,PB,1,0.18,0.22,D,FL,FALSE,1370
2025-03-21T04:42:44.277Z,PB,1,0.18,0.22,E,FL,FALSE,1370
2025-03-21T04:42:44.277Z,PB,1,0.18,0.22,F,FL,FALSE,1370
2025-03-21T04:42:44.277Z,PB,1,0.18,0.22,H,FL,FALSE,1210
2025-03-21T04:42:44.277Z,PB,1,0.18,0.22,J,FL,FALSE,1000
2025-03-21T04:42:44.277Z,PB,1,0.18,0.22,K,FL,FALSE,770
2025-03-21T04:42:44.277Z,PB,1,0.18,0.22,L,FL,FALSE,770
2025-03-21T04:42:44.277Z,PB,1,0.18,0.22,M,FL,FALSE,600
2025-03-21T04:42:44.277Z,PB,1,0.4,0.49,Y-Z,VS1,FALSE,900
2025-03-21T04:42:44.277Z,PB,1,0.4,0.49,Y-Z,I1,FALSE,500
2025-03-21T04:42:44.277Z,PB,1,0.4,0.49,Y-Z,I3,FALSE,300
2025-03-21T04:42:44.277Z,PB,1,0.5,0.69,Y-Z,VS2,FALSE,1000
2025-03-21T04:42:44.277Z,PB,1,0.5,0.69,Y-Z,SI1,FALSE,1000
2025-03-21T04:42:44.277Z,PB,1,0.5,0.69,Y-Z,SI3,FALSE,800
2025-03-21T04:42:44.277Z,PB,1,0.5,0.69,Y-Z,I1,FALSE,700
2025-03-21T04:42:44.277Z,PB,1,0.5,0.69,Y-Z,I3,FALSE,400
2025-03-21T04:42:44.277Z,PB,1,0.7,0.89,Y-Z,VVS1,FALSE,1700
2025-03-21T04:42:44.277Z,PB,1,0.7,0.89,Y-Z,VS1,FALSE,1500
2025-03-21T04:42:44.277Z,PB,1,0.7,0.89,Y-Z,I2,FALSE,700
2025-03-21T04:42:44.277Z,PB,1,0.9,0.99,Y-Z,IF,FALSE,2000
2025-03-21T04:42:44.277Z,PB,1,0.9,0.99,Y-Z,VS1,FALSE,1700
2025-03-21T04:42:44.277Z,PB,1,0.9,0.99,Y-Z,SI3,FALSE,1300
2025-03-21T04:42:44.277Z,PB,1,1,1.49,Y-Z,IF,FALSE,2500
2025-03-21T04:42:44.277Z,PB,1,1,1.49,Y-Z,VVS1,FALSE,2300
2025-03-21T04:42:44.277Z,PB,1,1,1.49,Y-Z,SI1,FALSE,1800
2025-03-21T04:42:44.277Z,PB,1,1.5,1.99,Y-Z,IF,FALSE,3500
2025-03-21T04:42:44.277Z,PB,1,1.5,1.99,Y-Z,VS1,FALSE,3100
2025-03-21T04:42:44.277Z,PB,1,1.5,1.99,Y-Z,SI1,FALSE,2700
2025-03-21T04:42:44.277Z,PB,1,2,2.99,Y-Z,VVS2,FALSE,4000
2025-03-21T04:42:44.277Z,PB,1,2,2.99,Y-Z,SI1,FALSE,3500
2025-03-21T04:42:44.277Z,PB,1,2,2.99,Y-Z,SI3,FALSE,2900
2025-03-21T04:42:44.277Z,PB,1,2,2.99,Y-Z,I3,FALSE,1000
2025-03-21T04:42:44.277Z,PB,1,3,3.99,Y-Z,VS1,FALSE,5700
2025-03-21T04:42:44.277Z,PB,1,3,3.99,Y-Z,I1,FALSE,3600
2025-03-21T04:42:44.277Z,PB,1,4,4.99,Y-Z,VVS2,FALSE,7400
2025-03-21T04:42:44.277Z,PB,1,4,4.99,Y-Z,I2,FALSE,2200
2025-03-21T04:42:44.277Z,PB,1,5,9.99,Y-Z,VVS2,FALSE,10500
2025-03-21T04:42:44.277Z,PB,1,5,9.99,Y-Z,VS1,FALSE,9500
2025-03-21T04:42:44.277Z,PB,1,5,9.99,Y-Z,SI2,FALSE,8000
2025-03-21T04:42:44.277Z,PB,1,5,9.99,Y-Z,SI3,FALSE,6100
2025-03-21T04:42:44.277Z,PB,1,5,9.99,Y-Z,I3,FALSE,1300
2025-03-21T04:42:44.277Z,PB,1,0.4,0.49,Y-Z,VS2,FALSE,900
2025-03-21T04:42:44.277Z,PB,1,0.4,0.49,Y-Z,SI2,FALSE,700
2025-03-21T04:42:44.277Z,PB,1,0.7,0.89,Y-Z,IF,FALSE,1800
2025-03-21T04:42:44.277Z,PB,1,0.7,0.89,Y-Z,VVS2,FALSE,1600
2025-03-21T04:42:44.277Z,PB,1,0.7,0.89,Y-Z,I1,FALSE,900
2025-03-21T04:42:44.277Z,PB,1,0.9,0.99,Y-Z,SI2,FALSE,1400
2025-03-21T04:42:44.277Z,PB,1,0.9,0.99,Y-Z,I2,FALSE,900
2025-03-21T04:42:44.277Z,PB,1,1,1.49,Y-Z,I1,FALSE,1300
2025-03-21T04:42:44.277Z,PB,1,1.5,1.99,Y-Z,SI3,FALSE,2400
2025-03-21T04:42:44.277Z,PB,1,1.5,1.99,Y-Z,I2,FALSE,1500
2025-03-21T04:42:44.277Z,PB,1,2,2.99,Y-Z,IF,FALSE,4500
2025-03-21T04:42:44.277Z,PB,1,2,2.99,Y-Z,VVS1,FALSE,4200
2025-03-21T04:42:44.277Z,PB,1,2,2.99,Y-Z,VS1,FALSE,3800
2025-03-21T04:42:44.277Z,PB,1,2,2.99,Y-Z,VS2,FALSE,3600
2025-03-21T04:42:44.277Z,PB,1,2,2.99,Y-Z,SI2,FALSE,3300
2025-03-21T04:42:44.277Z,PB,1,2,2.99,Y-Z,I1,FALSE,2700
2025-03-21T04:42:44.277Z,PB,1,3,3.99,Y-Z,IF,FALSE,6700
2025-03-21T04:42:44.277Z,PB,1,3,3.99,Y-Z,VVS2,FALSE,6000
2025-03-21T04:42:44.277Z,PB,1,3,3.99,Y-Z,VS2,FALSE,5400
2025-03-21T04:42:44.277Z,PB,1,3,3.99,Y-Z,SI1,FALSE,4900
2025-03-21T04:42:44.277Z,PB,1,3,3.99,Y-Z,SI2,FALSE,4600
2025-03-21T04:42:44.277Z,PB,1,3,3.99,Y-Z,I2,FALSE,2100
2025-03-21T04:42:44.277Z,PB,1,4,4.99,Y-Z,VS1,FALSE,7100
2025-03-21T04:42:44.277Z,PB,1,4,4.99,Y-Z,I1,FALSE,3900
2025-03-21T04:42:44.277Z,PB,1,4,4.99,Y-Z,I3,FALSE,1200
2025-03-21T04:42:44.277Z,PB,1,5,9.99,Y-Z,I1,FALSE,4600
2025-03-21T04:42:44.277Z,PB,1,5,9.99,Y-Z,I2,FALSE,2300
2025-03-21T04:42:44.277Z,PB,1,10,99,Y-Z,IF,FALSE,17500
2025-03-21T04:42:44.277Z,PB,1,10,99,Y-Z,VVS1,FALSE,16500
2025-03-21T04:42:44.277Z,PB,1,10,99,Y-Z,SI1,FALSE,12500
2025-03-21T04:42:44.277Z,PB,1,10,99,Y-Z,I1,FALSE,6400
2025-03-21T04:42:44.277Z,PB,1,0.23,0.29,F,FL,FALSE,1610
2025-03-21T04:42:44.277Z,PB,1,0.23,0.29,G,FL,FALSE,1410
2025-03-21T04:42:44.277Z,PB,1,0.23,0.29,M,FL,FALSE,780
2025-03-21T04:42:44.277Z,PB,1,0.3,0.39,D,FL,FALSE,2400
2025-03-21T04:42:44.277Z,PB,1,0.3,0.39,K,FL,FALSE,1200
2025-03-21T04:42:44.277Z,PB,1,0.4,0.49,L,FL,FALSE,1300
2025-03-21T04:42:44.277Z,PB,1,0.4,0.49,M,FL,FALSE,1200
2025-03-21T04:42:44.277Z,PB,1,0.5,0.69,D,FL,FALSE,3300
2025-03-21T04:42:44.277Z,PB,1,0.5,0.69,H,FL,FALSE,2400
2025-03-21T04:42:44.277Z,PB,1,0.5,0.69,I,FL,FALSE,2200
2025-03-21T04:42:44.277Z,PB,1,0.5,0.69,K,FL,FALSE,1700
2025-03-21T04:42:44.277Z,PB,1,0.7,0.89,G,FL,FALSE,3700
2025-03-21T04:42:44.277Z,PB,1,0.7,0.89,H,FL,FALSE,3400
2025-03-21T04:42:44.277Z,PB,1,0.7,0.89,I,FL,FALSE,3100
2025-03-21T04:42:44.277Z,PB,1,0.7,0.89,J,FL,FALSE,2600
2025-03-21T04:42:44.277Z,PB,1,0.9,0.99,E,FL,FALSE,6200
2025-03-21T04:42:44.277Z,PB,1,0.9,0.99,J,FL,FALSE,3600
2025-03-21T04:42:44.277Z,PB,1,0.9,0.99,L,FL,FALSE,2400
2025-03-21T04:42:44.277Z,PB,1,1,1.49,D,FL,FALSE,9300
2025-03-21T04:42:44.277Z,PB,1,1,1.49,J,FL,FALSE,4000
2025-03-21T04:42:44.277Z,PB,1,1.5,1.99,G,FL,FALSE,10900
2025-03-21T04:42:44.277Z,PB,1,1.5,1.99,M,FL,FALSE,3500
2025-03-21T04:42:44.277Z,PB,1,2,2.99,E,FL,FALSE,20000
2025-03-21T04:42:44.277Z,PB,1,2,2.99,G,FL,FALSE,17000
2025-03-21T04:42:44.277Z,PB,1,3,3.99,D,FL,FALSE,42000
2025-03-21T04:42:44.277Z,PB,1,3,3.99,G,FL,FALSE,29000
2025-03-21T04:42:44.277Z,PB,1,3,3.99,L,FL,FALSE,8900
2025-03-21T04:42:44.277Z,PB,1,4,4.99,E,FL,FALSE,46000
2025-03-21T04:42:44.277Z,PB,1,4,4.99,I,FL,FALSE,25000
2025-03-21T04:42:44.277Z,PB,1,4,4.99,L,FL,FALSE,11300
2025-03-21T04:42:44.277Z,PB,1,4,4.99,M,FL,FALSE,8100
2025-03-21T04:42:44.277Z,PB,1,5,9.99,I,FL,FALSE,32500
2025-03-21T04:42:44.277Z,PB,1,10,99,G,FL,FALSE,79000
2025-03-21T04:42:44.277Z,PB,1,0.23,0.29,J,FL,FALSE,1180
2025-03-21T04:42:44.277Z,PB,1,0.23,0.29,K,FL,FALSE,940
2025-03-21T04:42:44.277Z,PB,1,0.23,0.29,N,FL,FALSE,780
2025-03-21T04:42:44.277Z,PB,1,0.3,0.39,F,FL,FALSE,2000
2025-03-21T04:42:44.277Z,PB,1,0.4,0.49,E,FL,FALSE,2700
2025-03-21T04:42:44.277Z,PB,1,0.4,0.49,G,FL,FALSE,2300
2025-03-21T04:42:44.277Z,PB,1,0.4,0.49,I,FL,FALSE,1900
2025-03-21T04:42:44.277Z,PB,1,0.5,0.69,G,FL,FALSE,2600
2025-03-21T04:42:44.277Z,PB,1,0.7,0.89,D,FL,FALSE,4700
2025-03-21T04:42:44.277Z,PB,1,0.7,0.89,L,FL,FALSE,2000
2025-03-21T04:42:44.277Z,PB,1,0.9,0.99,I,FL,FALSE,4100
2025-03-21T04:42:44.277Z,PB,1,0.9,0.99,K,FL,FALSE,3000
2025-03-21T04:42:44.277Z,PB,1,0.9,0.99,M,FL,FALSE,2000
2025-03-21T04:42:44.277Z,PB,1,1,1.49,F,FL,FALSE,7400
2025-03-21T04:42:44.277Z,PB,1,1,1.49,G,FL,FALSE,6600
2025-03-21T04:42:44.277Z,PB,1,1,1.49,L,FL,FALSE,2900
2025-03-21T04:42:44.277Z,PB,1,1.5,1.99,I,FL,FALSE,7900
2025-03-21T04:42:44.277Z,PB,1,1.5,1.99,J,FL,FALSE,6400
2025-03-21T04:42:44.277Z,PB,1,1.5,1.99,L,FL,FALSE,4100
2025-03-21T04:42:44.277Z,PB,1,2,2.99,H,FL,FALSE,13500
2025-03-21T04:42:44.277Z,PB,1,3,3.99,E,FL,FALSE,36500
2025-03-21T04:42:44.277Z,PB,1,3,3.99,J,FL,FALSE,15400
2025-03-21T04:42:44.277Z,PB,1,3,3.99,M,FL,FALSE,6700
2025-03-21T04:42:44.277Z,PB,1,5,9.99,H,FL,FALSE,42000
2025-03-21T04:42:44.277Z,PB,1,10,99,D,FL,FALSE,132000
2025-03-21T04:42:44.277Z,PB,1,10,99,E,FL,FALSE,107000
2025-03-21T04:42:44.277Z,PB,1,0.23,0.29,D,FL,FALSE,1610
2025-03-21T04:42:44.277Z,PB,1,0.23,0.29,E,FL,FALSE,1610
2025-03-21T04:42:44.277Z,PB,1,0.23,0.29,L,FL,FALSE,940
2025-03-21T04:42:44.277Z,PB,1,0.3,0.39,H,FL,FALSE,1700
2025-03-21T04:42:44.277Z,PB,1,0.3,0.39,I,FL,FALSE,1500
2025-03-21T04:42:44.277Z,PB,1,0.4,0.49,D,FL,FALSE,2900
2025-03-21T04:42:44.277Z,PB,1,0.7,0.89,E,FL,FALSE,4300
2025-03-21T04:42:44.277Z,PB,1,0.9,0.99,D,FL,FALSE,6700
2025-03-21T04:42:44.277Z,PB,1,0.9,0.99,F,FL,FALSE,5500
2025-03-21T04:42:44.277Z,PB,1,1,1.49,K,FL,FALSE,3400
2025-03-21T04:42:44.277Z,PB,1,1,1.49,M,FL,FALSE,2500
2025-03-21T04:42:44.277Z,PB,1,1.5,1.99,F,FL,FALSE,12300
2025-03-21T04:42:44.277Z,PB,1,1.5,1.99,K,FL,FALSE,4900
2025-03-21T04:42:44.277Z,PB,1,2,2.99,F,FL,FALSE,18500
2025-03-21T04:42:44.277Z,PB,1,2,2.99,I,FL,FALSE,10800
2025-03-21T04:42:44.277Z,PB,1,2,2.99,K,FL,FALSE,7000
2025-03-21T04:42:44.277Z,PB,1,2,2.99,L,FL,FALSE,5400
2025-03-21T04:42:44.277Z,PB,1,3,3.99,F,FL,FALSE,32500
2025-03-21T04:42:44.277Z,PB,1,3,3.99,I,FL,FALSE,19500
2025-03-21T04:42:44.277Z,PB,1,3,3.99,K,FL,FALSE,11900
2025-03-21T04:42:44.277Z,PB,1,4,4.99,D,FL,FALSE,53500
2025-03-21T04:42:44.277Z,PB,1,5,9.99,E,FL,FALSE,63000
2025-03-21T04:42:44.277Z,PB,1,5,9.99,J,FL,FALSE,25000
2025-03-21T04:42:44.277Z,PB,1,5,9.99,K,FL,FALSE,19500
2025-03-21T04:42:44.277Z,PB,1,10,99,F,FL,FALSE,94500
2025-03-21T04:42:44.277Z,PB,1,0.18,0.22,N,FL,FALSE,600
2025-03-21T04:42:44.277Z,PB,1,0.23,0.29,H,FL,FALSE,1410
2025-03-21T04:42:44.277Z,PB,1,0.23,0.29,I,FL,FALSE,1180
2025-03-21T04:42:44.277Z,PB,1,0.3,0.39,E,FL,FALSE,2200
2025-03-21T04:42:44.277Z,PB,1,0.3,0.39,G,FL,FALSE,1800
2025-03-21T04:42:44.277Z,PB,1,0.3,0.39,J,FL,FALSE,1300
2025-03-21T04:42:44.277Z,PB,1,0.3,0.39,L,FL,FALSE,1000
2025-03-21T04:42:44.277Z,PB,1,0.3,0.39,M,FL,FALSE,900
2025-03-21T04:42:44.277Z,PB,1,0.4,0.49,F,FL,FALSE,2500
2025-03-21T04:42:44.277Z,PB,1,0.4,0.49,H,FL,FALSE,2100
2025-03-21T04:42:44.277Z,PB,1,0.4,0.49,J,FL,FALSE,1600
2025-03-21T04:42:44.277Z,PB,1,0.4,0.49,K,FL,FALSE,1400
2025-03-21T04:42:44.277Z,PB,1,0.5,0.69,E,FL,FALSE,3000
2025-03-21T04:42:44.277Z,PB,1,0.5,0.69,F,FL,FALSE,2800
2025-03-21T04:42:44.277Z,PB,1,0.5,0.69,J,FL,FALSE,1900
2025-03-21T04:42:44.277Z,PB,1,0.5,0.69,L,FL,FALSE,1500
2025-03-21T04:42:44.277Z,PB,1,0.5,0.69,M,FL,FALSE,1400
2025-03-21T04:42:44.277Z,PB,1,0.7,0.89,F,FL,FALSE,4000
2025-03-21T04:42:44.277Z,PB,1,0.7,0.89,K,FL,FALSE,2200
2025-03-21T04:42:44.277Z,PB,1,0.7,0.89,M,FL,FALSE,1800
2025-03-21T04:42:44.277Z,PB,1,0.9,0.99,G,FL,FALSE,5200
2025-03-21T04:42:44.277Z,PB,1,0.9,0.99,H,FL,FALSE,4800
2025-03-21T04:42:44.277Z,PB,1,1,1.49,E,FL,FALSE,8200
2025-03-21T04:42:44.277Z,PB,1,1,1.49,H,FL,FALSE,5600
2025-03-21T04:42:44.277Z,PB,1,1,1.49,I,FL,FALSE,4700
2025-03-21T04:42:44.277Z,PB,1,1.5,1.99,D,FL,FALSE,14100
2025-03-21T04:42:44.277Z,PB,1,1.5,1.99,E,FL,FALSE,13200
2025-03-21T04:42:44.277Z,PB,1,1.5,1.99,H,FL,FALSE,9200
2025-03-21T04:42:44.277Z,PB,1,2,2.99,D,FL,FALSE,21500
2025-03-21T04:42:44.277Z,PB,1,2,2.99,J,FL,FALSE,8800
2025-03-21T04:42:44.277Z,PB,1,2,2.99,M,FL,FALSE,4500
2025-03-21T04:42:44.277Z,PB,1,3,3.99,H,FL,FALSE,24000
2025-03-21T04:42:44.277Z,PB,1,4,4.99,F,FL,FALSE,42000
2025-03-21T04:42:44.277Z,PB,1,4,4.99,G,FL,FALSE,37500
2025-03-21T04:42:44.277Z,PB,1,4,4.99,H,FL,FALSE,30500
2025-03-21T04:42:44.277Z,PB,1,4,4.99,J,FL,FALSE,19500
2025-03-21T04:42:44.277Z,PB,1,4,4.99,K,FL,FALSE,15800
2025-03-21T04:42:44.277Z,PB,1,5,9.99,D,FL,FALSE,75000
2025-03-21T04:42:44.277Z,PB,1,5,9.99,F,FL,FALSE,56500
2025-03-21T04:42:44.277Z,PB,1,5,9.99,G,FL,FALSE,50000
2025-03-21T04:42:44.277Z,PB,1,5,9.99,L,FL,FALSE,15000
2025-03-21T04:42:44.277Z,PB,1,5,9.99,M,FL,FALSE,11500
2025-03-21T04:42:44.277Z,PB,1,10,99,H,FL,FALSE,65500
2025-03-21T04:42:44.277Z,PB,1,10,99,I,FL,FALSE,51000
2025-03-21T04:42:44.277Z,PB,1,10,99,J,FL,FALSE,39500
2025-03-21T04:42:44.277Z,PB,1,10,99,K,FL,FALSE,31500
2025-03-21T04:42:44.277Z,PB,1,0.5,0.69,N,FL,FALSE,1400
2025-03-21T04:42:44.277Z,PB,1,2,2.99,N,FL,FALSE,4500
2025-03-21T04:42:44.277Z,PB,1,3,3.99,N,FL,FALSE,6700
2025-03-21T04:42:44.277Z,PB,1,10,99,N,FL,FALSE,17500
2025-03-21T04:42:44.277Z,PB,1,1.5,1.99,O-P,FL,FALSE,3500
2025-03-21T04:42:44.277Z,PB,1,0.7,0.89,Q-R,FL,FALSE,1800
2025-03-21T04:42:44.277Z,PB,1,0.9,0.99,Q-R,FL,FALSE,2000
2025-03-21T04:42:44.277Z,PB,1,1,1.49,Q-R,FL,FALSE,2500
2025-03-21T04:42:44.277Z,PB,1,4,4.99,Q-R,FL,FALSE,8100
2025-03-21T04:42:44.277Z,PB,1,5,9.99,S-T,FL,FALSE,11500
2025-03-21T04:42:44.277Z,PB,1,0.3,0.39,U-V,FL,FALSE,900
2025-03-21T04:42:44.277Z,PB,1,0.7,0.89,U-V,FL,FALSE,1800
2025-03-21T04:42:44.277Z,PB,1,4,4.99,U-V,FL,FALSE,8100
2025-03-21T04:42:44.277Z,PB,1,1.5,1.99,,FL,FALSE,3500
2025-03-21T04:42:44.277Z,RBC,1,0.01,0.03,D,VVS2,FALSE,830
2025-03-21T04:42:44.277Z,RBC,1,0.01,0.03,D,VS2,FALSE,730
2025-03-21T04:42:44.277Z,RBC,1,0.01,0.03,D,SI1,FALSE,640
2025-03-21T04:42:44.277Z,RBC,1,0.01,0.03,E,VVS1,FALSE,830
2025-03-21T04:42:44.277Z,RBC,1,0.01,0.03,E,SI2,FALSE,560
2025-03-21T04:42:44.277Z,RBC,1,0.01,0.03,E,I1,FALSE,430
2025-03-21T04:42:44.277Z,RBC,1,0.01,0.03,F,IF,FALSE,830
2025-03-21T04:42:44.277Z,RBC,1,0.01,0.03,F,VVS1,FALSE,830
2025-03-21T04:42:44.277Z,RBC,1,0.01,0.03,F,VVS2,FALSE,830
2025-03-21T04:42:44.277Z,RBC,1,0.01,0.03,F,VS2,FALSE,730
2025-03-21T04:42:44.277Z,RBC,1,0.01,0.03,F,SI3,FALSE,490
2025-03-21T04:42:44.277Z,RBC,1,0.01,0.03,F,I3,FALSE,280
2025-03-21T04:42:44.277Z,RBC,1,0.01,0.03,G,VVS1,FALSE,710
2025-03-21T04:42:44.277Z,RBC,1,0.01,0.03,G,VVS2,FALSE,710
2025-03-21T04:42:44.277Z,RBC,1,0.01,0.03,H,IF,FALSE,710
2025-03-21T04:42:44.277Z,RBC,1,0.01,0.03,H,SI2,FALSE,500
2025-03-21T04:42:44.277Z,RBC,1,0.01,0.03,H,I1,FALSE,380
2025-03-21T04:42:44.277Z,RBC,1,0.01,0.03,I,VVS2,FALSE,610
2025-03-21T04:42:44.277Z,RBC,1,0.01,0.03,I,I1,FALSE,340
2025-03-21T04:42:44.277Z,RBC,1,0.01,0.03,I,I3,FALSE,240
2025-03-21T04:42:44.277Z,RBC,1,0.01,0.03,J,VS2,FALSE,550
2025-03-21T04:42:44.277Z,RBC,1,0.01,0.03,J,SI2,FALSE,440
2025-03-21T04:42:44.277Z,RBC,1,0.01,0.03,J,SI3,FALSE,400
2025-03-21T04:42:44.277Z,RBC,1,0.01,0.03,J,I1,FALSE,340
2025-03-21T04:42:44.277Z,RBC,1,0.01,0.03,J,I2,FALSE,280
2025-03-21T04:42:44.277Z,RBC,1,0.01,0.03,K,VVS1,FALSE,440
2025-03-21T04:42:44.277Z,RBC,1,0.01,0.03,K,SI1,FALSE,340
2025-03-21T04:42:44.277Z,RBC,1,0.01,0.03,M,IF,FALSE,290
2025-03-21T04:42:44.277Z,PB,1,0.3,0.39,N,FL,FALSE,900
2025-03-21T04:42:44.277Z,PB,1,0.9,0.99,N,FL,FALSE,2000
2025-03-21T04:42:44.277Z,PB,1,1.5,1.99,N,FL,FALSE,3500
2025-03-21T04:42:44.277Z,PB,1,0.3,0.39,O-P,FL,FALSE,900
2025-03-21T04:42:44.277Z,PB,1,0.4,0.49,O-P,FL,FALSE,1200
2025-03-21T04:42:44.277Z,PB,1,0.5,0.69,O-P,FL,FALSE,1400
2025-03-21T04:42:44.277Z,PB,1,1,1.49,O-P,FL,FALSE,2500
2025-03-21T04:42:44.277Z,PB,1,2,2.99,O-P,FL,FALSE,4500
2025-03-21T04:42:44.277Z,PB,1,3,3.99,O-P,FL,FALSE,6700
2025-03-21T04:42:44.277Z,PB,1,0.3,0.39,Q-R,FL,FALSE,900
2025-03-21T04:42:44.277Z,PB,1,0.5,0.69,Q-R,FL,FALSE,1400
2025-03-21T04:42:44.277Z,PB,1,3,3.99,Q-R,FL,FALSE,6700
2025-03-21T04:42:44.277Z,PB,1,0.4,0.49,S-T,FL,FALSE,1200
2025-03-21T04:42:44.277Z,PB,1,0.5,0.69,S-T,FL,FALSE,1400
2025-03-21T04:42:44.277Z,PB,1,0.7,0.89,S-T,FL,FALSE,1800
2025-03-21T04:42:44.277Z,PB,1,1,1.49,S-T,FL,FALSE,2500
2025-03-21T04:42:44.277Z,PB,1,2,2.99,S-T,FL,FALSE,4500
2025-03-21T04:42:44.277Z,PB,1,10,99,S-T,FL,FALSE,17500
2025-03-21T04:42:44.277Z,PB,1,0.9,0.99,U-V,FL,FALSE,2000
2025-03-21T04:42:44.277Z,PB,1,1.5,1.99,U-V,FL,FALSE,3500
2025-03-21T04:42:44.277Z,PB,1,5,9.99,U-V,FL,FALSE,11500
2025-03-21T04:42:44.277Z,PB,1,0.3,0.39,,FL,FALSE,900
2025-03-21T04:42:44.277Z,PB,1,3,3.99,,FL,FALSE,6700
2025-03-21T04:42:44.277Z,PB,1,4,4.99,,FL,FALSE,8100
2025-03-21T04:42:44.277Z,PB,1,4,4.99,Y-Z,FL,FALSE,8100
2025-03-21T04:42:44.277Z,RBC,1,0.01,0.03,D,VS1,FALSE,730
2025-03-21T04:42:44.277Z,RBC,1,0.01,0.03,D,I1,FALSE,430
2025-03-21T04:42:44.277Z,RBC,1,0.01,0.03,E,IF,FALSE,830
2025-03-21T04:42:44.277Z,RBC,1,0.01,0.03,E,VVS2,FALSE,830
2025-03-21T04:42:44.277Z,RBC,1,0.01,0.03,E,VS1,FALSE,730
2025-03-21T04:42:44.277Z,RBC,1,0.01,0.03,F,I2,FALSE,350
2025-03-21T04:42:44.277Z,RBC,1,0.01,0.03,G,SI3,FALSE,440
2025-03-21T04:42:44.277Z,RBC,1,0.01,0.03,H,VVS1,FALSE,710
2025-03-21T04:42:44.277Z,RBC,1,0.01,0.03,H,I2,FALSE,310
2025-03-21T04:42:44.277Z,RBC,1,0.01,0.03,I,VVS1,FALSE,610
2025-03-21T04:42:44.277Z,RBC,1,0.01,0.03,I,SI3,FALSE,400
2025-03-21T04:42:44.277Z,RBC,1,0.01,0.03,I,I2,FALSE,280
2025-03-21T04:42:44.277Z,RBC,1,0.01,0.03,J,VVS1,FALSE,610
2025-03-21T04:42:44.277Z,RBC,1,0.01,0.03,J,VVS2,FALSE,610
2025-03-21T04:42:44.277Z,RBC,1,0.01,0.03,K,VS2,FALSE,390
2025-03-21T04:42:44.277Z,RBC,1,0.01,0.03,K,SI2,FALSE,310
2025-03-21T04:42:44.277Z,RBC,1,0.01,0.03,L,VS2,FALSE,390
2025-03-21T04:42:44.277Z,RBC,1,0.01,0.03,L,SI1,FALSE,340
2025-03-21T04:42:44.277Z,RBC,1,0.01,0.03,L,I3,FALSE,160
2025-03-21T04:42:44.277Z,RBC,1,0.01,0.03,M,VVS2,FALSE,290
2025-03-21T04:42:44.277Z,RBC,1,0.01,0.03,M,VS1,FALSE,260
2025-03-21T04:42:44.277Z,PB,1,0.4,0.49,N,FL,FALSE,1200
2025-03-21T04:42:44.277Z,PB,1,1,1.49,N,FL,FALSE,2500
2025-03-21T04:42:44.277Z,PB,1,0.9,0.99,O-P,FL,FALSE,2000
2025-03-21T04:42:44.277Z,PB,1,4,4.99,O-P,FL,FALSE,8100
2025-03-21T04:42:44.277Z,PB,1,5,9.99,O-P,FL,FALSE,11500
2025-03-21T04:42:44.277Z,PB,1,1.5,1.99,Q-R,FL,FALSE,3500
2025-03-21T04:42:44.277Z,PB,1,2,2.99,Q-R,FL,FALSE,4500
2025-03-21T04:42:44.277Z,PB,1,10,99,Q-R,FL,FALSE,17500
2025-03-21T04:42:44.277Z,PB,1,0.3,0.39,S-T,FL,FALSE,900
2025-03-21T04:42:44.277Z,PB,1,3,3.99,S-T,FL,FALSE,6700
2025-03-21T04:42:44.277Z,PB,1,4,4.99,S-T,FL,FALSE,8100
2025-03-21T04:42:44.277Z,PB,1,2,2.99,U-V,FL,FALSE,4500
2025-03-21T04:42:44.277Z,PB,1,3,3.99,U-V,FL,FALSE,6700
2025-03-21T04:42:44.277Z,PB,1,10,99,U-V,FL,FALSE,17500
2025-03-21T04:42:44.277Z,PB,1,0.7,0.89,,FL,FALSE,1800
2025-03-21T04:42:44.277Z,PB,1,1,1.49,,FL,FALSE,2500
2025-03-21T04:42:44.277Z,PB,1,5,9.99,,FL,FALSE,11500
2025-03-21T04:42:44.277Z,PB,1,10,99,,FL,FALSE,17500
2025-03-21T04:42:44.277Z,PB,1,0.7,0.89,Y-Z,FL,FALSE,1800
2025-03-21T04:42:44.277Z,PB,1,1,1.49,Y-Z,FL,FALSE,2500
2025-03-21T04:42:44.277Z,PB,1,2,2.99,Y-Z,FL,FALSE,4500
2025-03-21T04:42:44.277Z,PB,1,10,99,Y-Z,FL,FALSE,17500
2025-03-21T04:42:44.277Z,RBC,1,0.01,0.03,D,SI2,FALSE,560
2025-03-21T04:42:44.277Z,RBC,1,0.01,0.03,D,SI3,FALSE,490
2025-03-21T04:42:44.277Z,RBC,1,0.01,0.03,D,I3,FALSE,280
2025-03-21T04:42:44.277Z,RBC,1,0.01,0.03,E,VS2,FALSE,730
2025-03-21T04:42:44.277Z,RBC,1,0.01,0.03,E,I3,FALSE,280
2025-03-21T04:42:44.277Z,RBC,1,0.01,0.03,F,VS1,FALSE,730
2025-03-21T04:42:44.277Z,RBC,1,0.01,0.03,F,SI1,FALSE,640
2025-03-21T04:42:44.277Z,RBC,1,0.01,0.03,G,IF,FALSE,710
2025-03-21T04:42:44.277Z,RBC,1,0.01,0.03,G,VS2,FALSE,640
2025-03-21T04:42:44.277Z,RBC,1,0.01,0.03,G,SI1,FALSE,570
2025-03-21T04:42:44.277Z,RBC,1,0.01,0.03,G,I1,FALSE,380
2025-03-21T04:42:44.277Z,RBC,1,0.01,0.03,H,SI3,FALSE,440
2025-03-21T04:42:44.277Z,RBC,1,0.01,0.03,H,I3,FALSE,260
2025-03-21T04:42:44.277Z,RBC,1,0.01,0.03,I,VS2,FALSE,550
2025-03-21T04:42:44.277Z,RBC,1,0.01,0.03,I,SI1,FALSE,490
2025-03-21T04:42:44.277Z,RBC,1,0.01,0.03,J,IF,FALSE,610
2025-03-21T04:42:44.277Z,RBC,1,0.01,0.03,J,VS1,FALSE,550
2025-03-21T04:42:44.277Z,RBC,1,0.01,0.03,J,SI1,FALSE,490
2025-03-21T04:42:44.277Z,RBC,1,0.01,0.03,K,VVS2,FALSE,440
2025-03-21T04:42:44.277Z,RBC,1,0.01,0.03,K,I2,FALSE,200
2025-03-21T04:42:44.277Z,RBC,1,0.01,0.03,L,IF,FALSE,440
2025-03-21T04:42:44.277Z,RBC,1,0.01,0.03,L,VVS1,FALSE,440
2025-03-21T04:42:44.277Z,RBC,1,0.01,0.03,L,VVS2,FALSE,440
2025-03-21T04:42:44.277Z,RBC,1,0.01,0.03,L,VS1,FALSE,390
2025-03-21T04:42:44.277Z,RBC,1,0.01,0.03,L,SI3,FALSE,280
2025-03-21T04:42:44.277Z,RBC,1,0.01,0.03,L,I2,FALSE,200
2025-03-21T04:42:44.277Z,RBC,1,0.01,0.03,M,VVS1,FALSE,290
2025-03-21T04:42:44.277Z,RBC,1,0.01,0.03,M,VS2,FALSE,260
2025-03-21T04:42:44.277Z,PB,1,10,99,L,FL,FALSE,23000
2025-03-21T04:42:44.277Z,PB,1,10,99,M,FL,FALSE,17500
2025-03-21T04:42:44.277Z,PB,1,0.7,0.89,N,FL,FALSE,1800
2025-03-21T04:42:44.277Z,PB,1,4,4.99,N,FL,FALSE,8100
2025-03-21T04:42:44.277Z,PB,1,5,9.99,N,FL,FALSE,11500
2025-03-21T04:42:44.277Z,PB,1,0.7,0.89,O-P,FL,FALSE,1800
2025-03-21T04:42:44.277Z,PB,1,10,99,O-P,FL,FALSE,17500
2025-03-21T04:42:44.277Z,PB,1,0.4,0.49,Q-R,FL,FALSE,1200
2025-03-21T04:42:44.277Z,PB,1,5,9.99,Q-R,FL,FALSE,11500
2025-03-21T04:42:44.277Z,PB,1,0.9,0.99,S-T,FL,FALSE,2000
2025-03-21T04:42:44.277Z,PB,1,1.5,1.99,S-T,FL,FALSE,3500
2025-03-21T04:42:44.277Z,PB,1,0.4,0.49,U-V,FL,FALSE,1200
2025-03-21T04:42:44.277Z,PB,1,0.5,0.69,U-V,FL,FALSE,1400
2025-03-21T04:42:44.277Z,PB,1,1,1.49,U-V,FL,FALSE,2500
2025-03-21T04:42:44.277Z,PB,1,0.4,0.49,,FL,FALSE,1200
2025-03-21T04:42:44.277Z,PB,1,0.5,0.69,,FL,FALSE,1400
2025-03-21T04:42:44.277Z,PB,1,0.9,0.99,,FL,FALSE,2000
2025-03-21T04:42:44.277Z,PB,1,2,2.99,,FL,FALSE,4500
2025-03-21T04:42:44.277Z,PB,1,0.3,0.39,Y-Z,FL,FALSE,900
2025-03-21T04:42:44.277Z,PB,1,0.4,0.49,Y-Z,FL,FALSE,1200
2025-03-21T04:42:44.277Z,PB,1,0.5,0.69,Y-Z,FL,FALSE,1400
2025-03-21T04:42:44.277Z,PB,1,0.9,0.99,Y-Z,FL,FALSE,2000
2025-03-21T04:42:44.277Z,PB,1,1.5,1.99,Y-Z,FL,FALSE,3500
2025-03-21T04:42:44.277Z,PB,1,3,3.99,Y-Z,FL,FALSE,6700
2025-03-21T04:42:44.277Z,PB,1,5,9.99,Y-Z,FL,FALSE,11500
2025-03-21T04:42:44.277Z,RBC,1,0.01,0.03,D,IF,FALSE,830
2025-03-21T04:42:44.277Z,RBC,1,0.01,0.03,D,VVS1,FALSE,830
2025-03-21T04:42:44.277Z,RBC,1,0.01,0.03,D,I2,FALSE,350
2025-03-21T04:42:44.277Z,RBC,1,0.01,0.03,E,SI1,FALSE,640
2025-03-21T04:42:44.277Z,RBC,1,0.01,0.03,E,SI3,FALSE,490
2025-03-21T04:42:44.277Z,RBC,1,0.01,0.03,E,I2,FALSE,350
2025-03-21T04:42:44.277Z,RBC,1,0.01,0.03,F,SI2,FALSE,560
2025-03-21T04:42:44.277Z,RBC,1,0.01,0.03,F,I1,FALSE,430
2025-03-21T04:42:44.277Z,RBC,1,0.01,0.03,G,VS1,FALSE,640
2025-03-21T04:42:44.277Z,RBC,1,0.01,0.03,G,SI2,FALSE,500
2025-03-21T04:42:44.277Z,RBC,1,0.01,0.03,G,I2,FALSE,310
2025-03-21T04:42:44.277Z,RBC,1,0.01,0.03,G,I3,FALSE,260
2025-03-21T04:42:44.277Z,RBC,1,0.01,0.03,H,VVS2,FALSE,710
2025-03-21T04:42:44.277Z,RBC,1,0.01,0.03,H,VS1,FALSE,640
2025-03-21T04:42:44.277Z,RBC,1,0.01,0.03,H,VS2,FALSE,640
2025-03-21T04:42:44.277Z,RBC,1,0.01,0.03,H,SI1,FALSE,570
2025-03-21T04:42:44.277Z,RBC,1,0.01,0.03,I,IF,FALSE,610
2025-03-21T04:42:44.277Z,RBC,1,0.01,0.03,I,VS1,FALSE,550
2025-03-21T04:42:44.277Z,RBC,1,0.01,0.03,I,SI2,FALSE,440
2025-03-21T04:42:44.277Z,RBC,1,0.01,0.03,J,I3,FALSE,240
2025-03-21T04:42:44.277Z,RBC,1,0.01,0.03,K,IF,FALSE,440
2025-03-21T04:42:44.277Z,RBC,1,0.01,0.03,K,VS1,FALSE,390
2025-03-21T04:42:44.277Z,RBC,1,0.01,0.03,K,SI3,FALSE,280
2025-03-21T04:42:44.277Z,RBC,1,0.01,0.03,K,I1,FALSE,250
2025-03-21T04:42:44.277Z,RBC,1,0.01,0.03,K,I3,FALSE,160
2025-03-21T04:42:44.277Z,RBC,1,0.01,0.03,L,SI2,FALSE,310
2025-03-21T04:42:44.277Z,RBC,1,0.01,0.03,L,I1,FALSE,250
2025-03-21T04:42:44.277Z,RBC,1,0.01,0.03,M,SI2,FALSE,200
2025-03-21T04:42:44.277Z,RBC,1,0.01,0.03,N,VS1,FALSE,260
2025-03-21T04:42:44.277Z,RBC,1,0.01,0.03,N,VS2,FALSE,260
2025-03-21T04:42:44.277Z,RBC,1,0.01,0.03,N,SI1,FALSE,230
2025-03-21T04:42:44.277Z,RBC,1,0.01,0.03,N,SI2,FALSE,200
2025-03-21T04:42:44.277Z,RBC,1,0.01,0.03,N,I3,FALSE,120
2025-03-21T04:42:44.277Z,RBC,1,0.04,0.07,D,IF,FALSE,900
2025-03-21T04:42:44.277Z,RBC,1,0.04,0.07,D,I2,FALSE,400
2025-03-21T04:42:44.277Z,RBC,1,0.04,0.07,E,IF,FALSE,900
2025-03-21T04:42:44.277Z,RBC,1,0.04,0.07,E,VS1,FALSE,790
2025-03-21T04:42:44.277Z,RBC,1,0.04,0.07,E,SI1,FALSE,680
2025-03-21T04:42:44.277Z,RBC,1,0.04,0.07,E,I1,FALSE,480
2025-03-21T04:42:44.277Z,RBC,1,0.04,0.07,F,VS1,FALSE,790
2025-03-21T04:42:44.277Z,RBC,1,0.04,0.07,F,SI3,FALSE,530
2025-03-21T04:42:44.277Z,RBC,1,0.04,0.07,F,I2,FALSE,400
2025-03-21T04:42:44.277Z,RBC,1,0.04,0.07,G,I2,FALSE,360
2025-03-21T04:42:44.277Z,RBC,1,0.04,0.07,H,IF,FALSE,770
2025-03-21T04:42:44.277Z,RBC,1,0.04,0.07,I,SI3,FALSE,440
2025-03-21T04:42:44.277Z,RBC,1,0.04,0.07,J,IF,FALSE,650
2025-03-21T04:42:44.277Z,RBC,1,0.04,0.07,J,VS2,FALSE,590
2025-03-21T04:42:44.277Z,RBC,1,0.04,0.07,K,VS2,FALSE,420
2025-03-21T04:42:44.277Z,RBC,1,0.04,0.07,K,SI1,FALSE,380
2025-03-21T04:42:44.277Z,RBC,1,0.04,0.07,K,SI3,FALSE,310
2025-03-21T04:42:44.277Z,RBC,1,0.04,0.07,K,I2,FALSE,220
2025-03-21T04:42:44.277Z,RBC,1,0.04,0.07,L,VS1,FALSE,420
2025-03-21T04:42:44.277Z,RBC,1,0.04,0.07,L,SI3,FALSE,310
2025-03-21T04:42:44.277Z,RBC,1,0.04,0.07,M,VVS1,FALSE,310
2025-03-21T04:42:44.277Z,RBC,1,0.04,0.07,M,VS1,FALSE,280
2025-03-21T04:42:44.277Z,RBC,1,0.04,0.07,M,SI3,FALSE,190
2025-03-21T04:42:44.277Z,RBC,1,0.04,0.07,M,I1,FALSE,170
2025-03-21T04:42:44.277Z,RBC,1,0.01,0.03,M,I1,FALSE,160
2025-03-21T04:42:44.277Z,RBC,1,0.01,0.03,M,I2,FALSE,140
2025-03-21T04:42:44.277Z,RBC,1,0.01,0.03,N,VVS2,FALSE,290
2025-03-21T04:42:44.277Z,RBC,1,0.01,0.03,N,I1,FALSE,160
2025-03-21T04:42:44.277Z,RBC,1,0.04,0.07,D,VVS1,FALSE,900
2025-03-21T04:42:44.277Z,RBC,1,0.04,0.07,D,I1,FALSE,480
2025-03-21T04:42:44.277Z,RBC,1,0.04,0.07,D,I3,FALSE,310
2025-03-21T04:42:44.277Z,RBC,1,0.04,0.07,E,I3,FALSE,310
2025-03-21T04:42:44.277Z,RBC,1,0.04,0.07,F,VVS2,FALSE,900
2025-03-21T04:42:44.277Z,RBC,1,0.04,0.07,F,VS2,FALSE,790
2025-03-21T04:42:44.277Z,RBC,1,0.04,0.07,F,SI1,FALSE,680
2025-03-21T04:42:44.277Z,RBC,1,0.04,0.07,F,I1,FALSE,480
2025-03-21T04:42:44.277Z,RBC,1,0.04,0.07,G,VS1,FALSE,690
2025-03-21T04:42:44.277Z,RBC,1,0.04,0.07,G,SI2,FALSE,550
2025-03-21T04:42:44.277Z,RBC,1,0.04,0.07,G,I1,FALSE,440
2025-03-21T04:42:44.277Z,RBC,1,0.04,0.07,G,I3,FALSE,280
2025-03-21T04:42:44.277Z,RBC,1,0.04,0.07,H,VVS2,FALSE,770
2025-03-21T04:42:44.277Z,RBC,1,0.04,0.07,H,VS2,FALSE,690
2025-03-21T04:42:44.277Z,RBC,1,0.04,0.07,I,IF,FALSE,650
2025-03-21T04:42:44.277Z,RBC,1,0.04,0.07,I,VS1,FALSE,590
2025-03-21T04:42:44.277Z,RBC,1,0.04,0.07,I,SI1,FALSE,540
2025-03-21T04:42:44.277Z,RBC,1,0.04,0.07,I,SI2,FALSE,480
2025-03-21T04:42:44.277Z,RBC,1,0.04,0.07,J,VS1,FALSE,590
2025-03-21T04:42:44.277Z,RBC,1,0.04,0.07,J,SI2,FALSE,480
2025-03-21T04:42:44.277Z,RBC,1,0.04,0.07,J,SI3,FALSE,440
2025-03-21T04:42:44.277Z,RBC,1,0.04,0.07,J,I1,FALSE,400
2025-03-21T04:42:44.277Z,RBC,1,0.04,0.07,K,IF,FALSE,470
2025-03-21T04:42:44.277Z,RBC,1,0.04,0.07,K,VVS1,FALSE,470
2025-03-21T04:42:44.277Z,RBC,1,0.04,0.07,L,SI1,FALSE,380
2025-03-21T04:42:44.277Z,RBC,1,0.04,0.07,L,I1,FALSE,270
2025-03-21T04:42:44.277Z,RBC,1,0.04,0.07,L,I3,FALSE,170
2025-03-21T04:42:44.277Z,RBC,1,0.04,0.07,M,IF,FALSE,310
2025-03-21T04:42:44.277Z,RBC,1,0.04,0.07,M,VVS2,FALSE,310
2025-03-21T04:42:44.277Z,RBC,1,0.04,0.07,M,VS2,FALSE,280
2025-03-21T04:42:44.277Z,RBC,1,0.04,0.07,M,SI2,FALSE,210
2025-03-21T04:42:44.277Z,RBC,1,0.01,0.03,M,SI3,FALSE,180
2025-03-21T04:42:44.277Z,RBC,1,0.01,0.03,M,I3,FALSE,120
2025-03-21T04:42:44.277Z,RBC,1,0.01,0.03,N,IF,FALSE,290
2025-03-21T04:42:44.277Z,RBC,1,0.01,0.03,N,VVS1,FALSE,290
2025-03-21T04:42:44.277Z,RBC,1,0.01,0.03,N,SI3,FALSE,180
2025-03-21T04:42:44.277Z,RBC,1,0.01,0.03,N,I2,FALSE,140
2025-03-21T04:42:44.277Z,RBC,1,0.04,0.07,D,VS2,FALSE,790
2025-03-21T04:42:44.277Z,RBC,1,0.04,0.07,D,SI1,FALSE,680
2025-03-21T04:42:44.277Z,RBC,1,0.04,0.07,D,SI2,FALSE,600
2025-03-21T04:42:44.277Z,RBC,1,0.04,0.07,E,SI3,FALSE,530
2025-03-21T04:42:44.277Z,RBC,1,0.04,0.07,F,IF,FALSE,900
2025-03-21T04:42:44.277Z,RBC,1,0.04,0.07,F,VVS1,FALSE,900
2025-03-21T04:42:44.277Z,RBC,1,0.04,0.07,F,SI2,FALSE,600
2025-03-21T04:42:44.277Z,RBC,1,0.04,0.07,G,VVS1,FALSE,770
2025-03-21T04:42:44.277Z,RBC,1,0.04,0.07,G,VVS2,FALSE,770
2025-03-21T04:42:44.277Z,RBC,1,0.04,0.07,G,VS2,FALSE,690
2025-03-21T04:42:44.277Z,RBC,1,0.04,0.07,G,SI1,FALSE,620
2025-03-21T04:42:44.277Z,RBC,1,0.04,0.07,G,SI3,FALSE,490
2025-03-21T04:42:44.277Z,RBC,1,0.04,0.07,H,VVS1,FALSE,770
2025-03-21T04:42:44.277Z,RBC,1,0.04,0.07,H,VS1,FALSE,690
2025-03-21T04:42:44.277Z,RBC,1,0.04,0.07,H,SI2,FALSE,550
2025-03-21T04:42:44.277Z,RBC,1,0.04,0.07,H,I1,FALSE,440
2025-03-21T04:42:44.277Z,RBC,1,0.04,0.07,I,VVS1,FALSE,650
2025-03-21T04:42:44.277Z,RBC,1,0.04,0.07,I,I1,FALSE,400
2025-03-21T04:42:44.277Z,RBC,1,0.04,0.07,I,I2,FALSE,320
2025-03-21T04:42:44.277Z,RBC,1,0.04,0.07,I,I3,FALSE,260
2025-03-21T04:42:44.277Z,RBC,1,0.04,0.07,J,VVS1,FALSE,650
2025-03-21T04:42:44.277Z,RBC,1,0.04,0.07,J,VVS2,FALSE,650
2025-03-21T04:42:44.277Z,RBC,1,0.04,0.07,J,SI1,FALSE,540
2025-03-21T04:42:44.277Z,RBC,1,0.04,0.07,K,SI2,FALSE,340
2025-03-21T04:42:44.277Z,RBC,1,0.04,0.07,L,IF,FALSE,470
2025-03-21T04:42:44.277Z,RBC,1,0.04,0.07,L,VVS2,FALSE,470
2025-03-21T04:42:44.277Z,RBC,1,0.04,0.07,L,SI2,FALSE,340
2025-03-21T04:42:44.277Z,RBC,1,0.04,0.07,M,I3,FALSE,130
2025-03-21T04:42:44.277Z,RBC,1,0.01,0.03,M,SI1,FALSE,230
2025-03-21T04:42:44.277Z,RBC,1,0.04,0.07,D,VVS2,FALSE,900
2025-03-21T04:42:44.277Z,RBC,1,0.04,0.07,D,VS1,FALSE,790
2025-03-21T04:42:44.277Z,RBC,1,0.04,0.07,D,SI3,FALSE,530
2025-03-21T04:42:44.277Z,RBC,1,0.04,0.07,E,VVS1,FALSE,900
2025-03-21T04:42:44.277Z,RBC,1,0.04,0.07,E,VVS2,FALSE,900
2025-03-21T04:42:44.277Z,RBC,1,0.04,0.07,E,VS2,FALSE,790
2025-03-21T04:42:44.277Z,RBC,1,0.04,0.07,E,SI2,FALSE,600
2025-03-21T04:42:44.277Z,RBC,1,0.04,0.07,E,I2,FALSE,400
2025-03-21T04:42:44.277Z,RBC,1,0.04,0.07,F,I3,FALSE,310
2025-03-21T04:42:44.277Z,RBC,1,0.04,0.07,G,IF,FALSE,770
2025-03-21T04:42:44.277Z,RBC,1,0.04,0.07,H,SI1,FALSE,620
2025-03-21T04:42:44.277Z,RBC,1,0.04,0.07,H,SI3,FALSE,490
2025-03-21T04:42:44.277Z,RBC,1,0.04,0.07,H,I2,FALSE,360
2025-03-21T04:42:44.277Z,RBC,1,0.04,0.07,H,I3,FALSE,280
2025-03-21T04:42:44.277Z,RBC,1,0.04,0.07,I,VVS2,FALSE,650
2025-03-21T04:42:44.277Z,RBC,1,0.04,0.07,I,VS2,FALSE,590
2025-03-21T04:42:44.277Z,RBC,1,0.04,0.07,J,I2,FALSE,320
2025-03-21T04:42:44.277Z,RBC,1,0.04,0.07,J,I3,FALSE,260
2025-03-21T04:42:44.277Z,RBC,1,0.04,0.07,K,VVS2,FALSE,470
2025-03-21T04:42:44.277Z,RBC,1,0.04,0.07,K,VS1,FALSE,420
2025-03-21T04:42:44.277Z,RBC,1,0.04,0.07,K,I1,FALSE,270
2025-03-21T04:42:44.277Z,RBC,1,0.04,0.07,K,I3,FALSE,170
2025-03-21T04:42:44.277Z,RBC,1,0.04,0.07,L,VVS1,FALSE,470
2025-03-21T04:42:44.277Z,RBC,1,0.04,0.07,L,VS2,FALSE,420
2025-03-21T04:42:44.277Z,RBC,1,0.04,0.07,L,I2,FALSE,220
2025-03-21T04:42:44.277Z,RBC,1,0.04,0.07,M,SI1,FALSE,240
2025-03-21T04:42:44.277Z,RBC,1,0.04,0.07,M,I2,FALSE,150
2025-03-21T04:42:44.277Z,RBC,1,0.04,0.07,N,IF,FALSE,310
2025-03-21T04:42:44.277Z,RBC,1,0.04,0.07,N,VVS1,FALSE,310
2025-03-21T04:42:44.277Z,RBC,1,0.04,0.07,N,VS1,FALSE,280
2025-03-21T04:42:44.277Z,RBC,1,0.04,0.07,N,VS2,FALSE,280
2025-03-21T04:42:44.277Z,RBC,1,0.08,0.14,D,IF,FALSE,1060
2025-03-21T04:42:44.277Z,RBC,1,0.08,0.14,D,I1,FALSE,570
2025-03-21T04:42:44.277Z,RBC,1,0.08,0.14,E,IF,FALSE,1060
2025-03-21T04:42:44.277Z,RBC,1,0.08,0.14,E,SI1,FALSE,850
2025-03-21T04:42:44.277Z,RBC,1,0.08,0.14,E,SI2,FALSE,760
2025-03-21T04:42:44.277Z,RBC,1,0.08,0.14,F,IF,FALSE,1060
2025-03-21T04:42:44.277Z,RBC,1,0.08,0.14,F,VVS1,FALSE,1060
2025-03-21T04:42:44.277Z,RBC,1,0.08,0.14,G,VS1,FALSE,820
2025-03-21T04:42:44.277Z,RBC,1,0.08,0.14,H,VS1,FALSE,820
2025-03-21T04:42:44.277Z,RBC,1,0.08,0.14,H,VS2,FALSE,820
2025-03-21T04:42:44.277Z,RBC,1,0.08,0.14,H,SI2,FALSE,690
2025-03-21T04:42:44.277Z,RBC,1,0.04,0.07,N,I3,FALSE,130
2025-03-21T04:42:44.277Z,RBC,1,0.08,0.14,D,VVS2,FALSE,1060
2025-03-21T04:42:44.277Z,RBC,1,0.08,0.14,D,VS1,FALSE,960
2025-03-21T04:42:44.277Z,RBC,1,0.08,0.14,D,SI1,FALSE,850
2025-03-21T04:42:44.277Z,RBC,1,0.08,0.14,E,VS2,FALSE,960
2025-03-21T04:42:44.277Z,RBC,1,0.08,0.14,E,SI3,FALSE,680
2025-03-21T04:42:44.277Z,RBC,1,0.08,0.14,E,I1,FALSE,570
2025-03-21T04:42:44.277Z,RBC,1,0.08,0.14,E,I3,FALSE,400
2025-03-21T04:42:44.277Z,RBC,1,0.08,0.14,F,VVS2,FALSE,1060
2025-03-21T04:42:44.277Z,RBC,1,0.08,0.14,F,VS2,FALSE,960
2025-03-21T04:42:44.277Z,RBC,1,0.08,0.14,F,SI2,FALSE,760
2025-03-21T04:42:44.277Z,RBC,1,0.08,0.14,F,I3,FALSE,400
2025-03-21T04:42:44.277Z,RBC,1,0.08,0.14,G,VVS1,FALSE,880
2025-03-21T04:42:44.277Z,RBC,1,0.08,0.14,G,VVS2,FALSE,880
2025-03-21T04:42:44.277Z,RBC,1,0.08,0.14,H,I1,FALSE,520
2025-03-21T04:42:44.277Z,RBC,1,0.04,0.07,N,SI2,FALSE,210
2025-03-21T04:42:44.277Z,RBC,1,0.04,0.07,N,SI3,FALSE,190
2025-03-21T04:42:44.277Z,RBC,1,0.04,0.07,N,I2,FALSE,150
2025-03-21T04:42:44.277Z,RBC,1,0.08,0.14,D,VVS1,FALSE,1060
2025-03-21T04:42:44.277Z,RBC,1,0.08,0.14,D,VS2,FALSE,960
2025-03-21T04:42:44.277Z,RBC,1,0.08,0.14,D,SI2,FALSE,760
2025-03-21T04:42:44.277Z,RBC,1,0.08,0.14,D,I2,FALSE,480
2025-03-21T04:42:44.277Z,RBC,1,0.08,0.14,E,VVS2,FALSE,1060
2025-03-21T04:42:44.277Z,RBC,1,0.08,0.14,E,VS1,FALSE,960
2025-03-21T04:42:44.277Z,RBC,1,0.08,0.14,E,I2,FALSE,480
2025-03-21T04:42:44.277Z,RBC,1,0.08,0.14,F,VS1,FALSE,960
2025-03-21T04:42:44.277Z,RBC,1,0.08,0.14,F,SI1,FALSE,850
2025-03-21T04:42:44.277Z,RBC,1,0.08,0.14,F,SI3,FALSE,680
2025-03-21T04:42:44.277Z,RBC,1,0.08,0.14,F,I1,FALSE,570
2025-03-21T04:42:44.277Z,RBC,1,0.08,0.14,F,I2,FALSE,480
2025-03-21T04:42:44.277Z,RBC,1,0.08,0.14,G,IF,FALSE,880
2025-03-21T04:42:44.277Z,RBC,1,0.08,0.14,H,IF,FALSE,880
2025-03-21T04:42:44.277Z,RBC,1,0.08,0.14,H,VVS2,FALSE,880
2025-03-21T04:42:44.277Z,RBC,1,0.08,0.14,H,SI1,FALSE,770
2025-03-21T04:42:44.277Z,RBC,1,0.04,0.07,N,VVS2,FALSE,310
2025-03-21T04:42:44.277Z,RBC,1,0.04,0.07,N,SI1,FALSE,240
2025-03-21T04:42:44.277Z,RBC,1,0.04,0.07,N,I1,FALSE,170
2025-03-21T04:42:44.277Z,RBC,1,0.08,0.14,D,SI3,FALSE,680
2025-03-21T04:42:44.277Z,RBC,1,0.08,0.14,D,I3,FALSE,400
2025-03-21T04:42:44.277Z,RBC,1,0.08,0.14,E,VVS1,FALSE,1060
2025-03-21T04:42:44.277Z,RBC,1,0.08,0.14,G,VS2,FALSE,820
2025-03-21T04:42:44.277Z,RBC,1,0.08,0.14,G,SI1,FALSE,770
2025-03-21T04:42:44.277Z,RBC,1,0.08,0.14,G,SI2,FALSE,690
2025-03-21T04:42:44.277Z,RBC,1,0.08,0.14,G,SI3,FALSE,620
2025-03-21T04:42:44.277Z,RBC,1,0.08,0.14,G,I1,FALSE,520
2025-03-21T04:42:44.277Z,RBC,1,0.08,0.14,G,I2,FALSE,430
2025-03-21T04:42:44.277Z,RBC,1,0.08,0.14,G,I3,FALSE,360
2025-03-21T04:42:44.277Z,RBC,1,0.08,0.14,H,VVS1,FALSE,880
2025-03-21T04:42:44.277Z,RBC,1,0.08,0.14,H,SI3,FALSE,620
2025-03-21T04:42:44.277Z,RBC,1,0.08,0.14,H,I2,FALSE,430
2025-03-21T04:42:44.277Z,RBC,1,0.08,0.14,I,IF,FALSE,760
2025-03-21T04:42:44.277Z,RBC,1,0.08,0.14,I,VS1,FALSE,700
2025-03-21T04:42:44.277Z,RBC,1,0.08,0.14,I,SI3,FALSE,510
2025-03-21T04:42:44.277Z,RBC,1,0.08,0.14,J,VS1,FALSE,700
2025-03-21T04:42:44.277Z,RBC,1,0.08,0.14,J,SI1,FALSE,650
2025-03-21T04:42:44.277Z,RBC,1,0.08,0.14,K,I1,FALSE,340
2025-03-21T04:42:44.277Z,RBC,1,0.08,0.14,L,VVS2,FALSE,630
2025-03-21T04:42:44.277Z,RBC,1,0.08,0.14,L,SI2,FALSE,430
2025-03-21T04:42:44.277Z,RBC,1,0.08,0.14,L,I1,FALSE,340
2025-03-21T04:42:44.277Z,RBC,1,0.08,0.14,L,I2,FALSE,280
2025-03-21T04:42:44.277Z,RBC,1,0.08,0.14,L,I3,FALSE,230
2025-03-21T04:42:44.277Z,RBC,1,0.08,0.14,M,VS2,FALSE,370
2025-03-21T04:42:44.277Z,RBC,1,0.08,0.14,M,SI3,FALSE,260
2025-03-21T04:42:44.277Z,RBC,1,0.08,0.14,N,IF,FALSE,410
2025-03-21T04:42:44.277Z,RBC,1,0.08,0.14,N,SI2,FALSE,290
2025-03-21T04:42:44.277Z,RBC,1,0.08,0.14,N,SI3,FALSE,260
2025-03-21T04:42:44.277Z,RBC,1,0.15,0.17,D,VS1,FALSE,1110
2025-03-21T04:42:44.277Z,RBC,1,0.15,0.17,E,VS1,FALSE,1110
2025-03-21T04:42:44.277Z,RBC,1,0.15,0.17,F,IF,FALSE,1250
2025-03-21T04:42:44.277Z,RBC,1,0.15,0.17,F,VS1,FALSE,1110
2025-03-21T04:42:44.277Z,RBC,1,0.15,0.17,F,SI2,FALSE,850
2025-03-21T04:42:44.277Z,RBC,1,0.15,0.17,F,SI3,FALSE,760
2025-03-21T04:42:44.277Z,RBC,1,0.15,0.17,F,I2,FALSE,520
2025-03-21T04:42:44.277Z,RBC,1,0.15,0.17,G,VS2,FALSE,960
2025-03-21T04:42:44.277Z,RBC,1,0.15,0.17,G,SI1,FALSE,870
2025-03-21T04:42:44.277Z,RBC,1,0.15,0.17,G,SI3,FALSE,680
2025-03-21T04:42:44.277Z,RBC,1,0.15,0.17,G,I1,FALSE,570
2025-03-21T04:42:44.277Z,RBC,1,0.15,0.17,H,IF,FALSE,1050
2025-03-21T04:42:44.277Z,RBC,1,0.15,0.17,H,VVS2,FALSE,1050
2025-03-21T04:42:44.277Z,RBC,1,0.15,0.17,H,VS2,FALSE,960
2025-03-21T04:42:44.277Z,RBC,1,0.15,0.17,I,VS1,FALSE,770
2025-03-21T04:42:44.277Z,RBC,1,0.15,0.17,I,SI1,FALSE,700
2025-03-21T04:42:44.277Z,RBC,1,0.15,0.17,J,VS1,FALSE,770
2025-03-21T04:42:44.277Z,RBC,1,0.15,0.17,J,VS2,FALSE,770
2025-03-21T04:42:44.277Z,RBC,1,0.15,0.17,J,I1,FALSE,480
2025-03-21T04:42:44.277Z,RBC,1,0.15,0.17,J,I2,FALSE,400
2025-03-21T04:42:44.277Z,RBC,1,0.15,0.17,K,VS1,FALSE,620
2025-03-21T04:42:44.277Z,RBC,1,0.15,0.17,K,SI1,FALSE,530
2025-03-21T04:42:44.277Z,RBC,1,0.15,0.17,K,SI2,FALSE,460
2025-03-21T04:42:44.277Z,RBC,1,0.15,0.17,K,I1,FALSE,370
2025-03-21T04:42:44.277Z,RBC,1,0.15,0.17,K,I2,FALSE,310
2025-03-21T04:42:44.277Z,RBC,1,0.15,0.17,L,IF,FALSE,690
2025-03-21T04:42:44.277Z,RBC,1,0.15,0.17,L,SI3,FALSE,410
2025-03-21T04:42:44.277Z,RBC,1,0.15,0.17,M,VVS1,FALSE,500
2025-03-21T04:42:44.277Z,RBC,1,0.15,0.17,M,SI1,FALSE,390
2025-03-21T04:42:44.277Z,RBC,1,0.15,0.17,M,SI3,FALSE,310
2025-03-21T04:42:44.277Z,RBC,1,0.15,0.17,N,IF,FALSE,500
2025-03-21T04:42:44.277Z,RBC,1,0.15,0.17,N,VVS2,FALSE,500
2025-03-21T04:42:44.277Z,RBC,1,0.15,0.17,N,I2,FALSE,220
2025-03-21T04:42:44.277Z,RBC,1,0.18,0.22,D,IF,FALSE,1400
2025-03-21T04:42:44.277Z,RBC,1,0.18,0.22,D,VVS2,FALSE,1400
2025-03-21T04:42:44.277Z,RBC,1,0.08,0.14,H,I3,FALSE,360
2025-03-21T04:42:44.277Z,RBC,1,0.08,0.14,I,SI1,FALSE,650
2025-03-21T04:42:44.277Z,RBC,1,0.08,0.14,I,I1,FALSE,450
2025-03-21T04:42:44.277Z,RBC,1,0.08,0.14,I,I2,FALSE,370
2025-03-21T04:42:44.277Z,RBC,1,0.08,0.14,I,I3,FALSE,320
2025-03-21T04:42:44.277Z,RBC,1,0.08,0.14,J,IF,FALSE,760
2025-03-21T04:42:44.277Z,RBC,1,0.08,0.14,J,SI3,FALSE,510
2025-03-21T04:42:44.277Z,RBC,1,0.08,0.14,J,I3,FALSE,320
2025-03-21T04:42:44.277Z,RBC,1,0.08,0.14,K,VS1,FALSE,560
2025-03-21T04:42:44.277Z,RBC,1,0.08,0.14,K,SI1,FALSE,500
2025-03-21T04:42:44.277Z,RBC,1,0.08,0.14,K,SI2,FALSE,430
2025-03-21T04:42:44.277Z,RBC,1,0.08,0.14,K,SI3,FALSE,380
2025-03-21T04:42:44.277Z,RBC,1,0.08,0.14,K,I2,FALSE,280
2025-03-21T04:42:44.277Z,RBC,1,0.08,0.14,L,VS1,FALSE,560
2025-03-21T04:42:44.277Z,RBC,1,0.08,0.14,M,VVS1,FALSE,410
2025-03-21T04:42:44.277Z,RBC,1,0.08,0.14,M,VVS2,FALSE,410
2025-03-21T04:42:44.277Z,RBC,1,0.08,0.14,M,SI1,FALSE,330
2025-03-21T04:42:44.277Z,RBC,1,0.08,0.14,N,VVS2,FALSE,410
2025-03-21T04:42:44.277Z,RBC,1,0.08,0.14,N,VS1,FALSE,370
2025-03-21T04:42:44.277Z,RBC,1,0.08,0.14,N,I3,FALSE,160
2025-03-21T04:42:44.277Z,RBC,1,0.15,0.17,D,VVS2,FALSE,1250
2025-03-21T04:42:44.277Z,RBC,1,0.15,0.17,E,VVS1,FALSE,1250
2025-03-21T04:42:44.277Z,RBC,1,0.15,0.17,E,SI3,FALSE,760
2025-03-21T04:42:44.277Z,RBC,1,0.15,0.17,E,I1,FALSE,640
2025-03-21T04:42:44.277Z,RBC,1,0.15,0.17,E,I3,FALSE,440
2025-03-21T04:42:44.277Z,RBC,1,0.15,0.17,F,VVS2,FALSE,1250
2025-03-21T04:42:44.277Z,RBC,1,0.15,0.17,G,IF,FALSE,1050
2025-03-21T04:42:44.277Z,RBC,1,0.15,0.17,G,VVS2,FALSE,1050
2025-03-21T04:42:44.277Z,RBC,1,0.15,0.17,G,I3,FALSE,400
2025-03-21T04:42:44.277Z,RBC,1,0.15,0.17,H,VVS1,FALSE,1050
2025-03-21T04:42:44.277Z,RBC,1,0.15,0.17,H,VS1,FALSE,960
2025-03-21T04:42:44.277Z,RBC,1,0.15,0.17,H,SI2,FALSE,770
2025-03-21T04:42:44.277Z,RBC,1,0.15,0.17,H,I2,FALSE,470
2025-03-21T04:42:44.277Z,RBC,1,0.15,0.17,I,VVS1,FALSE,850
2025-03-21T04:42:44.277Z,RBC,1,0.15,0.17,I,VVS2,FALSE,850
2025-03-21T04:42:44.277Z,RBC,1,0.15,0.17,I,VS2,FALSE,770
2025-03-21T04:42:44.277Z,RBC,1,0.15,0.17,I,SI2,FALSE,620
2025-03-21T04:42:44.277Z,RBC,1,0.15,0.17,J,SI1,FALSE,700
2025-03-21T04:42:44.277Z,RBC,1,0.15,0.17,J,SI2,FALSE,620
2025-03-21T04:42:44.277Z,RBC,1,0.15,0.17,J,SI3,FALSE,540
2025-03-21T04:42:44.277Z,RBC,1,0.15,0.17,K,VVS1,FALSE,690
2025-03-21T04:42:44.277Z,RBC,1,0.15,0.17,L,VVS2,FALSE,690
2025-03-21T04:42:44.277Z,RBC,1,0.15,0.17,L,VS1,FALSE,620
2025-03-21T04:42:44.277Z,RBC,1,0.15,0.17,L,I2,FALSE,310
2025-03-21T04:42:44.277Z,RBC,1,0.15,0.17,M,VVS2,FALSE,500
2025-03-21T04:42:44.277Z,RBC,1,0.15,0.17,M,I2,FALSE,220
2025-03-21T04:42:44.277Z,RBC,1,0.15,0.17,M,I3,FALSE,180
2025-03-21T04:42:44.277Z,RBC,1,0.15,0.17,N,SI2,FALSE,350
2025-03-21T04:42:44.277Z,RBC,1,0.15,0.17,N,SI3,FALSE,310
2025-03-21T04:42:44.277Z,RBC,1,0.15,0.17,N,I1,FALSE,260
2025-03-21T04:42:44.277Z,RBC,1,0.18,0.22,D,VS1,FALSE,1260
2025-03-21T04:42:44.277Z,RBC,1,0.08,0.14,I,SI2,FALSE,580
2025-03-21T04:42:44.277Z,RBC,1,0.08,0.14,J,VVS1,FALSE,760
2025-03-21T04:42:44.277Z,RBC,1,0.08,0.14,J,VVS2,FALSE,760
2025-03-21T04:42:44.277Z,RBC,1,0.08,0.14,J,VS2,FALSE,700
2025-03-21T04:42:44.277Z,RBC,1,0.08,0.14,K,VVS2,FALSE,630
2025-03-21T04:42:44.277Z,RBC,1,0.08,0.14,K,I3,FALSE,230
2025-03-21T04:42:44.277Z,RBC,1,0.08,0.14,L,VVS1,FALSE,630
2025-03-21T04:42:44.277Z,RBC,1,0.08,0.14,L,VS2,FALSE,560
2025-03-21T04:42:44.277Z,RBC,1,0.08,0.14,L,SI1,FALSE,500
2025-03-21T04:42:44.277Z,RBC,1,0.08,0.14,N,VS2,FALSE,370
2025-03-21T04:42:44.277Z,RBC,1,0.08,0.14,N,I1,FALSE,220
2025-03-21T04:42:44.277Z,RBC,1,0.08,0.14,N,I2,FALSE,190
2025-03-21T04:42:44.277Z,RBC,1,0.15,0.17,D,I2,FALSE,520
2025-03-21T04:42:44.277Z,RBC,1,0.15,0.17,D,I3,FALSE,440
2025-03-21T04:42:44.277Z,RBC,1,0.15,0.17,E,VVS2,FALSE,1250
2025-03-21T04:42:44.277Z,RBC,1,0.15,0.17,E,VS2,FALSE,1110
2025-03-21T04:42:44.277Z,RBC,1,0.15,0.17,E,SI2,FALSE,850
2025-03-21T04:42:44.277Z,RBC,1,0.15,0.17,F,VVS1,FALSE,1250
2025-03-21T04:42:44.277Z,RBC,1,0.15,0.17,F,VS2,FALSE,1110
2025-03-21T04:42:44.277Z,RBC,1,0.15,0.17,F,SI1,FALSE,980
2025-03-21T04:42:44.277Z,RBC,1,0.15,0.17,F,I3,FALSE,440
2025-03-21T04:42:44.277Z,RBC,1,0.15,0.17,G,VVS1,FALSE,1050
2025-03-21T04:42:44.277Z,RBC,1,0.15,0.17,G,VS1,FALSE,960
2025-03-21T04:42:44.277Z,RBC,1,0.15,0.17,G,SI2,FALSE,770
2025-03-21T04:42:44.277Z,RBC,1,0.15,0.17,H,I3,FALSE,400
2025-03-21T04:42:44.277Z,RBC,1,0.15,0.17,I,SI3,FALSE,540
2025-03-21T04:42:44.277Z,RBC,1,0.15,0.17,I,I2,FALSE,400
2025-03-21T04:42:44.277Z,RBC,1,0.15,0.17,J,VVS1,FALSE,850
2025-03-21T04:42:44.277Z,RBC,1,0.15,0.17,J,VVS2,FALSE,850
2025-03-21T04:42:44.277Z,RBC,1,0.15,0.17,J,I3,FALSE,360
2025-03-21T04:42:44.277Z,RBC,1,0.15,0.17,K,IF,FALSE,690
2025-03-21T04:42:44.277Z,RBC,1,0.15,0.17,K,VS2,FALSE,620
2025-03-21T04:42:44.277Z,RBC,1,0.15,0.17,K,SI3,FALSE,410
2025-03-21T04:42:44.277Z,RBC,1,0.15,0.17,L,VVS1,FALSE,690
2025-03-21T04:42:44.277Z,RBC,1,0.15,0.17,L,I1,FALSE,370
2025-03-21T04:42:44.277Z,RBC,1,0.15,0.17,M,VS1,FALSE,450
2025-03-21T04:42:44.277Z,RBC,1,0.15,0.17,M,VS2,FALSE,450
2025-03-21T04:42:44.277Z,RBC,1,0.15,0.17,M,SI2,FALSE,350
2025-03-21T04:42:44.277Z,RBC,1,0.15,0.17,N,VVS1,FALSE,500
2025-03-21T04:42:44.277Z,RBC,1,0.15,0.17,N,VS1,FALSE,450
2025-03-21T04:42:44.277Z,RBC,1,0.15,0.17,N,VS2,FALSE,450
2025-03-21T04:42:44.277Z,RBC,1,0.15,0.17,N,I3,FALSE,180
2025-03-21T04:42:44.277Z,RBC,1,0.08,0.14,I,VVS1,FALSE,760
2025-03-21T04:42:44.277Z,RBC,1,0.08,0.14,I,VVS2,FALSE,760
2025-03-21T04:42:44.277Z,RBC,1,0.08,0.14,I,VS2,FALSE,700
2025-03-21T04:42:44.277Z,RBC,1,0.08,0.14,J,SI2,FALSE,580
2025-03-21T04:42:44.277Z,RBC,1,0.08,0.14,J,I1,FALSE,450
2025-03-21T04:42:44.277Z,RBC,1,0.08,0.14,J,I2,FALSE,370
2025-03-21T04:42:44.277Z,RBC,1,0.08,0.14,K,IF,FALSE,630
2025-03-21T04:42:44.277Z,RBC,1,0.08,0.14,K,VVS1,FALSE,630
2025-03-21T04:42:44.277Z,RBC,1,0.08,0.14,K,VS2,FALSE,560
2025-03-21T04:42:44.277Z,RBC,1,0.08,0.14,L,IF,FALSE,630
2025-03-21T04:42:44.277Z,RBC,1,0.08,0.14,L,SI3,FALSE,380
2025-03-21T04:42:44.277Z,RBC,1,0.08,0.14,M,IF,FALSE,410
2025-03-21T04:42:44.277Z,RBC,1,0.08,0.14,M,VS1,FALSE,370
2025-03-21T04:42:44.277Z,RBC,1,0.08,0.14,M,SI2,FALSE,290
2025-03-21T04:42:44.277Z,RBC,1,0.08,0.14,M,I1,FALSE,220
2025-03-21T04:42:44.277Z,RBC,1,0.08,0.14,M,I2,FALSE,190
2025-03-21T04:42:44.277Z,RBC,1,0.08,0.14,M,I3,FALSE,160
2025-03-21T04:42:44.277Z,RBC,1,0.08,0.14,N,VVS1,FALSE,410
2025-03-21T04:42:44.277Z,RBC,1,0.08,0.14,N,SI1,FALSE,330
2025-03-21T04:42:44.277Z,RBC,1,0.15,0.17,D,IF,FALSE,1250
2025-03-21T04:42:44.277Z,RBC,1,0.15,0.17,D,VVS1,FALSE,1250
2025-03-21T04:42:44.277Z,RBC,1,0.15,0.17,D,VS2,FALSE,1110
2025-03-21T04:42:44.277Z,RBC,1,0.15,0.17,D,SI1,FALSE,980
2025-03-21T04:42:44.277Z,RBC,1,0.15,0.17,D,SI2,FALSE,850
2025-03-21T04:42:44.277Z,RBC,1,0.15,0.17,D,SI3,FALSE,760
2025-03-21T04:42:44.277Z,RBC,1,0.15,0.17,D,I1,FALSE,640
2025-03-21T04:42:44.277Z,RBC,1,0.15,0.17,E,IF,FALSE,1250
2025-03-21T04:42:44.277Z,RBC,1,0.15,0.17,E,SI1,FALSE,980
2025-03-21T04:42:44.277Z,RBC,1,0.15,0.17,E,I2,FALSE,520
2025-03-21T04:42:44.277Z,RBC,1,0.15,0.17,F,I1,FALSE,640
2025-03-21T04:42:44.277Z,RBC,1,0.15,0.17,G,I2,FALSE,470
2025-03-21T04:42:44.277Z,RBC,1,0.15,0.17,H,SI1,FALSE,870
2025-03-21T04:42:44.277Z,RBC,1,0.15,0.17,H,SI3,FALSE,680
2025-03-21T04:42:44.277Z,RBC,1,0.15,0.17,H,I1,FALSE,570
2025-03-21T04:42:44.277Z,RBC,1,0.15,0.17,I,IF,FALSE,850
2025-03-21T04:42:44.277Z,RBC,1,0.15,0.17,I,I1,FALSE,480
2025-03-21T04:42:44.277Z,RBC,1,0.15,0.17,I,I3,FALSE,360
2025-03-21T04:42:44.277Z,RBC,1,0.15,0.17,J,IF,FALSE,850
2025-03-21T04:42:44.277Z,RBC,1,0.15,0.17,K,VVS2,FALSE,690
2025-03-21T04:42:44.277Z,RBC,1,0.15,0.17,K,I3,FALSE,260
2025-03-21T04:42:44.277Z,RBC,1,0.15,0.17,L,VS2,FALSE,620
2025-03-21T04:42:44.277Z,RBC,1,0.15,0.17,L,SI1,FALSE,530
2025-03-21T04:42:44.277Z,RBC,1,0.15,0.17,L,SI2,FALSE,460
2025-03-21T04:42:44.277Z,RBC,1,0.15,0.17,L,I3,FALSE,260
2025-03-21T04:42:44.277Z,RBC,1,0.15,0.17,M,IF,FALSE,500
2025-03-21T04:42:44.277Z,RBC,1,0.15,0.17,M,I1,FALSE,260
2025-03-21T04:42:44.277Z,RBC,1,0.15,0.17,N,SI1,FALSE,390
2025-03-21T04:42:44.277Z,RBC,1,0.18,0.22,D,VVS1,FALSE,1400
2025-03-21T04:42:44.277Z,RBC,1,0.18,0.22,D,I1,FALSE,690
2025-03-21T04:42:44.277Z,RBC,1,0.18,0.22,D,I3,FALSE,480
2025-03-21T04:42:44.277Z,RBC,1,0.18,0.22,E,VVS2,FALSE,1400
2025-03-21T04:42:44.277Z,RBC,1,0.18,0.22,E,VS2,FALSE,1260
2025-03-21T04:42:44.277Z,RBC,1,0.18,0.22,E,SI3,FALSE,840
2025-03-21T04:42:44.277Z,RBC,1,0.18,0.22,G,IF,FALSE,1200
2025-03-21T04:42:44.277Z,RBC,1,0.18,0.22,G,VVS1,FALSE,1200
2025-03-21T04:42:44.277Z,RBC,1,0.18,0.22,G,VS2,FALSE,1060
2025-03-21T04:42:44.277Z,RBC,1,0.18,0.22,G,SI2,FALSE,830
2025-03-21T04:42:44.277Z,RBC,1,0.18,0.22,G,SI3,FALSE,730
2025-03-21T04:42:44.277Z,RBC,1,0.18,0.22,G,I1,FALSE,630
2025-03-21T04:42:44.277Z,RBC,1,0.18,0.22,H,VVS1,FALSE,1200
2025-03-21T04:42:44.277Z,RBC,1,0.18,0.22,H,VS1,FALSE,1060
2025-03-21T04:42:44.277Z,RBC,1,0.18,0.22,H,SI1,FALSE,950
2025-03-21T04:42:44.277Z,RBC,1,0.18,0.22,H,I2,FALSE,510
2025-03-21T04:42:44.277Z,RBC,1,0.18,0.22,I,VVS1,FALSE,980
2025-03-21T04:42:44.277Z,RBC,1,0.18,0.22,I,VS1,FALSE,880
2025-03-21T04:42:44.277Z,RBC,1,0.18,0.22,J,SI2,FALSE,700
2025-03-21T04:42:44.277Z,RBC,1,0.18,0.22,J,I3,FALSE,390
2025-03-21T04:42:44.277Z,RBC,1,0.18,0.22,K,SI2,FALSE,520
2025-03-21T04:42:44.277Z,RBC,1,0.18,0.22,K,SI3,FALSE,460
2025-03-21T04:42:44.277Z,RBC,1,0.18,0.22,K,I1,FALSE,400
2025-03-21T04:42:44.277Z,RBC,1,0.18,0.22,K,I3,FALSE,280
2025-03-21T04:42:44.277Z,RBC,1,0.18,0.22,L,IF,FALSE,820
2025-03-21T04:42:44.277Z,RBC,1,0.18,0.22,L,I1,FALSE,400
2025-03-21T04:42:44.277Z,RBC,1,0.18,0.22,M,VS2,FALSE,560
2025-03-21T04:42:44.277Z,RBC,1,0.18,0.22,M,SI3,FALSE,360
2025-03-21T04:42:44.277Z,RBC,1,0.18,0.22,M,I1,FALSE,290
2025-03-21T04:42:44.277Z,RBC,1,0.18,0.22,M,I2,FALSE,240
2025-03-21T04:42:44.277Z,RBC,1,0.18,0.22,M,I3,FALSE,200
2025-03-21T04:42:44.277Z,RBC,1,0.18,0.22,N,VVS2,FALSE,660
2025-03-21T04:42:44.277Z,RBC,1,0.18,0.22,N,VS1,FALSE,560
2025-03-21T04:42:44.277Z,RBC,1,0.18,0.22,N,SI2,FALSE,410
2025-03-21T04:42:44.277Z,RBC,1,0.18,0.22,N,SI3,FALSE,360
2025-03-21T04:42:44.277Z,RBC,1,0.18,0.22,N,I1,FALSE,290
2025-03-21T04:42:44.277Z,RBC,1,0.18,0.22,N,I3,FALSE,200
2025-03-21T04:42:44.277Z,RBC,1,0.23,0.29,D,SI2,FALSE,1090
2025-03-21T04:42:44.277Z,RBC,1,0.23,0.29,D,I2,FALSE,600
2025-03-21T04:42:44.277Z,RBC,1,0.23,0.29,E,VVS2,FALSE,1650
2025-03-21T04:42:44.277Z,RBC,1,0.23,0.29,E,SI2,FALSE,1090
2025-03-21T04:42:44.277Z,RBC,1,0.23,0.29,E,I3,FALSE,510
2025-03-21T04:42:44.277Z,RBC,1,0.23,0.29,F,IF,FALSE,1650
2025-03-21T04:42:44.277Z,RBC,1,0.23,0.29,F,VVS1,FALSE,1650
2025-03-21T04:42:44.277Z,RBC,1,0.23,0.29,F,VVS2,FALSE,1650
2025-03-21T04:42:44.277Z,RBC,1,0.23,0.29,F,VS2,FALSE,1500
2025-03-21T04:42:44.277Z,RBC,1,0.23,0.29,F,SI2,FALSE,1090
2025-03-21T04:42:44.277Z,RBC,1,0.23,0.29,G,VS2,FALSE,1220
2025-03-21T04:42:44.277Z,RBC,1,0.23,0.29,G,SI1,FALSE,1070
2025-03-21T04:42:44.277Z,RBC,1,0.23,0.29,G,I1,FALSE,690
2025-03-21T04:42:44.277Z,RBC,1,0.23,0.29,H,VVS2,FALSE,1350
2025-03-21T04:42:44.277Z,RBC,1,0.23,0.29,H,I2,FALSE,550
2025-03-21T04:42:44.277Z,RBC,1,0.23,0.29,I,IF,FALSE,1110
2025-03-21T04:42:44.277Z,RBC,1,0.23,0.29,I,VVS1,FALSE,1110
2025-03-21T04:42:44.277Z,RBC,1,0.23,0.29,I,VS1,FALSE,1010
2025-03-21T04:42:44.277Z,RBC,1,0.23,0.29,I,SI1,FALSE,920
2025-03-21T04:42:44.277Z,RBC,1,0.23,0.29,I,I2,FALSE,470
2025-03-21T04:42:44.277Z,RBC,1,0.23,0.29,J,IF,FALSE,1110
2025-03-21T04:42:44.277Z,RBC,1,0.23,0.29,J,VVS1,FALSE,1110
2025-03-21T04:42:44.277Z,RBC,1,0.23,0.29,J,SI1,FALSE,920
2025-03-21T04:42:44.277Z,RBC,1,0.23,0.29,J,SI3,FALSE,680
2025-03-21T04:42:44.277Z,RBC,1,0.18,0.22,D,SI1,FALSE,1110
2025-03-21T04:42:44.277Z,RBC,1,0.18,0.22,D,I2,FALSE,560
2025-03-21T04:42:44.277Z,RBC,1,0.18,0.22,E,VVS1,FALSE,1400
2025-03-21T04:42:44.277Z,RBC,1,0.18,0.22,E,I2,FALSE,560
2025-03-21T04:42:44.277Z,RBC,1,0.18,0.22,E,I3,FALSE,480
2025-03-21T04:42:44.277Z,RBC,1,0.18,0.22,F,I2,FALSE,560
2025-03-21T04:42:44.277Z,RBC,1,0.18,0.22,G,VS1,FALSE,1060
2025-03-21T04:42:44.277Z,RBC,1,0.18,0.22,G,I2,FALSE,510
2025-03-21T04:42:44.277Z,RBC,1,0.18,0.22,G,I3,FALSE,430
2025-03-21T04:42:44.277Z,RBC,1,0.18,0.22,I,I3,FALSE,390
2025-03-21T04:42:44.277Z,RBC,1,0.18,0.22,J,IF,FALSE,980
2025-03-21T04:42:44.277Z,RBC,1,0.18,0.22,J,VS2,FALSE,880
2025-03-21T04:42:44.277Z,RBC,1,0.18,0.22,J,SI1,FALSE,800
2025-03-21T04:42:44.277Z,RBC,1,0.18,0.22,J,I1,FALSE,520
2025-03-21T04:42:44.277Z,RBC,1,0.18,0.22,K,SI1,FALSE,620
2025-03-21T04:42:44.277Z,RBC,1,0.18,0.22,K,I2,FALSE,340
2025-03-21T04:42:44.277Z,RBC,1,0.18,0.22,L,VVS1,FALSE,820
2025-03-21T04:42:44.277Z,RBC,1,0.18,0.22,L,VS1,FALSE,700
2025-03-21T04:42:44.277Z,RBC,1,0.18,0.22,L,SI2,FALSE,520
2025-03-21T04:42:44.277Z,RBC,1,0.18,0.22,M,SI1,FALSE,480
2025-03-21T04:42:44.277Z,RBC,1,0.18,0.22,N,VS2,FALSE,560
2025-03-21T04:42:44.277Z,RBC,1,0.23,0.29,D,VS1,FALSE,1500
2025-03-21T04:42:44.277Z,RBC,1,0.23,0.29,D,SI1,FALSE,1300
2025-03-21T04:42:44.277Z,RBC,1,0.23,0.29,E,IF,FALSE,1650
2025-03-21T04:42:44.277Z,RBC,1,0.23,0.29,E,VS1,FALSE,1500
2025-03-21T04:42:44.277Z,RBC,1,0.23,0.29,E,I1,FALSE,760
2025-03-21T04:42:44.277Z,RBC,1,0.23,0.29,E,I2,FALSE,600
2025-03-21T04:42:44.277Z,RBC,1,0.23,0.29,F,I3,FALSE,510
2025-03-21T04:42:44.277Z,RBC,1,0.23,0.29,G,SI2,FALSE,920
2025-03-21T04:42:44.277Z,RBC,1,0.23,0.29,G,SI3,FALSE,810
2025-03-21T04:42:44.277Z,RBC,1,0.23,0.29,G,I2,FALSE,550
2025-03-21T04:42:44.277Z,RBC,1,0.23,0.29,H,VVS1,FALSE,1350
2025-03-21T04:42:44.277Z,RBC,1,0.23,0.29,H,I1,FALSE,690
2025-03-21T04:42:44.277Z,RBC,1,0.23,0.29,H,I3,FALSE,460
2025-03-21T04:42:44.277Z,RBC,1,0.23,0.29,I,VVS2,FALSE,1110
2025-03-21T04:42:44.277Z,RBC,1,0.23,0.29,I,VS2,FALSE,1010
2025-03-21T04:42:44.277Z,RBC,1,0.23,0.29,J,VS1,FALSE,1010
2025-03-21T04:42:44.277Z,RBC,1,0.23,0.29,J,SI2,FALSE,780
2025-03-21T04:42:44.277Z,RBC,1,0.18,0.22,D,SI3,FALSE,840
2025-03-21T04:42:44.277Z,RBC,1,0.18,0.22,E,VS1,FALSE,1260
2025-03-21T04:42:44.277Z,RBC,1,0.18,0.22,E,I1,FALSE,690
2025-03-21T04:42:44.277Z,RBC,1,0.18,0.22,F,IF,FALSE,1400
2025-03-21T04:42:44.277Z,RBC,1,0.18,0.22,F,VVS1,FALSE,1400
2025-03-21T04:42:44.277Z,RBC,1,0.18,0.22,F,VS1,FALSE,1260
2025-03-21T04:42:44.277Z,RBC,1,0.18,0.22,F,SI1,FALSE,1110
2025-03-21T04:42:44.277Z,RBC,1,0.18,0.22,F,SI2,FALSE,960
2025-03-21T04:42:44.277Z,RBC,1,0.18,0.22,F,SI3,FALSE,840
2025-03-21T04:42:44.277Z,RBC,1,0.18,0.22,G,VVS2,FALSE,1200
2025-03-21T04:42:44.277Z,RBC,1,0.18,0.22,G,SI1,FALSE,950
2025-03-21T04:42:44.277Z,RBC,1,0.18,0.22,H,IF,FALSE,1200
2025-03-21T04:42:44.277Z,RBC,1,0.18,0.22,H,SI2,FALSE,830
2025-03-21T04:42:44.277Z,RBC,1,0.18,0.22,H,SI3,FALSE,730
2025-03-21T04:42:44.277Z,RBC,1,0.18,0.22,I,SI1,FALSE,800
2025-03-21T04:42:44.277Z,RBC,1,0.18,0.22,I,SI2,FALSE,700
2025-03-21T04:42:44.277Z,RBC,1,0.18,0.22,I,I1,FALSE,520
2025-03-21T04:42:44.277Z,RBC,1,0.18,0.22,J,VVS1,FALSE,980
2025-03-21T04:42:44.277Z,RBC,1,0.18,0.22,J,VVS2,FALSE,980
2025-03-21T04:42:44.277Z,RBC,1,0.18,0.22,J,VS1,FALSE,880
2025-03-21T04:42:44.277Z,RBC,1,0.18,0.22,J,SI3,FALSE,610
2025-03-21T04:42:44.277Z,RBC,1,0.18,0.22,K,VVS2,FALSE,820
2025-03-21T04:42:44.277Z,RBC,1,0.18,0.22,L,VS2,FALSE,700
2025-03-21T04:42:44.277Z,RBC,1,0.18,0.22,L,SI1,FALSE,620
2025-03-21T04:42:44.277Z,RBC,1,0.18,0.22,L,SI3,FALSE,460
2025-03-21T04:42:44.277Z,RBC,1,0.18,0.22,M,IF,FALSE,660
2025-03-21T04:42:44.277Z,RBC,1,0.18,0.22,M,VVS1,FALSE,660
2025-03-21T04:42:44.277Z,RBC,1,0.18,0.22,M,VS1,FALSE,560
2025-03-21T04:42:44.277Z,RBC,1,0.18,0.22,N,IF,FALSE,660
2025-03-21T04:42:44.277Z,RBC,1,0.18,0.22,N,SI1,FALSE,480
2025-03-21T04:42:44.277Z,RBC,1,0.23,0.29,D,SI3,FALSE,940
2025-03-21T04:42:44.277Z,RBC,1,0.23,0.29,E,VVS1,FALSE,1650
2025-03-21T04:42:44.277Z,RBC,1,0.23,0.29,E,VS2,FALSE,1500
2025-03-21T04:42:44.277Z,RBC,1,0.23,0.29,E,SI3,FALSE,940
2025-03-21T04:42:44.277Z,RBC,1,0.23,0.29,F,SI3,FALSE,940
2025-03-21T04:42:44.277Z,RBC,1,0.23,0.29,F,I1,FALSE,760
2025-03-21T04:42:44.277Z,RBC,1,0.23,0.29,G,VS1,FALSE,1220
2025-03-21T04:42:44.277Z,RBC,1,0.23,0.29,H,IF,FALSE,1350
2025-03-21T04:42:44.277Z,RBC,1,0.23,0.29,H,VS1,FALSE,1220
2025-03-21T04:42:44.277Z,RBC,1,0.23,0.29,H,SI2,FALSE,920
2025-03-21T04:42:44.277Z,RBC,1,0.23,0.29,I,SI2,FALSE,780
2025-03-21T04:42:44.277Z,RBC,1,0.23,0.29,I,SI3,FALSE,680
2025-03-21T04:42:44.277Z,RBC,1,0.23,0.29,I,I1,FALSE,560
2025-03-21T04:42:44.277Z,RBC,1,0.23,0.29,I,I3,FALSE,420
2025-03-21T04:42:44.277Z,RBC,1,0.23,0.29,J,VVS2,FALSE,1110
2025-03-21T04:42:44.277Z,RBC,1,0.23,0.29,J,VS2,FALSE,1010
2025-03-21T04:42:44.277Z,RBC,1,0.23,0.29,J,I1,FALSE,560
2025-03-21T04:42:44.277Z,RBC,1,0.18,0.22,D,VS2,FALSE,1260
2025-03-21T04:42:44.277Z,RBC,1,0.18,0.22,D,SI2,FALSE,960
2025-03-21T04:42:44.277Z,RBC,1,0.18,0.22,E,IF,FALSE,1400
2025-03-21T04:42:44.277Z,RBC,1,0.18,0.22,E,SI1,FALSE,1110
2025-03-21T04:42:44.277Z,RBC,1,0.18,0.22,E,SI2,FALSE,960
2025-03-21T04:42:44.277Z,RBC,1,0.18,0.22,F,VVS2,FALSE,1400
2025-03-21T04:42:44.277Z,RBC,1,0.18,0.22,F,VS2,FALSE,1260
2025-03-21T04:42:44.277Z,RBC,1,0.18,0.22,F,I1,FALSE,690
2025-03-21T04:42:44.277Z,RBC,1,0.18,0.22,F,I3,FALSE,480
2025-03-21T04:42:44.277Z,RBC,1,0.18,0.22,H,VVS2,FALSE,1200
2025-03-21T04:42:44.277Z,RBC,1,0.18,0.22,H,VS2,FALSE,1060
2025-03-21T04:42:44.277Z,RBC,1,0.18,0.22,H,I1,FALSE,630
2025-03-21T04:42:44.277Z,RBC,1,0.18,0.22,H,I3,FALSE,430
2025-03-21T04:42:44.277Z,RBC,1,0.18,0.22,I,IF,FALSE,980
2025-03-21T04:42:44.277Z,RBC,1,0.18,0.22,I,VVS2,FALSE,980
2025-03-21T04:42:44.277Z,RBC,1,0.18,0.22,I,VS2,FALSE,880
2025-03-21T04:42:44.277Z,RBC,1,0.18,0.22,I,SI3,FALSE,610
2025-03-21T04:42:44.277Z,RBC,1,0.18,0.22,I,I2,FALSE,430
2025-03-21T04:42:44.277Z,RBC,1,0.18,0.22,J,I2,FALSE,430
2025-03-21T04:42:44.277Z,RBC,1,0.18,0.22,K,IF,FALSE,820
2025-03-21T04:42:44.277Z,RBC,1,0.18,0.22,K,VVS1,FALSE,820
2025-03-21T04:42:44.277Z,RBC,1,0.18,0.22,K,VS1,FALSE,700
2025-03-21T04:42:44.277Z,RBC,1,0.18,0.22,K,VS2,FALSE,700
2025-03-21T04:42:44.277Z,RBC,1,0.18,0.22,L,VVS2,FALSE,820
2025-03-21T04:42:44.277Z,RBC,1,0.18,0.22,L,I2,FALSE,340
2025-03-21T04:42:44.277Z,RBC,1,0.18,0.22,L,I3,FALSE,280
2025-03-21T04:42:44.277Z,RBC,1,0.18,0.22,M,VVS2,FALSE,660
2025-03-21T04:42:44.277Z,RBC,1,0.18,0.22,M,SI2,FALSE,410
2025-03-21T04:42:44.277Z,RBC,1,0.18,0.22,N,VVS1,FALSE,660
2025-03-21T04:42:44.277Z,RBC,1,0.18,0.22,N,I2,FALSE,240
2025-03-21T04:42:44.277Z,RBC,1,0.23,0.29,D,IF,FALSE,1650
2025-03-21T04:42:44.277Z,RBC,1,0.23,0.29,D,VVS1,FALSE,1650
2025-03-21T04:42:44.277Z,RBC,1,0.23,0.29,D,VVS2,FALSE,1650
2025-03-21T04:42:44.277Z,RBC,1,0.23,0.29,D,VS2,FALSE,1500
2025-03-21T04:42:44.277Z,RBC,1,0.23,0.29,D,I1,FALSE,760
2025-03-21T04:42:44.277Z,RBC,1,0.23,0.29,D,I3,FALSE,510
2025-03-21T04:42:44.277Z,RBC,1,0.23,0.29,E,SI1,FALSE,1300
2025-03-21T04:42:44.277Z,RBC,1,0.23,0.29,F,VS1,FALSE,1500
2025-03-21T04:42:44.277Z,RBC,1,0.23,0.29,F,SI1,FALSE,1300
2025-03-21T04:42:44.277Z,RBC,1,0.23,0.29,F,I2,FALSE,600
2025-03-21T04:42:44.277Z,RBC,1,0.23,0.29,G,IF,FALSE,1350
2025-03-21T04:42:44.277Z,RBC,1,0.23,0.29,G,VVS1,FALSE,1350
2025-03-21T04:42:44.277Z,RBC,1,0.23,0.29,G,VVS2,FALSE,1350
2025-03-21T04:42:44.277Z,RBC,1,0.23,0.29,G,I3,FALSE,460
2025-03-21T04:42:44.277Z,RBC,1,0.23,0.29,H,VS2,FALSE,1220
2025-03-21T04:42:44.277Z,RBC,1,0.23,0.29,H,SI1,FALSE,1070
2025-03-21T04:42:44.277Z,RBC,1,0.23,0.29,H,SI3,FALSE,810
2025-03-21T04:42:44.277Z,RBC,1,0.23,0.29,J,I2,FALSE,470
2025-03-21T04:42:44.277Z,RBC,1,0.23,0.29,K,IF,FALSE,920
2025-03-21T04:42:44.277Z,RBC,1,0.23,0.29,K,SI1,FALSE,700
2025-03-21T04:42:44.277Z,RBC,1,0.23,0.29,K,I2,FALSE,370
2025-03-21T04:42:44.277Z,RBC,1,0.23,0.29,K,I3,FALSE,300
2025-03-21T04:42:44.277Z,RBC,1,0.23,0.29,L,VS2,FALSE,800
2025-03-21T04:42:44.277Z,RBC,1,0.23,0.29,M,VVS2,FALSE,780
2025-03-21T04:42:44.277Z,RBC,1,0.23,0.29,M,VS1,FALSE,670
2025-03-21T04:42:44.277Z,RBC,1,0.23,0.29,M,VS2,FALSE,670
2025-03-21T04:42:44.277Z,RBC,1,0.23,0.29,M,SI3,FALSE,440
2025-03-21T04:42:44.277Z,RBC,1,0.23,0.29,N,VS2,FALSE,670
2025-03-21T04:42:44.277Z,RBC,1,0.23,0.29,N,I3,FALSE,220
2025-03-21T04:42:44.277Z,RBC,1,0.3,0.39,D,IF,FALSE,2800
2025-03-21T04:42:44.277Z,RBC,1,0.3,0.39,D,SI2,FALSE,1600
2025-03-21T04:42:44.277Z,RBC,1,0.3,0.39,E,VVS2,FALSE,2000
2025-03-21T04:42:44.277Z,RBC,1,0.3,0.39,E,VS1,FALSE,1800
2025-03-21T04:42:44.277Z,RBC,1,0.3,0.39,E,SI1,FALSE,1600
2025-03-21T04:42:44.277Z,RBC,1,0.23,0.29,K,VS2,FALSE,800
2025-03-21T04:42:44.277Z,RBC,1,0.23,0.29,L,IF,FALSE,920
2025-03-21T04:42:44.277Z,RBC,1,0.23,0.29,L,VVS1,FALSE,920
2025-03-21T04:42:44.277Z,RBC,1,0.23,0.29,L,SI3,FALSE,540
2025-03-21T04:42:44.277Z,RBC,1,0.23,0.29,L,I1,FALSE,440
2025-03-21T04:42:44.277Z,RBC,1,0.23,0.29,M,SI2,FALSE,490
2025-03-21T04:42:44.277Z,RBC,1,0.23,0.29,M,I2,FALSE,280
2025-03-21T04:42:44.277Z,RBC,1,0.23,0.29,M,I3,FALSE,220
2025-03-21T04:42:44.277Z,RBC,1,0.23,0.29,N,VVS2,FALSE,780
2025-03-21T04:42:44.277Z,RBC,1,0.23,0.29,N,SI1,FALSE,560
2025-03-21T04:42:44.277Z,RBC,1,0.3,0.39,D,VVS1,FALSE,2400
2025-03-21T04:42:44.277Z,RBC,1,0.3,0.39,D,VS1,FALSE,2000
2025-03-21T04:42:44.277Z,RBC,1,0.3,0.39,D,I1,FALSE,1300
2025-03-21T04:42:44.277Z,RBC,1,0.3,0.39,D,I2,FALSE,1100
2025-03-21T04:42:44.277Z,RBC,1,0.23,0.29,K,VVS1,FALSE,920
2025-03-21T04:42:44.277Z,RBC,1,0.23,0.29,K,SI2,FALSE,610
2025-03-21T04:42:44.277Z,RBC,1,0.23,0.29,K,SI3,FALSE,540
2025-03-21T04:42:44.277Z,RBC,1,0.23,0.29,L,VVS2,FALSE,920
2025-03-21T04:42:44.277Z,RBC,1,0.23,0.29,L,SI1,FALSE,700
2025-03-21T04:42:44.277Z,RBC,1,0.23,0.29,L,I2,FALSE,370
2025-03-21T04:42:44.277Z,RBC,1,0.23,0.29,M,VVS1,FALSE,780
2025-03-21T04:42:44.277Z,RBC,1,0.23,0.29,M,SI1,FALSE,560
2025-03-21T04:42:44.277Z,RBC,1,0.23,0.29,N,VVS1,FALSE,780
2025-03-21T04:42:44.277Z,RBC,1,0.23,0.29,N,SI2,FALSE,490
2025-03-21T04:42:44.277Z,RBC,1,0.23,0.29,N,SI3,FALSE,440
2025-03-21T04:42:44.277Z,RBC,1,0.23,0.29,N,I1,FALSE,360
2025-03-21T04:42:44.277Z,RBC,1,0.3,0.39,D,VVS2,FALSE,2200
2025-03-21T04:42:44.277Z,RBC,1,0.3,0.39,D,I3,FALSE,700
2025-03-21T04:42:44.277Z,RBC,1,0.3,0.39,E,IF,FALSE,2500
2025-03-21T04:42:44.277Z,RBC,1,0.3,0.39,E,VS2,FALSE,1700
2025-03-21T04:42:44.277Z,RBC,1,0.3,0.39,E,SI2,FALSE,1500
2025-03-21T04:42:44.277Z,RBC,1,0.23,0.29,J,I3,FALSE,420
2025-03-21T04:42:44.277Z,RBC,1,0.23,0.29,K,VVS2,FALSE,920
2025-03-21T04:42:44.277Z,RBC,1,0.23,0.29,K,VS1,FALSE,800
2025-03-21T04:42:44.277Z,RBC,1,0.23,0.29,K,I1,FALSE,440
2025-03-21T04:42:44.277Z,RBC,1,0.23,0.29,L,VS1,FALSE,800
2025-03-21T04:42:44.277Z,RBC,1,0.23,0.29,L,SI2,FALSE,610
2025-03-21T04:42:44.277Z,RBC,1,0.23,0.29,L,I3,FALSE,300
2025-03-21T04:42:44.277Z,RBC,1,0.23,0.29,M,IF,FALSE,780
2025-03-21T04:42:44.277Z,RBC,1,0.23,0.29,M,I1,FALSE,360
2025-03-21T04:42:44.277Z,RBC,1,0.23,0.29,N,IF,FALSE,780
2025-03-21T04:42:44.277Z,RBC,1,0.23,0.29,N,VS1,FALSE,670
2025-03-21T04:42:44.277Z,RBC,1,0.23,0.29,N,I2,FALSE,280
2025-03-21T04:42:44.277Z,RBC,1,0.3,0.39,D,VS2,FALSE,1800
2025-03-21T04:42:44.277Z,RBC,1,0.3,0.39,D,SI1,FALSE,1700
2025-03-21T04:42:44.277Z,RBC,1,0.3,0.39,D,SI3,FALSE,1500
2025-03-21T04:42:44.277Z,RBC,1,0.3,0.39,E,VVS1,FALSE,2200
2025-03-21T04:42:44.277Z,RBC,1,0.3,0.39,E,I1,FALSE,1200
2025-03-21T04:42:44.277Z,RBC,1,0.3,0.39,E,I2,FALSE,1000
2025-03-21T04:42:44.277Z,RBC,1,0.3,0.39,E,I3,FALSE,600
2025-03-21T04:42:44.277Z,RBC,1,0.3,0.39,F,VVS1,FALSE,2000
2025-03-21T04:42:44.277Z,RBC,1,0.3,0.39,F,VS2,FALSE,1600
2025-03-21T04:42:44.277Z,RBC,1,0.3,0.39,F,I3,FALSE,600
2025-03-21T04:42:44.277Z,RBC,1,0.3,0.39,G,I1,FALSE,1000
2025-03-21T04:42:44.277Z,RBC,1,0.3,0.39,G,I3,FALSE,500
2025-03-21T04:42:44.277Z,RBC,1,0.3,0.39,H,VS2,FALSE,1400
2025-03-21T04:42:44.277Z,RBC,1,0.3,0.39,H,SI1,FALSE,1300
2025-03-21T04:42:44.277Z,RBC,1,0.3,0.39,H,I3,FALSE,500
2025-03-21T04:42:44.277Z,RBC,1,0.3,0.39,I,IF,FALSE,1500
2025-03-21T04:42:44.277Z,RBC,1,0.3,0.39,I,VVS2,FALSE,1300
2025-03-21T04:42:44.277Z,RBC,1,0.3,0.39,I,I2,FALSE,700
2025-03-21T04:42:44.277Z,RBC,1,0.3,0.39,I,I3,FALSE,500
2025-03-21T04:42:44.277Z,RBC,1,0.3,0.39,J,VVS1,FALSE,1200
2025-03-21T04:42:44.277Z,RBC,1,0.3,0.39,J,SI2,FALSE,1000
2025-03-21T04:42:44.277Z,RBC,1,0.3,0.39,J,I3,FALSE,400
2025-03-21T04:42:44.277Z,RBC,1,0.3,0.39,L,VVS2,FALSE,900
2025-03-21T04:42:44.277Z,RBC,1,0.3,0.39,L,SI1,FALSE,800
2025-03-21T04:42:44.277Z,RBC,1,0.3,0.39,L,I1,FALSE,600
2025-03-21T04:42:44.277Z,RBC,1,0.3,0.39,M,VS1,FALSE,800
2025-03-21T04:42:44.277Z,RBC,1,0.3,0.39,M,I2,FALSE,400
2025-03-21T04:42:44.277Z,RBC,1,0.3,0.39,M,I3,FALSE,300
2025-03-21T04:42:44.277Z,RBC,1,0.4,0.49,D,VVS1,FALSE,2700
2025-03-21T04:42:44.277Z,RBC,1,0.4,0.49,E,VVS1,FALSE,2500
2025-03-21T04:42:44.277Z,RBC,1,0.4,0.49,E,I2,FALSE,1100
2025-03-21T04:42:44.277Z,RBC,1,0.4,0.49,F,VVS1,FALSE,2400
2025-03-21T04:42:44.277Z,RBC,1,0.4,0.49,F,VS1,FALSE,2000
2025-03-21T04:42:44.277Z,RBC,1,0.4,0.49,F,I2,FALSE,1100
2025-03-21T04:42:44.277Z,RBC,1,0.4,0.49,F,I3,FALSE,700
2025-03-21T04:42:44.277Z,RBC,1,0.4,0.49,G,VVS2,FALSE,2000
2025-03-21T04:42:44.277Z,RBC,1,0.4,0.49,G,SI1,FALSE,1700
2025-03-21T04:42:44.277Z,RBC,1,0.4,0.49,G,SI2,FALSE,1500
2025-03-21T04:42:44.277Z,RBC,1,0.4,0.49,H,VVS1,FALSE,1900
2025-03-21T04:42:44.277Z,RBC,1,0.4,0.49,H,SI1,FALSE,1500
2025-03-21T04:42:44.277Z,RBC,1,0.4,0.49,H,I2,FALSE,900
2025-03-21T04:42:44.277Z,RBC,1,0.4,0.49,H,I3,FALSE,600
2025-03-21T04:42:44.277Z,RBC,1,0.4,0.49,I,VVS1,FALSE,1700
2025-03-21T04:42:44.277Z,RBC,1,0.4,0.49,I,I1,FALSE,1100
2025-03-21T04:42:44.277Z,RBC,1,0.4,0.49,J,SI2,FALSE,1200
2025-03-21T04:42:44.277Z,RBC,1,0.4,0.49,J,I1,FALSE,1000
2025-03-21T04:42:44.277Z,RBC,1,0.4,0.49,J,I2,FALSE,800
2025-03-21T04:42:44.277Z,RBC,1,0.4,0.49,K,VVS1,FALSE,1300
2025-03-21T04:42:44.277Z,RBC,1,0.4,0.49,K,VVS2,FALSE,1200
2025-03-21T04:42:44.277Z,RBC,1,0.4,0.49,K,VS2,FALSE,1100
2025-03-21T04:42:44.277Z,RBC,1,0.4,0.49,K,SI1,FALSE,1000
2025-03-21T04:42:44.277Z,RBC,1,0.4,0.49,K,I1,FALSE,800
2025-03-21T04:42:44.277Z,RBC,1,0.4,0.49,L,IF,FALSE,1300
2025-03-21T04:42:44.277Z,RBC,1,0.3,0.39,F,VVS2,FALSE,1900
2025-03-21T04:42:44.277Z,RBC,1,0.3,0.39,F,VS1,FALSE,1700
2025-03-21T04:42:44.277Z,RBC,1,0.3,0.39,F,SI2,FALSE,1400
2025-03-21T04:42:44.277Z,RBC,1,0.3,0.39,F,SI3,FALSE,1300
2025-03-21T04:42:44.277Z,RBC,1,0.3,0.39,G,VVS2,FALSE,1700
2025-03-21T04:42:44.277Z,RBC,1,0.3,0.39,G,VS1,FALSE,1600
2025-03-21T04:42:44.277Z,RBC,1,0.3,0.39,H,VVS2,FALSE,1500
2025-03-21T04:42:44.277Z,RBC,1,0.3,0.39,H,I1,FALSE,1000
2025-03-21T04:42:44.277Z,RBC,1,0.3,0.39,I,VVS1,FALSE,1400
2025-03-21T04:42:44.277Z,RBC,1,0.3,0.39,I,SI3,FALSE,1000
2025-03-21T04:42:44.277Z,RBC,1,0.3,0.39,J,IF,FALSE,1300
2025-03-21T04:42:44.277Z,RBC,1,0.3,0.39,J,I1,FALSE,800
2025-03-21T04:42:44.277Z,RBC,1,0.3,0.39,K,VVS1,FALSE,1100
2025-03-21T04:42:44.277Z,RBC,1,0.3,0.39,K,SI1,FALSE,900
2025-03-21T04:42:44.277Z,RBC,1,0.3,0.39,K,SI2,FALSE,900
2025-03-21T04:42:44.277Z,RBC,1,0.3,0.39,K,SI3,FALSE,800
2025-03-21T04:42:44.277Z,RBC,1,0.3,0.39,K,I2,FALSE,600
2025-03-21T04:42:44.277Z,RBC,1,0.3,0.39,L,VVS1,FALSE,1000
2025-03-21T04:42:44.277Z,RBC,1,0.3,0.39,L,SI2,FALSE,800
2025-03-21T04:42:44.277Z,RBC,1,0.3,0.39,L,I3,FALSE,300
2025-03-21T04:42:44.277Z,RBC,1,0.3,0.39,M,IF,FALSE,1000
2025-03-21T04:42:44.277Z,RBC,1,0.3,0.39,M,SI2,FALSE,700
2025-03-21T04:42:44.277Z,RBC,1,0.3,0.39,M,I1,FALSE,500
2025-03-21T04:42:44.277Z,RBC,1,0.4,0.49,D,IF,FALSE,3300
2025-03-21T04:42:44.277Z,RBC,1,0.4,0.49,D,I3,FALSE,800
2025-03-21T04:42:44.277Z,RBC,1,0.4,0.49,E,IF,FALSE,2800
2025-03-21T04:42:44.277Z,RBC,1,0.4,0.49,E,VVS2,FALSE,2300
2025-03-21T04:42:44.277Z,RBC,1,0.4,0.49,E,VS2,FALSE,2000
2025-03-21T04:42:44.277Z,RBC,1,0.4,0.49,E,SI2,FALSE,1700
2025-03-21T04:42:44.277Z,RBC,1,0.4,0.49,E,SI3,FALSE,1600
2025-03-21T04:42:44.277Z,RBC,1,0.4,0.49,F,IF,FALSE,2600
2025-03-21T04:42:44.277Z,RBC,1,0.4,0.49,F,VS2,FALSE,1900
2025-03-21T04:42:44.277Z,RBC,1,0.4,0.49,F,SI1,FALSE,1800
2025-03-21T04:42:44.277Z,RBC,1,0.4,0.49,G,IF,FALSE,2300
2025-03-21T04:42:44.277Z,RBC,1,0.4,0.49,G,VS1,FALSE,1900
2025-03-21T04:42:44.277Z,RBC,1,0.4,0.49,G,I2,FALSE,1000
2025-03-21T04:42:44.277Z,RBC,1,0.4,0.49,H,IF,FALSE,2100
2025-03-21T04:42:44.277Z,RBC,1,0.4,0.49,H,SI3,FALSE,1300
2025-03-21T04:42:44.277Z,RBC,1,0.4,0.49,H,I1,FALSE,1200
2025-03-21T04:42:44.277Z,RBC,1,0.4,0.49,I,VS2,FALSE,1400
2025-03-21T04:42:44.277Z,RBC,1,0.4,0.49,I,I3,FALSE,600
2025-03-21T04:42:44.277Z,RBC,1,0.4,0.49,J,IF,FALSE,1600
2025-03-21T04:42:44.277Z,RBC,1,0.4,0.49,J,VS1,FALSE,1300
2025-03-21T04:42:44.277Z,RBC,1,0.4,0.49,L,VS1,FALSE,1000
2025-03-21T04:42:44.277Z,RBC,1,0.4,0.49,L,SI2,FALSE,900
2025-03-21T04:42:44.277Z,RBC,1,0.4,0.49,M,IF,FALSE,1200
2025-03-21T04:42:44.277Z,RBC,1,0.3,0.39,F,IF,FALSE,2200
2025-03-21T04:42:44.277Z,RBC,1,0.3,0.39,G,VVS1,FALSE,1800
2025-03-21T04:42:44.277Z,RBC,1,0.3,0.39,G,VS2,FALSE,1500
2025-03-21T04:42:44.277Z,RBC,1,0.3,0.39,G,SI2,FALSE,1300
2025-03-21T04:42:44.277Z,RBC,1,0.3,0.39,G,SI3,FALSE,1200
2025-03-21T04:42:44.277Z,RBC,1,0.3,0.39,H,VVS1,FALSE,1600
2025-03-21T04:42:44.277Z,RBC,1,0.3,0.39,H,VS1,FALSE,1500
2025-03-21T04:42:44.277Z,RBC,1,0.3,0.39,H,SI2,FALSE,1200
2025-03-21T04:42:44.277Z,RBC,1,0.3,0.39,I,VS1,FALSE,1300
2025-03-21T04:42:44.277Z,RBC,1,0.3,0.39,I,SI1,FALSE,1200
2025-03-21T04:42:44.277Z,RBC,1,0.3,0.39,I,SI2,FALSE,1100
2025-03-21T04:42:44.277Z,RBC,1,0.3,0.39,I,I1,FALSE,900
2025-03-21T04:42:44.277Z,RBC,1,0.3,0.39,J,SI1,FALSE,1000
2025-03-21T04:42:44.277Z,RBC,1,0.3,0.39,J,SI3,FALSE,900
2025-03-21T04:42:44.277Z,RBC,1,0.3,0.39,K,IF,FALSE,1200
2025-03-21T04:42:44.277Z,RBC,1,0.3,0.39,K,VVS2,FALSE,1000
2025-03-21T04:42:44.277Z,RBC,1,0.3,0.39,K,VS1,FALSE,900
2025-03-21T04:42:44.277Z,RBC,1,0.3,0.39,L,IF,FALSE,1100
2025-03-21T04:42:44.277Z,RBC,1,0.3,0.39,L,VS1,FALSE,800
2025-03-21T04:42:44.277Z,RBC,1,0.3,0.39,L,I2,FALSE,500
2025-03-21T04:42:44.277Z,RBC,1,0.3,0.39,M,VS2,FALSE,800
2025-03-21T04:42:44.277Z,RBC,1,0.3,0.39,M,SI3,FALSE,600
2025-03-21T04:42:44.277Z,RBC,1,0.4,0.49,D,VVS2,FALSE,2500
2025-03-21T04:42:44.277Z,RBC,1,0.4,0.49,D,VS2,FALSE,2100
2025-03-21T04:42:44.277Z,RBC,1,0.4,0.49,D,SI2,FALSE,1800
2025-03-21T04:42:44.277Z,RBC,1,0.4,0.49,E,VS1,FALSE,2100
2025-03-21T04:42:44.277Z,RBC,1,0.4,0.49,E,I1,FALSE,1400
2025-03-21T04:42:44.277Z,RBC,1,0.4,0.49,G,VS2,FALSE,1800
2025-03-21T04:42:44.277Z,RBC,1,0.4,0.49,H,VVS2,FALSE,1800
2025-03-21T04:42:44.277Z,RBC,1,0.4,0.49,H,VS1,FALSE,1700
2025-03-21T04:42:44.277Z,RBC,1,0.4,0.49,H,VS2,FALSE,1600
2025-03-21T04:42:44.277Z,RBC,1,0.4,0.49,I,VVS2,FALSE,1600
2025-03-21T04:42:44.277Z,RBC,1,0.4,0.49,I,SI1,FALSE,1400
2025-03-21T04:42:44.277Z,RBC,1,0.4,0.49,I,SI3,FALSE,1200
2025-03-21T04:42:44.277Z,RBC,1,0.4,0.49,J,VVS1,FALSE,1500
2025-03-21T04:42:44.277Z,RBC,1,0.4,0.49,J,VVS2,FALSE,1400
2025-03-21T04:42:44.277Z,RBC,1,0.4,0.49,J,VS2,FALSE,1300
2025-03-21T04:42:44.277Z,RBC,1,0.4,0.49,J,SI1,FALSE,1200
2025-03-21T04:42:44.277Z,RBC,1,0.4,0.49,J,SI3,FALSE,1100
2025-03-21T04:42:44.277Z,RBC,1,0.4,0.49,K,SI3,FALSE,900
2025-03-21T04:42:44.277Z,RBC,1,0.4,0.49,K,I3,FALSE,500
2025-03-21T04:42:44.277Z,RBC,1,0.4,0.49,L,VVS1,FALSE,1200
2025-03-21T04:42:44.277Z,RBC,1,0.4,0.49,L,VVS2,FALSE,1100
2025-03-21T04:42:44.277Z,RBC,1,0.4,0.49,L,VS2,FALSE,1000
2025-03-21T04:42:44.277Z,RBC,1,0.4,0.49,L,SI3,FALSE,800
2025-03-21T04:42:44.277Z,RBC,1,0.4,0.49,L,I1,FALSE,700
2025-03-21T04:42:44.277Z,RBC,1,0.4,0.49,L,I2,FALSE,600
2025-03-21T04:42:44.277Z,RBC,1,0.4,0.49,L,I3,FALSE,400
2025-03-21T04:42:44.277Z,RBC,1,0.3,0.39,E,SI3,FALSE,1400
2025-03-21T04:42:44.277Z,RBC,1,0.3,0.39,F,SI1,FALSE,1500
2025-03-21T04:42:44.277Z,RBC,1,0.3,0.39,F,I1,FALSE,1100
2025-03-21T04:42:44.277Z,RBC,1,0.3,0.39,F,I2,FALSE,1000
2025-03-21T04:42:44.277Z,RBC,1,0.3,0.39,G,IF,FALSE,2000
2025-03-21T04:42:44.277Z,RBC,1,0.3,0.39,G,SI1,FALSE,1400
2025-03-21T04:42:44.277Z,RBC,1,0.3,0.39,G,I2,FALSE,900
2025-03-21T04:42:44.277Z,RBC,1,0.3,0.39,H,IF,FALSE,1700
2025-03-21T04:42:44.277Z,RBC,1,0.3,0.39,H,SI3,FALSE,1100
2025-03-21T04:42:44.277Z,RBC,1,0.3,0.39,H,I2,FALSE,800
2025-03-21T04:42:44.277Z,RBC,1,0.3,0.39,I,VS2,FALSE,1200
2025-03-21T04:42:44.277Z,RBC,1,0.3,0.39,J,VVS2,FALSE,1100
2025-03-21T04:42:44.277Z,RBC,1,0.3,0.39,J,VS1,FALSE,1100
2025-03-21T04:42:44.277Z,RBC,1,0.3,0.39,J,VS2,FALSE,1000
2025-03-21T04:42:44.277Z,RBC,1,0.3,0.39,J,I2,FALSE,700
2025-03-21T04:42:44.277Z,RBC,1,0.3,0.39,K,VS2,FALSE,900
2025-03-21T04:42:44.277Z,RBC,1,0.3,0.39,K,I1,FALSE,700
2025-03-21T04:42:44.277Z,RBC,1,0.3,0.39,K,I3,FALSE,400
2025-03-21T04:42:44.277Z,RBC,1,0.3,0.39,L,VS2,FALSE,800
2025-03-21T04:42:44.277Z,RBC,1,0.3,0.39,L,SI3,FALSE,700
2025-03-21T04:42:44.277Z,RBC,1,0.3,0.39,M,VVS1,FALSE,900
2025-03-21T04:42:44.277Z,RBC,1,0.3,0.39,M,VVS2,FALSE,900
2025-03-21T04:42:44.277Z,RBC,1,0.3,0.39,M,SI1,FALSE,800
2025-03-21T04:42:44.277Z,RBC,1,0.4,0.49,D,VS1,FALSE,2300
2025-03-21T04:42:44.277Z,RBC,1,0.4,0.49,D,SI1,FALSE,2000
2025-03-21T04:42:44.277Z,RBC,1,0.4,0.49,D,SI3,FALSE,1700
2025-03-21T04:42:44.277Z,RBC,1,0.4,0.49,D,I1,FALSE,1500
2025-03-21T04:42:44.277Z,RBC,1,0.4,0.49,D,I2,FALSE,1200
2025-03-21T04:42:44.277Z,RBC,1,0.4,0.49,E,SI1,FALSE,1900
2025-03-21T04:42:44.277Z,RBC,1,0.4,0.49,E,I3,FALSE,700
2025-03-21T04:42:44.277Z,RBC,1,0.4,0.49,F,VVS2,FALSE,2200
2025-03-21T04:42:44.277Z,RBC,1,0.4,0.49,F,SI2,FALSE,1600
2025-03-21T04:42:44.277Z,RBC,1,0.4,0.49,F,SI3,FALSE,1500
2025-03-21T04:42:44.277Z,RBC,1,0.4,0.49,F,I1,FALSE,1300
2025-03-21T04:42:44.277Z,RBC,1,0.4,0.49,G,VVS1,FALSE,2100
2025-03-21T04:42:44.277Z,RBC,1,0.4,0.49,G,SI3,FALSE,1400
2025-03-21T04:42:44.277Z,RBC,1,0.4,0.49,G,I1,FALSE,1200
2025-03-21T04:42:44.277Z,RBC,1,0.4,0.49,G,I3,FALSE,600
2025-03-21T04:42:44.277Z,RBC,1,0.4,0.49,H,SI2,FALSE,1400
2025-03-21T04:42:44.277Z,RBC,1,0.4,0.49,I,IF,FALSE,1900
2025-03-21T04:42:44.277Z,RBC,1,0.4,0.49,I,VS1,FALSE,1500
2025-03-21T04:42:44.277Z,RBC,1,0.4,0.49,I,SI2,FALSE,1300
2025-03-21T04:42:44.277Z,RBC,1,0.4,0.49,I,I2,FALSE,800
2025-03-21T04:42:44.277Z,RBC,1,0.4,0.49,J,I3,FALSE,500
2025-03-21T04:42:44.277Z,RBC,1,0.4,0.49,K,IF,FALSE,1400
2025-03-21T04:42:44.277Z,RBC,1,0.4,0.49,K,VS1,FALSE,1100
2025-03-21T04:42:44.277Z,RBC,1,0.4,0.49,K,SI2,FALSE,1000
2025-03-21T04:42:44.277Z,RBC,1,0.4,0.49,K,I2,FALSE,700
2025-03-21T04:42:44.277Z,RBC,1,0.4,0.49,L,SI1,FALSE,900
2025-03-21T04:42:44.277Z,RBC,1,0.4,0.49,M,VS1,FALSE,900
2025-03-21T04:42:44.277Z,RBC,1,0.4,0.49,M,SI1,FALSE,900
2025-03-21T04:42:44.277Z,RBC,1,0.4,0.49,M,SI3,FALSE,700
2025-03-21T04:42:44.277Z,RBC,1,0.5,0.69,D,VVS1,FALSE,4400
2025-03-21T04:42:44.277Z,RBC,1,0.5,0.69,D,VS1,FALSE,3000
2025-03-21T04:42:44.277Z,RBC,1,0.5,0.69,D,I1,FALSE,1600
2025-03-21T04:42:44.277Z,RBC,1,0.5,0.69,E,SI2,FALSE,1900
2025-03-21T04:42:44.277Z,RBC,1,0.5,0.69,E,I3,FALSE,1000
2025-03-21T04:42:44.277Z,RBC,1,0.5,0.69,F,IF,FALSE,3800
2025-03-21T04:42:44.277Z,RBC,1,0.5,0.69,F,VVS2,FALSE,3000
2025-03-21T04:42:44.277Z,RBC,1,0.5,0.69,F,SI1,FALSE,2100
2025-03-21T04:42:44.277Z,RBC,1,0.5,0.69,F,I3,FALSE,1000
2025-03-21T04:42:44.277Z,RBC,1,0.5,0.69,G,VVS1,FALSE,2900
2025-03-21T04:42:44.277Z,RBC,1,0.5,0.69,G,I1,FALSE,1300
2025-03-21T04:42:44.277Z,RBC,1,0.5,0.69,H,VVS1,FALSE,2400
2025-03-21T04:42:44.277Z,RBC,1,0.5,0.69,H,SI3,FALSE,1400
2025-03-21T04:42:44.277Z,RBC,1,0.4,0.49,M,VS2,FALSE,900
2025-03-21T04:42:44.277Z,RBC,1,0.5,0.69,D,IF,FALSE,5300
2025-03-21T04:42:44.277Z,RBC,1,0.5,0.69,D,SI1,FALSE,2400
2025-03-21T04:42:44.277Z,RBC,1,0.5,0.69,D,SI3,FALSE,1800
2025-03-21T04:42:44.277Z,RBC,1,0.5,0.69,D,I2,FALSE,1400
2025-03-21T04:42:44.277Z,RBC,1,0.5,0.69,D,I3,FALSE,1100
2025-03-21T04:42:44.277Z,RBC,1,0.5,0.69,E,IF,FALSE,4400
2025-03-21T04:42:44.277Z,RBC,1,0.5,0.69,E,VS2,FALSE,2500
2025-03-21T04:42:44.277Z,RBC,1,0.5,0.69,E,SI1,FALSE,2200
2025-03-21T04:42:44.277Z,RBC,1,0.5,0.69,F,VS2,FALSE,2400
2025-03-21T04:42:44.277Z,RBC,1,0.5,0.69,F,SI3,FALSE,1600
2025-03-21T04:42:44.277Z,RBC,1,0.5,0.69,F,I1,FALSE,1400
2025-03-21T04:42:44.277Z,RBC,1,0.5,0.69,G,IF,FALSE,3200
2025-03-21T04:42:44.277Z,RBC,1,0.5,0.69,G,SI1,FALSE,2000
2025-03-21T04:42:44.277Z,RBC,1,0.5,0.69,G,I3,FALSE,900
2025-03-21T04:42:44.277Z,RBC,1,0.5,0.69,H,VVS2,FALSE,2300
2025-03-21T04:42:44.277Z,RBC,1,0.4,0.49,M,I1,FALSE,600
2025-03-21T04:42:44.277Z,RBC,1,0.4,0.49,M,I2,FALSE,500
2025-03-21T04:42:44.277Z,RBC,1,0.5,0.69,D,SI2,FALSE,2000
2025-03-21T04:42:44.277Z,RBC,1,0.5,0.69,E,VVS1,FALSE,4000
2025-03-21T04:42:44.277Z,RBC,1,0.5,0.69,E,VVS2,FALSE,3300
2025-03-21T04:42:44.277Z,RBC,1,0.5,0.69,E,VS1,FALSE,2800
2025-03-21T04:42:44.277Z,RBC,1,0.5,0.69,E,SI3,FALSE,1700
2025-03-21T04:42:44.277Z,RBC,1,0.5,0.69,F,SI2,FALSE,1800
2025-03-21T04:42:44.277Z,RBC,1,0.5,0.69,G,VVS2,FALSE,2600
2025-03-21T04:42:44.277Z,RBC,1,0.5,0.69,G,VS2,FALSE,2300
2025-03-21T04:42:44.277Z,RBC,1,0.5,0.69,G,SI3,FALSE,1500
2025-03-21T04:42:44.277Z,RBC,1,0.5,0.69,G,I2,FALSE,1100
2025-03-21T04:42:44.277Z,RBC,1,0.5,0.69,H,IF,FALSE,2600
2025-03-21T04:42:44.277Z,RBC,1,0.5,0.69,H,VS1,FALSE,2200
2025-03-21T04:42:44.277Z,RBC,1,0.5,0.69,H,SI1,FALSE,1900
2025-03-21T04:42:44.277Z,RBC,1,0.5,0.69,H,I2,FALSE,1100
2025-03-21T04:42:44.277Z,RBC,1,0.4,0.49,M,VVS1,FALSE,1100
2025-03-21T04:42:44.277Z,RBC,1,0.4,0.49,M,VVS2,FALSE,1000
2025-03-21T04:42:44.277Z,RBC,1,0.4,0.49,M,SI2,FALSE,800
2025-03-21T04:42:44.277Z,RBC,1,0.4,0.49,M,I3,FALSE,400
2025-03-21T04:42:44.277Z,RBC,1,0.5,0.69,D,VVS2,FALSE,3600
2025-03-21T04:42:44.277Z,RBC,1,0.5,0.69,D,VS2,FALSE,2700
2025-03-21T04:42:44.277Z,RBC,1,0.5,0.69,E,I1,FALSE,1500
2025-03-21T04:42:44.277Z,RBC,1,0.5,0.69,E,I2,FALSE,1300
2025-03-21T04:42:44.277Z,RBC,1,0.5,0.69,F,VVS1,FALSE,3500
2025-03-21T04:42:44.277Z,RBC,1,0.5,0.69,F,VS1,FALSE,2600
2025-03-21T04:42:44.277Z,RBC,1,0.5,0.69,F,I2,FALSE,1200
2025-03-21T04:42:44.277Z,RBC,1,0.5,0.69,G,VS1,FALSE,2400
2025-03-21T04:42:44.277Z,RBC,1,0.5,0.69,G,SI2,FALSE,1700
2025-03-21T04:42:44.277Z,RBC,1,0.5,0.69,H,VS2,FALSE,2100
2025-03-21T04:42:44.277Z,RBC,1,0.5,0.69,H,SI2,FALSE,1600
2025-03-21T04:42:44.277Z,RBC,1,0.5,0.69,H,I1,FALSE,1200
2025-03-21T04:42:44.277Z,RBC,1,0.5,0.69,I,VS1,FALSE,1900
2025-03-21T04:42:44.277Z,RBC,1,0.5,0.69,I,VS2,FALSE,1800
2025-03-21T04:42:44.277Z,RBC,1,0.5,0.69,I,I3,FALSE,800
2025-03-21T04:42:44.277Z,RBC,1,0.5,0.69,J,VS1,FALSE,1600
2025-03-21T04:42:44.277Z,RBC,1,0.5,0.69,J,VS2,FALSE,1500
2025-03-21T04:42:44.277Z,RBC,1,0.5,0.69,J,SI2,FALSE,1300
2025-03-21T04:42:44.277Z,RBC,1,0.5,0.69,J,I1,FALSE,1100
2025-03-21T04:42:44.277Z,RBC,1,0.5,0.69,K,IF,FALSE,1700
2025-03-21T04:42:44.277Z,RBC,1,0.5,0.69,K,VVS1,FALSE,1600
2025-03-21T04:42:44.277Z,RBC,1,0.5,0.69,K,VS2,FALSE,1300
2025-03-21T04:42:44.277Z,RBC,1,0.5,0.69,K,SI2,FALSE,1100
2025-03-21T04:42:44.277Z,RBC,1,0.5,0.69,L,I1,FALSE,900
2025-03-21T04:42:44.277Z,RBC,1,0.5,0.69,M,VS2,FALSE,1000
2025-03-21T04:42:44.277Z,RBC,1,0.5,0.69,M,I1,FALSE,900
2025-03-21T04:42:44.277Z,RBC,1,0.5,0.69,M,I3,FALSE,500
2025-03-21T04:42:44.277Z,RBC,1,0.7,0.89,D,I3,FALSE,1200
2025-03-21T04:42:44.277Z,RBC,1,0.7,0.89,E,VVS1,FALSE,5100
2025-03-21T04:42:44.277Z,RBC,1,0.7,0.89,E,SI3,FALSE,2300
2025-03-21T04:42:44.277Z,RBC,1,0.7,0.89,E,I3,FALSE,1100
2025-03-21T04:42:44.277Z,RBC,1,0.7,0.89,F,VVS2,FALSE,4000
2025-03-21T04:42:44.277Z,RBC,1,0.7,0.89,F,VS2,FALSE,3000
2025-03-21T04:42:44.277Z,RBC,1,0.7,0.89,F,SI1,FALSE,2700
2025-03-21T04:42:44.277Z,RBC,1,0.7,0.89,G,VS2,FALSE,2800
2025-03-21T04:42:44.277Z,RBC,1,0.7,0.89,G,I2,FALSE,1600
2025-03-21T04:42:44.277Z,RBC,1,0.7,0.89,H,VS1,FALSE,2800
2025-03-21T04:42:44.277Z,RBC,1,0.7,0.89,H,VS2,FALSE,2600
2025-03-21T04:42:44.277Z,RBC,1,0.7,0.89,H,SI2,FALSE,2000
2025-03-21T04:42:44.277Z,RBC,1,0.7,0.89,H,SI3,FALSE,1900
2025-03-21T04:42:44.277Z,RBC,1,0.7,0.89,I,VVS2,FALSE,2500
2025-03-21T04:42:44.277Z,RBC,1,0.7,0.89,I,I3,FALSE,900
2025-03-21T04:42:44.277Z,RBC,1,0.7,0.89,J,IF,FALSE,2500
2025-03-21T04:42:44.277Z,RBC,1,0.7,0.89,J,VVS1,FALSE,2300
2025-03-21T04:42:44.277Z,RBC,1,0.5,0.69,H,I3,FALSE,800
2025-03-21T04:42:44.277Z,RBC,1,0.5,0.69,I,VVS1,FALSE,2100
2025-03-21T04:42:44.277Z,RBC,1,0.5,0.69,I,I1,FALSE,1200
2025-03-21T04:42:44.277Z,RBC,1,0.5,0.69,J,SI3,FALSE,1200
2025-03-21T04:42:44.277Z,RBC,1,0.5,0.69,J,I2,FALSE,1000
2025-03-21T04:42:44.277Z,RBC,1,0.5,0.69,K,VVS2,FALSE,1500
2025-03-21T04:42:44.277Z,RBC,1,0.5,0.69,K,VS1,FALSE,1400
2025-03-21T04:42:44.277Z,RBC,1,0.5,0.69,K,SI3,FALSE,1100
2025-03-21T04:42:44.277Z,RBC,1,0.5,0.69,K,I2,FALSE,900
2025-03-21T04:42:44.277Z,RBC,1,0.5,0.69,L,VVS2,FALSE,1300
2025-03-21T04:42:44.277Z,RBC,1,0.5,0.69,L,SI2,FALSE,1000
2025-03-21T04:42:44.277Z,RBC,1,0.5,0.69,L,SI3,FALSE,1000
2025-03-21T04:42:44.277Z,RBC,1,0.5,0.69,L,I2,FALSE,800
2025-03-21T04:42:44.277Z,RBC,1,0.5,0.69,M,VVS1,FALSE,1300
2025-03-21T04:42:44.277Z,RBC,1,0.5,0.69,M,SI3,FALSE,900
2025-03-21T04:42:44.277Z,RBC,1,0.7,0.89,D,VVS1,FALSE,5800
2025-03-21T04:42:44.277Z,RBC,1,0.7,0.89,D,VS2,FALSE,3400
2025-03-21T04:42:44.277Z,RBC,1,0.7,0.89,D,SI2,FALSE,2700
2025-03-21T04:42:44.277Z,RBC,1,0.7,0.89,D,I1,FALSE,2300
2025-03-21T04:42:44.277Z,RBC,1,0.7,0.89,E,VS1,FALSE,3700
2025-03-21T04:42:44.277Z,RBC,1,0.7,0.89,F,VVS1,FALSE,4600
2025-03-21T04:42:44.277Z,RBC,1,0.7,0.89,F,SI3,FALSE,2100
2025-03-21T04:42:44.277Z,RBC,1,0.7,0.89,F,I1,FALSE,2000
2025-03-21T04:42:44.277Z,RBC,1,0.7,0.89,G,I1,FALSE,1900
2025-03-21T04:42:44.277Z,RBC,1,0.7,0.89,G,I3,FALSE,1000
2025-03-21T04:42:44.277Z,RBC,1,0.7,0.89,I,IF,FALSE,3000
2025-03-21T04:42:44.277Z,RBC,1,0.7,0.89,I,VVS1,FALSE,2700
2025-03-21T04:42:44.277Z,RBC,1,0.7,0.89,I,SI1,FALSE,2000
2025-03-21T04:42:44.277Z,RBC,1,0.7,0.89,I,I1,FALSE,1600
2025-03-21T04:42:44.277Z,RBC,1,0.7,0.89,J,VVS2,FALSE,2100
2025-03-21T04:42:44.277Z,RBC,1,0.5,0.69,I,VVS2,FALSE,2000
2025-03-21T04:42:44.277Z,RBC,1,0.5,0.69,I,I2,FALSE,1000
2025-03-21T04:42:44.277Z,RBC,1,0.5,0.69,J,IF,FALSE,2000
2025-03-21T04:42:44.277Z,RBC,1,0.5,0.69,J,I3,FALSE,700
2025-03-21T04:42:44.277Z,RBC,1,0.5,0.69,K,SI1,FALSE,1200
2025-03-21T04:42:44.277Z,RBC,1,0.5,0.69,K,I1,FALSE,1000
2025-03-21T04:42:44.277Z,RBC,1,0.5,0.69,K,I3,FALSE,700
2025-03-21T04:42:44.277Z,RBC,1,0.5,0.69,L,VVS1,FALSE,1400
2025-03-21T04:42:44.277Z,RBC,1,0.5,0.69,L,VS2,FALSE,1100
2025-03-21T04:42:44.277Z,RBC,1,0.5,0.69,L,SI1,FALSE,1100
2025-03-21T04:42:44.277Z,RBC,1,0.5,0.69,L,I3,FALSE,600
2025-03-21T04:42:44.277Z,RBC,1,0.5,0.69,M,VVS2,FALSE,1200
2025-03-21T04:42:44.277Z,RBC,1,0.5,0.69,M,SI1,FALSE,1000
2025-03-21T04:42:44.277Z,RBC,1,0.5,0.69,M,SI2,FALSE,900
2025-03-21T04:42:44.277Z,RBC,1,0.5,0.69,M,I2,FALSE,700
2025-03-21T04:42:44.277Z,RBC,1,0.7,0.89,D,SI1,FALSE,3100
2025-03-21T04:42:44.277Z,RBC,1,0.7,0.89,D,I2,FALSE,1900
2025-03-21T04:42:44.277Z,RBC,1,0.7,0.89,E,VS2,FALSE,3200
2025-03-21T04:42:44.277Z,RBC,1,0.7,0.89,E,SI2,FALSE,2500
2025-03-21T04:42:44.277Z,RBC,1,0.7,0.89,E,I1,FALSE,2100
2025-03-21T04:42:44.277Z,RBC,1,0.7,0.89,E,I2,FALSE,1800
2025-03-21T04:42:44.277Z,RBC,1,0.7,0.89,F,IF,FALSE,5000
2025-03-21T04:42:44.277Z,RBC,1,0.7,0.89,F,SI2,FALSE,2300
2025-03-21T04:42:44.277Z,RBC,1,0.7,0.89,F,I3,FALSE,1100
2025-03-21T04:42:44.277Z,RBC,1,0.7,0.89,G,VVS2,FALSE,3500
2025-03-21T04:42:44.277Z,RBC,1,0.7,0.89,G,SI1,FALSE,2500
2025-03-21T04:42:44.277Z,RBC,1,0.7,0.89,H,VVS1,FALSE,3100
2025-03-21T04:42:44.277Z,RBC,1,0.7,0.89,H,I3,FALSE,900
2025-03-21T04:42:44.277Z,RBC,1,0.7,0.89,I,VS1,FALSE,2400
2025-03-21T04:42:44.277Z,RBC,1,0.7,0.89,I,SI2,FALSE,1800
2025-03-21T04:42:44.277Z,RBC,1,0.7,0.89,I,SI3,FALSE,1700
2025-03-21T04:42:44.277Z,RBC,1,0.7,0.89,J,VS2,FALSE,1900
2025-03-21T04:42:44.277Z,RBC,1,0.7,0.89,J,SI1,FALSE,1800
2025-03-21T04:42:44.277Z,RBC,1,0.5,0.69,I,IF,FALSE,2300
2025-03-21T04:42:44.277Z,RBC,1,0.5,0.69,I,SI1,FALSE,1700
2025-03-21T04:42:44.277Z,RBC,1,0.5,0.69,I,SI2,FALSE,1500
2025-03-21T04:42:44.277Z,RBC,1,0.5,0.69,I,SI3,FALSE,1300
2025-03-21T04:42:44.277Z,RBC,1,0.5,0.69,J,VVS1,FALSE,1800
2025-03-21T04:42:44.277Z,RBC,1,0.5,0.69,J,VVS2,FALSE,1700
2025-03-21T04:42:44.277Z,RBC,1,0.5,0.69,J,SI1,FALSE,1400
2025-03-21T04:42:44.277Z,RBC,1,0.5,0.69,L,IF,FALSE,1500
2025-03-21T04:42:44.277Z,RBC,1,0.5,0.69,L,VS1,FALSE,1200
2025-03-21T04:42:44.277Z,RBC,1,0.5,0.69,M,IF,FALSE,1400
2025-03-21T04:42:44.277Z,RBC,1,0.5,0.69,M,VS1,FALSE,1100
2025-03-21T04:42:44.277Z,RBC,1,0.7,0.89,D,IF,FALSE,7000
2025-03-21T04:42:44.277Z,RBC,1,0.7,0.89,D,VVS2,FALSE,4500
2025-03-21T04:42:44.277Z,RBC,1,0.7,0.89,D,VS1,FALSE,3900
2025-03-21T04:42:44.277Z,RBC,1,0.7,0.89,D,SI3,FALSE,2500
2025-03-21T04:42:44.277Z,RBC,1,0.7,0.89,E,IF,FALSE,5700
2025-03-21T04:42:44.277Z,RBC,1,0.7,0.89,E,VVS2,FALSE,4200
2025-03-21T04:42:44.277Z,RBC,1,0.7,0.89,E,SI1,FALSE,2900
2025-03-21T04:42:44.277Z,RBC,1,0.7,0.89,F,VS1,FALSE,3500
2025-03-21T04:42:44.277Z,RBC,1,0.7,0.89,F,I2,FALSE,1700
2025-03-21T04:42:44.277Z,RBC,1,0.7,0.89,G,IF,FALSE,4200
2025-03-21T04:42:44.277Z,RBC,1,0.7,0.89,G,VVS1,FALSE,3900
2025-03-21T04:42:44.277Z,RBC,1,0.7,0.89,G,VS1,FALSE,3200
2025-03-21T04:42:44.277Z,RBC,1,0.7,0.89,G,SI2,FALSE,2200
2025-03-21T04:42:44.277Z,RBC,1,0.7,0.89,G,SI3,FALSE,2000
2025-03-21T04:42:44.277Z,RBC,1,0.7,0.89,H,IF,FALSE,3400
2025-03-21T04:42:44.277Z,RBC,1,0.7,0.89,H,VVS2,FALSE,2900
2025-03-21T04:42:44.277Z,RBC,1,0.7,0.89,H,SI1,FALSE,2300
2025-03-21T04:42:44.277Z,RBC,1,0.7,0.89,H,I1,FALSE,1800
2025-03-21T04:42:44.277Z,RBC,1,0.7,0.89,H,I2,FALSE,1500
2025-03-21T04:42:44.277Z,RBC,1,0.7,0.89,I,VS2,FALSE,2200
2025-03-21T04:42:44.277Z,RBC,1,0.7,0.89,I,I2,FALSE,1400
2025-03-21T04:42:44.277Z,RBC,1,0.7,0.89,J,VS1,FALSE,2000
2025-03-21T04:42:44.277Z,RBC,1,0.7,0.89,K,VS1,FALSE,1800
2025-03-21T04:42:44.277Z,RBC,1,0.7,0.89,K,SI2,FALSE,1500
2025-03-21T04:42:44.277Z,RBC,1,0.7,0.89,L,VS2,FALSE,1500
2025-03-21T04:42:44.277Z,RBC,1,0.7,0.89,L,SI2,FALSE,1300
2025-03-21T04:42:44.277Z,RBC,1,0.7,0.89,M,VS2,FALSE,1300
2025-03-21T04:42:44.277Z,RBC,1,0.7,0.89,M,SI1,FALSE,1300
2025-03-21T04:42:44.277Z,RBC,1,0.7,0.89,M,SI2,FALSE,1200
2025-03-21T04:42:44.277Z,RBC,1,0.9,0.99,D,IF,FALSE,10400
2025-03-21T04:42:44.277Z,RBC,1,0.9,0.99,D,I1,FALSE,2900
2025-03-21T04:42:44.277Z,RBC,1,0.9,0.99,D,I3,FALSE,1500
2025-03-21T04:42:44.277Z,RBC,1,0.9,0.99,E,IF,FALSE,9500
2025-03-21T04:42:44.277Z,RBC,1,0.9,0.99,E,SI3,FALSE,3100
2025-03-21T04:42:44.277Z,RBC,1,0.9,0.99,E,I2,FALSE,2100
2025-03-21T04:42:44.277Z,RBC,1,0.9,0.99,E,I3,FALSE,1400
2025-03-21T04:42:44.277Z,RBC,1,0.7,0.89,J,SI3,FALSE,1500
2025-03-21T04:42:44.277Z,RBC,1,0.7,0.89,K,I1,FALSE,1300
2025-03-21T04:42:44.277Z,RBC,1,0.7,0.89,L,IF,FALSE,2100
2025-03-21T04:42:44.277Z,RBC,1,0.7,0.89,L,VVS2,FALSE,1700
2025-03-21T04:42:44.277Z,RBC,1,0.7,0.89,L,I2,FALSE,900
2025-03-21T04:42:44.277Z,RBC,1,0.7,0.89,L,I3,FALSE,700
2025-03-21T04:42:44.277Z,RBC,1,0.7,0.89,M,VVS1,FALSE,1700
2025-03-21T04:42:44.277Z,RBC,1,0.7,0.89,M,VS1,FALSE,1400
2025-03-21T04:42:44.277Z,RBC,1,0.7,0.89,M,I1,FALSE,1100
2025-03-21T04:42:44.277Z,RBC,1,0.9,0.99,D,VS1,FALSE,6000
2025-03-21T04:42:44.277Z,RBC,1,0.9,0.99,D,SI3,FALSE,3300
2025-03-21T04:42:44.277Z,RBC,1,0.9,0.99,E,SI1,FALSE,4200
2025-03-21T04:42:44.277Z,RBC,1,0.9,0.99,F,IF,FALSE,8700
2025-03-21T04:42:44.277Z,RBC,1,0.9,0.99,F,VVS1,FALSE,8000
2025-03-21T04:42:44.277Z,RBC,1,0.9,0.99,F,VVS2,FALSE,6400
2025-03-21T04:42:44.277Z,RBC,1,0.9,0.99,F,VS1,FALSE,5100
2025-03-21T04:42:44.277Z,RBC,1,0.7,0.89,J,SI2,FALSE,1600
2025-03-21T04:42:44.277Z,RBC,1,0.7,0.89,J,I1,FALSE,1400
2025-03-21T04:42:44.277Z,RBC,1,0.7,0.89,K,SI1,FALSE,1600
2025-03-21T04:42:44.277Z,RBC,1,0.7,0.89,K,I3,FALSE,800
2025-03-21T04:42:44.277Z,RBC,1,0.7,0.89,L,VS1,FALSE,1600
2025-03-21T04:42:44.277Z,RBC,1,0.7,0.89,L,SI1,FALSE,1400
2025-03-21T04:42:44.277Z,RBC,1,0.7,0.89,L,I1,FALSE,1200
2025-03-21T04:42:44.277Z,RBC,1,0.7,0.89,M,SI3,FALSE,1100
2025-03-21T04:42:44.277Z,RBC,1,0.7,0.89,M,I2,FALSE,800
2025-03-21T04:42:44.277Z,RBC,1,0.9,0.99,D,VVS1,FALSE,9400
2025-03-21T04:42:44.277Z,RBC,1,0.9,0.99,D,VVS2,FALSE,7500
2025-03-21T04:42:44.277Z,RBC,1,0.9,0.99,D,SI1,FALSE,4600
2025-03-21T04:42:44.277Z,RBC,1,0.9,0.99,D,SI2,FALSE,3800
2025-03-21T04:42:44.277Z,RBC,1,0.9,0.99,E,VVS1,FALSE,8600
2025-03-21T04:42:44.277Z,RBC,1,0.9,0.99,E,VVS2,FALSE,6900
2025-03-21T04:42:44.277Z,RBC,1,0.9,0.99,E,VS1,FALSE,5500
2025-03-21T04:42:44.277Z,RBC,1,0.9,0.99,E,SI2,FALSE,3400
2025-03-21T04:42:44.277Z,RBC,1,0.7,0.89,J,I2,FALSE,1300
2025-03-21T04:42:44.277Z,RBC,1,0.7,0.89,J,I3,FALSE,800
2025-03-21T04:42:44.277Z,RBC,1,0.7,0.89,K,IF,FALSE,2300
2025-03-21T04:42:44.277Z,RBC,1,0.7,0.89,K,VVS1,FALSE,2100
2025-03-21T04:42:44.277Z,RBC,1,0.7,0.89,K,VVS2,FALSE,1900
2025-03-21T04:42:44.277Z,RBC,1,0.7,0.89,K,VS2,FALSE,1700
2025-03-21T04:42:44.277Z,RBC,1,0.7,0.89,K,SI3,FALSE,1400
2025-03-21T04:42:44.277Z,RBC,1,0.7,0.89,K,I2,FALSE,1100
2025-03-21T04:42:44.277Z,RBC,1,0.7,0.89,L,VVS1,FALSE,1900
2025-03-21T04:42:44.277Z,RBC,1,0.7,0.89,L,SI3,FALSE,1200
2025-03-21T04:42:44.277Z,RBC,1,0.7,0.89,M,IF,FALSE,1900
2025-03-21T04:42:44.277Z,RBC,1,0.7,0.89,M,VVS2,FALSE,1500
2025-03-21T04:42:44.277Z,RBC,1,0.7,0.89,M,I3,FALSE,600
2025-03-21T04:42:44.277Z,RBC,1,0.9,0.99,D,VS2,FALSE,5200
2025-03-21T04:42:44.277Z,RBC,1,0.9,0.99,D,I2,FALSE,2200
2025-03-21T04:42:44.277Z,RBC,1,0.9,0.99,E,VS2,FALSE,4800
2025-03-21T04:42:44.277Z,RBC,1,0.9,0.99,E,I1,FALSE,2700
2025-03-21T04:42:44.277Z,RBC,1,0.9,0.99,F,SI3,FALSE,2800
2025-03-21T04:42:44.277Z,RBC,1,0.9,0.99,F,SI2,FALSE,3100
2025-03-21T04:42:44.277Z,RBC,1,0.9,0.99,F,I2,FALSE,2000
2025-03-21T04:42:44.277Z,RBC,1,0.9,0.99,G,SI2,FALSE,2900
2025-03-21T04:42:44.277Z,RBC,1,0.9,0.99,G,I1,FALSE,2500
2025-03-21T04:42:44.277Z,RBC,1,0.9,0.99,G,I3,FALSE,1200
2025-03-21T04:42:44.277Z,RBC,1,0.9,0.99,H,I1,FALSE,2400
2025-03-21T04:42:44.277Z,RBC,1,0.9,0.99,I,VVS1,FALSE,4300
2025-03-21T04:42:44.277Z,RBC,1,0.9,0.99,I,VVS2,FALSE,3900
2025-03-21T04:42:44.277Z,RBC,1,0.9,0.99,I,VS1,FALSE,3500
2025-03-21T04:42:44.277Z,RBC,1,0.9,0.99,I,I2,FALSE,1700
2025-03-21T04:42:44.277Z,RBC,1,0.9,0.99,J,VVS2,FALSE,3200
2025-03-21T04:42:44.277Z,RBC,1,0.9,0.99,J,VS2,FALSE,2700
2025-03-21T04:42:44.277Z,RBC,1,0.9,0.99,J,SI2,FALSE,2400
2025-03-21T04:42:44.277Z,RBC,1,0.9,0.99,J,I3,FALSE,1000
2025-03-21T04:42:44.277Z,RBC,1,0.9,0.99,K,VS1,FALSE,2600
2025-03-21T04:42:44.277Z,RBC,1,0.9,0.99,K,I2,FALSE,1500
2025-03-21T04:42:44.277Z,RBC,1,0.9,0.99,G,IF,FALSE,6900
2025-03-21T04:42:44.277Z,RBC,1,0.9,0.99,G,VS1,FALSE,4600
2025-03-21T04:42:44.277Z,RBC,1,0.9,0.99,G,VS2,FALSE,4200
2025-03-21T04:42:44.277Z,RBC,1,0.9,0.99,G,SI1,FALSE,3600
2025-03-21T04:42:44.277Z,RBC,1,0.9,0.99,H,SI2,FALSE,2700
2025-03-21T04:42:44.277Z,RBC,1,0.9,0.99,H,SI3,FALSE,2600
2025-03-21T04:42:44.277Z,RBC,1,0.9,0.99,I,SI3,FALSE,2400
2025-03-21T04:42:44.277Z,RBC,1,0.9,0.99,I,I1,FALSE,2200
2025-03-21T04:42:44.277Z,RBC,1,0.9,0.99,J,SI1,FALSE,2600
2025-03-21T04:42:44.277Z,RBC,1,0.9,0.99,J,I2,FALSE,1600
2025-03-21T04:42:44.277Z,RBC,1,0.9,0.99,K,VS2,FALSE,2400
2025-03-21T04:42:44.277Z,RBC,1,0.9,0.99,K,I1,FALSE,1800
2025-03-21T04:42:44.277Z,RBC,1,0.9,0.99,K,I3,FALSE,900
2025-03-21T04:42:44.277Z,RBC,1,0.9,0.99,L,IF,FALSE,2800
2025-03-21T04:42:44.277Z,RBC,1,0.9,0.99,F,VS2,FALSE,4500
2025-03-21T04:42:44.277Z,RBC,1,0.9,0.99,F,SI1,FALSE,3900
2025-03-21T04:42:44.277Z,RBC,1,0.9,0.99,F,I1,FALSE,2600
2025-03-21T04:42:44.277Z,RBC,1,0.9,0.99,F,I3,FALSE,1300
2025-03-21T04:42:44.277Z,RBC,1,0.9,0.99,G,VVS1,FALSE,6400
2025-03-21T04:42:44.277Z,RBC,1,0.9,0.99,G,I2,FALSE,1900
2025-03-21T04:42:44.277Z,RBC,1,0.9,0.99,H,IF,FALSE,5200
2025-03-21T04:42:44.277Z,RBC,1,0.9,0.99,H,VS1,FALSE,3900
2025-03-21T04:42:44.277Z,RBC,1,0.9,0.99,H,SI1,FALSE,3300
2025-03-21T04:42:44.277Z,RBC,1,0.9,0.99,H,I2,FALSE,1800
2025-03-21T04:42:44.277Z,RBC,1,0.9,0.99,H,I3,FALSE,1200
2025-03-21T04:42:44.277Z,RBC,1,0.9,0.99,I,SI2,FALSE,2600
2025-03-21T04:42:44.277Z,RBC,1,0.9,0.99,J,VVS1,FALSE,3500
2025-03-21T04:42:44.277Z,RBC,1,0.9,0.99,K,IF,FALSE,3400
2025-03-21T04:42:44.277Z,RBC,1,0.9,0.99,K,VVS1,FALSE,3100
2025-03-21T04:42:44.277Z,RBC,1,0.9,0.99,K,SI1,FALSE,2300
2025-03-21T04:42:44.277Z,RBC,1,0.9,0.99,K,SI2,FALSE,2100
2025-03-21T04:42:44.277Z,RBC,1,0.9,0.99,L,VVS1,FALSE,2600
2025-03-21T04:42:44.277Z,RBC,1,0.9,0.99,G,VVS2,FALSE,5500
2025-03-21T04:42:44.277Z,RBC,1,0.9,0.99,G,SI3,FALSE,2700
2025-03-21T04:42:44.277Z,RBC,1,0.9,0.99,H,VVS1,FALSE,4800
2025-03-21T04:42:44.277Z,RBC,1,0.9,0.99,H,VVS2,FALSE,4400
2025-03-21T04:42:44.277Z,RBC,1,0.9,0.99,H,VS2,FALSE,3600
2025-03-21T04:42:44.277Z,RBC,1,0.9,0.99,I,IF,FALSE,4700
2025-03-21T04:42:44.277Z,RBC,1,0.9,0.99,I,VS2,FALSE,3200
2025-03-21T04:42:44.277Z,RBC,1,0.9,0.99,I,SI1,FALSE,3000
2025-03-21T04:42:44.277Z,RBC,1,0.9,0.99,I,I3,FALSE,1100
2025-03-21T04:42:44.277Z,RBC,1,0.9,0.99,J,IF,FALSE,3800
2025-03-21T04:42:44.277Z,RBC,1,0.9,0.99,J,VS1,FALSE,2900
2025-03-21T04:42:44.277Z,RBC,1,0.9,0.99,J,SI3,FALSE,2200
2025-03-21T04:42:44.277Z,RBC,1,0.9,0.99,J,I1,FALSE,2000
2025-03-21T04:42:44.277Z,RBC,1,0.9,0.99,K,VVS2,FALSE,2800
2025-03-21T04:42:44.277Z,RBC,1,0.9,0.99,K,SI3,FALSE,2000
2025-03-21T04:42:44.277Z,RBC,1,0.9,0.99,L,VVS2,FALSE,2400
2025-03-21T04:42:44.277Z,RBC,1,0.9,0.99,M,VVS2,FALSE,2000
2025-03-21T04:42:44.277Z,RBC,1,0.9,0.99,M,VS2,FALSE,1700
2025-03-21T04:42:44.277Z,RBC,1,0.9,0.99,M,SI3,FALSE,1500
2025-03-21T04:42:44.277Z,RBC,1,0.9,0.99,M,I1,FALSE,1400
2025-03-21T04:42:44.277Z,RBC,1,0.9,0.99,M,I2,FALSE,1100
2025-03-21T04:42:44.277Z,RBC,1,1,1.49,D,VS1,FALSE,8700
2025-03-21T04:42:44.277Z,RBC,1,1,1.49,E,SI2,FALSE,4500
2025-03-21T04:42:44.277Z,RBC,1,0.9,0.99,L,VS1,FALSE,2200
2025-03-21T04:42:44.277Z,RBC,1,1,1.49,E,I2,FALSE,2400
2025-03-21T04:42:44.277Z,RBC,1,0.9,0.99,L,VS2,FALSE,2000
2025-03-21T04:42:44.277Z,RBC,1,1,1.49,F,VS2,FALSE,6000
2025-03-21T04:42:44.277Z,RBC,1,1,1.49,F,SI1,FALSE,5200
2025-03-21T04:42:44.277Z,RBC,1,0.9,0.99,L,SI1,FALSE,1900
2025-03-21T04:42:44.277Z,RBC,1,1,1.49,F,I3,FALSE,1400
2025-03-21T04:42:44.277Z,RBC,1,0.9,0.99,L,I1,FALSE,1700
2025-03-21T04:42:44.277Z,RBC,1,1,1.49,G,VS2,FALSE,5400
2025-03-21T04:42:44.277Z,RBC,1,0.9,0.99,M,IF,FALSE,2400
2025-03-21T04:42:44.277Z,RBC,1,1,1.49,G,I3,FALSE,1300
2025-03-21T04:42:44.277Z,RBC,1,1,1.49,D,I1,FALSE,3800
2025-03-21T04:42:44.277Z,RBC,1,1,1.49,D,I3,FALSE,1600
2025-03-21T04:42:44.277Z,RBC,1,1,1.49,E,IF,FALSE,12500
2025-03-21T04:42:44.277Z,RBC,1,1,1.49,E,VVS1,FALSE,11100
2025-03-21T04:42:44.277Z,RBC,1,1,1.49,E,VVS2,FALSE,9300
2025-03-21T04:42:44.277Z,RBC,1,1,1.49,E,VS2,FALSE,6600
2025-03-21T04:42:44.277Z,RBC,1,1,1.49,F,I1,FALSE,3300
2025-03-21T04:42:44.277Z,RBC,1,1,1.49,F,I2,FALSE,2300
2025-03-21T04:42:44.277Z,RBC,1,1,1.49,G,VVS1,FALSE,7700
2025-03-21T04:42:44.277Z,RBC,1,1,1.49,G,SI2,FALSE,4000
2025-03-21T04:42:44.277Z,RBC,1,1,1.49,G,SI3,FALSE,3500
2025-03-21T04:42:44.277Z,RBC,1,0.9,0.99,L,SI2,FALSE,1800
2025-03-21T04:42:44.277Z,RBC,1,0.9,0.99,L,SI3,FALSE,1800
2025-03-21T04:42:44.277Z,RBC,1,0.9,0.99,L,I2,FALSE,1300
2025-03-21T04:42:44.277Z,RBC,1,0.9,0.99,M,VS1,FALSE,1900
2025-03-21T04:42:44.277Z,RBC,1,0.9,0.99,M,SI1,FALSE,1600
2025-03-21T04:42:44.277Z,RBC,1,1,1.49,D,SI1,FALSE,6000
2025-03-21T04:42:44.277Z,RBC,1,1,1.49,D,SI2,FALSE,4800
2025-03-21T04:42:44.277Z,RBC,1,1,1.49,D,SI3,FALSE,4300
2025-03-21T04:42:44.277Z,RBC,1,1,1.49,D,I2,FALSE,2500
2025-03-21T04:42:44.277Z,RBC,1,1,1.49,E,I1,FALSE,3500
2025-03-21T04:42:44.277Z,RBC,1,1,1.49,F,VVS1,FALSE,9700
2025-03-21T04:42:44.277Z,RBC,1,1,1.49,F,SI3,FALSE,3700
2025-03-21T04:42:44.277Z,RBC,1,1,1.49,G,IF,FALSE,8200
2025-03-21T04:42:44.277Z,RBC,1,1,1.49,G,VVS2,FALSE,7000
2025-03-21T04:42:44.277Z,RBC,1,1,1.49,G,I2,FALSE,2200
2025-03-21T04:42:44.277Z,RBC,1,0.9,0.99,L,I3,FALSE,800
2025-03-21T04:42:44.277Z,RBC,1,0.9,0.99,M,VVS1,FALSE,2200
2025-03-21T04:42:44.277Z,RBC,1,0.9,0.99,M,SI2,FALSE,1500
2025-03-21T04:42:44.277Z,RBC,1,0.9,0.99,M,I3,FALSE,700
2025-03-21T04:42:44.277Z,RBC,1,1,1.49,D,IF,FALSE,16000
2025-03-21T04:42:44.277Z,RBC,1,1,1.49,D,VVS1,FALSE,12800
2025-03-21T04:42:44.277Z,RBC,1,1,1.49,D,VVS2,FALSE,10200
2025-03-21T04:42:44.277Z,RBC,1,1,1.49,D,VS2,FALSE,7300
2025-03-21T04:42:44.277Z,RBC,1,1,1.49,E,VS1,FALSE,7900
2025-03-21T04:42:44.277Z,RBC,1,1,1.49,E,SI1,FALSE,5600
2025-03-21T04:42:44.277Z,RBC,1,1,1.49,E,SI3,FALSE,4000
2025-03-21T04:42:44.277Z,RBC,1,1,1.49,E,I3,FALSE,1500
2025-03-21T04:42:44.277Z,RBC,1,1,1.49,F,IF,FALSE,10700
2025-03-21T04:42:44.277Z,RBC,1,1,1.49,F,VVS2,FALSE,8400
2025-03-21T04:42:44.277Z,RBC,1,1,1.49,F,VS1,FALSE,7200
2025-03-21T04:42:44.277Z,RBC,1,1,1.49,F,SI2,FALSE,4200
2025-03-21T04:42:44.277Z,RBC,1,1,1.49,G,VS1,FALSE,6200
2025-03-21T04:42:44.277Z,RBC,1,1,1.49,G,SI1,FALSE,4800
2025-03-21T04:42:44.277Z,RBC,1,1,1.49,G,I1,FALSE,3100
2025-03-21T04:42:44.277Z,RBC,1,1,1.49,H,IF,FALSE,6100
2025-03-21T04:42:44.277Z,RBC,1,1,1.49,H,VS1,FALSE,5200
2025-03-21T04:42:44.277Z,RBC,1,1,1.49,H,VS2,FALSE,4800
2025-03-21T04:42:44.277Z,RBC,1,1,1.49,H,I1,FALSE,2900
2025-03-21T04:42:44.277Z,RBC,1,1,1.49,I,SI2,FALSE,3400
2025-03-21T04:42:44.277Z,RBC,1,1,1.49,I,I1,FALSE,2700
2025-03-21T04:42:44.277Z,RBC,1,1,1.49,I,I2,FALSE,2000
2025-03-21T04:42:44.277Z,RBC,1,1,1.49,J,IF,FALSE,4300
2025-03-21T04:42:44.277Z,RBC,1,1,1.49,J,VS1,FALSE,3400
2025-03-21T04:42:44.277Z,RBC,1,1,1.49,J,SI3,FALSE,2800
2025-03-21T04:42:44.277Z,RBC,1,1,1.49,J,I1,FALSE,2600
2025-03-21T04:42:44.277Z,RBC,1,1,1.49,K,VS1,FALSE,2900
2025-03-21T04:42:44.277Z,RBC,1,1,1.49,K,SI2,FALSE,2500
2025-03-21T04:42:44.277Z,RBC,1,1,1.49,K,SI3,FALSE,2400
2025-03-21T04:42:44.277Z,RBC,1,1,1.49,K,I2,FALSE,1800
2025-03-21T04:42:44.277Z,RBC,1,1,1.49,L,IF,FALSE,3100
2025-03-21T04:42:44.277Z,RBC,1,1,1.49,L,VVS2,FALSE,2600
2025-03-21T04:42:44.277Z,RBC,1,1,1.49,L,VS2,FALSE,2400
2025-03-21T04:42:44.277Z,RBC,1,1,1.49,M,IF,FALSE,2700
2025-03-21T04:42:44.277Z,RBC,1,1,1.49,M,VVS2,FALSE,2400
2025-03-21T04:42:44.277Z,RBC,1,1,1.49,M,VS2,FALSE,2100
2025-03-21T04:42:44.277Z,RBC,1,1,1.49,M,SI1,FALSE,2000
2025-03-21T04:42:44.277Z,RBC,1,1.5,1.99,D,SI1,FALSE,9600
2025-03-21T04:42:44.277Z,RBC,1,1.5,1.99,D,I1,FALSE,5700
2025-03-21T04:42:44.277Z,RBC,1,1.5,1.99,E,VVS2,FALSE,14300
2025-03-21T04:42:44.277Z,RBC,1,1.5,1.99,E,SI1,FALSE,8900
2025-03-21T04:42:44.277Z,RBC,1,1.5,1.99,E,SI2,FALSE,7100
2025-03-21T04:42:44.277Z,RBC,1,1.5,1.99,E,I2,FALSE,3300
2025-03-21T04:42:44.277Z,RBC,1,1.5,1.99,F,VVS1,FALSE,15300
2025-03-21T04:42:44.277Z,RBC,1,1.5,1.99,F,SI1,FALSE,8400
2025-03-21T04:42:44.277Z,RBC,1,1.5,1.99,G,VVS2,FALSE,11400
2025-03-21T04:42:44.277Z,RBC,1,1.5,1.99,G,I1,FALSE,4800
2025-03-21T04:42:44.277Z,RBC,1,1.5,1.99,H,VVS1,FALSE,10000
2025-03-21T04:42:44.277Z,RBC,1,1.5,1.99,H,VVS2,FALSE,9100
2025-03-21T04:42:44.277Z,RBC,1,1.5,1.99,H,VS1,FALSE,8100
2025-03-21T04:42:44.277Z,RBC,1,1.5,1.99,H,SI2,FALSE,5700
2025-03-21T04:42:44.277Z,RBC,1,1.5,1.99,I,IF,FALSE,8700
2025-03-21T04:42:44.277Z,RBC,1,1.5,1.99,I,SI1,FALSE,5900
2025-03-21T04:42:44.277Z,RBC,1,1.5,1.99,I,I1,FALSE,4000
2025-03-21T04:42:44.277Z,RBC,1,1.5,1.99,K,VVS1,FALSE,5600
2025-03-21T04:42:44.277Z,RBC,1,1.5,1.99,K,VVS2,FALSE,5100
2025-03-21T04:42:44.277Z,RBC,1,1.5,1.99,K,SI2,FALSE,3900
2025-03-21T04:42:44.277Z,RBC,1,1.5,1.99,K,SI3,FALSE,3600
2025-03-21T04:42:44.277Z,RBC,1,1.5,1.99,L,IF,FALSE,5300
2025-03-21T04:42:44.277Z,RBC,1,1.5,1.99,L,VVS1,FALSE,4700
2025-03-21T04:42:44.277Z,RBC,1,1.5,1.99,L,VS2,FALSE,3800
2025-03-21T04:42:44.277Z,RBC,1,1.5,1.99,L,I1,FALSE,3000
2025-03-21T04:42:44.277Z,RBC,1,1.5,1.99,M,I2,FALSE,2200
2025-03-21T04:42:44.277Z,RBC,1,2,2.99,E,IF,FALSE,27000
2025-03-21T04:42:44.277Z,RBC,1,2,2.99,E,SI3,FALSE,8800
2025-03-21T04:42:44.277Z,RBC,1,2,2.99,E,I1,FALSE,7600
2025-03-21T04:42:44.277Z,RBC,1,2,2.99,E,I2,FALSE,3900
2025-03-21T04:42:44.277Z,RBC,1,2,2.99,F,VS1,FALSE,17500
2025-03-21T04:42:44.277Z,RBC,1,2,2.99,F,SI3,FALSE,8300
2025-03-21T04:42:44.277Z,RBC,1,2,2.99,F,I2,FALSE,3700
2025-03-21T04:42:44.277Z,RBC,1,2,2.99,G,VVS1,FALSE,18500
2025-03-21T04:42:44.277Z,RBC,1,2,2.99,G,I1,FALSE,6800
2025-03-21T04:42:44.277Z,RBC,1,2,2.99,G,I2,FALSE,3500
2025-03-21T04:42:44.277Z,RBC,1,2,2.99,G,I3,FALSE,1600
2025-03-21T04:42:44.277Z,RBC,1,2,2.99,H,VS2,FALSE,11500
2025-03-21T04:42:44.277Z,RBC,1,2,2.99,H,SI3,FALSE,7100
2025-03-21T04:42:44.277Z,RBC,1,2,2.99,H,I1,FALSE,6500
2025-03-21T04:42:44.277Z,RBC,1,2,2.99,I,VS1,FALSE,10000
2025-03-21T04:42:44.277Z,RBC,1,2,2.99,I,VS2,FALSE,9300
2025-03-21T04:42:44.277Z,RBC,1,2,2.99,I,I1,FALSE,6100
2025-03-21T04:42:44.277Z,RBC,1,1,1.49,H,SI2,FALSE,3700
2025-03-21T04:42:44.277Z,RBC,1,1,1.49,H,I3,FALSE,1300
2025-03-21T04:42:44.277Z,RBC,1,1,1.49,I,VVS2,FALSE,4600
2025-03-21T04:42:44.277Z,RBC,1,1,1.49,J,VVS1,FALSE,4000
2025-03-21T04:42:44.277Z,RBC,1,1,1.49,J,VS2,FALSE,3300
2025-03-21T04:42:44.277Z,RBC,1,1,1.49,J,SI2,FALSE,3000
2025-03-21T04:42:44.277Z,RBC,1,1,1.49,K,VVS2,FALSE,3100
2025-03-21T04:42:44.277Z,RBC,1,1,1.49,K,SI1,FALSE,2700
2025-03-21T04:42:44.277Z,RBC,1,1,1.49,K,I3,FALSE,1100
2025-03-21T04:42:44.277Z,RBC,1,1,1.49,L,SI3,FALSE,2100
2025-03-21T04:42:44.277Z,RBC,1,1,1.49,M,VS1,FALSE,2300
2025-03-21T04:42:44.277Z,RBC,1,1,1.49,M,SI2,FALSE,1900
2025-03-21T04:42:44.277Z,RBC,1,1,1.49,M,SI3,FALSE,1800
2025-03-21T04:42:44.277Z,RBC,1,1,1.49,M,I2,FALSE,1600
2025-03-21T04:42:44.277Z,RBC,1,1,1.49,M,I3,FALSE,1000
2025-03-21T04:42:44.277Z,RBC,1,1.5,1.99,D,VS1,FALSE,13400
2025-03-21T04:42:44.277Z,RBC,1,1.5,1.99,D,VS2,FALSE,12000
2025-03-21T04:42:44.277Z,RBC,1,1.5,1.99,D,SI3,FALSE,6900
2025-03-21T04:42:44.277Z,RBC,1,1.5,1.99,E,IF,FALSE,18800
2025-03-21T04:42:44.277Z,RBC,1,1.5,1.99,E,VVS1,FALSE,17300
2025-03-21T04:42:44.277Z,RBC,1,1.5,1.99,E,VS2,FALSE,11000
2025-03-21T04:42:44.277Z,RBC,1,1.5,1.99,E,SI3,FALSE,6300
2025-03-21T04:42:44.277Z,RBC,1,1.5,1.99,F,SI2,FALSE,6700
2025-03-21T04:42:44.277Z,RBC,1,1.5,1.99,F,I1,FALSE,5100
2025-03-21T04:42:44.277Z,RBC,1,1.5,1.99,G,SI2,FALSE,6300
2025-03-21T04:42:44.277Z,RBC,1,1.5,1.99,G,SI3,FALSE,5700
2025-03-21T04:42:44.277Z,RBC,1,1.5,1.99,G,I2,FALSE,3000
2025-03-21T04:42:44.277Z,RBC,1,1.5,1.99,H,VS2,FALSE,7400
2025-03-21T04:42:44.277Z,RBC,1,1.5,1.99,H,SI3,FALSE,5200
2025-03-21T04:42:44.277Z,RBC,1,1.5,1.99,H,I2,FALSE,2900
2025-03-21T04:42:44.277Z,RBC,1,1.5,1.99,I,VVS2,FALSE,7300
2025-03-21T04:42:44.277Z,RBC,1,1.5,1.99,I,I2,FALSE,2700
2025-03-21T04:42:44.277Z,RBC,1,1.5,1.99,J,VVS1,FALSE,6700
2025-03-21T04:42:44.277Z,RBC,1,1.5,1.99,J,VS1,FALSE,5700
2025-03-21T04:42:44.277Z,RBC,1,1.5,1.99,J,SI3,FALSE,4100
2025-03-21T04:42:44.277Z,RBC,1,1.5,1.99,J,I1,FALSE,3700
2025-03-21T04:42:44.277Z,RBC,1,1.5,1.99,K,IF,FALSE,6300
2025-03-21T04:42:44.277Z,RBC,1,1.5,1.99,K,VS1,FALSE,4700
2025-03-21T04:42:44.277Z,RBC,1,1.5,1.99,L,SI2,FALSE,3400
2025-03-21T04:42:44.277Z,RBC,1,1.5,1.99,L,SI3,FALSE,3200
2025-03-21T04:42:44.277Z,RBC,1,1.5,1.99,L,I2,FALSE,2300
2025-03-21T04:42:44.277Z,RBC,1,1.5,1.99,M,IF,FALSE,4600
2025-03-21T04:42:44.277Z,RBC,1,1.5,1.99,M,VS1,FALSE,3600
2025-03-21T04:42:44.277Z,RBC,1,1.5,1.99,M,VS2,FALSE,3400
2025-03-21T04:42:44.277Z,RBC,1,1.5,1.99,M,SI1,FALSE,3200
2025-03-21T04:42:44.277Z,RBC,1,2,2.99,D,IF,FALSE,33000
2025-03-21T04:42:44.277Z,RBC,1,2,2.99,D,SI3,FALSE,9500
2025-03-21T04:42:44.277Z,RBC,1,2,2.99,D,I2,FALSE,4100
2025-03-21T04:42:44.277Z,RBC,1,2,2.99,E,VVS2,FALSE,21000
2025-03-21T04:42:44.277Z,RBC,1,2,2.99,E,VS1,FALSE,19000
2025-03-21T04:42:44.277Z,RBC,1,2,2.99,E,SI1,FALSE,13200
2025-03-21T04:42:44.277Z,RBC,1,2,2.99,E,I3,FALSE,1800
2025-03-21T04:42:44.277Z,RBC,1,2,2.99,F,IF,FALSE,24500
2025-03-21T04:42:44.277Z,RBC,1,2,2.99,F,VVS2,FALSE,19500
2025-03-21T04:42:44.277Z,RBC,1,2,2.99,F,I1,FALSE,7200
2025-03-21T04:42:44.277Z,RBC,1,2,2.99,G,SI3,FALSE,7700
2025-03-21T04:42:44.277Z,RBC,1,2,2.99,H,VVS2,FALSE,13500
2025-03-21T04:42:44.277Z,RBC,1,2,2.99,I,VVS1,FALSE,12000
2025-03-21T04:42:44.277Z,RBC,1,2,2.99,I,SI3,FALSE,6600
2025-03-21T04:42:44.277Z,RBC,1,2,2.99,J,VVS1,FALSE,9900
2025-03-21T04:42:44.277Z,RBC,1,2,2.99,J,VS2,FALSE,7600
2025-03-21T04:42:44.277Z,RBC,1,2,2.99,J,SI1,FALSE,6900
2025-03-21T04:42:44.277Z,RBC,1,2,2.99,K,IF,FALSE,9100
2025-03-21T04:42:44.277Z,RBC,1,2,2.99,K,VVS1,FALSE,8300
2025-03-21T04:42:44.277Z,RBC,1,2,2.99,K,SI3,FALSE,5000
2025-03-21T04:42:44.277Z,RBC,1,2,2.99,I,I3,FALSE,1500
2025-03-21T04:42:44.277Z,RBC,1,2,2.99,J,SI2,FALSE,6300
2025-03-21T04:42:44.277Z,RBC,1,2,2.99,K,VS1,FALSE,7000
2025-03-21T04:42:44.277Z,RBC,1,2,2.99,K,VS2,FALSE,6300
2025-03-21T04:42:44.277Z,RBC,1,2,2.99,L,VS2,FALSE,5400
2025-03-21T04:42:44.277Z,RBC,1,2,2.99,L,SI2,FALSE,4600
2025-03-21T04:42:44.277Z,RBC,1,2,2.99,M,IF,FALSE,6800
2025-03-21T04:42:44.277Z,RBC,1,3,3.99,D,VVS2,FALSE,41000
2025-03-21T04:42:44.277Z,RBC,1,3,3.99,D,VS1,FALSE,35000
2025-03-21T04:42:44.277Z,RBC,1,3,3.99,D,I2,FALSE,4900
2025-03-21T04:42:44.277Z,RBC,1,3,3.99,E,IF,FALSE,45000
2025-03-21T04:42:44.277Z,RBC,1,3,3.99,E,VS2,FALSE,26500
2025-03-21T04:42:44.277Z,RBC,1,3,3.99,E,SI1,FALSE,21000
2025-03-21T04:42:44.277Z,RBC,1,3,3.99,E,I1,FALSE,9800
2025-03-21T04:42:44.277Z,RBC,1,3,3.99,F,SI1,FALSE,19500
2025-03-21T04:42:44.277Z,RBC,1,3,3.99,F,I2,FALSE,4500
2025-03-21T04:42:44.277Z,RBC,1,2,2.99,K,I2,FALSE,2800
2025-03-21T04:42:44.277Z,RBC,1,2,2.99,K,I3,FALSE,1400
2025-03-21T04:42:44.277Z,RBC,1,2,2.99,L,SI3,FALSE,4300
2025-03-21T04:42:44.277Z,RBC,1,2,2.99,L,I3,FALSE,1300
2025-03-21T04:42:44.277Z,RBC,1,2,2.99,M,VVS1,FALSE,6300
2025-03-21T04:42:44.277Z,RBC,1,2,2.99,M,VVS2,FALSE,5700
2025-03-21T04:42:44.277Z,RBC,1,2,2.99,M,VS2,FALSE,4800
2025-03-21T04:42:44.277Z,RBC,1,2,2.99,M,SI2,FALSE,4200
2025-03-21T04:42:44.277Z,RBC,1,3,3.99,D,IF,FALSE,55000
2025-03-21T04:42:44.277Z,RBC,1,3,3.99,D,VS2,FALSE,29500
2025-03-21T04:42:44.277Z,RBC,1,3,3.99,D,SI1,FALSE,23500
2025-03-21T04:42:44.277Z,RBC,1,3,3.99,F,SI2,FALSE,17000
2025-03-21T04:42:44.277Z,RBC,1,3,3.99,F,I3,FALSE,1900
2025-03-21T04:42:44.277Z,RBC,1,3,3.99,G,IF,FALSE,33500
2025-03-21T04:42:44.277Z,RBC,1,1,1.49,H,VVS2,FALSE,5500
2025-03-21T04:42:44.277Z,RBC,1,1,1.49,H,SI1,FALSE,4400
2025-03-21T04:42:44.277Z,RBC,1,1,1.49,H,I2,FALSE,2100
2025-03-21T04:42:44.277Z,RBC,1,1,1.49,I,IF,FALSE,5200
2025-03-21T04:42:44.277Z,RBC,1,1,1.49,I,VVS1,FALSE,4900
2025-03-21T04:42:44.277Z,RBC,1,1,1.49,I,SI1,FALSE,3900
2025-03-21T04:42:44.277Z,RBC,1,1,1.49,I,SI3,FALSE,3100
2025-03-21T04:42:44.277Z,RBC,1,1,1.49,I,I3,FALSE,1200
2025-03-21T04:42:44.277Z,RBC,1,1,1.49,J,I2,FALSE,1900
2025-03-21T04:42:44.277Z,RBC,1,1,1.49,K,IF,FALSE,3600
2025-03-21T04:42:44.277Z,RBC,1,1,1.49,K,VS2,FALSE,2800
2025-03-21T04:42:44.277Z,RBC,1,1,1.49,L,SI2,FALSE,2200
2025-03-21T04:42:44.277Z,RBC,1,1,1.49,L,I1,FALSE,2000
2025-03-21T04:42:44.277Z,RBC,1,1,1.49,L,I2,FALSE,1700
2025-03-21T04:42:44.277Z,RBC,1,1,1.49,L,I3,FALSE,1000
2025-03-21T04:42:44.277Z,RBC,1,1,1.49,M,I1,FALSE,1700
2025-03-21T04:42:44.277Z,RBC,1,1.5,1.99,D,VVS1,FALSE,18700
2025-03-21T04:42:44.277Z,RBC,1,1.5,1.99,D,SI2,FALSE,7800
2025-03-21T04:42:44.277Z,RBC,1,1.5,1.99,E,VS1,FALSE,12200
2025-03-21T04:42:44.277Z,RBC,1,1.5,1.99,F,VVS2,FALSE,13200
2025-03-21T04:42:44.277Z,RBC,1,1.5,1.99,F,SI3,FALSE,6000
2025-03-21T04:42:44.277Z,RBC,1,1.5,1.99,G,VVS1,FALSE,12600
2025-03-21T04:42:44.277Z,RBC,1,1.5,1.99,G,VS1,FALSE,9900
2025-03-21T04:42:44.277Z,RBC,1,1.5,1.99,G,VS2,FALSE,8900
2025-03-21T04:42:44.277Z,RBC,1,1.5,1.99,G,SI1,FALSE,7800
2025-03-21T04:42:44.277Z,RBC,1,1.5,1.99,H,SI1,FALSE,6900
2025-03-21T04:42:44.277Z,RBC,1,1.5,1.99,H,I1,FALSE,4300
2025-03-21T04:42:44.277Z,RBC,1,1.5,1.99,I,VS1,FALSE,6800
2025-03-21T04:42:44.277Z,RBC,1,1.5,1.99,I,SI2,FALSE,5300
2025-03-21T04:42:44.277Z,RBC,1,1.5,1.99,I,SI3,FALSE,4800
2025-03-21T04:42:44.277Z,RBC,1,1.5,1.99,I,I3,FALSE,1400
2025-03-21T04:42:44.277Z,RBC,1,1.5,1.99,J,IF,FALSE,7400
2025-03-21T04:42:44.277Z,RBC,1,1.5,1.99,J,VVS2,FALSE,6100
2025-03-21T04:42:44.277Z,RBC,1,1.5,1.99,J,SI2,FALSE,4500
2025-03-21T04:42:44.277Z,RBC,1,1.5,1.99,K,I1,FALSE,3300
2025-03-21T04:42:44.277Z,RBC,1,1.5,1.99,K,I2,FALSE,2400
2025-03-21T04:42:44.277Z,RBC,1,1.5,1.99,K,I3,FALSE,1300
2025-03-21T04:42:44.277Z,RBC,1,1.5,1.99,L,VVS2,FALSE,4300
2025-03-21T04:42:44.277Z,RBC,1,1.5,1.99,M,VVS2,FALSE,3900
2025-03-21T04:42:44.277Z,RBC,1,1.5,1.99,M,SI2,FALSE,3000
2025-03-21T04:42:44.277Z,RBC,1,1.5,1.99,M,SI3,FALSE,2800
2025-03-21T04:42:44.277Z,RBC,1,2,2.99,D,VVS1,FALSE,27500
2025-03-21T04:42:44.277Z,RBC,1,2,2.99,D,SI2,FALSE,11300
2025-03-21T04:42:44.277Z,RBC,1,2,2.99,D,I3,FALSE,1900
2025-03-21T04:42:44.277Z,RBC,1,2,2.99,E,VS2,FALSE,16000
2025-03-21T04:42:44.277Z,RBC,1,2,2.99,E,SI2,FALSE,10500
2025-03-21T04:42:44.277Z,RBC,1,2,2.99,F,VS2,FALSE,15000
2025-03-21T04:42:44.277Z,RBC,1,2,2.99,F,SI1,FALSE,12300
2025-03-21T04:42:44.277Z,RBC,1,2,2.99,G,VVS2,FALSE,16500
2025-03-21T04:42:44.277Z,RBC,1,2,2.99,G,VS2,FALSE,13500
2025-03-21T04:42:44.277Z,RBC,1,2,2.99,G,SI1,FALSE,11200
2025-03-21T04:42:44.277Z,RBC,1,2,2.99,G,SI2,FALSE,9200
2025-03-21T04:42:44.277Z,RBC,1,2,2.99,H,VVS1,FALSE,15000
2025-03-21T04:42:44.277Z,RBC,1,2,2.99,H,SI1,FALSE,10400
2025-03-21T04:42:44.277Z,RBC,1,2,2.99,H,SI2,FALSE,8600
2025-03-21T04:42:44.277Z,RBC,1,2,2.99,I,IF,FALSE,13500
2025-03-21T04:42:44.277Z,RBC,1,2,2.99,I,SI2,FALSE,7800
2025-03-21T04:42:44.277Z,RBC,1,2,2.99,J,VS1,FALSE,8400
2025-03-21T04:42:44.277Z,RBC,1,2,2.99,J,I1,FALSE,5400
2025-03-21T04:42:44.277Z,RBC,1,2,2.99,J,I3,FALSE,1400
2025-03-21T04:42:44.277Z,RBC,1,2,2.99,K,SI2,FALSE,5300
2025-03-21T04:42:44.277Z,RBC,1,2,2.99,L,IF,FALSE,7800
2025-03-21T04:42:44.277Z,RBC,1,2,2.99,L,VS1,FALSE,6100
2025-03-21T04:42:44.277Z,RBC,1,2,2.99,L,I1,FALSE,4000
2025-03-21T04:42:44.277Z,RBC,1,2,2.99,M,I3,FALSE,1300
2025-03-21T04:42:44.277Z,RBC,1,1,1.49,H,VVS1,FALSE,5800
2025-03-21T04:42:44.277Z,RBC,1,1,1.49,H,SI3,FALSE,3300
2025-03-21T04:42:44.277Z,RBC,1,1,1.49,I,VS1,FALSE,4300
2025-03-21T04:42:44.277Z,RBC,1,1,1.49,I,VS2,FALSE,4000
2025-03-21T04:42:44.277Z,RBC,1,1,1.49,J,VVS2,FALSE,3700
2025-03-21T04:42:44.277Z,RBC,1,1,1.49,J,SI1,FALSE,3200
2025-03-21T04:42:44.277Z,RBC,1,1,1.49,J,I3,FALSE,1200
2025-03-21T04:42:44.277Z,RBC,1,1,1.49,K,VVS1,FALSE,3300
2025-03-21T04:42:44.277Z,RBC,1,1,1.49,K,I1,FALSE,2300
2025-03-21T04:42:44.277Z,RBC,1,1,1.49,L,VVS1,FALSE,2800
2025-03-21T04:42:44.277Z,RBC,1,1,1.49,L,VS1,FALSE,2500
2025-03-21T04:42:44.277Z,RBC,1,1,1.49,L,SI1,FALSE,2300
2025-03-21T04:42:44.277Z,RBC,1,1,1.49,M,VVS1,FALSE,2500
2025-03-21T04:42:44.277Z,RBC,1,1.5,1.99,D,IF,FALSE,21000
2025-03-21T04:42:44.277Z,RBC,1,1.5,1.99,D,VVS2,FALSE,15400
2025-03-21T04:42:44.277Z,RBC,1,1.5,1.99,D,I2,FALSE,3500
2025-03-21T04:42:44.277Z,RBC,1,1.5,1.99,D,I3,FALSE,1800
2025-03-21T04:42:44.277Z,RBC,1,1.5,1.99,E,I1,FALSE,5400
2025-03-21T04:42:44.277Z,RBC,1,1.5,1.99,E,I3,FALSE,1700
2025-03-21T04:42:44.277Z,RBC,1,1.5,1.99,F,IF,FALSE,16400
2025-03-21T04:42:44.277Z,RBC,1,1.5,1.99,F,VS1,FALSE,11400
2025-03-21T04:42:44.277Z,RBC,1,1.5,1.99,F,VS2,FALSE,10300
2025-03-21T04:42:44.277Z,RBC,1,1.5,1.99,F,I2,FALSE,3200
2025-03-21T04:42:44.277Z,RBC,1,1.5,1.99,F,I3,FALSE,1600
2025-03-21T04:42:44.277Z,RBC,1,1.5,1.99,G,IF,FALSE,13600
2025-03-21T04:42:44.277Z,RBC,1,1.5,1.99,G,I3,FALSE,1500
2025-03-21T04:42:44.277Z,RBC,1,1.5,1.99,H,IF,FALSE,10800
2025-03-21T04:42:44.277Z,RBC,1,1.5,1.99,H,I3,FALSE,1500
2025-03-21T04:42:44.277Z,RBC,1,1.5,1.99,I,VVS1,FALSE,8100
2025-03-21T04:42:44.277Z,RBC,1,1.5,1.99,I,VS2,FALSE,6300
2025-03-21T04:42:44.277Z,RBC,1,1.5,1.99,J,VS2,FALSE,5300
2025-03-21T04:42:44.277Z,RBC,1,1.5,1.99,J,SI1,FALSE,5000
2025-03-21T04:42:44.277Z,RBC,1,1.5,1.99,J,I2,FALSE,2600
2025-03-21T04:42:44.277Z,RBC,1,1.5,1.99,J,I3,FALSE,1400
2025-03-21T04:42:44.277Z,RBC,1,1.5,1.99,K,VS2,FALSE,4400
2025-03-21T04:42:44.277Z,RBC,1,1.5,1.99,K,SI1,FALSE,4200
2025-03-21T04:42:44.277Z,RBC,1,1.5,1.99,L,VS1,FALSE,4000
2025-03-21T04:42:44.277Z,RBC,1,1.5,1.99,L,SI1,FALSE,3600
2025-03-21T04:42:44.277Z,RBC,1,1.5,1.99,L,I3,FALSE,1200
2025-03-21T04:42:44.277Z,RBC,1,1.5,1.99,M,VVS1,FALSE,4100
2025-03-21T04:42:44.277Z,RBC,1,1.5,1.99,M,I1,FALSE,2700
2025-03-21T04:42:44.277Z,RBC,1,1.5,1.99,M,I3,FALSE,1200
2025-03-21T04:42:44.277Z,RBC,1,2,2.99,D,VVS2,FALSE,23500
2025-03-21T04:42:44.277Z,RBC,1,2,2.99,D,VS1,FALSE,20500
2025-03-21T04:42:44.277Z,RBC,1,2,2.99,D,VS2,FALSE,17500
2025-03-21T04:42:44.277Z,RBC,1,2,2.99,D,SI1,FALSE,14100
2025-03-21T04:42:44.277Z,RBC,1,2,2.99,D,I1,FALSE,8000
2025-03-21T04:42:44.277Z,RBC,1,2,2.99,E,VVS1,FALSE,24500
2025-03-21T04:42:44.277Z,RBC,1,2,2.99,F,VVS1,FALSE,22000
2025-03-21T04:42:44.277Z,RBC,1,2,2.99,F,SI2,FALSE,9800
2025-03-21T04:42:44.277Z,RBC,1,2,2.99,F,I3,FALSE,1700
2025-03-21T04:42:44.277Z,RBC,1,2,2.99,G,IF,FALSE,20500
2025-03-21T04:42:44.277Z,RBC,1,2,2.99,G,VS1,FALSE,15000
2025-03-21T04:42:44.277Z,RBC,1,2,2.99,H,IF,FALSE,16500
2025-03-21T04:42:44.277Z,RBC,1,2,2.99,H,VS1,FALSE,12500
2025-03-21T04:42:44.277Z,RBC,1,2,2.99,H,I2,FALSE,3300
2025-03-21T04:42:44.277Z,RBC,1,2,2.99,H,I3,FALSE,1500
2025-03-21T04:42:44.277Z,RBC,1,2,2.99,I,VVS2,FALSE,11000
2025-03-21T04:42:44.277Z,RBC,1,2,2.99,I,SI1,FALSE,8600
2025-03-21T04:42:44.277Z,RBC,1,2,2.99,I,I2,FALSE,3100
2025-03-21T04:42:44.277Z,RBC,1,2,2.99,J,IF,FALSE,10900
2025-03-21T04:42:44.277Z,RBC,1,2,2.99,J,VVS2,FALSE,9100
2025-03-21T04:42:44.277Z,RBC,1,2,2.99,J,SI3,FALSE,5700
2025-03-21T04:42:44.277Z,RBC,1,2,2.99,J,I2,FALSE,2900
2025-03-21T04:42:44.277Z,RBC,1,2,2.99,K,VVS2,FALSE,7600
2025-03-21T04:42:44.277Z,RBC,1,3,3.99,D,SI2,FALSE,20000
2025-03-21T04:42:44.277Z,RBC,1,3,3.99,D,I3,FALSE,2100
2025-03-21T04:42:44.277Z,RBC,1,3,3.99,E,VVS1,FALSE,42000
2025-03-21T04:42:44.277Z,RBC,1,3,3.99,E,I2,FALSE,4700
2025-03-21T04:42:44.277Z,RBC,1,3,3.99,E,I3,FALSE,2000
2025-03-21T04:42:44.277Z,RBC,1,3,3.99,F,VVS2,FALSE,33500
2025-03-21T04:42:44.277Z,RBC,1,3,3.99,F,VS2,FALSE,24500
2025-03-21T04:42:44.277Z,RBC,1,3,3.99,F,SI3,FALSE,12400
2025-03-21T04:42:44.277Z,RBC,1,2,2.99,K,SI1,FALSE,5700
2025-03-21T04:42:44.277Z,RBC,1,2,2.99,K,I1,FALSE,4700
2025-03-21T04:42:44.277Z,RBC,1,2,2.99,L,VVS1,FALSE,7100
2025-03-21T04:42:44.277Z,RBC,1,2,2.99,L,VVS2,FALSE,6600
2025-03-21T04:42:44.277Z,RBC,1,2,2.99,L,SI1,FALSE,5000
2025-03-21T04:42:44.277Z,RBC,1,2,2.99,L,I2,FALSE,2700
2025-03-21T04:42:44.277Z,RBC,1,2,2.99,M,VS1,FALSE,5400
2025-03-21T04:42:44.277Z,RBC,1,2,2.99,M,SI1,FALSE,4500
2025-03-21T04:42:44.277Z,RBC,1,2,2.99,M,SI3,FALSE,4000
2025-03-21T04:42:44.277Z,RBC,1,2,2.99,M,I1,FALSE,3800
2025-03-21T04:42:44.277Z,RBC,1,2,2.99,M,I2,FALSE,2600
2025-03-21T04:42:44.277Z,RBC,1,3,3.99,D,VVS1,FALSE,46000
2025-03-21T04:42:44.277Z,RBC,1,3,3.99,D,SI3,FALSE,13900
2025-03-21T04:42:44.277Z,RBC,1,3,3.99,D,I1,FALSE,10300
2025-03-21T04:42:44.277Z,RBC,1,3,3.99,E,VVS2,FALSE,37000
2025-03-21T04:42:44.277Z,RBC,1,3,3.99,E,VS1,FALSE,32000
2025-03-21T04:42:44.277Z,RBC,1,3,3.99,E,SI2,FALSE,18500
2025-03-21T04:42:44.277Z,RBC,1,3,3.99,E,SI3,FALSE,13100
2025-03-21T04:42:44.277Z,RBC,1,3,3.99,F,IF,FALSE,40500
2025-03-21T04:42:44.277Z,RBC,1,3,3.99,F,VVS1,FALSE,37500
2025-03-21T04:42:44.277Z,RBC,1,3,3.99,F,VS1,FALSE,29500
2025-03-21T04:42:44.277Z,RBC,1,3,3.99,F,I1,FALSE,9300
2025-03-21T04:42:44.277Z,RBC,1,3,3.99,G,VVS1,FALSE,31500
2025-03-21T04:42:44.277Z,RBC,1,3,3.99,G,I2,FALSE,4300
2025-03-21T04:42:44.277Z,RBC,1,3,3.99,H,VS2,FALSE,18500
2025-03-21T04:42:44.277Z,RBC,1,3,3.99,H,SI1,FALSE,16000
2025-03-21T04:42:44.277Z,RBC,1,3,3.99,H,SI2,FALSE,13500
2025-03-21T04:42:44.277Z,RBC,1,3,3.99,H,I1,FALSE,8200
2025-03-21T04:42:44.277Z,RBC,1,3,3.99,I,VS2,FALSE,16000
2025-03-21T04:42:44.277Z,RBC,1,3,3.99,I,SI2,FALSE,12000
2025-03-21T04:42:44.277Z,RBC,1,3,3.99,I,I3,FALSE,1600
2025-03-21T04:42:44.277Z,RBC,1,3,3.99,J,IF,FALSE,17500
2025-03-21T04:42:44.277Z,RBC,1,3,3.99,J,VS1,FALSE,14000
2025-03-21T04:42:44.277Z,RBC,1,3,3.99,J,SI2,FALSE,11000
2025-03-21T04:42:44.277Z,RBC,1,3,3.99,J,SI3,FALSE,8400
2025-03-21T04:42:44.277Z,RBC,1,3,3.99,J,I2,FALSE,3500
2025-03-21T04:42:44.277Z,RBC,1,3,3.99,K,SI1,FALSE,10300
2025-03-21T04:42:44.277Z,RBC,1,3,3.99,K,SI2,FALSE,9700
2025-03-21T04:42:44.277Z,RBC,1,3,3.99,K,I1,FALSE,6200
2025-03-21T04:42:44.277Z,RBC,1,3,3.99,K,I2,FALSE,3300
2025-03-21T04:42:44.277Z,RBC,1,3,3.99,L,VVS1,FALSE,11100
2025-03-21T04:42:44.277Z,RBC,1,3,3.99,L,I3,FALSE,1400
2025-03-21T04:42:44.277Z,RBC,1,3,3.99,M,VVS1,FALSE,9100
2025-03-21T04:42:44.277Z,RBC,1,3,3.99,M,VS2,FALSE,7900
2025-03-21T04:42:44.277Z,RBC,1,3,3.99,M,I1,FALSE,4700
2025-03-21T04:42:44.277Z,RBC,1,4,4.99,D,I3,FALSE,2300
2025-03-21T04:42:44.277Z,RBC,1,4,4.99,E,VVS1,FALSE,58500
2025-03-21T04:42:44.277Z,RBC,1,4,4.99,E,SI1,FALSE,29500
2025-03-21T04:42:44.277Z,RBC,1,4,4.99,E,SI2,FALSE,24000
2025-03-21T04:42:44.277Z,RBC,1,4,4.99,F,VVS2,FALSE,47500
2025-03-21T04:42:44.277Z,RBC,1,4,4.99,F,VS1,FALSE,41000
2025-03-21T04:42:44.277Z,RBC,1,4,4.99,F,SI3,FALSE,13800
2025-03-21T04:42:44.277Z,RBC,1,4,4.99,G,SI2,FALSE,20000
2025-03-21T04:42:44.277Z,RBC,1,4,4.99,H,VVS1,FALSE,33500
2025-03-21T04:42:44.277Z,RBC,1,4,4.99,H,VS1,FALSE,29500
2025-03-21T04:42:44.277Z,RBC,1,4,4.99,H,SI1,FALSE,21500
2025-03-21T04:42:44.277Z,RBC,1,4,4.99,I,I3,FALSE,1800
2025-03-21T04:42:44.277Z,RBC,1,4,4.99,J,IF,FALSE,22500
2025-03-21T04:42:44.277Z,RBC,1,4,4.99,J,VVS2,FALSE,19500
2025-03-21T04:42:44.277Z,RBC,1,4,4.99,J,VS2,FALSE,17000
2025-03-21T04:42:44.277Z,RBC,1,4,4.99,J,SI2,FALSE,14000
2025-03-21T04:42:44.277Z,RBC,1,4,4.99,J,I3,FALSE,1700
2025-03-21T04:42:44.277Z,RBC,1,4,4.99,K,VS1,FALSE,15000
2025-03-21T04:42:44.277Z,RBC,1,4,4.99,K,VS2,FALSE,14000
2025-03-21T04:42:44.277Z,RBC,1,4,4.99,L,IF,FALSE,15000
2025-03-21T04:42:44.277Z,RBC,1,4,4.99,M,IF,FALSE,12500
2025-03-21T04:42:44.277Z,RBC,1,4,4.99,M,VVS1,FALSE,11500
2025-03-21T04:42:44.277Z,RBC,1,5,9.99,D,IF,FALSE,100000
2025-03-21T04:42:44.277Z,RBC,1,5,9.99,D,VVS1,FALSE,85500
2025-03-21T04:42:44.277Z,RBC,1,5,9.99,D,VS2,FALSE,58000
2025-03-21T04:42:44.277Z,RBC,1,5,9.99,D,SI2,FALSE,31500
2025-03-21T04:42:44.277Z,RBC,1,5,9.99,D,SI3,FALSE,17500
2025-03-21T04:42:44.277Z,RBC,1,5,9.99,D,I2,FALSE,6000
2025-03-21T04:42:44.277Z,RBC,1,5,9.99,E,I3,FALSE,2300
2025-03-21T04:42:44.277Z,RBC,1,5,9.99,F,VVS1,FALSE,67000
2025-03-21T04:42:44.277Z,RBC,1,5,9.99,F,VVS2,FALSE,59500
2025-03-21T04:42:44.277Z,RBC,1,5,9.99,F,VS2,FALSE,46500
2025-03-21T04:42:44.277Z,RBC,1,5,9.99,F,SI2,FALSE,28000
2025-03-21T04:42:44.277Z,RBC,1,5,9.99,F,I3,FALSE,2200
2025-03-21T04:42:44.277Z,RBC,1,5,9.99,G,VVS2,FALSE,50500
2025-03-21T04:42:44.277Z,RBC,1,5,9.99,G,SI3,FALSE,15000
2025-03-21T04:42:44.277Z,RBC,1,5,9.99,H,VVS1,FALSE,44500
2025-03-21T04:42:44.277Z,RBC,1,5,9.99,H,SI3,FALSE,14000
2025-03-21T04:42:44.277Z,RBC,1,5,9.99,I,VVS1,FALSE,34500
2025-03-21T04:42:44.277Z,RBC,1,5,9.99,I,VS2,FALSE,25500
2025-03-21T04:42:44.277Z,RBC,1,5,9.99,I,I1,FALSE,9500
2025-03-21T04:42:44.277Z,RBC,1,5,9.99,I,I3,FALSE,2000
2025-03-21T04:42:44.277Z,RBC,1,5,9.99,J,I3,FALSE,1900
2025-03-21T04:42:44.277Z,RBC,1,5,9.99,K,VVS2,FALSE,19500
2025-03-21T04:42:44.277Z,RBC,1,5,9.99,K,I2,FALSE,4100
2025-03-21T04:42:44.277Z,RBC,1,5,9.99,K,I3,FALSE,1800
2025-03-21T04:42:44.277Z,RBC,1,5,9.99,L,I1,FALSE,6900
2025-03-21T04:42:44.277Z,RBC,1,5,9.99,M,I2,FALSE,3400
2025-03-21T04:42:44.277Z,RBC,1,10,99,D,VVS2,FALSE,120000
2025-03-21T04:42:44.277Z,RBC,1,10,99,D,I1,FALSE,14000
2025-03-21T04:42:44.277Z,RBC,1,10,99,E,VVS2,FALSE,103000
2025-03-21T04:42:44.277Z,RBC,1,10,99,E,VS2,FALSE,82000
2025-03-21T04:42:44.277Z,RBC,1,10,99,E,SI2,FALSE,43000
2025-03-21T04:42:44.277Z,RBC,1,10,99,E,I2,FALSE,6300
2025-03-21T04:42:44.277Z,RBC,1,10,99,F,VVS1,FALSE,104000
2025-03-21T04:42:44.277Z,RBC,1,3,3.99,G,SI2,FALSE,15500
2025-03-21T04:42:44.277Z,RBC,1,3,3.99,G,I1,FALSE,8700
2025-03-21T04:42:44.277Z,RBC,1,3,3.99,H,SI3,FALSE,10100
2025-03-21T04:42:44.277Z,RBC,1,3,3.99,I,VS1,FALSE,17500
2025-03-21T04:42:44.277Z,RBC,1,3,3.99,I,I2,FALSE,3800
2025-03-21T04:42:44.277Z,RBC,1,3,3.99,J,VS2,FALSE,13000
2025-03-21T04:42:44.277Z,RBC,1,3,3.99,J,I1,FALSE,7100
2025-03-21T04:42:44.277Z,RBC,1,3,3.99,L,IF,FALSE,11700
2025-03-21T04:42:44.277Z,RBC,1,3,3.99,L,I1,FALSE,5500
2025-03-21T04:42:44.277Z,RBC,1,3,3.99,M,VVS2,FALSE,8700
2025-03-21T04:42:44.277Z,RBC,1,3,3.99,M,VS1,FALSE,8300
2025-03-21T04:42:44.277Z,RBC,1,3,3.99,M,SI2,FALSE,6700
2025-03-21T04:42:44.277Z,RBC,1,4,4.99,D,IF,FALSE,74500
2025-03-21T04:42:44.277Z,RBC,1,4,4.99,D,VVS1,FALSE,64500
2025-03-21T04:42:44.277Z,RBC,1,4,4.99,D,SI1,FALSE,31500
2025-03-21T04:42:44.277Z,RBC,1,4,4.99,D,I1,FALSE,11100
2025-03-21T04:42:44.277Z,RBC,1,4,4.99,E,VVS2,FALSE,52500
2025-03-21T04:42:44.277Z,RBC,1,4,4.99,E,VS2,FALSE,39000
2025-03-21T04:42:44.277Z,RBC,1,4,4.99,F,I1,FALSE,10100
2025-03-21T04:42:44.277Z,RBC,1,4,4.99,F,I3,FALSE,2100
2025-03-21T04:42:44.277Z,RBC,1,4,4.99,G,IF,FALSE,46500
2025-03-21T04:42:44.277Z,RBC,1,4,4.99,G,VS1,FALSE,36000
2025-03-21T04:42:44.277Z,RBC,1,4,4.99,G,I2,FALSE,4700
2025-03-21T04:42:44.277Z,RBC,1,4,4.99,H,VVS2,FALSE,31500
2025-03-21T04:42:44.277Z,RBC,1,4,4.99,H,VS2,FALSE,26000
2025-03-21T04:42:44.277Z,RBC,1,4,4.99,I,VS1,FALSE,23000
2025-03-21T04:42:44.277Z,RBC,1,4,4.99,I,SI3,FALSE,10500
2025-03-21T04:42:44.277Z,RBC,1,4,4.99,I,I1,FALSE,8600
2025-03-21T04:42:44.277Z,RBC,1,4,4.99,J,SI3,FALSE,9500
2025-03-21T04:42:44.277Z,RBC,1,4,4.99,J,I1,FALSE,7500
2025-03-21T04:42:44.277Z,RBC,1,4,4.99,J,I2,FALSE,3900
2025-03-21T04:42:44.277Z,RBC,1,4,4.99,K,VVS2,FALSE,16000
2025-03-21T04:42:44.277Z,RBC,1,4,4.99,K,SI3,FALSE,8300
2025-03-21T04:42:44.277Z,RBC,1,4,4.99,K,I2,FALSE,3600
2025-03-21T04:42:44.277Z,RBC,1,4,4.99,L,SI1,FALSE,10500
2025-03-21T04:42:44.277Z,RBC,1,4,4.99,L,SI3,FALSE,7300
2025-03-21T04:42:44.277Z,RBC,1,4,4.99,L,I2,FALSE,3400
2025-03-21T04:42:44.277Z,RBC,1,4,4.99,M,VS1,FALSE,10000
2025-03-21T04:42:44.277Z,RBC,1,4,4.99,M,VS2,FALSE,9500
2025-03-21T04:42:44.277Z,RBC,1,4,4.99,M,SI1,FALSE,9000
2025-03-21T04:42:44.277Z,RBC,1,4,4.99,M,SI2,FALSE,8000
2025-03-21T04:42:44.277Z,RBC,1,5,9.99,D,I1,FALSE,12500
2025-03-21T04:42:44.277Z,RBC,1,5,9.99,E,VS1,FALSE,59500
2025-03-21T04:42:44.277Z,RBC,1,5,9.99,E,VS2,FALSE,52000
2025-03-21T04:42:44.277Z,RBC,1,5,9.99,G,VVS1,FALSE,55500
2025-03-21T04:42:44.277Z,RBC,1,5,9.99,G,VS1,FALSE,46000
2025-03-21T04:42:44.277Z,RBC,1,5,9.99,G,I2,FALSE,5100
2025-03-21T04:42:44.277Z,RBC,1,5,9.99,G,I3,FALSE,2100
2025-03-21T04:42:44.277Z,RBC,1,5,9.99,H,IF,FALSE,48000
2025-03-21T04:42:44.277Z,RBC,1,5,9.99,H,VS2,FALSE,32500
2025-03-21T04:42:44.277Z,RBC,1,5,9.99,H,SI2,FALSE,22500
2025-03-21T04:42:44.277Z,RBC,1,5,9.99,H,I1,FALSE,10000
2025-03-21T04:42:44.277Z,RBC,1,5,9.99,H,I2,FALSE,4800
2025-03-21T04:42:44.277Z,RBC,1,5,9.99,J,VVS2,FALSE,24000
2025-03-21T04:42:44.277Z,RBC,1,5,9.99,J,VS2,FALSE,20500
2025-03-21T04:42:44.277Z,RBC,1,5,9.99,J,SI1,FALSE,19500
2025-03-21T04:42:44.277Z,RBC,1,5,9.99,J,SI2,FALSE,17000
2025-03-21T04:42:44.277Z,RBC,1,5,9.99,J,I1,FALSE,8800
2025-03-21T04:42:44.277Z,RBC,1,5,9.99,J,I2,FALSE,4300
2025-03-21T04:42:44.277Z,RBC,1,5,9.99,K,VVS1,FALSE,21000
2025-03-21T04:42:44.277Z,RBC,1,5,9.99,K,VS1,FALSE,18000
2025-03-21T04:42:44.277Z,RBC,1,5,9.99,K,SI2,FALSE,15000
2025-03-21T04:42:44.277Z,RBC,1,5,9.99,L,IF,FALSE,18000
2025-03-21T04:42:44.277Z,RBC,1,5,9.99,L,VVS1,FALSE,16500
2025-03-21T04:42:44.277Z,RBC,1,5,9.99,L,VVS2,FALSE,15500
2025-03-21T04:42:44.277Z,RBC,1,3,3.99,G,VVS2,FALSE,28000
2025-03-21T04:42:44.277Z,RBC,1,3,3.99,G,SI1,FALSE,18000
2025-03-21T04:42:44.277Z,RBC,1,3,3.99,H,VVS1,FALSE,25000
2025-03-21T04:42:44.277Z,RBC,1,3,3.99,H,I2,FALSE,4100
2025-03-21T04:42:44.277Z,RBC,1,3,3.99,H,I3,FALSE,1700
2025-03-21T04:42:44.277Z,RBC,1,3,3.99,I,VVS1,FALSE,20500
2025-03-21T04:42:44.277Z,RBC,1,3,3.99,I,VVS2,FALSE,19000
2025-03-21T04:42:44.277Z,RBC,1,3,3.99,I,SI1,FALSE,14000
2025-03-21T04:42:44.277Z,RBC,1,3,3.99,I,SI3,FALSE,9200
2025-03-21T04:42:44.277Z,RBC,1,3,3.99,I,I1,FALSE,7700
2025-03-21T04:42:44.277Z,RBC,1,3,3.99,J,VVS1,FALSE,16500
2025-03-21T04:42:44.277Z,RBC,1,3,3.99,J,SI1,FALSE,12000
2025-03-21T04:42:44.277Z,RBC,1,3,3.99,K,VVS2,FALSE,12500
2025-03-21T04:42:44.277Z,RBC,1,3,3.99,K,VS2,FALSE,11000
2025-03-21T04:42:44.277Z,RBC,1,3,3.99,K,SI3,FALSE,7600
2025-03-21T04:42:44.277Z,RBC,1,3,3.99,L,VS1,FALSE,10300
2025-03-21T04:42:44.277Z,RBC,1,3,3.99,L,SI1,FALSE,9000
2025-03-21T04:42:44.277Z,RBC,1,3,3.99,M,I3,FALSE,1400
2025-03-21T04:42:44.277Z,RBC,1,4,4.99,D,VS1,FALSE,49500
2025-03-21T04:42:44.277Z,RBC,1,4,4.99,D,SI3,FALSE,15500
2025-03-21T04:42:44.277Z,RBC,1,4,4.99,D,I2,FALSE,5400
2025-03-21T04:42:44.277Z,RBC,1,4,4.99,E,IF,FALSE,62500
2025-03-21T04:42:44.277Z,RBC,1,4,4.99,E,VS1,FALSE,45000
2025-03-21T04:42:44.277Z,RBC,1,4,4.99,E,SI3,FALSE,14500
2025-03-21T04:42:44.277Z,RBC,1,4,4.99,E,I3,FALSE,2200
2025-03-21T04:42:44.277Z,RBC,1,4,4.99,F,IF,FALSE,56500
2025-03-21T04:42:44.277Z,RBC,1,4,4.99,F,VVS1,FALSE,52000
2025-03-21T04:42:44.277Z,RBC,1,4,4.99,F,VS2,FALSE,35500
2025-03-21T04:42:44.277Z,RBC,1,4,4.99,F,SI1,FALSE,27500
2025-03-21T04:42:44.277Z,RBC,1,4,4.99,F,I2,FALSE,5000
2025-03-21T04:42:44.277Z,RBC,1,4,4.99,G,VVS2,FALSE,39500
2025-03-21T04:42:44.277Z,RBC,1,4,4.99,G,SI1,FALSE,24500
2025-03-21T04:42:44.277Z,RBC,1,4,4.99,G,SI3,FALSE,12700
2025-03-21T04:42:44.277Z,RBC,1,4,4.99,H,IF,FALSE,36000
2025-03-21T04:42:44.277Z,RBC,1,4,4.99,H,I2,FALSE,4400
2025-03-21T04:42:44.277Z,RBC,1,4,4.99,I,IF,FALSE,28000
2025-03-21T04:42:44.277Z,RBC,1,4,4.99,I,VVS1,FALSE,26000
2025-03-21T04:42:44.277Z,RBC,1,4,4.99,I,VVS2,FALSE,24500
2025-03-21T04:42:44.277Z,RBC,1,4,4.99,I,SI1,FALSE,19000
2025-03-21T04:42:44.277Z,RBC,1,4,4.99,I,I2,FALSE,4100
2025-03-21T04:42:44.277Z,RBC,1,4,4.99,J,VS1,FALSE,18500
2025-03-21T04:42:44.277Z,RBC,1,4,4.99,K,SI2,FALSE,12000
2025-03-21T04:42:44.277Z,RBC,1,4,4.99,K,I3,FALSE,1700
2025-03-21T04:42:44.277Z,RBC,1,4,4.99,L,VS1,FALSE,12000
2025-03-21T04:42:44.277Z,RBC,1,4,4.99,L,VS2,FALSE,11500
2025-03-21T04:42:44.277Z,RBC,1,4,4.99,M,SI3,FALSE,6500
2025-03-21T04:42:44.277Z,RBC,1,4,4.99,M,I1,FALSE,5000
2025-03-21T04:42:44.277Z,RBC,1,4,4.99,M,I2,FALSE,3200
2025-03-21T04:42:44.277Z,RBC,1,4,4.99,M,I3,FALSE,1600
2025-03-21T04:42:44.277Z,RBC,1,5,9.99,D,SI1,FALSE,43000
2025-03-21T04:42:44.277Z,RBC,1,5,9.99,E,VVS1,FALSE,75000
2025-03-21T04:42:44.277Z,RBC,1,5,9.99,E,VVS2,FALSE,67000
2025-03-21T04:42:44.277Z,RBC,1,5,9.99,E,SI1,FALSE,39500
2025-03-21T04:42:44.277Z,RBC,1,5,9.99,E,I1,FALSE,12000
2025-03-21T04:42:44.277Z,RBC,1,5,9.99,E,I2,FALSE,5700
2025-03-21T04:42:44.277Z,RBC,1,5,9.99,F,VS1,FALSE,54000
2025-03-21T04:42:44.277Z,RBC,1,5,9.99,F,SI1,FALSE,36000
2025-03-21T04:42:44.277Z,RBC,1,5,9.99,G,VS2,FALSE,39500
2025-03-21T04:42:44.277Z,RBC,1,5,9.99,G,I1,FALSE,11000
2025-03-21T04:42:44.277Z,RBC,1,5,9.99,H,VVS2,FALSE,40000
2025-03-21T04:42:44.277Z,RBC,1,5,9.99,H,VS1,FALSE,36000
2025-03-21T04:42:44.277Z,RBC,1,5,9.99,I,VS1,FALSE,29000
2025-03-21T04:42:44.277Z,RBC,1,5,9.99,I,SI1,FALSE,22500
2025-03-21T04:42:44.277Z,RBC,1,5,9.99,J,VVS1,FALSE,26000
2025-03-21T04:42:44.277Z,RBC,1,5,9.99,J,SI3,FALSE,12000
2025-03-21T04:42:44.277Z,RBC,1,5,9.99,L,VS1,FALSE,15000
2025-03-21T04:42:44.277Z,RBC,1,5,9.99,L,SI3,FALSE,10000
2025-03-21T04:42:44.277Z,RBC,1,5,9.99,M,VVS1,FALSE,14000
2025-03-21T04:42:44.277Z,RBC,1,5,9.99,M,VS2,FALSE,12000
2025-03-21T04:42:44.277Z,RBC,1,10,99,D,I2,FALSE,6600
2025-03-21T04:42:44.277Z,RBC,1,10,99,E,IF,FALSE,127000
2025-03-21T04:42:44.277Z,RBC,1,10,99,E,VVS1,FALSE,116000
2025-03-21T04:42:44.277Z,RBC,1,10,99,E,SI3,FALSE,23500
2025-03-21T04:42:44.277Z,RBC,1,10,99,E,I3,FALSE,2600
2025-03-21T04:42:44.277Z,RBC,1,3,3.99,G,VS1,FALSE,24500
2025-03-21T04:42:44.277Z,RBC,1,3,3.99,G,VS2,FALSE,21000
2025-03-21T04:42:44.277Z,RBC,1,3,3.99,G,SI3,FALSE,11200
2025-03-21T04:42:44.277Z,RBC,1,3,3.99,G,I3,FALSE,1800
2025-03-21T04:42:44.277Z,RBC,1,3,3.99,H,IF,FALSE,27000
2025-03-21T04:42:44.277Z,RBC,1,3,3.99,H,VVS2,FALSE,22500
2025-03-21T04:42:44.277Z,RBC,1,3,3.99,H,VS1,FALSE,20500
2025-03-21T04:42:44.277Z,RBC,1,3,3.99,I,IF,FALSE,22000
2025-03-21T04:42:44.277Z,RBC,1,3,3.99,J,VVS2,FALSE,15000
2025-03-21T04:42:44.277Z,RBC,1,3,3.99,J,I3,FALSE,1500
2025-03-21T04:42:44.277Z,RBC,1,3,3.99,K,IF,FALSE,14500
2025-03-21T04:42:44.277Z,RBC,1,3,3.99,K,VVS1,FALSE,13500
2025-03-21T04:42:44.277Z,RBC,1,3,3.99,K,VS1,FALSE,12000
2025-03-21T04:42:44.277Z,RBC,1,3,3.99,K,I3,FALSE,1500
2025-03-21T04:42:44.277Z,RBC,1,3,3.99,L,VVS2,FALSE,10700
2025-03-21T04:42:44.277Z,RBC,1,3,3.99,L,VS2,FALSE,9500
2025-03-21T04:42:44.277Z,RBC,1,3,3.99,L,SI2,FALSE,8200
2025-03-21T04:42:44.277Z,RBC,1,3,3.99,L,SI3,FALSE,6500
2025-03-21T04:42:44.277Z,RBC,1,3,3.99,L,I2,FALSE,3100
2025-03-21T04:42:44.277Z,RBC,1,3,3.99,M,IF,FALSE,9500
2025-03-21T04:42:44.277Z,RBC,1,3,3.99,M,SI1,FALSE,7500
2025-03-21T04:42:44.277Z,RBC,1,3,3.99,M,SI3,FALSE,5800
2025-03-21T04:42:44.277Z,RBC,1,3,3.99,M,I2,FALSE,3000
2025-03-21T04:42:44.277Z,RBC,1,4,4.99,D,VVS2,FALSE,58500
2025-03-21T04:42:44.277Z,RBC,1,4,4.99,D,VS2,FALSE,41500
2025-03-21T04:42:44.277Z,RBC,1,4,4.99,D,SI2,FALSE,25500
2025-03-21T04:42:44.277Z,RBC,1,4,4.99,E,I1,FALSE,10600
2025-03-21T04:42:44.277Z,RBC,1,4,4.99,E,I2,FALSE,5200
2025-03-21T04:42:44.277Z,RBC,1,4,4.99,F,SI2,FALSE,22500
2025-03-21T04:42:44.277Z,RBC,1,4,4.99,G,VVS1,FALSE,43000
2025-03-21T04:42:44.277Z,RBC,1,4,4.99,G,VS2,FALSE,31500
2025-03-21T04:42:44.277Z,RBC,1,4,4.99,G,I1,FALSE,9500
2025-03-21T04:42:44.277Z,RBC,1,4,4.99,G,I3,FALSE,2000
2025-03-21T04:42:44.277Z,RBC,1,4,4.99,H,SI2,FALSE,18000
2025-03-21T04:42:44.277Z,RBC,1,4,4.99,H,SI3,FALSE,11400
2025-03-21T04:42:44.277Z,RBC,1,4,4.99,H,I1,FALSE,9000
2025-03-21T04:42:44.277Z,RBC,1,4,4.99,H,I3,FALSE,1900
2025-03-21T04:42:44.277Z,RBC,1,4,4.99,I,VS2,FALSE,21000
2025-03-21T04:42:44.277Z,RBC,1,4,4.99,I,SI2,FALSE,16000
2025-03-21T04:42:44.277Z,RBC,1,4,4.99,J,VVS1,FALSE,21000
2025-03-21T04:42:44.277Z,RBC,1,4,4.99,J,SI1,FALSE,15500
2025-03-21T04:42:44.277Z,RBC,1,4,4.99,K,IF,FALSE,18500
2025-03-21T04:42:44.277Z,RBC,1,4,4.99,K,VVS1,FALSE,17500
2025-03-21T04:42:44.277Z,RBC,1,4,4.99,K,SI1,FALSE,13000
2025-03-21T04:42:44.277Z,RBC,1,4,4.99,K,I1,FALSE,6600
2025-03-21T04:42:44.277Z,RBC,1,4,4.99,L,VVS1,FALSE,14000
2025-03-21T04:42:44.277Z,RBC,1,4,4.99,L,VVS2,FALSE,13000
2025-03-21T04:42:44.277Z,RBC,1,4,4.99,L,SI2,FALSE,10000
2025-03-21T04:42:44.277Z,RBC,1,4,4.99,L,I1,FALSE,5900
2025-03-21T04:42:44.277Z,RBC,1,4,4.99,L,I3,FALSE,1600
2025-03-21T04:42:44.277Z,RBC,1,4,4.99,M,VVS2,FALSE,10500
2025-03-21T04:42:44.277Z,RBC,1,5,9.99,D,VVS2,FALSE,77000
2025-03-21T04:42:44.277Z,RBC,1,5,9.99,D,VS1,FALSE,69000
2025-03-21T04:42:44.277Z,RBC,1,5,9.99,D,I3,FALSE,2500
2025-03-21T04:42:44.277Z,RBC,1,5,9.99,E,IF,FALSE,83500
2025-03-21T04:42:44.277Z,RBC,1,5,9.99,E,SI2,FALSE,29500
2025-03-21T04:42:44.277Z,RBC,1,5,9.99,E,SI3,FALSE,17000
2025-03-21T04:42:44.277Z,RBC,1,5,9.99,F,IF,FALSE,73000
2025-03-21T04:42:44.277Z,RBC,1,5,9.99,F,SI3,FALSE,16000
2025-03-21T04:42:44.277Z,RBC,1,5,9.99,F,I1,FALSE,11500
2025-03-21T04:42:44.277Z,RBC,1,5,9.99,F,I2,FALSE,5400
2025-03-21T04:42:44.277Z,RBC,1,5,9.99,G,IF,FALSE,60500
2025-03-21T04:42:44.277Z,RBC,1,5,9.99,G,SI1,FALSE,32000
2025-03-21T04:42:44.277Z,RBC,1,5,9.99,G,SI2,FALSE,26000
2025-03-21T04:42:44.277Z,RBC,1,5,9.99,H,SI1,FALSE,26500
2025-03-21T04:42:44.277Z,RBC,1,5,9.99,K,SI1,FALSE,16500
2025-03-21T04:42:44.277Z,RBC,1,5,9.99,K,SI3,FALSE,11000
2025-03-21T04:42:44.277Z,RBC,1,5,9.99,K,I1,FALSE,8100
2025-03-21T04:42:44.277Z,RBC,1,5,9.99,L,VS2,FALSE,14000
2025-03-21T04:42:44.277Z,RBC,1,5,9.99,L,I2,FALSE,3700
2025-03-21T04:42:44.277Z,RBC,1,5,9.99,M,IF,FALSE,15000
2025-03-21T04:42:44.277Z,RBC,1,5,9.99,M,VVS2,FALSE,13000
2025-03-21T04:42:44.277Z,RBC,1,5,9.99,M,VS1,FALSE,12500
2025-03-21T04:42:44.277Z,RBC,1,5,9.99,M,SI1,FALSE,11000
2025-03-21T04:42:44.277Z,RBC,1,5,9.99,M,SI2,FALSE,10000
2025-03-21T04:42:44.277Z,RBC,1,5,9.99,M,I1,FALSE,6000
2025-03-21T04:42:44.277Z,RBC,1,10,99,D,VVS1,FALSE,130000
2025-03-21T04:42:44.277Z,RBC,1,10,99,D,VS1,FALSE,107000
2025-03-21T04:42:44.277Z,RBC,1,10,99,D,VS2,FALSE,90000
2025-03-21T04:42:44.277Z,RBC,1,10,99,D,SI1,FALSE,63500
2025-03-21T04:42:44.277Z,RBC,1,10,99,D,SI3,FALSE,25000
2025-03-21T04:42:44.277Z,RBC,1,10,99,D,I3,FALSE,2700
2025-03-21T04:42:44.277Z,RBC,1,10,99,E,VS1,FALSE,93000
2025-03-21T04:42:44.277Z,RBC,1,10,99,E,SI1,FALSE,58500
2025-03-21T04:42:44.277Z,RBC,1,10,99,E,I1,FALSE,13500
2025-03-21T04:42:44.277Z,RBC,1,5,9.99,H,I3,FALSE,2100
2025-03-21T04:42:44.277Z,RBC,1,5,9.99,I,IF,FALSE,36500
2025-03-21T04:42:44.277Z,RBC,1,5,9.99,I,VVS2,FALSE,31500
2025-03-21T04:42:44.277Z,RBC,1,5,9.99,I,SI2,FALSE,19500
2025-03-21T04:42:44.277Z,RBC,1,5,9.99,I,SI3,FALSE,13000
2025-03-21T04:42:44.277Z,RBC,1,5,9.99,I,I2,FALSE,4600
2025-03-21T04:42:44.277Z,RBC,1,5,9.99,J,IF,FALSE,28000
2025-03-21T04:42:44.277Z,RBC,1,5,9.99,J,VS1,FALSE,22000
2025-03-21T04:42:44.277Z,RBC,1,5,9.99,K,IF,FALSE,22000
2025-03-21T04:42:44.277Z,RBC,1,5,9.99,K,VS2,FALSE,17000
2025-03-21T04:42:44.277Z,RBC,1,5,9.99,L,SI1,FALSE,13500
2025-03-21T04:42:44.277Z,RBC,1,5,9.99,L,SI2,FALSE,12500
2025-03-21T04:42:44.277Z,RBC,1,5,9.99,L,I3,FALSE,1700
2025-03-21T04:42:44.277Z,RBC,1,5,9.99,M,SI3,FALSE,8000
2025-03-21T04:42:44.277Z,RBC,1,5,9.99,M,I3,FALSE,1600
2025-03-21T04:42:44.277Z,RBC,1,10,99,D,IF,FALSE,140000
2025-03-21T04:42:44.277Z,RBC,1,10,99,D,SI2,FALSE,46500
2025-03-21T04:42:44.277Z,RBC,1,10,99,F,IF,FALSE,111000
2025-03-21T04:42:44.277Z,RBC,1,10,99,F,SI3,FALSE,22000
2025-03-21T04:42:44.277Z,RBC,1,10,99,F,I2,FALSE,6000
2025-03-21T04:42:44.277Z,RBC,1,10,99,G,IF,FALSE,93000
2025-03-21T04:42:44.277Z,RBC,1,10,99,G,VVS2,FALSE,78500
2025-03-21T04:42:44.277Z,RBC,1,10,99,G,VS2,FALSE,61000
2025-03-21T04:42:44.277Z,RBC,1,10,99,G,SI2,FALSE,37000
2025-03-21T04:42:44.277Z,RBC,1,10,99,G,I1,FALSE,12500
2025-03-21T04:42:44.277Z,RBC,1,10,99,H,VVS1,FALSE,69500
2025-03-21T04:42:44.277Z,RBC,1,10,99,H,VVS2,FALSE,63000
2025-03-21T04:42:44.277Z,RBC,1,10,99,I,VVS1,FALSE,53500
2025-03-21T04:42:44.277Z,RBC,1,10,99,I,SI1,FALSE,34000
2025-03-21T04:42:44.277Z,RBC,1,10,99,I,I1,FALSE,11500
2025-03-21T04:42:44.277Z,RBC,1,10,99,J,IF,FALSE,44000
2025-03-21T04:42:44.277Z,RBC,1,10,99,J,VS1,FALSE,35000
2025-03-21T04:42:44.277Z,RBC,1,10,99,K,VVS2,FALSE,30000
2025-03-21T04:42:44.277Z,RBC,1,10,99,K,SI1,FALSE,23500
2025-03-21T04:42:44.277Z,RBC,1,10,99,K,SI2,FALSE,20000
2025-03-21T04:42:44.277Z,RBC,1,10,99,K,I3,FALSE,2000
2025-03-21T04:42:44.277Z,RBC,1,10,99,L,IF,FALSE,27000
2025-03-21T04:42:44.277Z,RBC,1,10,99,L,VS1,FALSE,22500
2025-03-21T04:42:44.277Z,RBC,1,10,99,L,VS2,FALSE,21000
2025-03-21T04:42:44.277Z,RBC,1,10,99,L,SI1,FALSE,19500
2025-03-21T04:42:44.277Z,RBC,1,10,99,L,SI3,FALSE,12000
2025-03-21T04:42:44.277Z,RBC,1,10,99,L,I1,FALSE,8500
2025-03-21T04:42:44.277Z,RBC,1,10,99,L,I2,FALSE,4500
2025-03-21T04:42:44.277Z,RBC,1,10,99,M,VVS2,FALSE,19500
2025-03-21T04:42:44.277Z,RBC,1,10,99,M,VS2,FALSE,17500
2025-03-21T04:42:44.277Z,RBC,1,10,99,M,SI1,FALSE,16500
2025-03-21T04:42:44.277Z,RBC,1,0.3,0.39,N,VVS2,FALSE,900
2025-03-21T04:42:44.277Z,RBC,1,0.3,0.39,N,VS1,FALSE,800
2025-03-21T04:42:44.277Z,RBC,1,0.4,0.49,N,SI1,FALSE,900
2025-03-21T04:42:44.277Z,RBC,1,0.4,0.49,N,SI2,FALSE,800
2025-03-21T04:42:44.277Z,RBC,1,0.5,0.69,N,I3,FALSE,500
2025-03-21T04:42:44.277Z,RBC,1,0.7,0.89,N,VS2,FALSE,1300
2025-03-21T04:42:44.277Z,RBC,1,0.7,0.89,N,SI3,FALSE,1100
2025-03-21T04:42:44.277Z,RBC,1,10,99,F,VS1,FALSE,83500
2025-03-21T04:42:44.277Z,RBC,1,10,99,F,I3,FALSE,2500
2025-03-21T04:42:44.277Z,RBC,1,10,99,F,VS2,FALSE,71500
2025-03-21T04:42:44.277Z,RBC,1,10,99,F,SI2,FALSE,40000
2025-03-21T04:42:44.277Z,RBC,1,10,99,F,I1,FALSE,13000
2025-03-21T04:42:44.277Z,RBC,1,10,99,G,VS1,FALSE,71500
2025-03-21T04:42:44.277Z,RBC,1,10,99,G,I2,FALSE,5700
2025-03-21T04:42:44.277Z,RBC,1,10,99,H,VS2,FALSE,50000
2025-03-21T04:42:44.277Z,RBC,1,10,99,I,VVS2,FALSE,49500
2025-03-21T04:42:44.277Z,RBC,1,10,99,J,SI1,FALSE,28500
2025-03-21T04:42:44.277Z,RBC,1,10,99,J,SI2,FALSE,23500
2025-03-21T04:42:44.277Z,RBC,1,10,99,J,I2,FALSE,4900
2025-03-21T04:42:44.277Z,RBC,1,10,99,K,VS1,FALSE,27500
2025-03-21T04:42:44.277Z,RBC,1,10,99,K,VS2,FALSE,25500
2025-03-21T04:42:44.277Z,RBC,1,10,99,L,VVS1,FALSE,25500
2025-03-21T04:42:44.277Z,RBC,1,10,99,L,SI2,FALSE,16500
2025-03-21T04:42:44.277Z,RBC,1,10,99,M,IF,FALSE,22500
2025-03-21T04:42:44.277Z,RBC,1,10,99,M,VVS1,FALSE,21000
2025-03-21T04:42:44.277Z,RBC,1,10,99,M,VS1,FALSE,18500
2025-03-21T04:42:44.277Z,RBC,1,10,99,M,SI2,FALSE,14000
2025-03-21T04:42:44.277Z,RBC,1,10,99,M,I1,FALSE,7500
2025-03-21T04:42:44.277Z,RBC,1,10,99,M,I2,FALSE,4300
2025-03-21T04:42:44.277Z,RBC,1,10,99,M,I3,FALSE,1800
2025-03-21T04:42:44.277Z,RBC,1,0.3,0.39,N,IF,FALSE,1000
2025-03-21T04:42:44.277Z,RBC,1,0.3,0.39,N,I1,FALSE,500
2025-03-21T04:42:44.277Z,RBC,1,0.3,0.39,N,I2,FALSE,400
2025-03-21T04:42:44.277Z,RBC,1,0.4,0.49,N,VVS2,FALSE,1000
2025-03-21T04:42:44.277Z,RBC,1,10,99,G,VVS1,FALSE,86500
2025-03-21T04:42:44.277Z,RBC,1,0.4,0.49,N,I1,FALSE,600
2025-03-21T04:42:44.277Z,RBC,1,10,99,G,I3,FALSE,2400
2025-03-21T04:42:44.277Z,RBC,1,0.4,0.49,N,I2,FALSE,500
2025-03-21T04:42:44.277Z,RBC,1,10,99,H,VS1,FALSE,56500
2025-03-21T04:42:44.277Z,RBC,1,0.5,0.69,N,VVS1,FALSE,1300
2025-03-21T04:42:44.277Z,RBC,1,10,99,H,SI1,FALSE,40500
2025-03-21T04:42:44.277Z,RBC,1,0.5,0.69,N,VVS2,FALSE,1200
2025-03-21T04:42:44.277Z,RBC,1,10,99,H,SI2,FALSE,32500
2025-03-21T04:42:44.277Z,RBC,1,0.5,0.69,N,SI3,FALSE,900
2025-03-21T04:42:44.277Z,RBC,1,10,99,H,SI3,FALSE,18500
2025-03-21T04:42:44.277Z,RBC,1,0.5,0.69,N,I1,FALSE,900
2025-03-21T04:42:44.277Z,RBC,1,10,99,H,I2,FALSE,5500
2025-03-21T04:42:44.277Z,RBC,1,0.7,0.89,N,VS1,FALSE,1400
2025-03-21T04:42:44.277Z,RBC,1,10,99,H,I3,FALSE,2300
2025-03-21T04:42:44.277Z,RBC,1,10,99,I,IF,FALSE,57000
2025-03-21T04:42:44.277Z,RBC,1,10,99,I,I2,FALSE,5200
2025-03-21T04:42:44.277Z,RBC,1,10,99,J,VVS2,FALSE,37500
2025-03-21T04:42:44.277Z,RBC,1,10,99,J,VS2,FALSE,32500
2025-03-21T04:42:44.277Z,RBC,1,10,99,J,SI3,FALSE,15000
2025-03-21T04:42:44.277Z,RBC,1,10,99,K,IF,FALSE,34500
2025-03-21T04:42:44.277Z,RBC,1,10,99,K,VVS1,FALSE,32500
2025-03-21T04:42:44.277Z,RBC,1,10,99,M,SI3,FALSE,10500
2025-03-21T04:42:44.277Z,RBC,1,0.3,0.39,N,VVS1,FALSE,900
2025-03-21T04:42:44.277Z,RBC,1,0.3,0.39,N,SI1,FALSE,800
2025-03-21T04:42:44.277Z,RBC,1,0.3,0.39,N,I3,FALSE,300
2025-03-21T04:42:44.277Z,RBC,1,0.4,0.49,N,IF,FALSE,1200
2025-03-21T04:42:44.277Z,RBC,1,0.4,0.49,N,VS1,FALSE,900
2025-03-21T04:42:44.277Z,RBC,1,0.4,0.49,N,VS2,FALSE,900
2025-03-21T04:42:44.277Z,RBC,1,0.4,0.49,N,SI3,FALSE,700
2025-03-21T04:42:44.277Z,RBC,1,0.5,0.69,N,IF,FALSE,1400
2025-03-21T04:42:44.277Z,RBC,1,0.5,0.69,N,VS1,FALSE,1100
2025-03-21T04:42:44.277Z,RBC,1,0.5,0.69,N,VS2,FALSE,1000
2025-03-21T04:42:44.277Z,RBC,1,0.5,0.69,N,SI1,FALSE,1000
2025-03-21T04:42:44.277Z,RBC,1,0.7,0.89,N,VVS2,FALSE,1500
2025-03-21T04:42:44.277Z,RBC,1,0.7,0.89,N,SI2,FALSE,1200
2025-03-21T04:42:44.277Z,RBC,1,0.7,0.89,N,I1,FALSE,1100
2025-03-21T04:42:44.277Z,RBC,1,10,99,F,VVS2,FALSE,93000
2025-03-21T04:42:44.277Z,RBC,1,10,99,F,SI1,FALSE,53500
2025-03-21T04:42:44.277Z,RBC,1,10,99,G,SI1,FALSE,48500
2025-03-21T04:42:44.277Z,RBC,1,10,99,G,SI3,FALSE,20500
2025-03-21T04:42:44.277Z,RBC,1,10,99,H,IF,FALSE,75000
2025-03-21T04:42:44.277Z,RBC,1,10,99,H,I1,FALSE,12000
2025-03-21T04:42:44.277Z,RBC,1,10,99,I,VS1,FALSE,46000
2025-03-21T04:42:44.277Z,RBC,1,10,99,I,VS2,FALSE,40500
2025-03-21T04:42:44.277Z,RBC,1,10,99,I,SI2,FALSE,27500
2025-03-21T04:42:44.277Z,RBC,1,10,99,I,SI3,FALSE,17000
2025-03-21T04:42:44.277Z,RBC,1,10,99,I,I3,FALSE,2200
2025-03-21T04:42:44.277Z,RBC,1,10,99,J,VVS1,FALSE,40500
2025-03-21T04:42:44.277Z,RBC,1,10,99,J,I1,FALSE,11000
2025-03-21T04:42:44.277Z,RBC,1,10,99,J,I3,FALSE,2100
2025-03-21T04:42:44.277Z,RBC,1,10,99,K,SI3,FALSE,13500
2025-03-21T04:42:44.277Z,RBC,1,10,99,K,I1,FALSE,10000
2025-03-21T04:42:44.277Z,RBC,1,10,99,K,I2,FALSE,4700
2025-03-21T04:42:44.277Z,RBC,1,10,99,L,VVS2,FALSE,24000
2025-03-21T04:42:44.277Z,RBC,1,10,99,L,I3,FALSE,1900
2025-03-21T04:42:44.277Z,RBC,1,0.3,0.39,N,VS2,FALSE,800
2025-03-21T04:42:44.277Z,RBC,1,0.3,0.39,N,SI2,FALSE,700
2025-03-21T04:42:44.277Z,RBC,1,0.3,0.39,N,SI3,FALSE,600
2025-03-21T04:42:44.277Z,RBC,1,0.4,0.49,N,VVS1,FALSE,1100
2025-03-21T04:42:44.277Z,RBC,1,0.4,0.49,N,I3,FALSE,400
2025-03-21T04:42:44.277Z,RBC,1,0.5,0.69,N,SI2,FALSE,900
2025-03-21T04:42:44.277Z,RBC,1,0.5,0.69,N,I2,FALSE,700
2025-03-21T04:42:44.277Z,RBC,1,0.7,0.89,N,IF,FALSE,1900
2025-03-21T04:42:44.277Z,RBC,1,0.7,0.89,N,VVS1,FALSE,1700
2025-03-21T04:42:44.277Z,RBC,1,0.7,0.89,N,SI1,FALSE,1300
2025-03-21T04:42:44.277Z,RBC,1,0.7,0.89,N,I3,FALSE,600
2025-03-21T04:42:44.277Z,RBC,1,0.9,0.99,N,IF,FALSE,2400
2025-03-21T04:42:44.277Z,RBC,1,0.9,0.99,N,SI1,FALSE,1600
2025-03-21T04:42:44.277Z,RBC,1,0.9,0.99,N,SI2,FALSE,1500
2025-03-21T04:42:44.277Z,RBC,1,0.9,0.99,N,I3,FALSE,700
2025-03-21T04:42:44.277Z,RBC,1,0.9,0.99,N,SI3,FALSE,1500
2025-03-21T04:42:44.277Z,RBC,1,1.5,1.99,N,SI1,FALSE,3200
2025-03-21T04:42:44.277Z,RBC,1,0.9,0.99,N,I2,FALSE,1100
2025-03-21T04:42:44.277Z,RBC,1,1.5,1.99,N,I3,FALSE,1200
2025-03-21T04:42:44.277Z,RBC,1,1,1.49,N,IF,FALSE,2700
2025-03-21T04:42:44.277Z,RBC,1,2,2.99,N,VVS1,FALSE,6300
2025-03-21T04:42:44.277Z,RBC,1,1,1.49,N,VVS2,FALSE,2400
2025-03-21T04:42:44.277Z,RBC,1,2,2.99,N,SI3,FALSE,4000
2025-03-21T04:42:44.277Z,RBC,1,1,1.49,N,SI2,FALSE,1900
2025-03-21T04:42:44.277Z,RBC,1,2,2.99,N,I1,FALSE,3800
2025-03-21T04:42:44.277Z,RBC,1,1,1.49,N,I2,FALSE,1600
2025-03-21T04:42:44.277Z,RBC,1,3,3.99,N,VS2,FALSE,7900
2025-03-21T04:42:44.277Z,RBC,1,1.5,1.99,N,VVS1,FALSE,4100
2025-03-21T04:42:44.277Z,RBC,1,3,3.99,N,SI1,FALSE,7500
2025-03-21T04:42:44.277Z,RBC,1,3,3.99,N,I1,FALSE,4700
2025-03-21T04:42:44.277Z,RBC,1,3,3.99,N,I2,FALSE,3000
2025-03-21T04:42:44.277Z,RBC,1,4,4.99,N,SI3,FALSE,6500
2025-03-21T04:42:44.277Z,RBC,1,3,3.99,N,I3,FALSE,1400
2025-03-21T04:42:44.277Z,RBC,1,4,4.99,N,I2,FALSE,3200
2025-03-21T04:42:44.277Z,RBC,1,4,4.99,N,IF,FALSE,12500
2025-03-21T04:42:44.277Z,RBC,1,5,9.99,N,SI1,FALSE,11000
2025-03-21T04:42:44.277Z,RBC,1,4,4.99,N,VVS1,FALSE,11500
2025-03-21T04:42:44.277Z,RBC,1,5,9.99,N,SI3,FALSE,8000
2025-03-21T04:42:44.277Z,RBC,1,4,4.99,N,VS1,FALSE,10000
2025-03-21T04:42:44.277Z,RBC,1,10,99,N,VVS1,FALSE,21000
2025-03-21T04:42:44.277Z,RBC,1,4,4.99,N,I1,FALSE,5000
2025-03-21T04:42:44.277Z,RBC,1,10,99,N,SI3,FALSE,10500
2025-03-21T04:42:44.277Z,RBC,1,5,9.99,N,IF,FALSE,15000
2025-03-21T04:42:44.277Z,RBC,1,0.3,0.39,O-P,VS1,FALSE,800
2025-03-21T04:42:44.277Z,RBC,1,5,9.99,N,VVS1,FALSE,14000
2025-03-21T04:42:44.277Z,RBC,1,0.3,0.39,O-P,VS2,FALSE,800
2025-03-21T04:42:44.277Z,RBC,1,5,9.99,N,VS2,FALSE,12000
2025-03-21T04:42:44.277Z,RBC,1,0.3,0.39,O-P,I1,FALSE,500
2025-03-21T04:42:44.277Z,RBC,1,5,9.99,N,SI2,FALSE,10000
2025-03-21T04:42:44.277Z,RBC,1,0.3,0.39,O-P,I2,FALSE,400
2025-03-21T04:42:44.277Z,RBC,1,5,9.99,N,I2,FALSE,3400
2025-03-21T04:42:44.277Z,RBC,1,0.4,0.49,O-P,VVS2,FALSE,1000
2025-03-21T04:42:44.277Z,RBC,1,5,9.99,N,I3,FALSE,1600
2025-03-21T04:42:44.277Z,RBC,1,0.4,0.49,O-P,VS2,FALSE,900
2025-03-21T04:42:44.277Z,RBC,1,10,99,N,IF,FALSE,22500
2025-03-21T04:42:44.277Z,RBC,1,0.4,0.49,O-P,I1,FALSE,600
2025-03-21T04:42:44.277Z,RBC,1,10,99,N,VS1,FALSE,18500
2025-03-21T04:42:44.277Z,RBC,1,0.4,0.49,O-P,I2,FALSE,500
2025-03-21T04:42:44.277Z,RBC,1,10,99,N,SI2,FALSE,14000
2025-03-21T04:42:44.277Z,RBC,1,0.5,0.69,O-P,VVS1,FALSE,1300
2025-03-21T04:42:44.277Z,RBC,1,10,99,N,I1,FALSE,7500
2025-03-21T04:42:44.277Z,RBC,1,0.5,0.69,O-P,SI2,FALSE,900
2025-03-21T04:42:44.277Z,RBC,1,0.3,0.39,O-P,VVS1,FALSE,900
2025-03-21T04:42:44.277Z,RBC,1,0.3,0.39,O-P,SI2,FALSE,700
2025-03-21T04:42:44.277Z,RBC,1,0.5,0.69,O-P,VVS2,FALSE,1200
2025-03-21T04:42:44.277Z,RBC,1,0.5,0.69,O-P,VS2,FALSE,1000
2025-03-21T04:42:44.277Z,RBC,1,0.5,0.69,O-P,SI1,FALSE,1000
2025-03-21T04:42:44.277Z,RBC,1,0.5,0.69,O-P,I1,FALSE,900
2025-03-21T04:42:44.277Z,RBC,1,0.5,0.69,O-P,I2,FALSE,700
2025-03-21T04:42:44.277Z,RBC,1,0.5,0.69,O-P,I3,FALSE,500
2025-03-21T04:42:44.277Z,RBC,1,0.7,0.89,O-P,IF,FALSE,1900
2025-03-21T04:42:44.277Z,RBC,1,0.7,0.89,O-P,VS1,FALSE,1400
2025-03-21T04:42:44.277Z,RBC,1,0.7,0.89,O-P,VS2,FALSE,1300
2025-03-21T04:42:44.277Z,RBC,1,0.9,0.99,N,VS1,FALSE,1900
2025-03-21T04:42:44.277Z,RBC,1,0.9,0.99,N,VS2,FALSE,1700
2025-03-21T04:42:44.277Z,RBC,1,0.9,0.99,N,I1,FALSE,1400
2025-03-21T04:42:44.277Z,RBC,1,1,1.49,N,VVS1,FALSE,2500
2025-03-21T04:42:44.277Z,RBC,1,1,1.49,N,VS2,FALSE,2100
2025-03-21T04:42:44.277Z,RBC,1,1,1.49,N,SI3,FALSE,1800
2025-03-21T04:42:44.277Z,RBC,1,1.5,1.99,N,IF,FALSE,4600
2025-03-21T04:42:44.277Z,RBC,1,1.5,1.99,N,VVS2,FALSE,3900
2025-03-21T04:42:44.277Z,RBC,1,1.5,1.99,N,VS2,FALSE,3400
2025-03-21T04:42:44.277Z,RBC,1,1.5,1.99,N,I1,FALSE,2700
2025-03-21T04:42:44.277Z,RBC,1,2,2.99,N,IF,FALSE,6800
2025-03-21T04:42:44.277Z,RBC,1,2,2.99,N,VVS2,FALSE,5700
2025-03-21T04:42:44.277Z,RBC,1,2,2.99,N,SI1,FALSE,4500
2025-03-21T04:42:44.277Z,RBC,1,2,2.99,N,SI2,FALSE,4200
2025-03-21T04:42:44.277Z,RBC,1,2,2.99,N,I2,FALSE,2600
2025-03-21T04:42:44.277Z,RBC,1,3,3.99,N,IF,FALSE,9500
2025-03-21T04:42:44.277Z,RBC,1,4,4.99,N,SI1,FALSE,9000
2025-03-21T04:42:44.277Z,RBC,1,4,4.99,N,SI2,FALSE,8000
2025-03-21T04:42:44.277Z,RBC,1,5,9.99,N,VVS2,FALSE,13000
2025-03-21T04:42:44.277Z,RBC,1,10,99,N,VVS2,FALSE,19500
2025-03-21T04:42:44.277Z,RBC,1,10,99,N,SI1,FALSE,16500
2025-03-21T04:42:44.277Z,RBC,1,0.3,0.39,O-P,IF,FALSE,1000
2025-03-21T04:42:44.277Z,RBC,1,0.3,0.39,O-P,VVS2,FALSE,900
2025-03-21T04:42:44.277Z,RBC,1,0.3,0.39,O-P,SI1,FALSE,800
2025-03-21T04:42:44.277Z,RBC,1,0.3,0.39,O-P,SI3,FALSE,600
2025-03-21T04:42:44.277Z,RBC,1,0.3,0.39,O-P,I3,FALSE,300
2025-03-21T04:42:44.277Z,RBC,1,0.4,0.49,O-P,VVS1,FALSE,1100
2025-03-21T04:42:44.277Z,RBC,1,0.4,0.49,O-P,VS1,FALSE,900
2025-03-21T04:42:44.277Z,RBC,1,0.4,0.49,O-P,SI3,FALSE,700
2025-03-21T04:42:44.277Z,RBC,1,0.4,0.49,O-P,I3,FALSE,400
2025-03-21T04:42:44.277Z,RBC,1,0.5,0.69,O-P,VS1,FALSE,1100
2025-03-21T04:42:44.277Z,RBC,1,0.5,0.69,O-P,SI3,FALSE,900
2025-03-21T04:42:44.277Z,RBC,1,0.7,0.89,O-P,VVS2,FALSE,1500
2025-03-21T04:42:44.277Z,RBC,1,0.7,0.89,N,I2,FALSE,800
2025-03-21T04:42:44.277Z,RBC,1,0.9,0.99,N,VVS1,FALSE,2200
2025-03-21T04:42:44.277Z,RBC,1,0.9,0.99,N,VVS2,FALSE,2000
2025-03-21T04:42:44.277Z,RBC,1,1,1.49,N,VS1,FALSE,2300
2025-03-21T04:42:44.277Z,RBC,1,1,1.49,N,SI1,FALSE,2000
2025-03-21T04:42:44.277Z,RBC,1,1,1.49,N,I1,FALSE,1700
2025-03-21T04:42:44.277Z,RBC,1,1,1.49,N,I3,FALSE,1000
2025-03-21T04:42:44.277Z,RBC,1,1.5,1.99,N,VS1,FALSE,3600
2025-03-21T04:42:44.277Z,RBC,1,1.5,1.99,N,SI2,FALSE,3000
2025-03-21T04:42:44.277Z,RBC,1,1.5,1.99,N,SI3,FALSE,2800
2025-03-21T04:42:44.277Z,RBC,1,1.5,1.99,N,I2,FALSE,2200
2025-03-21T04:42:44.277Z,RBC,1,2,2.99,N,VS1,FALSE,5400
2025-03-21T04:42:44.277Z,RBC,1,2,2.99,N,VS2,FALSE,4800
2025-03-21T04:42:44.277Z,RBC,1,2,2.99,N,I3,FALSE,1300
2025-03-21T04:42:44.277Z,RBC,1,3,3.99,N,VVS1,FALSE,9100
2025-03-21T04:42:44.277Z,RBC,1,3,3.99,N,VVS2,FALSE,8700
2025-03-21T04:42:44.277Z,RBC,1,3,3.99,N,VS1,FALSE,8300
2025-03-21T04:42:44.277Z,RBC,1,3,3.99,N,SI2,FALSE,6700
2025-03-21T04:42:44.277Z,RBC,1,3,3.99,N,SI3,FALSE,5800
2025-03-21T04:42:44.277Z,RBC,1,4,4.99,N,VVS2,FALSE,10500
2025-03-21T04:42:44.277Z,RBC,1,4,4.99,N,VS2,FALSE,9500
2025-03-21T04:42:44.277Z,RBC,1,4,4.99,N,I3,FALSE,1600
2025-03-21T04:42:44.277Z,RBC,1,5,9.99,N,VS1,FALSE,12500
2025-03-21T04:42:44.277Z,RBC,1,5,9.99,N,I1,FALSE,6000
2025-03-21T04:42:44.277Z,RBC,1,10,99,N,VS2,FALSE,17500
2025-03-21T04:42:44.277Z,RBC,1,10,99,N,I2,FALSE,4300
2025-03-21T04:42:44.277Z,RBC,1,10,99,N,I3,FALSE,1800
2025-03-21T04:42:44.277Z,RBC,1,0.4,0.49,O-P,IF,FALSE,1200
2025-03-21T04:42:44.277Z,RBC,1,0.4,0.49,O-P,SI1,FALSE,900
2025-03-21T04:42:44.277Z,RBC,1,0.4,0.49,O-P,SI2,FALSE,800
2025-03-21T04:42:44.277Z,RBC,1,0.5,0.69,O-P,IF,FALSE,1400
2025-03-21T04:42:44.277Z,RBC,1,0.7,0.89,O-P,VVS1,FALSE,1700
2025-03-21T04:42:44.277Z,RBC,1,0.9,0.99,O-P,VVS2,FALSE,2000
2025-03-21T04:42:44.277Z,RBC,1,0.7,0.89,O-P,SI2,FALSE,1200
2025-03-21T04:42:44.277Z,RBC,1,0.9,0.99,O-P,SI3,FALSE,1500
2025-03-21T04:42:44.277Z,RBC,1,1,1.49,O-P,VVS1,FALSE,2500
2025-03-21T04:42:44.277Z,RBC,1,1,1.49,O-P,I2,FALSE,1600
2025-03-21T04:42:44.277Z,RBC,1,1,1.49,O-P,I3,FALSE,1000
2025-03-21T04:42:44.277Z,RBC,1,1.5,1.99,O-P,VS2,FALSE,3400
2025-03-21T04:42:44.277Z,RBC,1,2,2.99,O-P,VVS2,FALSE,5700
2025-03-21T04:42:44.277Z,RBC,1,2,2.99,O-P,VS1,FALSE,5400
2025-03-21T04:42:44.277Z,RBC,1,2,2.99,O-P,VS2,FALSE,4800
2025-03-21T04:42:44.277Z,RBC,1,3,3.99,O-P,I1,FALSE,4700
2025-03-21T04:42:44.277Z,RBC,1,4,4.99,O-P,VS1,FALSE,10000
2025-03-21T04:42:44.277Z,RBC,1,4,4.99,O-P,SI1,FALSE,9000
2025-03-21T04:42:44.277Z,RBC,1,4,4.99,O-P,SI2,FALSE,8000
2025-03-21T04:42:44.277Z,RBC,1,10,99,O-P,VS1,FALSE,18500
2025-03-21T04:42:44.277Z,RBC,1,10,99,O-P,I2,FALSE,4300
2025-03-21T04:42:44.277Z,RBC,1,0.3,0.39,Q-R,IF,FALSE,1000
2025-03-21T04:42:44.277Z,RBC,1,0.3,0.39,Q-R,I3,FALSE,300
2025-03-21T04:42:44.277Z,RBC,1,0.4,0.49,Q-R,VS1,FALSE,900
2025-03-21T04:42:44.277Z,RBC,1,0.4,0.49,Q-R,I1,FALSE,600
2025-03-21T04:42:44.277Z,RBC,1,0.5,0.69,Q-R,VVS1,FALSE,1300
2025-03-21T04:42:44.277Z,RBC,1,0.5,0.69,Q-R,I1,FALSE,900
2025-03-21T04:42:44.277Z,RBC,1,0.5,0.69,Q-R,I2,FALSE,700
2025-03-21T04:42:44.277Z,RBC,1,0.9,0.99,O-P,VVS1,FALSE,2200
2025-03-21T04:42:44.277Z,RBC,1,0.9,0.99,O-P,SI2,FALSE,1500
2025-03-21T04:42:44.277Z,RBC,1,1.5,1.99,O-P,VVS1,FALSE,4100
2025-03-21T04:42:44.277Z,RBC,1,1.5,1.99,O-P,SI3,FALSE,2800
2025-03-21T04:42:44.277Z,RBC,1,1.5,1.99,O-P,I1,FALSE,2700
2025-03-21T04:42:44.277Z,RBC,1,1.5,1.99,O-P,I2,FALSE,2200
2025-03-21T04:42:44.277Z,RBC,1,2,2.99,O-P,SI1,FALSE,4500
2025-03-21T04:42:44.277Z,RBC,1,2,2.99,O-P,SI2,FALSE,4200
2025-03-21T04:42:44.277Z,RBC,1,2,2.99,O-P,I2,FALSE,2600
2025-03-21T04:42:44.277Z,RBC,1,2,2.99,O-P,I3,FALSE,1300
2025-03-21T04:42:44.277Z,RBC,1,3,3.99,O-P,IF,FALSE,9500
2025-03-21T04:42:44.277Z,RBC,1,3,3.99,O-P,VVS1,FALSE,9100
2025-03-21T04:42:44.277Z,RBC,1,3,3.99,O-P,VS2,FALSE,7900
2025-03-21T04:42:44.277Z,RBC,1,3,3.99,O-P,SI3,FALSE,5800
2025-03-21T04:42:44.277Z,RBC,1,4,4.99,O-P,IF,FALSE,12500
2025-03-21T04:42:44.277Z,RBC,1,4,4.99,O-P,VVS2,FALSE,10500
2025-03-21T04:42:44.277Z,RBC,1,4,4.99,O-P,I2,FALSE,3200
2025-03-21T04:42:44.277Z,RBC,1,4,4.99,O-P,I3,FALSE,1600
2025-03-21T04:42:44.277Z,RBC,1,5,9.99,O-P,IF,FALSE,15000
2025-03-21T04:42:44.277Z,RBC,1,5,9.99,O-P,I3,FALSE,1600
2025-03-21T04:42:44.277Z,RBC,1,10,99,O-P,VVS1,FALSE,21000
2025-03-21T04:42:44.277Z,RBC,1,10,99,O-P,SI1,FALSE,16500
2025-03-21T04:42:44.277Z,RBC,1,10,99,O-P,SI3,FALSE,10500
2025-03-21T04:42:44.277Z,RBC,1,10,99,O-P,I3,FALSE,1800
2025-03-21T04:42:44.277Z,RBC,1,0.3,0.39,Q-R,VVS1,FALSE,900
2025-03-21T04:42:44.277Z,RBC,1,0.3,0.39,Q-R,VVS2,FALSE,900
2025-03-21T04:42:44.277Z,RBC,1,0.3,0.39,Q-R,VS1,FALSE,800
2025-03-21T04:42:44.277Z,RBC,1,0.3,0.39,Q-R,SI1,FALSE,800
2025-03-21T04:42:44.277Z,RBC,1,0.3,0.39,Q-R,SI2,FALSE,700
2025-03-21T04:42:44.277Z,RBC,1,0.3,0.39,Q-R,SI3,FALSE,600
2025-03-21T04:42:44.277Z,RBC,1,0.4,0.49,Q-R,IF,FALSE,1200
2025-03-21T04:42:44.277Z,RBC,1,0.4,0.49,Q-R,VVS2,FALSE,1000
2025-03-21T04:42:44.277Z,RBC,1,0.4,0.49,Q-R,SI1,FALSE,900
2025-03-21T04:42:44.277Z,RBC,1,0.4,0.49,Q-R,SI3,FALSE,700
2025-03-21T04:42:44.277Z,RBC,1,0.4,0.49,Q-R,I2,FALSE,500
2025-03-21T04:42:44.277Z,RBC,1,0.4,0.49,Q-R,I3,FALSE,400
2025-03-21T04:42:44.277Z,RBC,1,0.5,0.69,Q-R,SI1,FALSE,1000
2025-03-21T04:42:44.277Z,RBC,1,0.5,0.69,Q-R,SI3,FALSE,900
2025-03-21T04:42:44.277Z,RBC,1,0.7,0.89,Q-R,IF,FALSE,1900
2025-03-21T04:42:44.277Z,RBC,1,0.7,0.89,O-P,SI3,FALSE,1100
2025-03-21T04:42:44.277Z,RBC,1,0.7,0.89,O-P,I3,FALSE,600
2025-03-21T04:42:44.277Z,RBC,1,0.9,0.99,O-P,VS1,FALSE,1900
2025-03-21T04:42:44.277Z,RBC,1,0.9,0.99,O-P,SI1,FALSE,1600
2025-03-21T04:42:44.277Z,RBC,1,0.9,0.99,O-P,I2,FALSE,1100
2025-03-21T04:42:44.277Z,RBC,1,0.9,0.99,O-P,I3,FALSE,700
2025-03-21T04:42:44.277Z,RBC,1,1,1.49,O-P,IF,FALSE,2700
2025-03-21T04:42:44.277Z,RBC,1,1,1.49,O-P,VVS2,FALSE,2400
2025-03-21T04:42:44.277Z,RBC,1,1,1.49,O-P,VS2,FALSE,2100
2025-03-21T04:42:44.277Z,RBC,1,1,1.49,O-P,SI2,FALSE,1900
2025-03-21T04:42:44.277Z,RBC,1,1,1.49,O-P,SI3,FALSE,1800
2025-03-21T04:42:44.277Z,RBC,1,1.5,1.99,O-P,VVS2,FALSE,3900
2025-03-21T04:42:44.277Z,RBC,1,1.5,1.99,O-P,VS1,FALSE,3600
2025-03-21T04:42:44.277Z,RBC,1,1.5,1.99,O-P,SI2,FALSE,3000
2025-03-21T04:42:44.277Z,RBC,1,1.5,1.99,O-P,I3,FALSE,1200
2025-03-21T04:42:44.277Z,RBC,1,2,2.99,O-P,SI3,FALSE,4000
2025-03-21T04:42:44.277Z,RBC,1,3,3.99,O-P,VS1,FALSE,8300
2025-03-21T04:42:44.277Z,RBC,1,3,3.99,O-P,I2,FALSE,3000
2025-03-21T04:42:44.277Z,RBC,1,3,3.99,O-P,I3,FALSE,1400
2025-03-21T04:42:44.277Z,RBC,1,4,4.99,O-P,VVS1,FALSE,11500
2025-03-21T04:42:44.277Z,RBC,1,4,4.99,O-P,VS2,FALSE,9500
2025-03-21T04:42:44.277Z,RBC,1,5,9.99,O-P,VS2,FALSE,12000
2025-03-21T04:42:44.277Z,RBC,1,5,9.99,O-P,SI3,FALSE,8000
2025-03-21T04:42:44.277Z,RBC,1,5,9.99,O-P,I1,FALSE,6000
2025-03-21T04:42:44.277Z,RBC,1,5,9.99,O-P,I2,FALSE,3400
2025-03-21T04:42:44.277Z,RBC,1,10,99,O-P,VVS2,FALSE,19500
2025-03-21T04:42:44.277Z,RBC,1,10,99,O-P,VS2,FALSE,17500
2025-03-21T04:42:44.277Z,RBC,1,10,99,O-P,I1,FALSE,7500
2025-03-21T04:42:44.277Z,RBC,1,0.3,0.39,Q-R,VS2,FALSE,800
2025-03-21T04:42:44.277Z,RBC,1,0.4,0.49,Q-R,VVS1,FALSE,1100
2025-03-21T04:42:44.277Z,RBC,1,0.5,0.69,Q-R,VVS2,FALSE,1200
2025-03-21T04:42:44.277Z,RBC,1,0.5,0.69,Q-R,VS1,FALSE,1100
2025-03-21T04:42:44.277Z,RBC,1,0.7,0.89,O-P,SI1,FALSE,1300
2025-03-21T04:42:44.277Z,RBC,1,0.7,0.89,O-P,I1,FALSE,1100
2025-03-21T04:42:44.277Z,RBC,1,0.7,0.89,O-P,I2,FALSE,800
2025-03-21T04:42:44.277Z,RBC,1,0.9,0.99,O-P,IF,FALSE,2400
2025-03-21T04:42:44.277Z,RBC,1,0.9,0.99,O-P,VS2,FALSE,1700
2025-03-21T04:42:44.277Z,RBC,1,0.9,0.99,O-P,I1,FALSE,1400
2025-03-21T04:42:44.277Z,RBC,1,1,1.49,O-P,VS1,FALSE,2300
2025-03-21T04:42:44.277Z,RBC,1,1,1.49,O-P,SI1,FALSE,2000
2025-03-21T04:42:44.277Z,RBC,1,1,1.49,O-P,I1,FALSE,1700
2025-03-21T04:42:44.277Z,RBC,1,1.5,1.99,O-P,IF,FALSE,4600
2025-03-21T04:42:44.277Z,RBC,1,1.5,1.99,O-P,SI1,FALSE,3200
2025-03-21T04:42:44.277Z,RBC,1,2,2.99,O-P,IF,FALSE,6800
2025-03-21T04:42:44.277Z,RBC,1,2,2.99,O-P,VVS1,FALSE,6300
2025-03-21T04:42:44.277Z,RBC,1,2,2.99,O-P,I1,FALSE,3800
2025-03-21T04:42:44.277Z,RBC,1,3,3.99,O-P,VVS2,FALSE,8700
2025-03-21T04:42:44.277Z,RBC,1,3,3.99,O-P,SI1,FALSE,7500
2025-03-21T04:42:44.277Z,RBC,1,3,3.99,O-P,SI2,FALSE,6700
2025-03-21T04:42:44.277Z,RBC,1,4,4.99,O-P,SI3,FALSE,6500
2025-03-21T04:42:44.277Z,RBC,1,4,4.99,O-P,I1,FALSE,5000
2025-03-21T04:42:44.277Z,RBC,1,5,9.99,O-P,VVS1,FALSE,14000
2025-03-21T04:42:44.277Z,RBC,1,5,9.99,O-P,VVS2,FALSE,13000
2025-03-21T04:42:44.277Z,RBC,1,5,9.99,O-P,VS1,FALSE,12500
2025-03-21T04:42:44.277Z,RBC,1,5,9.99,O-P,SI1,FALSE,11000
2025-03-21T04:42:44.277Z,RBC,1,5,9.99,O-P,SI2,FALSE,10000
2025-03-21T04:42:44.277Z,RBC,1,10,99,O-P,IF,FALSE,22500
2025-03-21T04:42:44.277Z,RBC,1,10,99,O-P,SI2,FALSE,14000
2025-03-21T04:42:44.277Z,RBC,1,0.3,0.39,Q-R,I1,FALSE,500
2025-03-21T04:42:44.277Z,RBC,1,0.3,0.39,Q-R,I2,FALSE,400
2025-03-21T04:42:44.277Z,RBC,1,0.4,0.49,Q-R,VS2,FALSE,900
2025-03-21T04:42:44.277Z,RBC,1,0.4,0.49,Q-R,SI2,FALSE,800
2025-03-21T04:42:44.277Z,RBC,1,0.5,0.69,Q-R,IF,FALSE,1400
2025-03-21T04:42:44.277Z,RBC,1,0.5,0.69,Q-R,VS2,FALSE,1000
2025-03-21T04:42:44.277Z,RBC,1,0.5,0.69,Q-R,SI2,FALSE,900
2025-03-21T04:42:44.277Z,RBC,1,0.5,0.69,Q-R,I3,FALSE,500
2025-03-21T04:42:44.277Z,RBC,1,0.7,0.89,Q-R,VS2,FALSE,1300
2025-03-21T04:42:44.277Z,RBC,1,0.7,0.89,Q-R,SI2,FALSE,1200
2025-03-21T04:42:44.277Z,RBC,1,0.7,0.89,Q-R,I3,FALSE,600
2025-03-21T04:42:44.277Z,RBC,1,0.9,0.99,Q-R,VVS1,FALSE,2200
2025-03-21T04:42:44.277Z,RBC,1,0.9,0.99,Q-R,SI2,FALSE,1500
2025-03-21T04:42:44.277Z,RBC,1,0.9,0.99,Q-R,SI3,FALSE,1500
2025-03-21T04:42:44.277Z,RBC,1,0.9,0.99,Q-R,I1,FALSE,1400
2025-03-21T04:42:44.277Z,RBC,1,1,1.49,Q-R,VS1,FALSE,2300
2025-03-21T04:42:44.277Z,RBC,1,1,1.49,Q-R,SI2,FALSE,1900
2025-03-21T04:42:44.277Z,RBC,1,1,1.49,Q-R,I1,FALSE,1700
2025-03-21T04:42:44.277Z,RBC,1,1,1.49,Q-R,I3,FALSE,1000
2025-03-21T04:42:44.277Z,RBC,1,1.5,1.99,Q-R,IF,FALSE,4600
2025-03-21T04:42:44.277Z,RBC,1,1.5,1.99,Q-R,VS1,FALSE,3600
2025-03-21T04:42:44.277Z,RBC,1,1.5,1.99,Q-R,I2,FALSE,2200
2025-03-21T04:42:44.277Z,RBC,1,2,2.99,Q-R,VVS2,FALSE,5700
2025-03-21T04:42:44.277Z,RBC,1,2,2.99,Q-R,SI1,FALSE,4500
2025-03-21T04:42:44.277Z,RBC,1,2,2.99,Q-R,SI2,FALSE,4200
2025-03-21T04:42:44.277Z,RBC,1,2,2.99,Q-R,SI3,FALSE,4000
2025-03-21T04:42:44.277Z,RBC,1,2,2.99,Q-R,I3,FALSE,1300
2025-03-21T04:42:44.277Z,RBC,1,3,3.99,Q-R,SI3,FALSE,5800
2025-03-21T04:42:44.277Z,RBC,1,3,3.99,Q-R,I1,FALSE,4700
2025-03-21T04:42:44.277Z,RBC,1,3,3.99,Q-R,I3,FALSE,1400
2025-03-21T04:42:44.278Z,RBC,1,5,9.99,Q-R,VVS2,FALSE,13000
2025-03-21T04:42:44.278Z,RBC,1,10,99,Q-R,SI2,FALSE,14000
2025-03-21T04:42:44.278Z,RBC,1,10,99,Q-R,I1,FALSE,7500
2025-03-21T04:42:44.278Z,RBC,1,0.3,0.39,S-T,VS2,FALSE,800
2025-03-21T04:42:44.278Z,RBC,1,0.3,0.39,S-T,I2,FALSE,400
2025-03-21T04:42:44.278Z,RBC,1,0.4,0.49,S-T,VVS2,FALSE,1000
2025-03-21T04:42:44.278Z,RBC,1,0.4,0.49,S-T,SI2,FALSE,800
2025-03-21T04:42:44.278Z,RBC,1,0.4,0.49,S-T,I1,FALSE,600
2025-03-21T04:42:44.278Z,RBC,1,0.5,0.69,S-T,IF,FALSE,1400
2025-03-21T04:42:44.278Z,RBC,1,0.5,0.69,S-T,VS1,FALSE,1100
2025-03-21T04:42:44.278Z,RBC,1,0.5,0.69,S-T,SI1,FALSE,1000
2025-03-21T04:42:44.277Z,RBC,1,0.7,0.89,Q-R,VVS1,FALSE,1700
2025-03-21T04:42:44.277Z,RBC,1,0.7,0.89,Q-R,SI1,FALSE,1300
2025-03-21T04:42:44.277Z,RBC,1,0.9,0.99,Q-R,IF,FALSE,2400
2025-03-21T04:42:44.277Z,RBC,1,0.9,0.99,Q-R,VS1,FALSE,1900
2025-03-21T04:42:44.277Z,RBC,1,0.9,0.99,Q-R,I2,FALSE,1100
2025-03-21T04:42:44.277Z,RBC,1,1,1.49,Q-R,IF,FALSE,2700
2025-03-21T04:42:44.277Z,RBC,1,1,1.49,Q-R,SI3,FALSE,1800
2025-03-21T04:42:44.277Z,RBC,1,1.5,1.99,Q-R,VVS2,FALSE,3900
2025-03-21T04:42:44.277Z,RBC,1,1.5,1.99,Q-R,SI2,FALSE,3000
2025-03-21T04:42:44.277Z,RBC,1,1.5,1.99,Q-R,I1,FALSE,2700
2025-03-21T04:42:44.277Z,RBC,1,1.5,1.99,Q-R,I3,FALSE,1200
2025-03-21T04:42:44.277Z,RBC,1,2,2.99,Q-R,IF,FALSE,6800
2025-03-21T04:42:44.277Z,RBC,1,2,2.99,Q-R,VVS1,FALSE,6300
2025-03-21T04:42:44.277Z,RBC,1,2,2.99,Q-R,VS1,FALSE,5400
2025-03-21T04:42:44.277Z,RBC,1,2,2.99,Q-R,I1,FALSE,3800
2025-03-21T04:42:44.277Z,RBC,1,2,2.99,Q-R,I2,FALSE,2600
2025-03-21T04:42:44.277Z,RBC,1,3,3.99,Q-R,VVS1,FALSE,9100
2025-03-21T04:42:44.277Z,RBC,1,3,3.99,Q-R,VVS2,FALSE,8700
2025-03-21T04:42:44.277Z,RBC,1,3,3.99,Q-R,VS1,FALSE,8300
2025-03-21T04:42:44.277Z,RBC,1,3,3.99,Q-R,VS2,FALSE,7900
2025-03-21T04:42:44.277Z,RBC,1,3,3.99,Q-R,SI2,FALSE,6700
2025-03-21T04:42:44.278Z,RBC,1,5,9.99,Q-R,IF,FALSE,15000
2025-03-21T04:42:44.278Z,RBC,1,5,9.99,Q-R,VVS1,FALSE,14000
2025-03-21T04:42:44.278Z,RBC,1,5,9.99,Q-R,SI3,FALSE,8000
2025-03-21T04:42:44.278Z,RBC,1,10,99,Q-R,VVS1,FALSE,21000
2025-03-21T04:42:44.278Z,RBC,1,10,99,Q-R,SI1,FALSE,16500
2025-03-21T04:42:44.278Z,RBC,1,0.3,0.39,S-T,IF,FALSE,1000
2025-03-21T04:42:44.278Z,RBC,1,0.3,0.39,S-T,I1,FALSE,500
2025-03-21T04:42:44.278Z,RBC,1,0.4,0.49,S-T,IF,FALSE,1200
2025-03-21T04:42:44.278Z,RBC,1,0.4,0.49,S-T,SI3,FALSE,700
2025-03-21T04:42:44.278Z,RBC,1,0.4,0.49,S-T,I3,FALSE,400
2025-03-21T04:42:44.278Z,RBC,1,0.5,0.69,S-T,VVS1,FALSE,1300
2025-03-21T04:42:44.277Z,RBC,1,0.7,0.89,Q-R,VS1,FALSE,1400
2025-03-21T04:42:44.277Z,RBC,1,0.7,0.89,Q-R,VVS2,FALSE,1500
2025-03-21T04:42:44.277Z,RBC,1,0.7,0.89,Q-R,SI3,FALSE,1100
2025-03-21T04:42:44.277Z,RBC,1,0.7,0.89,Q-R,I2,FALSE,800
2025-03-21T04:42:44.277Z,RBC,1,1,1.49,Q-R,VVS2,FALSE,2400
2025-03-21T04:42:44.277Z,RBC,1,1,1.49,Q-R,VS2,FALSE,2100
2025-03-21T04:42:44.277Z,RBC,1,1.5,1.99,Q-R,VVS1,FALSE,4100
2025-03-21T04:42:44.277Z,RBC,1,1.5,1.99,Q-R,VS2,FALSE,3400
2025-03-21T04:42:44.277Z,RBC,1,1.5,1.99,Q-R,SI1,FALSE,3200
2025-03-21T04:42:44.277Z,RBC,1,1.5,1.99,Q-R,SI3,FALSE,2800
2025-03-21T04:42:44.277Z,RBC,1,3,3.99,Q-R,IF,FALSE,9500
2025-03-21T04:42:44.277Z,RBC,1,3,3.99,Q-R,SI1,FALSE,7500
2025-03-21T04:42:44.277Z,RBC,1,4,4.99,Q-R,IF,FALSE,12500
2025-03-21T04:42:44.277Z,RBC,1,4,4.99,Q-R,VVS2,FALSE,10500
2025-03-21T04:42:44.277Z,RBC,1,4,4.99,Q-R,VS2,FALSE,9500
2025-03-21T04:42:44.277Z,RBC,1,4,4.99,Q-R,SI2,FALSE,8000
2025-03-21T04:42:44.278Z,RBC,1,4,4.99,Q-R,SI3,FALSE,6500
2025-03-21T04:42:44.278Z,RBC,1,4,4.99,Q-R,I3,FALSE,1600
2025-03-21T04:42:44.278Z,RBC,1,5,9.99,Q-R,VS2,FALSE,12000
2025-03-21T04:42:44.278Z,RBC,1,5,9.99,Q-R,SI1,FALSE,11000
2025-03-21T04:42:44.278Z,RBC,1,5,9.99,Q-R,SI2,FALSE,10000
2025-03-21T04:42:44.278Z,RBC,1,5,9.99,Q-R,I1,FALSE,6000
2025-03-21T04:42:44.278Z,RBC,1,5,9.99,Q-R,I2,FALSE,3400
2025-03-21T04:42:44.278Z,RBC,1,10,99,Q-R,IF,FALSE,22500
2025-03-21T04:42:44.278Z,RBC,1,10,99,Q-R,VVS2,FALSE,19500
2025-03-21T04:42:44.278Z,RBC,1,10,99,Q-R,VS2,FALSE,17500
2025-03-21T04:42:44.278Z,RBC,1,10,99,Q-R,I3,FALSE,1800
2025-03-21T04:42:44.278Z,RBC,1,0.3,0.39,S-T,SI1,FALSE,800
2025-03-21T04:42:44.278Z,RBC,1,0.3,0.39,S-T,SI2,FALSE,700
2025-03-21T04:42:44.278Z,RBC,1,0.3,0.39,S-T,SI3,FALSE,600
2025-03-21T04:42:44.278Z,RBC,1,0.4,0.49,S-T,SI1,FALSE,900
2025-03-21T04:42:44.278Z,RBC,1,0.4,0.49,S-T,I2,FALSE,500
2025-03-21T04:42:44.278Z,RBC,1,0.5,0.69,S-T,SI2,FALSE,900
2025-03-21T04:42:44.277Z,RBC,1,0.7,0.89,Q-R,I1,FALSE,1100
2025-03-21T04:42:44.277Z,RBC,1,0.9,0.99,Q-R,VVS2,FALSE,2000
2025-03-21T04:42:44.277Z,RBC,1,0.9,0.99,Q-R,VS2,FALSE,1700
2025-03-21T04:42:44.277Z,RBC,1,0.9,0.99,Q-R,SI1,FALSE,1600
2025-03-21T04:42:44.277Z,RBC,1,0.9,0.99,Q-R,I3,FALSE,700
2025-03-21T04:42:44.277Z,RBC,1,1,1.49,Q-R,VVS1,FALSE,2500
2025-03-21T04:42:44.277Z,RBC,1,1,1.49,Q-R,SI1,FALSE,2000
2025-03-21T04:42:44.277Z,RBC,1,1,1.49,Q-R,I2,FALSE,1600
2025-03-21T04:42:44.277Z,RBC,1,2,2.99,Q-R,VS2,FALSE,4800
2025-03-21T04:42:44.277Z,RBC,1,3,3.99,Q-R,I2,FALSE,3000
2025-03-21T04:42:44.277Z,RBC,1,4,4.99,Q-R,VVS1,FALSE,11500
2025-03-21T04:42:44.277Z,RBC,1,4,4.99,Q-R,VS1,FALSE,10000
2025-03-21T04:42:44.277Z,RBC,1,4,4.99,Q-R,SI1,FALSE,9000
2025-03-21T04:42:44.278Z,RBC,1,4,4.99,Q-R,I1,FALSE,5000
2025-03-21T04:42:44.278Z,RBC,1,4,4.99,Q-R,I2,FALSE,3200
2025-03-21T04:42:44.278Z,RBC,1,5,9.99,Q-R,VS1,FALSE,12500
2025-03-21T04:42:44.278Z,RBC,1,5,9.99,Q-R,I3,FALSE,1600
2025-03-21T04:42:44.278Z,RBC,1,10,99,Q-R,VS1,FALSE,18500
2025-03-21T04:42:44.278Z,RBC,1,10,99,Q-R,SI3,FALSE,10500
2025-03-21T04:42:44.278Z,RBC,1,10,99,Q-R,I2,FALSE,4300
2025-03-21T04:42:44.278Z,RBC,1,0.3,0.39,S-T,VVS1,FALSE,900
2025-03-21T04:42:44.278Z,RBC,1,0.3,0.39,S-T,VVS2,FALSE,900
2025-03-21T04:42:44.278Z,RBC,1,0.3,0.39,S-T,VS1,FALSE,800
2025-03-21T04:42:44.278Z,RBC,1,0.3,0.39,S-T,I3,FALSE,300
2025-03-21T04:42:44.278Z,RBC,1,0.4,0.49,S-T,VVS1,FALSE,1100
2025-03-21T04:42:44.278Z,RBC,1,0.4,0.49,S-T,VS1,FALSE,900
2025-03-21T04:42:44.278Z,RBC,1,0.4,0.49,S-T,VS2,FALSE,900
2025-03-21T04:42:44.278Z,RBC,1,0.5,0.69,S-T,VVS2,FALSE,1200
2025-03-21T04:42:44.278Z,RBC,1,0.5,0.69,S-T,VS2,FALSE,1000
2025-03-21T04:42:44.278Z,RBC,1,0.5,0.69,S-T,SI3,FALSE,900
2025-03-21T04:42:44.278Z,RBC,1,0.5,0.69,S-T,I1,FALSE,900
2025-03-21T04:42:44.278Z,RBC,1,0.5,0.69,S-T,I2,FALSE,700
2025-03-21T04:42:44.278Z,RBC,1,0.7,0.89,S-T,SI2,FALSE,1200
2025-03-21T04:42:44.278Z,RBC,1,0.7,0.89,S-T,SI1,FALSE,1300
2025-03-21T04:42:44.278Z,RBC,1,0.7,0.89,S-T,I3,FALSE,600
2025-03-21T04:42:44.278Z,RBC,1,0.7,0.89,S-T,SI3,FALSE,1100
2025-03-21T04:42:44.278Z,RBC,1,0.7,0.89,S-T,I1,FALSE,1100
2025-03-21T04:42:44.278Z,RBC,1,0.9,0.99,S-T,VVS2,FALSE,2000
2025-03-21T04:42:44.278Z,RBC,1,0.9,0.99,S-T,IF,FALSE,2400
2025-03-21T04:42:44.278Z,RBC,1,0.9,0.99,S-T,SI1,FALSE,1600
2025-03-21T04:42:44.278Z,RBC,1,0.9,0.99,S-T,SI2,FALSE,1500
2025-03-21T04:42:44.278Z,RBC,1,0.9,0.99,S-T,I2,FALSE,1100
2025-03-21T04:42:44.278Z,RBC,1,0.9,0.99,S-T,I1,FALSE,1400
2025-03-21T04:42:44.278Z,RBC,1,0.9,0.99,S-T,I3,FALSE,700
2025-03-21T04:42:44.278Z,RBC,1,1,1.49,S-T,I3,FALSE,1000
2025-03-21T04:42:44.278Z,RBC,1,1,1.49,S-T,IF,FALSE,2700
2025-03-21T04:42:44.278Z,RBC,1,1.5,1.99,S-T,VS2,FALSE,3400
2025-03-21T04:42:44.278Z,RBC,1,1,1.49,S-T,VVS1,FALSE,2500
2025-03-21T04:42:44.278Z,RBC,1,1.5,1.99,S-T,I2,FALSE,2200
2025-03-21T04:42:44.278Z,RBC,1,1,1.49,S-T,VVS2,FALSE,2400
2025-03-21T04:42:44.278Z,RBC,1,3,3.99,S-T,VS1,FALSE,8300
2025-03-21T04:42:44.278Z,RBC,1,1,1.49,S-T,SI2,FALSE,1900
2025-03-21T04:42:44.278Z,RBC,1,1,1.49,S-T,I1,FALSE,1700
2025-03-21T04:42:44.278Z,RBC,1,1.5,1.99,S-T,I3,FALSE,1200
2025-03-21T04:42:44.278Z,RBC,1,2,2.99,S-T,SI1,FALSE,4500
2025-03-21T04:42:44.278Z,RBC,1,2,2.99,S-T,SI3,FALSE,4000
2025-03-21T04:42:44.278Z,RBC,1,2,2.99,S-T,I1,FALSE,3800
2025-03-21T04:42:44.278Z,RBC,1,3,3.99,S-T,VVS1,FALSE,9100
2025-03-21T04:42:44.278Z,RBC,1,0.7,0.89,S-T,IF,FALSE,1900
2025-03-21T04:42:44.278Z,RBC,1,0.7,0.89,S-T,VVS1,FALSE,1700
2025-03-21T04:42:44.278Z,RBC,1,0.7,0.89,S-T,VVS2,FALSE,1500
2025-03-21T04:42:44.278Z,RBC,1,0.7,0.89,S-T,VS2,FALSE,1300
2025-03-21T04:42:44.278Z,RBC,1,0.7,0.89,S-T,I2,FALSE,800
2025-03-21T04:42:44.278Z,RBC,1,1,1.49,S-T,SI1,FALSE,2000
2025-03-21T04:42:44.278Z,RBC,1,1,1.49,S-T,SI3,FALSE,1800
2025-03-21T04:42:44.278Z,RBC,1,1,1.49,S-T,I2,FALSE,1600
2025-03-21T04:42:44.278Z,RBC,1,1.5,1.99,S-T,IF,FALSE,4600
2025-03-21T04:42:44.278Z,RBC,1,1.5,1.99,S-T,VVS1,FALSE,4100
2025-03-21T04:42:44.278Z,RBC,1,2,2.99,S-T,IF,FALSE,6800
2025-03-21T04:42:44.278Z,RBC,1,2,2.99,S-T,VVS1,FALSE,6300
2025-03-21T04:42:44.278Z,RBC,1,2,2.99,S-T,VVS2,FALSE,5700
2025-03-21T04:42:44.278Z,RBC,1,2,2.99,S-T,VS2,FALSE,4800
2025-03-21T04:42:44.278Z,RBC,1,2,2.99,S-T,I2,FALSE,2600
2025-03-21T04:42:44.278Z,RBC,1,3,3.99,S-T,VVS2,FALSE,8700
2025-03-21T04:42:44.278Z,RBC,1,3,3.99,S-T,VS2,FALSE,7900
2025-03-21T04:42:44.278Z,RBC,1,3,3.99,S-T,SI1,FALSE,7500
2025-03-21T04:42:44.278Z,RBC,1,0.5,0.69,S-T,I3,FALSE,500
2025-03-21T04:42:44.278Z,RBC,1,0.7,0.89,S-T,VS1,FALSE,1400
2025-03-21T04:42:44.278Z,RBC,1,0.9,0.99,S-T,VVS1,FALSE,2200
2025-03-21T04:42:44.278Z,RBC,1,0.9,0.99,S-T,VS1,FALSE,1900
2025-03-21T04:42:44.278Z,RBC,1,0.9,0.99,S-T,VS2,FALSE,1700
2025-03-21T04:42:44.278Z,RBC,1,0.9,0.99,S-T,SI3,FALSE,1500
2025-03-21T04:42:44.278Z,RBC,1,1,1.49,S-T,VS1,FALSE,2300
2025-03-21T04:42:44.278Z,RBC,1,1,1.49,S-T,VS2,FALSE,2100
2025-03-21T04:42:44.278Z,RBC,1,1.5,1.99,S-T,VVS2,FALSE,3900
2025-03-21T04:42:44.278Z,RBC,1,1.5,1.99,S-T,VS1,FALSE,3600
2025-03-21T04:42:44.278Z,RBC,1,1.5,1.99,S-T,SI1,FALSE,3200
2025-03-21T04:42:44.278Z,RBC,1,1.5,1.99,S-T,SI2,FALSE,3000
2025-03-21T04:42:44.278Z,RBC,1,1.5,1.99,S-T,SI3,FALSE,2800
2025-03-21T04:42:44.278Z,RBC,1,1.5,1.99,S-T,I1,FALSE,2700
2025-03-21T04:42:44.278Z,RBC,1,2,2.99,S-T,VS1,FALSE,5400
2025-03-21T04:42:44.278Z,RBC,1,2,2.99,S-T,SI2,FALSE,4200
2025-03-21T04:42:44.278Z,RBC,1,2,2.99,S-T,I3,FALSE,1300
2025-03-21T04:42:44.278Z,RBC,1,3,3.99,S-T,IF,FALSE,9500
2025-03-21T04:42:44.278Z,RBC,1,3,3.99,S-T,SI2,FALSE,6700
2025-03-21T04:42:44.278Z,RBC,1,3,3.99,S-T,I2,FALSE,3000
2025-03-21T04:42:44.278Z,RBC,1,3,3.99,S-T,I1,FALSE,4700
2025-03-21T04:42:44.278Z,RBC,1,3,3.99,S-T,I3,FALSE,1400
2025-03-21T04:42:44.278Z,RBC,1,4,4.99,S-T,IF,FALSE,12500
2025-03-21T04:42:44.278Z,RBC,1,4,4.99,S-T,VS1,FALSE,10000
2025-03-21T04:42:44.278Z,RBC,1,5,9.99,S-T,SI3,FALSE,8000
2025-03-21T04:42:44.278Z,RBC,1,10,99,S-T,VS2,FALSE,17500
2025-03-21T04:42:44.278Z,RBC,1,10,99,S-T,SI1,FALSE,16500
2025-03-21T04:42:44.278Z,RBC,1,10,99,S-T,I2,FALSE,4300
2025-03-21T04:42:44.278Z,RBC,1,0.3,0.39,U-V,IF,FALSE,1000
2025-03-21T04:42:44.278Z,RBC,1,0.3,0.39,U-V,VVS2,FALSE,900
2025-03-21T04:42:44.278Z,RBC,1,0.3,0.39,U-V,VS1,FALSE,800
2025-03-21T04:42:44.278Z,RBC,1,0.3,0.39,U-V,SI2,FALSE,700
2025-03-21T04:42:44.278Z,RBC,1,0.3,0.39,U-V,SI3,FALSE,600
2025-03-21T04:42:44.278Z,RBC,1,0.4,0.49,U-V,SI2,FALSE,800
2025-03-21T04:42:44.278Z,RBC,1,4,4.99,S-T,VVS1,FALSE,11500
2025-03-21T04:42:44.278Z,RBC,1,4,4.99,S-T,VS2,FALSE,9500
2025-03-21T04:42:44.278Z,RBC,1,4,4.99,S-T,SI2,FALSE,8000
2025-03-21T04:42:44.278Z,RBC,1,4,4.99,S-T,SI3,FALSE,6500
2025-03-21T04:42:44.278Z,RBC,1,4,4.99,S-T,I2,FALSE,3200
2025-03-21T04:42:44.278Z,RBC,1,5,9.99,S-T,SI1,FALSE,11000
2025-03-21T04:42:44.278Z,RBC,1,5,9.99,S-T,SI2,FALSE,10000
2025-03-21T04:42:44.278Z,RBC,1,10,99,S-T,VVS1,FALSE,21000
2025-03-21T04:42:44.278Z,RBC,1,10,99,S-T,VVS2,FALSE,19500
2025-03-21T04:42:44.278Z,RBC,1,10,99,S-T,VS1,FALSE,18500
2025-03-21T04:42:44.278Z,RBC,1,10,99,S-T,SI3,FALSE,10500
2025-03-21T04:42:44.278Z,RBC,1,0.3,0.39,U-V,SI1,FALSE,800
2025-03-21T04:42:44.278Z,RBC,1,0.3,0.39,U-V,I3,FALSE,300
2025-03-21T04:42:44.278Z,RBC,1,0.4,0.49,U-V,IF,FALSE,1200
2025-03-21T04:42:44.278Z,RBC,1,0.4,0.49,U-V,SI1,FALSE,900
2025-03-21T04:42:44.278Z,RBC,1,0.4,0.49,U-V,I1,FALSE,600
2025-03-21T04:42:44.278Z,RBC,1,0.4,0.49,U-V,I3,FALSE,400
2025-03-21T04:42:44.278Z,RBC,1,0.5,0.69,U-V,VVS1,FALSE,1300
2025-03-21T04:42:44.278Z,RBC,1,4,4.99,S-T,VVS2,FALSE,10500
2025-03-21T04:42:44.278Z,RBC,1,3,3.99,S-T,SI3,FALSE,5800
2025-03-21T04:42:44.278Z,RBC,1,4,4.99,S-T,SI1,FALSE,9000
2025-03-21T04:42:44.278Z,RBC,1,4,4.99,S-T,I3,FALSE,1600
2025-03-21T04:42:44.278Z,RBC,1,5,9.99,S-T,VVS1,FALSE,14000
2025-03-21T04:42:44.278Z,RBC,1,5,9.99,S-T,VS1,FALSE,12500
2025-03-21T04:42:44.278Z,RBC,1,5,9.99,S-T,VS2,FALSE,12000
2025-03-21T04:42:44.278Z,RBC,1,5,9.99,S-T,I1,FALSE,6000
2025-03-21T04:42:44.278Z,RBC,1,5,9.99,S-T,I2,FALSE,3400
2025-03-21T04:42:44.278Z,RBC,1,5,9.99,S-T,I3,FALSE,1600
2025-03-21T04:42:44.278Z,RBC,1,10,99,S-T,I1,FALSE,7500
2025-03-21T04:42:44.278Z,RBC,1,10,99,S-T,I3,FALSE,1800
2025-03-21T04:42:44.278Z,RBC,1,0.3,0.39,U-V,VVS1,FALSE,900
2025-03-21T04:42:44.278Z,RBC,1,0.3,0.39,U-V,VS2,FALSE,800
2025-03-21T04:42:44.278Z,RBC,1,0.3,0.39,U-V,I1,FALSE,500
2025-03-21T04:42:44.278Z,RBC,1,0.4,0.49,U-V,VS1,FALSE,900
2025-03-21T04:42:44.278Z,RBC,1,0.4,0.49,U-V,SI3,FALSE,700
2025-03-21T04:42:44.278Z,RBC,1,0.5,0.69,U-V,VS1,FALSE,1100
2025-03-21T04:42:44.278Z,RBC,1,4,4.99,S-T,I1,FALSE,5000
2025-03-21T04:42:44.278Z,RBC,1,5,9.99,S-T,IF,FALSE,15000
2025-03-21T04:42:44.278Z,RBC,1,5,9.99,S-T,VVS2,FALSE,13000
2025-03-21T04:42:44.278Z,RBC,1,10,99,S-T,IF,FALSE,22500
2025-03-21T04:42:44.278Z,RBC,1,10,99,S-T,SI2,FALSE,14000
2025-03-21T04:42:44.278Z,RBC,1,0.3,0.39,U-V,I2,FALSE,400
2025-03-21T04:42:44.278Z,RBC,1,0.4,0.49,U-V,VVS1,FALSE,1100
2025-03-21T04:42:44.278Z,RBC,1,0.4,0.49,U-V,VVS2,FALSE,1000
2025-03-21T04:42:44.278Z,RBC,1,0.4,0.49,U-V,VS2,FALSE,900
2025-03-21T04:42:44.278Z,RBC,1,0.4,0.49,U-V,I2,FALSE,500
2025-03-21T04:42:44.278Z,RBC,1,0.5,0.69,U-V,IF,FALSE,1400
2025-03-21T04:42:44.278Z,RBC,1,0.5,0.69,U-V,VVS2,FALSE,1200
2025-03-21T04:42:44.278Z,RBC,1,0.7,0.89,U-V,IF,FALSE,1900
2025-03-21T04:42:44.278Z,RBC,1,0.5,0.69,U-V,VS2,FALSE,1000
2025-03-21T04:42:44.278Z,RBC,1,0.7,0.89,U-V,VS2,FALSE,1300
2025-03-21T04:42:44.278Z,RBC,1,0.7,0.89,U-V,SI3,FALSE,1100
2025-03-21T04:42:44.278Z,RBC,1,0.9,0.99,U-V,I1,FALSE,1400
2025-03-21T04:42:44.278Z,RBC,1,0.9,0.99,U-V,I2,FALSE,1100
2025-03-21T04:42:44.278Z,RBC,1,1,1.49,U-V,IF,FALSE,2700
2025-03-21T04:42:44.278Z,RBC,1,1,1.49,U-V,SI2,FALSE,1900
2025-03-21T04:42:44.278Z,RBC,1,2,2.99,U-V,VVS2,FALSE,5700
2025-03-21T04:42:44.278Z,RBC,1,3,3.99,U-V,IF,FALSE,9500
2025-03-21T04:42:44.278Z,RBC,1,0.5,0.69,U-V,SI2,FALSE,900
2025-03-21T04:42:44.278Z,RBC,1,0.7,0.89,U-V,VVS1,FALSE,1700
2025-03-21T04:42:44.278Z,RBC,1,0.7,0.89,U-V,SI1,FALSE,1300
2025-03-21T04:42:44.278Z,RBC,1,0.7,0.89,U-V,I2,FALSE,800
2025-03-21T04:42:44.278Z,RBC,1,0.9,0.99,U-V,IF,FALSE,2400
2025-03-21T04:42:44.278Z,RBC,1,0.9,0.99,U-V,VS1,FALSE,1900
2025-03-21T04:42:44.278Z,RBC,1,0.9,0.99,U-V,I3,FALSE,700
2025-03-21T04:42:44.278Z,RBC,1,1,1.49,U-V,VVS2,FALSE,2400
2025-03-21T04:42:44.278Z,RBC,1,1,1.49,U-V,VS2,FALSE,2100
2025-03-21T04:42:44.278Z,RBC,1,1,1.49,U-V,SI3,FALSE,1800
2025-03-21T04:42:44.278Z,RBC,1,1.5,1.99,U-V,VVS1,FALSE,4100
2025-03-21T04:42:44.278Z,RBC,1,1.5,1.99,U-V,VVS2,FALSE,3900
2025-03-21T04:42:44.278Z,RBC,1,1.5,1.99,U-V,VS1,FALSE,3600
2025-03-21T04:42:44.278Z,RBC,1,1.5,1.99,U-V,SI2,FALSE,3000
2025-03-21T04:42:44.278Z,RBC,1,1.5,1.99,U-V,I1,FALSE,2700
2025-03-21T04:42:44.278Z,RBC,1,1.5,1.99,U-V,I3,FALSE,1200
2025-03-21T04:42:44.278Z,RBC,1,2,2.99,U-V,VS1,FALSE,5400
2025-03-21T04:42:44.278Z,RBC,1,2,2.99,U-V,VS2,FALSE,4800
2025-03-21T04:42:44.278Z,RBC,1,3,3.99,U-V,VVS1,FALSE,9100
2025-03-21T04:42:44.278Z,RBC,1,0.5,0.69,U-V,I1,FALSE,900
2025-03-21T04:42:44.278Z,RBC,1,0.7,0.89,U-V,VVS2,FALSE,1500
2025-03-21T04:42:44.278Z,RBC,1,0.7,0.89,U-V,VS1,FALSE,1400
2025-03-21T04:42:44.278Z,RBC,1,0.7,0.89,U-V,SI2,FALSE,1200
2025-03-21T04:42:44.278Z,RBC,1,0.9,0.99,U-V,VVS2,FALSE,2000
2025-03-21T04:42:44.278Z,RBC,1,0.9,0.99,U-V,SI2,FALSE,1500
2025-03-21T04:42:44.278Z,RBC,1,0.9,0.99,U-V,SI3,FALSE,1500
2025-03-21T04:42:44.278Z,RBC,1,1,1.49,U-V,VVS1,FALSE,2500
2025-03-21T04:42:44.278Z,RBC,1,1,1.49,U-V,I3,FALSE,1000
2025-03-21T04:42:44.278Z,RBC,1,1.5,1.99,U-V,VS2,FALSE,3400
2025-03-21T04:42:44.278Z,RBC,1,1.5,1.99,U-V,SI1,FALSE,3200
2025-03-21T04:42:44.278Z,RBC,1,2,2.99,U-V,IF,FALSE,6800
2025-03-21T04:42:44.278Z,RBC,1,2,2.99,U-V,VVS1,FALSE,6300
2025-03-21T04:42:44.278Z,RBC,1,2,2.99,U-V,SI1,FALSE,4500
2025-03-21T04:42:44.278Z,RBC,1,2,2.99,U-V,SI2,FALSE,4200
2025-03-21T04:42:44.278Z,RBC,1,2,2.99,U-V,SI3,FALSE,4000
2025-03-21T04:42:44.278Z,RBC,1,2,2.99,U-V,I1,FALSE,3800
2025-03-21T04:42:44.278Z,RBC,1,2,2.99,U-V,I2,FALSE,2600
2025-03-21T04:42:44.278Z,RBC,1,0.5,0.69,U-V,SI1,FALSE,1000
2025-03-21T04:42:44.278Z,RBC,1,0.5,0.69,U-V,SI3,FALSE,900
2025-03-21T04:42:44.278Z,RBC,1,0.5,0.69,U-V,I2,FALSE,700
2025-03-21T04:42:44.278Z,RBC,1,0.5,0.69,U-V,I3,FALSE,500
2025-03-21T04:42:44.278Z,RBC,1,0.7,0.89,U-V,I1,FALSE,1100
2025-03-21T04:42:44.278Z,RBC,1,0.7,0.89,U-V,I3,FALSE,600
2025-03-21T04:42:44.278Z,RBC,1,0.9,0.99,U-V,VVS1,FALSE,2200
2025-03-21T04:42:44.278Z,RBC,1,0.9,0.99,U-V,VS2,FALSE,1700
2025-03-21T04:42:44.278Z,RBC,1,0.9,0.99,U-V,SI1,FALSE,1600
2025-03-21T04:42:44.278Z,RBC,1,1,1.49,U-V,VS1,FALSE,2300
2025-03-21T04:42:44.278Z,RBC,1,1,1.49,U-V,SI1,FALSE,2000
2025-03-21T04:42:44.278Z,RBC,1,1,1.49,U-V,I1,FALSE,1700
2025-03-21T04:42:44.278Z,RBC,1,1,1.49,U-V,I2,FALSE,1600
2025-03-21T04:42:44.278Z,RBC,1,1.5,1.99,U-V,IF,FALSE,4600
2025-03-21T04:42:44.278Z,RBC,1,1.5,1.99,U-V,SI3,FALSE,2800
2025-03-21T04:42:44.278Z,RBC,1,1.5,1.99,U-V,I2,FALSE,2200
2025-03-21T04:42:44.278Z,RBC,1,2,2.99,U-V,I3,FALSE,1300
2025-03-21T04:42:44.278Z,RBC,1,3,3.99,U-V,I1,FALSE,4700
2025-03-21T04:42:44.278Z,RBC,1,3,3.99,U-V,VVS2,FALSE,8700
2025-03-21T04:42:44.278Z,RBC,1,4,4.99,U-V,VS1,FALSE,10000
2025-03-21T04:42:44.278Z,RBC,1,4,4.99,U-V,SI2,FALSE,8000
2025-03-21T04:42:44.278Z,RBC,1,4,4.99,U-V,I1,FALSE,5000
2025-03-21T04:42:44.278Z,RBC,1,4,4.99,U-V,I3,FALSE,1600
2025-03-21T04:42:44.278Z,RBC,1,5,9.99,U-V,VS1,FALSE,12500
2025-03-21T04:42:44.278Z,RBC,1,5,9.99,U-V,VS2,FALSE,12000
2025-03-21T04:42:44.278Z,RBC,1,5,9.99,U-V,I1,FALSE,6000
2025-03-21T04:42:44.278Z,RBC,1,5,9.99,U-V,I2,FALSE,3400
2025-03-21T04:42:44.278Z,RBC,1,10,99,U-V,IF,FALSE,22500
2025-03-21T04:42:44.278Z,RBC,1,10,99,U-V,VS2,FALSE,17500
2025-03-21T04:42:44.278Z,RBC,1,10,99,U-V,SI3,FALSE,10500
2025-03-21T04:42:44.278Z,RBC,1,0.4,0.49,,VVS1,FALSE,1100
2025-03-21T04:42:44.278Z,RBC,1,0.4,0.49,,SI3,FALSE,700
2025-03-21T04:42:44.278Z,RBC,1,3,3.99,U-V,VS1,FALSE,8300
2025-03-21T04:42:44.278Z,RBC,1,3,3.99,U-V,VS2,FALSE,7900
2025-03-21T04:42:44.278Z,RBC,1,4,4.99,U-V,VVS2,FALSE,10500
2025-03-21T04:42:44.278Z,RBC,1,4,4.99,U-V,VS2,FALSE,9500
2025-03-21T04:42:44.278Z,RBC,1,4,4.99,U-V,I2,FALSE,3200
2025-03-21T04:42:44.278Z,RBC,1,5,9.99,U-V,SI3,FALSE,8000
2025-03-21T04:42:44.278Z,RBC,1,10,99,U-V,VVS1,FALSE,21000
2025-03-21T04:42:44.278Z,RBC,1,0.3,0.39,,SI1,FALSE,800
2025-03-21T04:42:44.278Z,RBC,1,0.3,0.39,,SI2,FALSE,700
2025-03-21T04:42:44.278Z,RBC,1,0.4,0.49,,VVS2,FALSE,1000
2025-03-21T04:42:44.278Z,RBC,1,0.4,0.49,,VS2,FALSE,900
2025-03-21T04:42:44.278Z,RBC,1,0.4,0.49,,SI1,FALSE,900
2025-03-21T04:42:44.278Z,RBC,1,0.4,0.49,,I3,FALSE,400
2025-03-21T04:42:44.278Z,RBC,1,3,3.99,U-V,SI2,FALSE,6700
2025-03-21T04:42:44.278Z,RBC,1,3,3.99,U-V,I2,FALSE,3000
2025-03-21T04:42:44.278Z,RBC,1,3,3.99,U-V,I3,FALSE,1400
2025-03-21T04:42:44.278Z,RBC,1,4,4.99,U-V,VVS1,FALSE,11500
2025-03-21T04:42:44.278Z,RBC,1,4,4.99,U-V,SI1,FALSE,9000
2025-03-21T04:42:44.278Z,RBC,1,5,9.99,U-V,IF,FALSE,15000
2025-03-21T04:42:44.278Z,RBC,1,5,9.99,U-V,VVS2,FALSE,13000
2025-03-21T04:42:44.278Z,RBC,1,10,99,U-V,VVS2,FALSE,19500
2025-03-21T04:42:44.278Z,RBC,1,10,99,U-V,SI1,FALSE,16500
2025-03-21T04:42:44.278Z,RBC,1,10,99,U-V,SI2,FALSE,14000
2025-03-21T04:42:44.278Z,RBC,1,10,99,U-V,I1,FALSE,7500
2025-03-21T04:42:44.278Z,RBC,1,10,99,U-V,I2,FALSE,4300
2025-03-21T04:42:44.278Z,RBC,1,0.3,0.39,,VVS2,FALSE,900
2025-03-21T04:42:44.278Z,RBC,1,0.3,0.39,,VS1,FALSE,800
2025-03-21T04:42:44.278Z,RBC,1,0.3,0.39,,I2,FALSE,400
2025-03-21T04:42:44.278Z,RBC,1,0.3,0.39,,I3,FALSE,300
2025-03-21T04:42:44.278Z,RBC,1,0.4,0.49,,IF,FALSE,1200
2025-03-21T04:42:44.278Z,RBC,1,0.4,0.49,,VS1,FALSE,900
2025-03-21T04:42:44.278Z,RBC,1,0.4,0.49,,SI2,FALSE,800
2025-03-21T04:42:44.278Z,RBC,1,0.4,0.49,,I1,FALSE,600
2025-03-21T04:42:44.278Z,RBC,1,0.4,0.49,,I2,FALSE,500
2025-03-21T04:42:44.278Z,RBC,1,3,3.99,U-V,SI1,FALSE,7500
2025-03-21T04:42:44.278Z,RBC,1,3,3.99,U-V,SI3,FALSE,5800
2025-03-21T04:42:44.278Z,RBC,1,4,4.99,U-V,IF,FALSE,12500
2025-03-21T04:42:44.278Z,RBC,1,4,4.99,U-V,SI3,FALSE,6500
2025-03-21T04:42:44.278Z,RBC,1,5,9.99,U-V,VVS1,FALSE,14000
2025-03-21T04:42:44.278Z,RBC,1,5,9.99,U-V,SI1,FALSE,11000
2025-03-21T04:42:44.278Z,RBC,1,5,9.99,U-V,SI2,FALSE,10000
2025-03-21T04:42:44.278Z,RBC,1,5,9.99,U-V,I3,FALSE,1600
2025-03-21T04:42:44.278Z,RBC,1,10,99,U-V,VS1,FALSE,18500
2025-03-21T04:42:44.278Z,RBC,1,10,99,U-V,I3,FALSE,1800
2025-03-21T04:42:44.278Z,RBC,1,0.3,0.39,,IF,FALSE,1000
2025-03-21T04:42:44.278Z,RBC,1,0.3,0.39,,VVS1,FALSE,900
2025-03-21T04:42:44.278Z,RBC,1,0.3,0.39,,VS2,FALSE,800
2025-03-21T04:42:44.278Z,RBC,1,0.3,0.39,,SI3,FALSE,600
2025-03-21T04:42:44.278Z,RBC,1,0.3,0.39,,I1,FALSE,500
2025-03-21T04:42:44.278Z,RBC,1,0.5,0.69,,IF,FALSE,1400
2025-03-21T04:42:44.278Z,RBC,1,0.5,0.69,,I3,FALSE,500
2025-03-21T04:42:44.278Z,RBC,1,0.5,0.69,,VVS1,FALSE,1300
2025-03-21T04:42:44.278Z,RBC,1,0.5,0.69,,VS1,FALSE,1100
2025-03-21T04:42:44.278Z,RBC,1,0.5,0.69,,VS2,FALSE,1000
2025-03-21T04:42:44.278Z,RBC,1,0.7,0.89,,VVS1,FALSE,1700
2025-03-21T04:42:44.278Z,RBC,1,0.7,0.89,,I1,FALSE,1100
2025-03-21T04:42:44.278Z,RBC,1,0.9,0.99,,SI3,FALSE,1500
2025-03-21T04:42:44.278Z,RBC,1,0.9,0.99,,I3,FALSE,700
2025-03-21T04:42:44.278Z,RBC,1,1,1.49,,I1,FALSE,1700
2025-03-21T04:42:44.278Z,RBC,1,2,2.99,,VVS1,FALSE,6300
2025-03-21T04:42:44.278Z,RBC,1,0.7,0.89,,IF,FALSE,1900
2025-03-21T04:42:44.278Z,RBC,1,0.7,0.89,,VS1,FALSE,1400
2025-03-21T04:42:44.278Z,RBC,1,0.7,0.89,,SI3,FALSE,1100
2025-03-21T04:42:44.278Z,RBC,1,0.9,0.99,,VVS1,FALSE,2200
2025-03-21T04:42:44.278Z,RBC,1,0.9,0.99,,SI1,FALSE,1600
2025-03-21T04:42:44.278Z,RBC,1,0.9,0.99,,SI2,FALSE,1500
2025-03-21T04:42:44.278Z,RBC,1,1,1.49,,VS1,FALSE,2300
2025-03-21T04:42:44.278Z,RBC,1,1,1.49,,SI1,FALSE,2000
2025-03-21T04:42:44.278Z,RBC,1,1.5,1.99,,VS1,FALSE,3600
2025-03-21T04:42:44.278Z,RBC,1,2,2.99,,VVS2,FALSE,5700
2025-03-21T04:42:44.278Z,RBC,1,2,2.99,,VS1,FALSE,5400
2025-03-21T04:42:44.278Z,RBC,1,2,2.99,,SI1,FALSE,4500
2025-03-21T04:42:44.278Z,RBC,1,2,2.99,,SI2,FALSE,4200
2025-03-21T04:42:44.278Z,RBC,1,0.5,0.69,,VVS2,FALSE,1200
2025-03-21T04:42:44.278Z,RBC,1,0.5,0.69,,SI2,FALSE,900
2025-03-21T04:42:44.278Z,RBC,1,0.5,0.69,,SI3,FALSE,900
2025-03-21T04:42:44.278Z,RBC,1,0.5,0.69,,I1,FALSE,900
2025-03-21T04:42:44.278Z,RBC,1,0.7,0.89,,VS2,FALSE,1300
2025-03-21T04:42:44.278Z,RBC,1,0.7,0.89,,SI1,FALSE,1300
2025-03-21T04:42:44.278Z,RBC,1,0.7,0.89,,SI2,FALSE,1200
2025-03-21T04:42:44.278Z,RBC,1,0.7,0.89,,I2,FALSE,800
2025-03-21T04:42:44.278Z,RBC,1,0.9,0.99,,IF,FALSE,2400
2025-03-21T04:42:44.278Z,RBC,1,0.9,0.99,,VVS2,FALSE,2000
2025-03-21T04:42:44.278Z,RBC,1,1,1.49,,IF,FALSE,2700
2025-03-21T04:42:44.278Z,RBC,1,1,1.49,,VVS1,FALSE,2500
2025-03-21T04:42:44.278Z,RBC,1,1,1.49,,SI2,FALSE,1900
2025-03-21T04:42:44.278Z,RBC,1,1,1.49,,I3,FALSE,1000
2025-03-21T04:42:44.278Z,RBC,1,1.5,1.99,,IF,FALSE,4600
2025-03-21T04:42:44.278Z,RBC,1,1.5,1.99,,VS2,FALSE,3400
2025-03-21T04:42:44.278Z,RBC,1,1.5,1.99,,SI1,FALSE,3200
2025-03-21T04:42:44.278Z,RBC,1,1.5,1.99,,I2,FALSE,2200
2025-03-21T04:42:44.278Z,RBC,1,1.5,1.99,,I3,FALSE,1200
2025-03-21T04:42:44.278Z,RBC,1,2,2.99,,SI3,FALSE,4000
2025-03-21T04:42:44.278Z,RBC,1,0.5,0.69,,SI1,FALSE,1000
2025-03-21T04:42:44.278Z,RBC,1,0.5,0.69,,I2,FALSE,700
2025-03-21T04:42:44.278Z,RBC,1,0.7,0.89,,VVS2,FALSE,1500
2025-03-21T04:42:44.278Z,RBC,1,0.7,0.89,,I3,FALSE,600
2025-03-21T04:42:44.278Z,RBC,1,0.9,0.99,,VS1,FALSE,1900
2025-03-21T04:42:44.278Z,RBC,1,0.9,0.99,,VS2,FALSE,1700
2025-03-21T04:42:44.278Z,RBC,1,0.9,0.99,,I1,FALSE,1400
2025-03-21T04:42:44.278Z,RBC,1,0.9,0.99,,I2,FALSE,1100
2025-03-21T04:42:44.278Z,RBC,1,1,1.49,,VVS2,FALSE,2400
2025-03-21T04:42:44.278Z,RBC,1,1,1.49,,VS2,FALSE,2100
2025-03-21T04:42:44.278Z,RBC,1,1,1.49,,SI3,FALSE,1800
2025-03-21T04:42:44.278Z,RBC,1,1,1.49,,I2,FALSE,1600
2025-03-21T04:42:44.278Z,RBC,1,1.5,1.99,,VVS1,FALSE,4100
2025-03-21T04:42:44.278Z,RBC,1,1.5,1.99,,VVS2,FALSE,3900
2025-03-21T04:42:44.278Z,RBC,1,1.5,1.99,,SI2,FALSE,3000
2025-03-21T04:42:44.278Z,RBC,1,1.5,1.99,,SI3,FALSE,2800
2025-03-21T04:42:44.278Z,RBC,1,1.5,1.99,,I1,FALSE,2700
2025-03-21T04:42:44.278Z,RBC,1,2,2.99,,IF,FALSE,6800
2025-03-21T04:42:44.278Z,RBC,1,2,2.99,,VS2,FALSE,4800
2025-03-21T04:42:44.278Z,RBC,1,2,2.99,,I1,FALSE,3800
2025-03-21T04:42:44.278Z,RBC,1,3,3.99,,VVS1,FALSE,9100
2025-03-21T04:42:44.278Z,RBC,1,3,3.99,,IF,FALSE,9500
2025-03-21T04:42:44.278Z,RBC,1,3,3.99,,VS1,FALSE,8300
2025-03-21T04:42:44.278Z,RBC,1,3,3.99,,VS2,FALSE,7900
2025-03-21T04:42:44.278Z,RBC,1,3,3.99,,SI1,FALSE,7500
2025-03-21T04:42:44.278Z,RBC,1,3,3.99,,I3,FALSE,1400
2025-03-21T04:42:44.278Z,RBC,1,4,4.99,,VVS1,FALSE,11500
2025-03-21T04:42:44.278Z,RBC,1,4,4.99,,VS2,FALSE,9500
2025-03-21T04:42:44.278Z,RBC,1,4,4.99,,SI2,FALSE,8000
2025-03-21T04:42:44.278Z,RBC,1,4,4.99,,I1,FALSE,5000
2025-03-21T04:42:44.278Z,RBC,1,5,9.99,,IF,FALSE,15000
2025-03-21T04:42:44.278Z,RBC,1,5,9.99,,VVS2,FALSE,13000
2025-03-21T04:42:44.278Z,RBC,1,5,9.99,,SI1,FALSE,11000
2025-03-21T04:42:44.278Z,RBC,1,5,9.99,,I3,FALSE,1600
2025-03-21T04:42:44.278Z,RBC,1,10,99,,IF,FALSE,22500
2025-03-21T04:42:44.278Z,RBC,1,10,99,,VVS1,FALSE,21000
2025-03-21T04:42:44.278Z,RBC,1,10,99,,I2,FALSE,4300
2025-03-21T04:42:44.278Z,RBC,1,10,99,,I3,FALSE,1800
2025-03-21T04:42:44.278Z,RBC,1,0.3,0.39,Y-Z,IF,FALSE,1000
2025-03-21T04:42:44.278Z,RBC,1,0.3,0.39,Y-Z,VVS2,FALSE,900
2025-03-21T04:42:44.278Z,RBC,1,0.3,0.39,Y-Z,VS1,FALSE,800
2025-03-21T04:42:44.278Z,RBC,1,0.3,0.39,Y-Z,SI2,FALSE,700
2025-03-21T04:42:44.278Z,RBC,1,0.3,0.39,Y-Z,I1,FALSE,500
2025-03-21T04:42:44.278Z,RBC,1,0.4,0.49,Y-Z,SI2,FALSE,800
2025-03-21T04:42:44.278Z,RBC,1,2,2.99,,I3,FALSE,1300
2025-03-21T04:42:44.278Z,RBC,1,3,3.99,,I2,FALSE,3000
2025-03-21T04:42:44.278Z,RBC,1,4,4.99,,VS1,FALSE,10000
2025-03-21T04:42:44.278Z,RBC,1,4,4.99,,SI1,FALSE,9000
2025-03-21T04:42:44.278Z,RBC,1,4,4.99,,SI3,FALSE,6500
2025-03-21T04:42:44.278Z,RBC,1,4,4.99,,I2,FALSE,3200
2025-03-21T04:42:44.278Z,RBC,1,4,4.99,,I3,FALSE,1600
2025-03-21T04:42:44.278Z,RBC,1,5,9.99,,VS2,FALSE,12000
2025-03-21T04:42:44.278Z,RBC,1,5,9.99,,SI3,FALSE,8000
2025-03-21T04:42:44.278Z,RBC,1,5,9.99,,I1,FALSE,6000
2025-03-21T04:42:44.278Z,RBC,1,10,99,,VS2,FALSE,17500
2025-03-21T04:42:44.278Z,RBC,1,10,99,,I1,FALSE,7500
2025-03-21T04:42:44.278Z,RBC,1,0.3,0.39,Y-Z,SI1,FALSE,800
2025-03-21T04:42:44.278Z,RBC,1,0.3,0.39,Y-Z,I3,FALSE,300
2025-03-21T04:42:44.278Z,RBC,1,0.4,0.49,Y-Z,VVS1,FALSE,1100
2025-03-21T04:42:44.278Z,RBC,1,2,2.99,,I2,FALSE,2600
2025-03-21T04:42:44.278Z,RBC,1,3,3.99,,VVS2,FALSE,8700
2025-03-21T04:42:44.278Z,RBC,1,5,9.99,,SI2,FALSE,10000
2025-03-21T04:42:44.278Z,RBC,1,5,9.99,,I2,FALSE,3400
2025-03-21T04:42:44.278Z,RBC,1,10,99,,SI3,FALSE,10500
2025-03-21T04:42:44.278Z,RBC,1,0.3,0.39,Y-Z,SI3,FALSE,600
2025-03-21T04:42:44.278Z,RBC,1,0.3,0.39,Y-Z,I2,FALSE,400
2025-03-21T04:42:44.278Z,RBC,1,0.4,0.49,Y-Z,VS2,FALSE,900
2025-03-21T04:42:44.278Z,RBC,1,3,3.99,,SI2,FALSE,6700
2025-03-21T04:42:44.278Z,RBC,1,3,3.99,,SI3,FALSE,5800
2025-03-21T04:42:44.278Z,RBC,1,3,3.99,,I1,FALSE,4700
2025-03-21T04:42:44.278Z,RBC,1,4,4.99,,IF,FALSE,12500
2025-03-21T04:42:44.278Z,RBC,1,4,4.99,,VVS2,FALSE,10500
2025-03-21T04:42:44.278Z,RBC,1,5,9.99,,VVS1,FALSE,14000
2025-03-21T04:42:44.278Z,RBC,1,5,9.99,,VS1,FALSE,12500
2025-03-21T04:42:44.278Z,RBC,1,10,99,,VVS2,FALSE,19500
2025-03-21T04:42:44.278Z,RBC,1,10,99,,VS1,FALSE,18500
2025-03-21T04:42:44.278Z,RBC,1,10,99,,SI1,FALSE,16500
2025-03-21T04:42:44.278Z,RBC,1,10,99,,SI2,FALSE,14000
2025-03-21T04:42:44.278Z,RBC,1,0.3,0.39,Y-Z,VVS1,FALSE,900
2025-03-21T04:42:44.278Z,RBC,1,0.3,0.39,Y-Z,VS2,FALSE,800
2025-03-21T04:42:44.278Z,RBC,1,0.4,0.49,Y-Z,IF,FALSE,1200
2025-03-21T04:42:44.278Z,RBC,1,0.4,0.49,Y-Z,VVS2,FALSE,1000
2025-03-21T04:42:44.278Z,RBC,1,0.4,0.49,Y-Z,VS1,FALSE,900
2025-03-21T04:42:44.278Z,RBC,1,0.4,0.49,Y-Z,SI1,FALSE,900
2025-03-21T04:42:44.278Z,RBC,1,0.5,0.69,Y-Z,IF,FALSE,1400
2025-03-21T04:42:44.278Z,RBC,1,0.4,0.49,Y-Z,SI3,FALSE,700
2025-03-21T04:42:44.278Z,RBC,1,0.5,0.69,Y-Z,SI3,FALSE,900
2025-03-21T04:42:44.278Z,RBC,1,0.4,0.49,Y-Z,I2,FALSE,500
2025-03-21T04:42:44.278Z,RBC,1,0.5,0.69,Y-Z,I1,FALSE,900
2025-03-21T04:42:44.278Z,RBC,1,0.5,0.69,Y-Z,I2,FALSE,700
2025-03-21T04:42:44.278Z,RBC,1,0.5,0.69,Y-Z,VVS1,FALSE,1300
2025-03-21T04:42:44.278Z,RBC,1,0.5,0.69,Y-Z,I3,FALSE,500
2025-03-21T04:42:44.278Z,RBC,1,0.7,0.89,Y-Z,VVS1,FALSE,1700
2025-03-21T04:42:44.278Z,RBC,1,0.7,0.89,Y-Z,IF,FALSE,1900
2025-03-21T04:42:44.278Z,RBC,1,0.7,0.89,Y-Z,SI2,FALSE,1200
2025-03-21T04:42:44.278Z,RBC,1,0.7,0.89,Y-Z,I3,FALSE,600
2025-03-21T04:42:44.278Z,RBC,1,0.9,0.99,Y-Z,VVS1,FALSE,2200
2025-03-21T04:42:44.278Z,RBC,1,0.9,0.99,Y-Z,IF,FALSE,2400
2025-03-21T04:42:44.278Z,RBC,1,0.9,0.99,Y-Z,VVS2,FALSE,2000
2025-03-21T04:42:44.278Z,RBC,1,0.9,0.99,Y-Z,VS1,FALSE,1900
2025-03-21T04:42:44.278Z,RBC,1,0.9,0.99,Y-Z,SI1,FALSE,1600
2025-03-21T04:42:44.278Z,RBC,1,0.9,0.99,Y-Z,I1,FALSE,1400
2025-03-21T04:42:44.278Z,RBC,1,1,1.49,Y-Z,VS1,FALSE,2300
2025-03-21T04:42:44.278Z,RBC,1,0.9,0.99,Y-Z,I3,FALSE,700
2025-03-21T04:42:44.278Z,RBC,1,1,1.49,Y-Z,VS2,FALSE,2100
2025-03-21T04:42:44.278Z,RBC,1,1.5,1.99,Y-Z,VVS1,FALSE,4100
2025-03-21T04:42:44.278Z,RBC,1,1,1.49,Y-Z,SI2,FALSE,1900
2025-03-21T04:42:44.278Z,RBC,1,1.5,1.99,Y-Z,VS1,FALSE,3600
2025-03-21T04:42:44.278Z,RBC,1,1,1.49,Y-Z,I1,FALSE,1700
2025-03-21T04:42:44.278Z,RBC,1,1.5,1.99,Y-Z,I1,FALSE,2700
2025-03-21T04:42:44.278Z,RBC,1,1,1.49,Y-Z,I3,FALSE,1000
2025-03-21T04:42:44.278Z,RBC,1,2,2.99,Y-Z,IF,FALSE,6800
2025-03-21T04:42:44.278Z,RBC,1,1.5,1.99,Y-Z,VVS2,FALSE,3900
2025-03-21T04:42:44.278Z,RBC,1,2,2.99,Y-Z,VS1,FALSE,5400
2025-03-21T04:42:44.278Z,RBC,1,1.5,1.99,Y-Z,SI2,FALSE,3000
2025-03-21T04:42:44.278Z,RBC,1,1.5,1.99,Y-Z,I2,FALSE,2200
2025-03-21T04:42:44.278Z,RBC,1,2,2.99,Y-Z,VS2,FALSE,4800
2025-03-21T04:42:44.278Z,RBC,1,0.4,0.49,Y-Z,I1,FALSE,600
2025-03-21T04:42:44.278Z,RBC,1,0.5,0.69,Y-Z,SI2,FALSE,900
2025-03-21T04:42:44.278Z,RBC,1,0.7,0.89,Y-Z,VVS2,FALSE,1500
2025-03-21T04:42:44.278Z,RBC,1,0.7,0.89,Y-Z,VS2,FALSE,1300
2025-03-21T04:42:44.278Z,RBC,1,0.7,0.89,Y-Z,SI1,FALSE,1300
2025-03-21T04:42:44.278Z,RBC,1,0.7,0.89,Y-Z,SI3,FALSE,1100
2025-03-21T04:42:44.278Z,RBC,1,0.9,0.99,Y-Z,SI2,FALSE,1500
2025-03-21T04:42:44.278Z,RBC,1,0.9,0.99,Y-Z,SI3,FALSE,1500
2025-03-21T04:42:44.278Z,RBC,1,0.9,0.99,Y-Z,I2,FALSE,1100
2025-03-21T04:42:44.278Z,RBC,1,1,1.49,Y-Z,IF,FALSE,2700
2025-03-21T04:42:44.278Z,RBC,1,1,1.49,Y-Z,SI1,FALSE,2000
2025-03-21T04:42:44.278Z,RBC,1,1,1.49,Y-Z,I2,FALSE,1600
2025-03-21T04:42:44.278Z,RBC,1,1.5,1.99,Y-Z,IF,FALSE,4600
2025-03-21T04:42:44.278Z,RBC,1,1.5,1.99,Y-Z,SI1,FALSE,3200
2025-03-21T04:42:44.278Z,RBC,1,1.5,1.99,Y-Z,SI3,FALSE,2800
2025-03-21T04:42:44.278Z,RBC,1,2,2.99,Y-Z,VVS1,FALSE,6300
2025-03-21T04:42:44.278Z,RBC,1,2,2.99,Y-Z,VVS2,FALSE,5700
2025-03-21T04:42:44.278Z,RBC,1,0.4,0.49,Y-Z,I3,FALSE,400
2025-03-21T04:42:44.278Z,RBC,1,0.5,0.69,Y-Z,VVS2,FALSE,1200
2025-03-21T04:42:44.278Z,RBC,1,0.5,0.69,Y-Z,VS1,FALSE,1100
2025-03-21T04:42:44.278Z,RBC,1,0.5,0.69,Y-Z,VS2,FALSE,1000
2025-03-21T04:42:44.278Z,RBC,1,0.5,0.69,Y-Z,SI1,FALSE,1000
2025-03-21T04:42:44.278Z,RBC,1,0.7,0.89,Y-Z,VS1,FALSE,1400
2025-03-21T04:42:44.278Z,RBC,1,0.7,0.89,Y-Z,I1,FALSE,1100
2025-03-21T04:42:44.278Z,RBC,1,0.7,0.89,Y-Z,I2,FALSE,800
2025-03-21T04:42:44.278Z,RBC,1,0.9,0.99,Y-Z,VS2,FALSE,1700
2025-03-21T04:42:44.278Z,RBC,1,1,1.49,Y-Z,VVS1,FALSE,2500
2025-03-21T04:42:44.278Z,RBC,1,1,1.49,Y-Z,VVS2,FALSE,2400
2025-03-21T04:42:44.278Z,RBC,1,1,1.49,Y-Z,SI3,FALSE,1800
2025-03-21T04:42:44.278Z,RBC,1,1.5,1.99,Y-Z,VS2,FALSE,3400
2025-03-21T04:42:44.278Z,RBC,1,1.5,1.99,Y-Z,I3,FALSE,1200
2025-03-21T04:42:44.278Z,RBC,1,3,3.99,Y-Z,VS1,FALSE,8300
2025-03-21T04:42:44.278Z,RBC,1,2,2.99,Y-Z,SI1,FALSE,4500
2025-03-21T04:42:44.278Z,RBC,1,3,3.99,Y-Z,VS2,FALSE,7900
2025-03-21T04:42:44.278Z,RBC,1,3,3.99,Y-Z,I3,FALSE,1400
2025-03-21T04:42:44.278Z,RBC,1,4,4.99,Y-Z,SI1,FALSE,9000
2025-03-21T04:42:44.278Z,RBC,1,4,4.99,Y-Z,SI2,FALSE,8000
2025-03-21T04:42:44.278Z,RBC,1,4,4.99,Y-Z,SI3,FALSE,6500
2025-03-21T04:42:44.278Z,RBC,1,4,4.99,Y-Z,I2,FALSE,3200
2025-03-21T04:42:44.278Z,RBC,1,5,9.99,Y-Z,VS1,FALSE,12500
2025-03-21T04:42:44.278Z,RBC,1,5,9.99,Y-Z,SI1,FALSE,11000
2025-03-21T04:42:44.278Z,RBC,1,5,9.99,Y-Z,I1,FALSE,6000
2025-03-21T04:42:44.278Z,RBC,1,5,9.99,Y-Z,I2,FALSE,3400
2025-03-21T04:42:44.278Z,RBC,1,10,99,Y-Z,VS2,FALSE,17500
2025-03-21T04:42:44.278Z,RBC,1,0.01,0.03,J,FL,FALSE,610
2025-03-21T04:42:44.278Z,RBC,1,0.01,0.03,K,FL,FALSE,440
2025-03-21T04:42:44.278Z,RBC,1,2,2.99,Y-Z,SI2,FALSE,4200
2025-03-21T04:42:44.278Z,RBC,1,2,2.99,Y-Z,SI3,FALSE,4000
2025-03-21T04:42:44.278Z,RBC,1,2,2.99,Y-Z,I3,FALSE,1300
2025-03-21T04:42:44.278Z,RBC,1,3,3.99,Y-Z,IF,FALSE,9500
2025-03-21T04:42:44.278Z,RBC,1,3,3.99,Y-Z,I1,FALSE,4700
2025-03-21T04:42:44.278Z,RBC,1,3,3.99,Y-Z,I2,FALSE,3000
2025-03-21T04:42:44.278Z,RBC,1,5,9.99,Y-Z,IF,FALSE,15000
2025-03-21T04:42:44.278Z,RBC,1,5,9.99,Y-Z,VS2,FALSE,12000
2025-03-21T04:42:44.278Z,RBC,1,5,9.99,Y-Z,SI2,FALSE,10000
2025-03-21T04:42:44.278Z,RBC,1,5,9.99,Y-Z,SI3,FALSE,8000
2025-03-21T04:42:44.278Z,RBC,1,10,99,Y-Z,VS1,FALSE,18500
2025-03-21T04:42:44.278Z,RBC,1,10,99,Y-Z,I2,FALSE,4300
2025-03-21T04:42:44.278Z,RBC,1,0.01,0.03,F,FL,FALSE,830
2025-03-21T04:42:44.278Z,RBC,1,0.01,0.03,I,FL,FALSE,610
2025-03-21T04:42:44.278Z,RBC,1,0.01,0.03,N,FL,FALSE,290
2025-03-21T04:42:44.278Z,RBC,1,2,2.99,Y-Z,I1,FALSE,3800
2025-03-21T04:42:44.278Z,RBC,1,2,2.99,Y-Z,I2,FALSE,2600
2025-03-21T04:42:44.278Z,RBC,1,3,3.99,Y-Z,VVS1,FALSE,9100
2025-03-21T04:42:44.278Z,RBC,1,3,3.99,Y-Z,SI1,FALSE,7500
2025-03-21T04:42:44.278Z,RBC,1,4,4.99,Y-Z,I1,FALSE,5000
2025-03-21T04:42:44.278Z,RBC,1,4,4.99,Y-Z,I3,FALSE,1600
2025-03-21T04:42:44.278Z,RBC,1,5,9.99,Y-Z,VVS2,FALSE,13000
2025-03-21T04:42:44.278Z,RBC,1,10,99,Y-Z,IF,FALSE,22500
2025-03-21T04:42:44.278Z,RBC,1,10,99,Y-Z,VVS2,FALSE,19500
2025-03-21T04:42:44.278Z,RBC,1,10,99,Y-Z,I3,FALSE,1800
2025-03-21T04:42:44.278Z,RBC,1,0.01,0.03,D,FL,FALSE,830
2025-03-21T04:42:44.278Z,RBC,1,0.01,0.03,H,FL,FALSE,710
2025-03-21T04:42:44.278Z,RBC,1,0.01,0.03,M,FL,FALSE,290
2025-03-21T04:42:44.278Z,RBC,1,0.04,0.07,D,FL,FALSE,900
2025-03-21T04:42:44.278Z,RBC,1,0.04,0.07,F,FL,FALSE,900
2025-03-21T04:42:44.278Z,RBC,1,3,3.99,Y-Z,VVS2,FALSE,8700
2025-03-21T04:42:44.278Z,RBC,1,3,3.99,Y-Z,SI2,FALSE,6700
2025-03-21T04:42:44.278Z,RBC,1,3,3.99,Y-Z,SI3,FALSE,5800
2025-03-21T04:42:44.278Z,RBC,1,4,4.99,Y-Z,IF,FALSE,12500
2025-03-21T04:42:44.278Z,RBC,1,4,4.99,Y-Z,VVS1,FALSE,11500
2025-03-21T04:42:44.278Z,RBC,1,4,4.99,Y-Z,VVS2,FALSE,10500
2025-03-21T04:42:44.278Z,RBC,1,4,4.99,Y-Z,VS1,FALSE,10000
2025-03-21T04:42:44.278Z,RBC,1,4,4.99,Y-Z,VS2,FALSE,9500
2025-03-21T04:42:44.278Z,RBC,1,5,9.99,Y-Z,VVS1,FALSE,14000
2025-03-21T04:42:44.278Z,RBC,1,5,9.99,Y-Z,I3,FALSE,1600
2025-03-21T04:42:44.278Z,RBC,1,10,99,Y-Z,VVS1,FALSE,21000
2025-03-21T04:42:44.278Z,RBC,1,10,99,Y-Z,SI1,FALSE,16500
2025-03-21T04:42:44.278Z,RBC,1,10,99,Y-Z,SI2,FALSE,14000
2025-03-21T04:42:44.278Z,RBC,1,10,99,Y-Z,SI3,FALSE,10500
2025-03-21T04:42:44.278Z,RBC,1,10,99,Y-Z,I1,FALSE,7500
2025-03-21T04:42:44.278Z,RBC,1,0.01,0.03,E,FL,FALSE,830
2025-03-21T04:42:44.278Z,RBC,1,0.01,0.03,G,FL,FALSE,710
2025-03-21T04:42:44.278Z,RBC,1,0.01,0.03,L,FL,FALSE,440
2025-03-21T04:42:44.278Z,RBC,1,0.04,0.07,E,FL,FALSE,900
2025-03-21T04:42:44.278Z,RBC,1,0.04,0.07,H,FL,FALSE,770
2025-03-21T04:42:44.278Z,RBC,1,0.08,0.14,E,FL,FALSE,1060
2025-03-21T04:42:44.278Z,RBC,1,0.08,0.14,K,FL,FALSE,630
2025-03-21T04:42:44.278Z,RBC,1,0.15,0.17,L,FL,FALSE,690
2025-03-21T04:42:44.278Z,RBC,1,0.18,0.22,G,FL,FALSE,1200
2025-03-21T04:42:44.278Z,RBC,1,0.18,0.22,I,FL,FALSE,980
2025-03-21T04:42:44.278Z,RBC,1,0.23,0.29,I,FL,FALSE,1110
2025-03-21T04:42:44.278Z,RBC,1,0.23,0.29,J,FL,FALSE,1110
2025-03-21T04:42:44.278Z,RBC,1,0.23,0.29,L,FL,FALSE,920
2025-03-21T04:42:44.278Z,RBC,1,0.23,0.29,N,FL,FALSE,780
2025-03-21T04:42:44.278Z,RBC,1,0.3,0.39,D,FL,FALSE,2800
2025-03-21T04:42:44.278Z,RBC,1,0.3,0.39,L,FL,FALSE,1100
2025-03-21T04:42:44.278Z,RBC,1,0.4,0.49,D,FL,FALSE,3300
2025-03-21T04:42:44.278Z,RBC,1,0.04,0.07,N,FL,FALSE,310
2025-03-21T04:42:44.278Z,RBC,1,0.08,0.14,D,FL,FALSE,1060
2025-03-21T04:42:44.278Z,RBC,1,0.08,0.14,H,FL,FALSE,880
2025-03-21T04:42:44.278Z,RBC,1,0.08,0.14,I,FL,FALSE,760
2025-03-21T04:42:44.278Z,RBC,1,0.08,0.14,J,FL,FALSE,760
2025-03-21T04:42:44.278Z,RBC,1,0.08,0.14,N,FL,FALSE,410
2025-03-21T04:42:44.278Z,RBC,1,0.15,0.17,D,FL,FALSE,1250
2025-03-21T04:42:44.278Z,RBC,1,0.15,0.17,H,FL,FALSE,1050
2025-03-21T04:42:44.278Z,RBC,1,0.15,0.17,J,FL,FALSE,850
2025-03-21T04:42:44.278Z,RBC,1,0.15,0.17,K,FL,FALSE,690
2025-03-21T04:42:44.278Z,RBC,1,0.23,0.29,E,FL,FALSE,1650
2025-03-21T04:42:44.278Z,RBC,1,0.23,0.29,K,FL,FALSE,920
2025-03-21T04:42:44.278Z,RBC,1,0.3,0.39,F,FL,FALSE,2200
2025-03-21T04:42:44.278Z,RBC,1,0.3,0.39,G,FL,FALSE,2000
2025-03-21T04:42:44.278Z,RBC,1,0.04,0.07,G,FL,FALSE,770
2025-03-21T04:42:44.278Z,RBC,1,0.04,0.07,K,FL,FALSE,470
2025-03-21T04:42:44.278Z,RBC,1,0.04,0.07,L,FL,FALSE,470
2025-03-21T04:42:44.278Z,RBC,1,0.04,0.07,M,FL,FALSE,310
2025-03-21T04:42:44.278Z,RBC,1,0.08,0.14,F,FL,FALSE,1060
2025-03-21T04:42:44.278Z,RBC,1,0.08,0.14,G,FL,FALSE,880
2025-03-21T04:42:44.278Z,RBC,1,0.15,0.17,F,FL,FALSE,1250
2025-03-21T04:42:44.278Z,RBC,1,0.15,0.17,G,FL,FALSE,1050
2025-03-21T04:42:44.278Z,RBC,1,0.15,0.17,I,FL,FALSE,850
2025-03-21T04:42:44.278Z,RBC,1,0.15,0.17,M,FL,FALSE,500
2025-03-21T04:42:44.278Z,RBC,1,0.18,0.22,D,FL,FALSE,1400
2025-03-21T04:42:44.278Z,RBC,1,0.04,0.07,I,FL,FALSE,650
2025-03-21T04:42:44.278Z,RBC,1,0.18,0.22,J,FL,FALSE,980
2025-03-21T04:42:44.278Z,RBC,1,0.18,0.22,N,FL,FALSE,660
2025-03-21T04:42:44.278Z,RBC,1,0.04,0.07,J,FL,FALSE,650
2025-03-21T04:42:44.278Z,RBC,1,0.23,0.29,D,FL,FALSE,1650
2025-03-21T04:42:44.278Z,RBC,1,0.08,0.14,L,FL,FALSE,630
2025-03-21T04:42:44.278Z,RBC,1,0.23,0.29,F,FL,FALSE,1650
2025-03-21T04:42:44.278Z,RBC,1,0.08,0.14,M,FL,FALSE,410
2025-03-21T04:42:44.278Z,RBC,1,0.23,0.29,H,FL,FALSE,1350
2025-03-21T04:42:44.278Z,RBC,1,0.15,0.17,E,FL,FALSE,1250
2025-03-21T04:42:44.278Z,RBC,1,0.3,0.39,H,FL,FALSE,1700
2025-03-21T04:42:44.278Z,RBC,1,0.15,0.17,N,FL,FALSE,500
2025-03-21T04:42:44.278Z,RBC,1,0.3,0.39,I,FL,FALSE,1500
2025-03-21T04:42:44.278Z,RBC,1,0.18,0.22,E,FL,FALSE,1400
2025-03-21T04:42:44.278Z,RBC,1,0.3,0.39,J,FL,FALSE,1300
2025-03-21T04:42:44.278Z,RBC,1,0.18,0.22,F,FL,FALSE,1400
2025-03-21T04:42:44.278Z,RBC,1,0.4,0.49,E,FL,FALSE,2800
2025-03-21T04:42:44.278Z,RBC,1,0.18,0.22,H,FL,FALSE,1200
2025-03-21T04:42:44.278Z,RBC,1,0.18,0.22,K,FL,FALSE,820
2025-03-21T04:42:44.278Z,RBC,1,0.18,0.22,L,FL,FALSE,820
2025-03-21T04:42:44.278Z,RBC,1,0.18,0.22,M,FL,FALSE,660
2025-03-21T04:42:44.278Z,RBC,1,0.23,0.29,G,FL,FALSE,1350
2025-03-21T04:42:44.278Z,RBC,1,0.23,0.29,M,FL,FALSE,780
2025-03-21T04:42:44.278Z,RBC,1,0.3,0.39,E,FL,FALSE,2500
2025-03-21T04:42:44.278Z,RBC,1,0.3,0.39,K,FL,FALSE,1200
2025-03-21T04:42:44.278Z,RBC,1,0.3,0.39,M,FL,FALSE,1000
2025-03-21T04:42:44.278Z,RBC,1,0.4,0.49,K,FL,FALSE,1400
2025-03-21T04:42:44.278Z,RBC,1,0.4,0.49,J,FL,FALSE,1600
2025-03-21T04:42:44.278Z,RBC,1,0.4,0.49,L,FL,FALSE,1300
2025-03-21T04:42:44.278Z,RBC,1,0.4,0.49,M,FL,FALSE,1200
2025-03-21T04:42:44.278Z,RBC,1,0.5,0.69,F,FL,FALSE,3800
2025-03-21T04:42:44.278Z,RBC,1,0.5,0.69,G,FL,FALSE,3200
2025-03-21T04:42:44.278Z,RBC,1,0.5,0.69,I,FL,FALSE,2300
2025-03-21T04:42:44.278Z,RBC,1,0.7,0.89,K,FL,FALSE,2300
2025-03-21T04:42:44.278Z,RBC,1,0.7,0.89,L,FL,FALSE,2100
2025-03-21T04:42:44.278Z,RBC,1,0.9,0.99,D,FL,FALSE,10400
2025-03-21T04:42:44.278Z,RBC,1,0.5,0.69,E,FL,FALSE,4400
2025-03-21T04:42:44.278Z,RBC,1,0.9,0.99,F,FL,FALSE,8700
2025-03-21T04:42:44.278Z,RBC,1,0.9,0.99,H,FL,FALSE,5200
2025-03-21T04:42:44.278Z,RBC,1,0.5,0.69,J,FL,FALSE,2000
2025-03-21T04:42:44.278Z,RBC,1,1,1.49,I,FL,FALSE,5200
2025-03-21T04:42:44.278Z,RBC,1,0.5,0.69,K,FL,FALSE,1700
2025-03-21T04:42:44.278Z,RBC,1,1,1.49,L,FL,FALSE,3100
2025-03-21T04:42:44.278Z,RBC,1,0.5,0.69,L,FL,FALSE,1500
2025-03-21T04:42:44.278Z,RBC,1,1,1.49,M,FL,FALSE,2700
2025-03-21T04:42:44.278Z,RBC,1,0.7,0.89,D,FL,FALSE,7000
2025-03-21T04:42:44.278Z,RBC,1,1.5,1.99,D,FL,FALSE,21000
2025-03-21T04:42:44.278Z,RBC,1,0.7,0.89,E,FL,FALSE,5700
2025-03-21T04:42:44.278Z,RBC,1,1.5,1.99,J,FL,FALSE,7400
2025-03-21T04:42:44.278Z,RBC,1,0.7,0.89,J,FL,FALSE,2500
2025-03-21T04:42:44.278Z,RBC,1,2,2.99,G,FL,FALSE,20500
2025-03-21T04:42:44.278Z,RBC,1,0.9,0.99,E,FL,FALSE,9500
2025-03-21T04:42:44.278Z,RBC,1,2,2.99,H,FL,FALSE,16500
2025-03-21T04:42:44.278Z,RBC,1,1,1.49,D,FL,FALSE,16000
2025-03-21T04:42:44.278Z,RBC,1,1,1.49,H,FL,FALSE,6100
2025-03-21T04:42:44.278Z,RBC,1,1.5,1.99,M,FL,FALSE,4600
2025-03-21T04:42:44.278Z,RBC,1,2,2.99,I,FL,FALSE,13500
2025-03-21T04:42:44.278Z,RBC,1,0.4,0.49,F,FL,FALSE,2600
2025-03-21T04:42:44.278Z,RBC,1,0.4,0.49,G,FL,FALSE,2300
2025-03-21T04:42:44.278Z,RBC,1,0.4,0.49,H,FL,FALSE,2100
2025-03-21T04:42:44.278Z,RBC,1,0.4,0.49,I,FL,FALSE,1900
2025-03-21T04:42:44.278Z,RBC,1,0.5,0.69,D,FL,FALSE,5300
2025-03-21T04:42:44.278Z,RBC,1,0.5,0.69,H,FL,FALSE,2600
2025-03-21T04:42:44.278Z,RBC,1,0.5,0.69,M,FL,FALSE,1400
2025-03-21T04:42:44.278Z,RBC,1,0.7,0.89,G,FL,FALSE,4200
2025-03-21T04:42:44.278Z,RBC,1,0.7,0.89,H,FL,FALSE,3400
2025-03-21T04:42:44.278Z,RBC,1,0.7,0.89,M,FL,FALSE,1900
2025-03-21T04:42:44.278Z,RBC,1,0.9,0.99,I,FL,FALSE,4700
2025-03-21T04:42:44.278Z,RBC,1,0.9,0.99,K,FL,FALSE,3400
2025-03-21T04:42:44.278Z,RBC,1,0.9,0.99,L,FL,FALSE,2800
2025-03-21T04:42:44.278Z,RBC,1,1,1.49,E,FL,FALSE,12500
2025-03-21T04:42:44.278Z,RBC,1,1,1.49,F,FL,FALSE,10700
2025-03-21T04:42:44.278Z,RBC,1,1,1.49,J,FL,FALSE,4300
2025-03-21T04:42:44.278Z,RBC,1,1.5,1.99,H,FL,FALSE,10800
2025-03-21T04:42:44.278Z,RBC,1,1.5,1.99,L,FL,FALSE,5300
2025-03-21T04:42:44.278Z,RBC,1,2,2.99,D,FL,FALSE,33000
2025-03-21T04:42:44.278Z,RBC,1,2,2.99,F,FL,FALSE,24500
2025-03-21T04:42:44.278Z,RBC,1,0.7,0.89,F,FL,FALSE,5000
2025-03-21T04:42:44.278Z,RBC,1,0.7,0.89,I,FL,FALSE,3000
2025-03-21T04:42:44.278Z,RBC,1,0.9,0.99,G,FL,FALSE,6900
2025-03-21T04:42:44.278Z,RBC,1,0.9,0.99,J,FL,FALSE,3800
2025-03-21T04:42:44.278Z,RBC,1,0.9,0.99,M,FL,FALSE,2400
2025-03-21T04:42:44.278Z,RBC,1,1,1.49,G,FL,FALSE,8200
2025-03-21T04:42:44.278Z,RBC,1,1,1.49,K,FL,FALSE,3600
2025-03-21T04:42:44.278Z,RBC,1,1.5,1.99,E,FL,FALSE,18800
2025-03-21T04:42:44.278Z,RBC,1,1.5,1.99,F,FL,FALSE,16400
2025-03-21T04:42:44.278Z,RBC,1,1.5,1.99,G,FL,FALSE,13600
2025-03-21T04:42:44.278Z,RBC,1,1.5,1.99,I,FL,FALSE,8700
2025-03-21T04:42:44.278Z,RBC,1,1.5,1.99,K,FL,FALSE,6300
2025-03-21T04:42:44.278Z,RBC,1,2,2.99,E,FL,FALSE,27000
2025-03-21T04:42:44.278Z,RBC,1,2,2.99,J,FL,FALSE,10900
2025-03-21T04:42:44.278Z,RBC,1,2,2.99,K,FL,FALSE,9100
2025-03-21T04:42:44.278Z,RBC,1,2,2.99,M,FL,FALSE,6800
2025-03-21T04:42:44.278Z,RBC,1,3,3.99,E,FL,FALSE,45000
2025-03-21T04:42:44.278Z,RBC,1,3,3.99,F,FL,FALSE,40500
2025-03-21T04:42:44.278Z,RBC,1,3,3.99,G,FL,FALSE,33500
2025-03-21T04:42:44.278Z,RBC,1,3,3.99,J,FL,FALSE,17500
2025-03-21T04:42:44.278Z,RBC,1,4,4.99,D,FL,FALSE,74500
2025-03-21T04:42:44.278Z,RBC,1,4,4.99,K,FL,FALSE,18500
2025-03-21T04:42:44.278Z,RBC,1,5,9.99,E,FL,FALSE,83500
2025-03-21T04:42:44.278Z,RBC,1,10,99,E,FL,FALSE,127000
2025-03-21T04:42:44.278Z,RBC,1,10,99,K,FL,FALSE,34500
2025-03-21T04:42:44.278Z,RBC,1,3,3.99,N,FL,FALSE,9500
2025-03-21T04:42:44.278Z,RBC,1,0.4,0.49,O-P,FL,FALSE,1200
2025-03-21T04:42:44.278Z,RBC,1,1.5,1.99,O-P,FL,FALSE,4600
2025-03-21T04:42:44.278Z,RBC,1,2,2.99,L,FL,FALSE,7800
2025-03-21T04:42:44.278Z,RBC,1,3,3.99,I,FL,FALSE,22000
2025-03-21T04:42:44.278Z,RBC,1,3,3.99,M,FL,FALSE,9500
2025-03-21T04:42:44.278Z,RBC,1,4,4.99,E,FL,FALSE,62500
2025-03-21T04:42:44.278Z,RBC,1,4,4.99,F,FL,FALSE,56500
2025-03-21T04:42:44.278Z,RBC,1,4,4.99,H,FL,FALSE,36000
2025-03-21T04:42:44.278Z,RBC,1,4,4.99,I,FL,FALSE,28000
2025-03-21T04:42:44.278Z,RBC,1,5,9.99,D,FL,FALSE,100000
2025-03-21T04:42:44.278Z,RBC,1,5,9.99,G,FL,FALSE,60500
2025-03-21T04:42:44.278Z,RBC,1,5,9.99,H,FL,FALSE,48000
2025-03-21T04:42:44.278Z,RBC,1,5,9.99,K,FL,FALSE,22000
2025-03-21T04:42:44.278Z,RBC,1,5,9.99,L,FL,FALSE,18000
2025-03-21T04:42:44.278Z,RBC,1,5,9.99,M,FL,FALSE,15000
2025-03-21T04:42:44.278Z,RBC,1,10,99,J,FL,FALSE,44000
2025-03-21T04:42:44.278Z,RBC,1,10,99,M,FL,FALSE,22500
2025-03-21T04:42:44.278Z,RBC,1,0.3,0.39,N,FL,FALSE,1000
2025-03-21T04:42:44.278Z,RBC,1,2,2.99,N,FL,FALSE,6800
2025-03-21T04:42:44.278Z,RBC,1,4,4.99,N,FL,FALSE,12500
2025-03-21T04:42:44.278Z,RBC,1,10,99,N,FL,FALSE,22500
2025-03-21T04:42:44.278Z,RBC,1,0.3,0.39,O-P,FL,FALSE,1000
2025-03-21T04:42:44.278Z,RBC,1,0.5,0.69,O-P,FL,FALSE,1400
2025-03-21T04:42:44.278Z,RBC,1,0.7,0.89,O-P,FL,FALSE,1900
2025-03-21T04:42:44.278Z,RBC,1,1,1.49,O-P,FL,FALSE,2700
2025-03-21T04:42:44.278Z,RBC,1,3,3.99,L,FL,FALSE,11700
2025-03-21T04:42:44.278Z,RBC,1,3,3.99,D,FL,FALSE,55000
2025-03-21T04:42:44.278Z,RBC,1,4,4.99,G,FL,FALSE,46500
2025-03-21T04:42:44.278Z,RBC,1,4,4.99,J,FL,FALSE,22500
2025-03-21T04:42:44.278Z,RBC,1,4,4.99,L,FL,FALSE,15000
2025-03-21T04:42:44.278Z,RBC,1,4,4.99,M,FL,FALSE,12500
2025-03-21T04:42:44.278Z,RBC,1,5,9.99,J,FL,FALSE,28000
2025-03-21T04:42:44.278Z,RBC,1,10,99,D,FL,FALSE,140000
2025-03-21T04:42:44.278Z,RBC,1,10,99,F,FL,FALSE,111000
2025-03-21T04:42:44.278Z,RBC,1,10,99,G,FL,FALSE,93000
2025-03-21T04:42:44.278Z,RBC,1,0.9,0.99,N,FL,FALSE,2400
2025-03-21T04:42:44.278Z,RBC,1,1,1.49,N,FL,FALSE,2700
2025-03-21T04:42:44.278Z,RBC,1,3,3.99,H,FL,FALSE,27000
2025-03-21T04:42:44.278Z,RBC,1,3,3.99,K,FL,FALSE,14500
2025-03-21T04:42:44.278Z,RBC,1,5,9.99,F,FL,FALSE,73000
2025-03-21T04:42:44.278Z,RBC,1,5,9.99,I,FL,FALSE,36500
2025-03-21T04:42:44.278Z,RBC,1,10,99,H,FL,FALSE,75000
2025-03-21T04:42:44.278Z,RBC,1,10,99,I,FL,FALSE,57000
2025-03-21T04:42:44.278Z,RBC,1,10,99,L,FL,FALSE,27000
2025-03-21T04:42:44.278Z,RBC,1,0.4,0.49,N,FL,FALSE,1200
2025-03-21T04:42:44.278Z,RBC,1,0.5,0.69,N,FL,FALSE,1400
2025-03-21T04:42:44.278Z,RBC,1,0.7,0.89,N,FL,FALSE,1900
2025-03-21T04:42:44.278Z,RBC,1,1.5,1.99,N,FL,FALSE,4600
2025-03-21T04:42:44.278Z,RBC,1,5,9.99,N,FL,FALSE,15000
2025-03-21T04:42:44.278Z,RBC,1,0.9,0.99,O-P,FL,FALSE,2400
2025-03-21T04:42:44.278Z,RBC,1,2,2.99,O-P,FL,FALSE,6800
2025-03-21T04:42:44.278Z,RBC,1,0.3,0.39,Q-R,FL,FALSE,1000
2025-03-21T04:42:44.278Z,RBC,1,5,9.99,O-P,FL,FALSE,15000
2025-03-21T04:42:44.278Z,RBC,1,0.4,0.49,Q-R,FL,FALSE,1200
2025-03-21T04:42:44.278Z,RBC,1,1.5,1.99,Q-R,FL,FALSE,4600
2025-03-21T04:42:44.278Z,RBC,1,2,2.99,Q-R,FL,FALSE,6800
2025-03-21T04:42:44.278Z,RBC,1,4,4.99,Q-R,FL,FALSE,12500
2025-03-21T04:42:44.278Z,RBC,1,0.3,0.39,S-T,FL,FALSE,1000
2025-03-21T04:42:44.278Z,RBC,1,0.7,0.89,S-T,FL,FALSE,1900
2025-03-21T04:42:44.278Z,RBC,1,1,1.49,S-T,FL,FALSE,2700
2025-03-21T04:42:44.278Z,RBC,1,1.5,1.99,S-T,FL,FALSE,4600
2025-03-21T04:42:44.278Z,RBC,1,2,2.99,S-T,FL,FALSE,6800
2025-03-21T04:42:44.278Z,RBC,1,3,3.99,S-T,FL,FALSE,9500
2025-03-21T04:42:44.278Z,RBC,1,10,99,S-T,FL,FALSE,22500
2025-03-21T04:42:44.278Z,RBC,1,0.9,0.99,U-V,FL,FALSE,2400
2025-03-21T04:42:44.278Z,RBC,1,2,2.99,U-V,FL,FALSE,6800
2025-03-21T04:42:44.278Z,RBC,1,4,4.99,U-V,FL,FALSE,12500
2025-03-21T04:42:44.278Z,RBC,1,0.7,0.89,,FL,FALSE,1900
2025-03-21T04:42:44.278Z,RBC,1,1.5,1.99,,FL,FALSE,4600
2025-03-21T04:42:44.278Z,RBC,1,3,3.99,,FL,FALSE,9500
2025-03-21T04:42:44.278Z,RBC,1,0.5,0.69,Y-Z,FL,FALSE,1400
2025-03-21T04:42:44.278Z,RBC,1,1.5,1.99,Y-Z,FL,FALSE,4600
2025-03-21T04:42:44.278Z,RBC,1,2,2.99,Y-Z,FL,FALSE,6800
2025-03-21T04:42:44.278Z,RBC,1,10,99,O-P,FL,FALSE,22500
2025-03-21T04:42:44.278Z,RBC,1,0.9,0.99,Q-R,FL,FALSE,2400
2025-03-21T04:42:44.278Z,RBC,1,1,1.49,Q-R,FL,FALSE,2700
2025-03-21T04:42:44.278Z,RBC,1,5,9.99,Q-R,FL,FALSE,15000
2025-03-21T04:42:44.278Z,RBC,1,0.9,0.99,S-T,FL,FALSE,2400
2025-03-21T04:42:44.278Z,RBC,1,0.3,0.39,U-V,FL,FALSE,1000
2025-03-21T04:42:44.278Z,RBC,1,0.4,0.49,U-V,FL,FALSE,1200
2025-03-21T04:42:44.278Z,RBC,1,1.5,1.99,U-V,FL,FALSE,4600
2025-03-21T04:42:44.278Z,RBC,1,5,9.99,U-V,FL,FALSE,15000
2025-03-21T04:42:44.278Z,RBC,1,10,99,U-V,FL,FALSE,22500
2025-03-21T04:42:44.278Z,RBC,1,0.3,0.39,,FL,FALSE,1000
2025-03-21T04:42:44.278Z,RBC,1,0.4,0.49,,FL,FALSE,1200
2025-03-21T04:42:44.278Z,RBC,1,0.5,0.69,,FL,FALSE,1400
2025-03-21T04:42:44.278Z,RBC,1,1,1.49,,FL,FALSE,2700
2025-03-21T04:42:44.278Z,RBC,1,2,2.99,,FL,FALSE,6800
2025-03-21T04:42:44.278Z,RBC,1,0.3,0.39,Y-Z,FL,FALSE,1000
2025-03-21T04:42:44.278Z,RBC,1,0.7,0.89,Y-Z,FL,FALSE,1900
2025-03-21T04:42:44.278Z,RBC,1,3,3.99,Y-Z,FL,FALSE,9500
2025-03-21T04:42:44.278Z,RBC,1,4,4.99,O-P,FL,FALSE,12500
2025-03-21T04:42:44.278Z,RBC,1,0.5,0.69,Q-R,FL,FALSE,1400
2025-03-21T04:42:44.278Z,RBC,1,0.4,0.49,S-T,FL,FALSE,1200
2025-03-21T04:42:44.278Z,RBC,1,4,4.99,S-T,FL,FALSE,12500
2025-03-21T04:42:44.278Z,RBC,1,0.7,0.89,U-V,FL,FALSE,1900
2025-03-21T04:42:44.278Z,RBC,1,1,1.49,U-V,FL,FALSE,2700
2025-03-21T04:42:44.278Z,RBC,1,3,3.99,U-V,FL,FALSE,9500
2025-03-21T04:42:44.278Z,RBC,1,0.9,0.99,,FL,FALSE,2400
2025-03-21T04:42:44.278Z,RBC,1,5,9.99,,FL,FALSE,15000
2025-03-21T04:42:44.278Z,RBC,1,10,99,,FL,FALSE,22500
2025-03-21T04:42:44.278Z,RBC,1,0.9,0.99,Y-Z,FL,FALSE,2400
2025-03-21T04:42:44.278Z,RBC,1,5,9.99,Y-Z,FL,FALSE,15000
2025-03-21T04:42:44.278Z,RBC,1,10,99,Y-Z,FL,FALSE,22500
2025-03-21T04:42:44.278Z,RBC,1,3,3.99,O-P,FL,FALSE,9500
2025-03-21T04:42:44.278Z,RBC,1,0.7,0.89,Q-R,FL,FALSE,1900
2025-03-21T04:42:44.278Z,RBC,1,3,3.99,Q-R,FL,FALSE,9500
2025-03-21T04:42:44.278Z,RBC,1,10,99,Q-R,FL,FALSE,22500
2025-03-21T04:42:44.278Z,RBC,1,0.5,0.69,S-T,FL,FALSE,1400
2025-03-21T04:42:44.278Z,RBC,1,5,9.99,S-T,FL,FALSE,15000
2025-03-21T04:42:44.278Z,RBC,1,0.5,0.69,U-V,FL,FALSE,1400
2025-03-21T04:42:44.278Z,RBC,1,4,4.99,,FL,FALSE,12500
2025-03-21T04:42:44.278Z,RBC,1,0.4,0.49,Y-Z,FL,FALSE,1200
2025-03-21T04:42:44.278Z,RBC,1,1,1.49,Y-Z,FL,FALSE,2700
2025-03-21T04:42:44.278Z,RBC,1,4,4.99,Y-Z,FL,FALSE,12500
2025-08-29T05:18:07.409Z,PB,2,0.18,0.22,D,IF,FALSE,1370
2025-08-29T05:18:07.410Z,PB,2,0.18,0.22,D,VVS1,FALSE,1370
2025-08-29T05:18:07.410Z,PB,2,0.18,0.22,D,VVS2,FALSE,1370
2025-08-29T05:18:07.410Z,PB,2,0.18,0.22,D,VS1,FALSE,1160
2025-08-29T05:18:07.410Z,PB,2,0.18,0.22,D,VS2,FALSE,1160
2025-08-29T05:18:07.410Z,PB,2,0.18,0.22,D,SI1,FALSE,1000
2025-08-29T05:18:07.410Z,PB,2,0.18,0.22,D,SI2,FALSE,850
2025-08-29T05:18:07.410Z,PB,2,0.18,0.22,D,SI3,FALSE,710
2025-08-29T05:18:07.410Z,PB,2,0.18,0.22,D,I1,FALSE,600
2025-08-29T05:18:07.410Z,PB,2,0.18,0.22,D,I2,FALSE,450
2025-08-29T05:18:07.410Z,PB,2,0.18,0.22,D,I3,FALSE,360
2025-08-29T05:18:07.410Z,PB,2,0.18,0.22,E,IF,FALSE,1370
2025-08-29T05:18:07.410Z,PB,2,0.18,0.22,E,VVS1,FALSE,1370
2025-08-29T05:18:07.410Z,PB,2,0.18,0.22,E,VVS2,FALSE,1370
2025-08-29T05:18:07.410Z,PB,2,0.18,0.22,E,VS1,FALSE,1160
2025-08-29T05:18:07.410Z,PB,2,0.18,0.22,E,VS2,FALSE,1160
2025-08-29T05:18:07.410Z,PB,2,0.18,0.22,E,SI1,FALSE,1000
2025-08-29T05:18:07.410Z,PB,2,0.18,0.22,E,SI2,FALSE,850
2025-08-29T05:18:07.410Z,PB,2,0.18,0.22,E,SI3,FALSE,710
2025-08-29T05:18:07.410Z,PB,2,0.18,0.22,E,I1,FALSE,600
2025-08-29T05:18:07.410Z,PB,2,0.18,0.22,E,I2,FALSE,450
2025-08-29T05:18:07.410Z,PB,2,0.18,0.22,E,I3,FALSE,360
2025-08-29T05:18:07.410Z,PB,2,0.18,0.22,F,IF,FALSE,1370
2025-08-29T05:18:07.410Z,PB,2,0.18,0.22,F,VVS1,FALSE,1370
2025-08-29T05:18:07.410Z,PB,2,0.18,0.22,F,VVS2,FALSE,1370
2025-08-29T05:18:07.410Z,PB,2,0.18,0.22,F,VS1,FALSE,1160
2025-08-29T05:18:07.410Z,PB,2,0.18,0.22,F,VS2,FALSE,1160
2025-08-29T05:18:07.410Z,PB,2,0.18,0.22,F,SI1,FALSE,1000
2025-08-29T05:18:07.410Z,PB,2,0.18,0.22,F,SI2,FALSE,850
2025-08-29T05:18:07.410Z,PB,2,0.18,0.22,F,SI3,FALSE,710
2025-08-29T05:18:07.410Z,PB,2,0.18,0.22,F,I1,FALSE,600
2025-08-29T05:18:07.410Z,PB,2,0.18,0.22,F,I2,FALSE,450
2025-08-29T05:18:07.410Z,PB,2,0.18,0.22,F,I3,FALSE,360
2025-08-29T05:18:07.410Z,PB,2,0.18,0.22,G,IF,FALSE,1210
2025-08-29T05:18:07.410Z,PB,2,0.18,0.22,G,VVS1,FALSE,1210
2025-08-29T05:18:07.410Z,PB,2,0.18,0.22,G,VVS2,FALSE,1210
2025-08-29T05:18:07.410Z,PB,2,0.18,0.22,G,VS1,FALSE,1020
2025-08-29T05:18:07.410Z,PB,2,0.18,0.22,G,VS2,FALSE,1020
2025-08-29T05:18:07.410Z,PB,2,0.18,0.22,G,SI1,FALSE,880
2025-08-29T05:18:07.410Z,PB,2,0.18,0.22,G,SI2,FALSE,750
2025-08-29T05:18:07.410Z,PB,2,0.18,0.22,G,SI3,FALSE,630
2025-08-29T05:18:07.410Z,PB,2,0.18,0.22,G,I1,FALSE,520
2025-08-29T05:18:07.410Z,PB,2,0.18,0.22,G,I2,FALSE,400
2025-08-29T05:18:07.410Z,PB,2,0.18,0.22,G,I3,FALSE,320
2025-08-29T05:18:07.410Z,PB,2,0.18,0.22,H,IF,FALSE,1210
2025-08-29T05:18:07.410Z,PB,2,0.18,0.22,H,VVS1,FALSE,1210
2025-08-29T05:18:07.410Z,PB,2,0.18,0.22,H,VVS2,FALSE,1210
2025-08-29T05:18:07.410Z,PB,2,0.18,0.22,H,VS1,FALSE,1020
2025-08-29T05:18:07.410Z,PB,2,0.18,0.22,H,VS2,FALSE,1020
2025-08-29T05:18:07.410Z,PB,2,0.18,0.22,H,SI1,FALSE,880
2025-08-29T05:18:07.410Z,PB,2,0.18,0.22,H,SI2,FALSE,750
2025-08-29T05:18:07.410Z,PB,2,0.18,0.22,H,SI3,FALSE,630
2025-08-29T05:18:07.410Z,PB,2,0.18,0.22,H,I1,FALSE,520
2025-08-29T05:18:07.410Z,PB,2,0.18,0.22,H,I2,FALSE,400
2025-08-29T05:18:07.410Z,PB,2,0.18,0.22,H,I3,FALSE,320
2025-08-29T05:18:07.410Z,PB,2,0.18,0.22,I,IF,FALSE,1000
2025-08-29T05:18:07.410Z,PB,2,0.18,0.22,I,VVS1,FALSE,1000
2025-08-29T05:18:07.410Z,PB,2,0.18,0.22,I,VVS2,FALSE,1000
2025-08-29T05:18:07.410Z,PB,2,0.18,0.22,I,VS1,FALSE,850
2025-08-29T05:18:07.410Z,PB,2,0.18,0.22,I,VS2,FALSE,850
2025-08-29T05:18:07.410Z,PB,2,0.18,0.22,I,SI1,FALSE,750
2025-08-29T05:18:07.410Z,PB,2,0.18,0.22,I,SI2,FALSE,650
2025-08-29T05:18:07.410Z,PB,2,0.18,0.22,I,SI3,FALSE,540
2025-08-29T05:18:07.410Z,PB,2,0.18,0.22,I,I1,FALSE,450
2025-08-29T05:18:07.410Z,PB,2,0.18,0.22,I,I2,FALSE,350
2025-08-29T05:18:07.410Z,PB,2,0.18,0.22,I,I3,FALSE,270
2025-08-29T05:18:07.410Z,PB,2,0.18,0.22,J,IF,FALSE,1000
2025-08-29T05:18:07.410Z,PB,2,0.18,0.22,J,VVS1,FALSE,1000
2025-08-29T05:18:07.410Z,PB,2,0.18,0.22,J,VVS2,FALSE,1000
2025-08-29T05:18:07.410Z,PB,2,0.18,0.22,J,VS1,FALSE,850
2025-08-29T05:18:07.410Z,PB,2,0.18,0.22,J,VS2,FALSE,850
2025-08-29T05:18:07.410Z,PB,2,0.18,0.22,J,SI1,FALSE,750
2025-08-29T05:18:07.410Z,PB,2,0.18,0.22,J,SI2,FALSE,650
2025-08-29T05:18:07.410Z,PB,2,0.18,0.22,J,SI3,FALSE,540
2025-08-29T05:18:07.410Z,PB,2,0.18,0.22,J,I1,FALSE,450
2025-08-29T05:18:07.410Z,PB,2,0.18,0.22,J,I2,FALSE,350
2025-08-29T05:18:07.410Z,PB,2,0.18,0.22,J,I3,FALSE,270
2025-08-29T05:18:07.410Z,PB,2,0.18,0.22,K,IF,FALSE,770
2025-08-29T05:18:07.410Z,PB,2,0.18,0.22,K,VVS1,FALSE,770
2025-08-29T05:18:07.410Z,PB,2,0.18,0.22,K,VVS2,FALSE,770
2025-08-29T05:18:07.410Z,PB,2,0.18,0.22,K,VS1,FALSE,650
2025-08-29T05:18:07.410Z,PB,2,0.18,0.22,K,VS2,FALSE,650
2025-08-29T05:18:07.410Z,PB,2,0.18,0.22,K,SI1,FALSE,570
2025-08-29T05:18:07.410Z,PB,2,0.18,0.22,K,SI2,FALSE,490
2025-08-29T05:18:07.410Z,PB,2,0.18,0.22,K,SI3,FALSE,420
2025-08-29T05:18:07.410Z,PB,2,0.18,0.22,K,I1,FALSE,350
2025-08-29T05:18:07.410Z,PB,2,0.18,0.22,K,I2,FALSE,270
2025-08-29T05:18:07.410Z,PB,2,0.18,0.22,K,I3,FALSE,210
2025-08-29T05:18:07.410Z,PB,2,0.18,0.22,L,IF,FALSE,770
2025-08-29T05:18:07.410Z,PB,2,0.18,0.22,L,VVS1,FALSE,770
2025-08-29T05:18:07.410Z,PB,2,0.18,0.22,L,VVS2,FALSE,770
2025-08-29T05:18:07.410Z,PB,2,0.18,0.22,L,VS1,FALSE,650
2025-08-29T05:18:07.410Z,PB,2,0.18,0.22,L,VS2,FALSE,650
2025-08-29T05:18:07.410Z,PB,2,0.18,0.22,L,SI1,FALSE,570
2025-08-29T05:18:07.410Z,PB,2,0.18,0.22,L,SI2,FALSE,490
2025-08-29T05:18:07.410Z,PB,2,0.18,0.22,L,SI3,FALSE,420
2025-08-29T05:18:07.410Z,PB,2,0.18,0.22,L,I1,FALSE,350
2025-08-29T05:18:07.410Z,PB,2,0.18,0.22,L,I2,FALSE,270
2025-08-29T05:18:07.410Z,PB,2,0.18,0.22,L,I3,FALSE,210
2025-08-29T05:18:07.410Z,PB,2,0.18,0.22,M,IF,FALSE,600
2025-08-29T05:18:07.410Z,PB,2,0.18,0.22,M,VVS1,FALSE,600
2025-08-29T05:18:07.410Z,PB,2,0.18,0.22,M,VVS2,FALSE,600
2025-08-29T05:18:07.410Z,PB,2,0.18,0.22,M,VS1,FALSE,510
2025-08-29T05:18:07.410Z,PB,2,0.18,0.22,M,VS2,FALSE,510
2025-08-29T05:18:07.410Z,PB,2,0.18,0.22,M,SI1,FALSE,430
2025-08-29T05:18:07.410Z,PB,2,0.18,0.22,M,SI2,FALSE,370
2025-08-29T05:18:07.410Z,PB,2,0.18,0.22,M,SI3,FALSE,320
2025-08-29T05:18:07.410Z,PB,2,0.18,0.22,M,I1,FALSE,260
2025-08-29T05:18:07.410Z,PB,2,0.18,0.22,M,I2,FALSE,200
2025-08-29T05:18:07.410Z,PB,2,0.18,0.22,M,I3,FALSE,150
2025-08-29T05:18:07.410Z,PB,2,0.18,0.22,N,IF,FALSE,600
2025-08-29T05:18:07.410Z,PB,2,0.18,0.22,N,VVS1,FALSE,600
2025-08-29T05:18:07.410Z,PB,2,0.18,0.22,N,VVS2,FALSE,600
2025-08-29T05:18:07.410Z,PB,2,0.18,0.22,N,VS1,FALSE,510
2025-08-29T05:18:07.410Z,PB,2,0.18,0.22,N,VS2,FALSE,510
2025-08-29T05:18:07.410Z,PB,2,0.18,0.22,N,SI1,FALSE,430
2025-08-29T05:18:07.410Z,PB,2,0.18,0.22,N,SI2,FALSE,370
2025-08-29T05:18:07.410Z,PB,2,0.18,0.22,N,SI3,FALSE,320
2025-08-29T05:18:07.410Z,PB,2,0.18,0.22,N,I1,FALSE,260
2025-08-29T05:18:07.410Z,PB,2,0.18,0.22,N,I2,FALSE,200
2025-08-29T05:18:07.410Z,PB,2,0.18,0.22,N,I3,FALSE,150
2025-08-29T05:18:07.410Z,PB,2,0.23,0.29,D,IF,FALSE,1610
2025-08-29T05:18:07.410Z,PB,2,0.23,0.29,D,VVS1,FALSE,1610
2025-08-29T05:18:07.410Z,PB,2,0.23,0.29,D,VVS2,FALSE,1610
2025-08-29T05:18:07.410Z,PB,2,0.23,0.29,D,VS1,FALSE,1400
2025-08-29T05:18:07.410Z,PB,2,0.23,0.29,D,VS2,FALSE,1400
2025-08-29T05:18:07.410Z,PB,2,0.23,0.29,D,SI1,FALSE,1130
2025-08-29T05:18:07.410Z,PB,2,0.23,0.29,D,SI2,FALSE,970
2025-08-29T05:18:07.410Z,PB,2,0.23,0.29,D,SI3,FALSE,820
2025-08-29T05:18:07.410Z,PB,2,0.23,0.29,D,I1,FALSE,660
2025-08-29T05:18:07.410Z,PB,2,0.23,0.29,D,I2,FALSE,510
2025-08-29T05:18:07.410Z,PB,2,0.23,0.29,D,I3,FALSE,400
2025-08-29T05:18:07.410Z,PB,2,0.23,0.29,E,IF,FALSE,1610
2025-08-29T05:18:07.410Z,PB,2,0.23,0.29,E,VVS1,FALSE,1610
2025-08-29T05:18:07.410Z,PB,2,0.23,0.29,E,VVS2,FALSE,1610
2025-08-29T05:18:07.410Z,PB,2,0.23,0.29,E,VS1,FALSE,1400
2025-08-29T05:18:07.410Z,PB,2,0.23,0.29,E,VS2,FALSE,1400
2025-08-29T05:18:07.410Z,PB,2,0.23,0.29,E,SI1,FALSE,1130
2025-08-29T05:18:07.410Z,PB,2,0.23,0.29,E,SI2,FALSE,970
2025-08-29T05:18:07.410Z,PB,2,0.23,0.29,E,SI3,FALSE,820
2025-08-29T05:18:07.410Z,PB,2,0.23,0.29,E,I1,FALSE,660
2025-08-29T05:18:07.410Z,PB,2,0.23,0.29,E,I2,FALSE,510
2025-08-29T05:18:07.410Z,PB,2,0.23,0.29,E,I3,FALSE,400
2025-08-29T05:18:07.410Z,PB,2,0.23,0.29,F,IF,FALSE,1610
2025-08-29T05:18:07.410Z,PB,2,0.23,0.29,F,VVS1,FALSE,1610
2025-08-29T05:18:07.410Z,PB,2,0.23,0.29,F,VVS2,FALSE,1610
2025-08-29T05:18:07.410Z,PB,2,0.23,0.29,F,VS1,FALSE,1400
2025-08-29T05:18:07.410Z,PB,2,0.23,0.29,F,VS2,FALSE,1400
2025-08-29T05:18:07.410Z,PB,2,0.23,0.29,F,SI1,FALSE,1130
2025-08-29T05:18:07.410Z,PB,2,0.23,0.29,F,SI2,FALSE,970
2025-08-29T05:18:07.410Z,PB,2,0.23,0.29,F,SI3,FALSE,820
2025-08-29T05:18:07.410Z,PB,2,0.23,0.29,F,I1,FALSE,660
2025-08-29T05:18:07.410Z,PB,2,0.23,0.29,F,I2,FALSE,510
2025-08-29T05:18:07.410Z,PB,2,0.23,0.29,F,I3,FALSE,400
2025-08-29T05:18:07.410Z,PB,2,0.23,0.29,G,IF,FALSE,1410
2025-08-29T05:18:07.410Z,PB,2,0.23,0.29,G,VVS1,FALSE,1410
2025-08-29T05:18:07.410Z,PB,2,0.23,0.29,G,VVS2,FALSE,1410
2025-08-29T05:18:07.410Z,PB,2,0.23,0.29,G,VS1,FALSE,1210
2025-08-29T05:18:07.410Z,PB,2,0.23,0.29,G,VS2,FALSE,1210
2025-08-29T05:18:07.410Z,PB,2,0.23,0.29,G,SI1,FALSE,990
2025-08-29T05:18:07.410Z,PB,2,0.23,0.29,G,SI2,FALSE,840
2025-08-29T05:18:07.410Z,PB,2,0.23,0.29,G,SI3,FALSE,720
2025-08-29T05:18:07.410Z,PB,2,0.23,0.29,G,I1,FALSE,570
2025-08-29T05:18:07.410Z,PB,2,0.23,0.29,G,I2,FALSE,450
2025-08-29T05:18:07.410Z,PB,2,0.23,0.29,G,I3,FALSE,350
2025-08-29T05:18:07.410Z,PB,2,0.23,0.29,H,IF,FALSE,1410
2025-08-29T05:18:07.410Z,PB,2,0.23,0.29,H,VVS1,FALSE,1410
2025-08-29T05:18:07.410Z,PB,2,0.23,0.29,H,VVS2,FALSE,1410
2025-08-29T05:18:07.410Z,PB,2,0.23,0.29,H,VS1,FALSE,1210
2025-08-29T05:18:07.410Z,PB,2,0.23,0.29,H,VS2,FALSE,1210
2025-08-29T05:18:07.410Z,PB,2,0.23,0.29,H,SI1,FALSE,990
2025-08-29T05:18:07.410Z,PB,2,0.23,0.29,H,SI2,FALSE,840
2025-08-29T05:18:07.410Z,PB,2,0.23,0.29,H,SI3,FALSE,720
2025-08-29T05:18:07.410Z,PB,2,0.23,0.29,H,I1,FALSE,570
2025-08-29T05:18:07.410Z,PB,2,0.23,0.29,H,I2,FALSE,450
2025-08-29T05:18:07.410Z,PB,2,0.23,0.29,H,I3,FALSE,350
2025-08-29T05:18:07.410Z,PB,2,0.23,0.29,I,IF,FALSE,1180
2025-08-29T05:18:07.410Z,PB,2,0.23,0.29,I,VVS1,FALSE,1180
2025-08-29T05:18:07.410Z,PB,2,0.23,0.29,I,VVS2,FALSE,1180
2025-08-29T05:18:07.410Z,PB,2,0.23,0.29,I,VS1,FALSE,1020
2025-08-29T05:18:07.410Z,PB,2,0.23,0.29,I,VS2,FALSE,1020
2025-08-29T05:18:07.410Z,PB,2,0.23,0.29,I,SI1,FALSE,840
2025-08-29T05:18:07.410Z,PB,2,0.23,0.29,I,SI2,FALSE,720
2025-08-29T05:18:07.410Z,PB,2,0.23,0.29,I,SI3,FALSE,630
2025-08-29T05:18:07.410Z,PB,2,0.23,0.29,I,I1,FALSE,490
2025-08-29T05:18:07.410Z,PB,2,0.23,0.29,I,I2,FALSE,390
2025-08-29T05:18:07.410Z,PB,2,0.23,0.29,I,I3,FALSE,300
2025-08-29T05:18:07.410Z,PB,2,0.23,0.29,J,IF,FALSE,1180
2025-08-29T05:18:07.410Z,PB,2,0.23,0.29,J,VVS1,FALSE,1180
2025-08-29T05:18:07.410Z,PB,2,0.23,0.29,J,VVS2,FALSE,1180
2025-08-29T05:18:07.410Z,PB,2,0.23,0.29,J,VS1,FALSE,1020
2025-08-29T05:18:07.410Z,PB,2,0.23,0.29,J,VS2,FALSE,1020
2025-08-29T05:18:07.410Z,PB,2,0.23,0.29,J,SI1,FALSE,840
2025-08-29T05:18:07.410Z,PB,2,0.23,0.29,J,SI2,FALSE,720
2025-08-29T05:18:07.410Z,PB,2,0.23,0.29,J,SI3,FALSE,630
2025-08-29T05:18:07.410Z,PB,2,0.23,0.29,J,I1,FALSE,490
2025-08-29T05:18:07.410Z,PB,2,0.23,0.29,J,I2,FALSE,390
2025-08-29T05:18:07.410Z,PB,2,0.23,0.29,J,I3,FALSE,300
2025-08-29T05:18:07.410Z,PB,2,0.23,0.29,K,IF,FALSE,940
2025-08-29T05:18:07.410Z,PB,2,0.23,0.29,K,VVS1,FALSE,940
2025-08-29T05:18:07.410Z,PB,2,0.23,0.29,K,VVS2,FALSE,940
2025-08-29T05:18:07.410Z,PB,2,0.23,0.29,K,VS1,FALSE,820
2025-08-29T05:18:07.410Z,PB,2,0.23,0.29,K,VS2,FALSE,820
2025-08-29T05:18:07.410Z,PB,2,0.23,0.29,K,SI1,FALSE,670
2025-08-29T05:18:07.410Z,PB,2,0.23,0.29,K,SI2,FALSE,590
2025-08-29T05:18:07.410Z,PB,2,0.23,0.29,K,SI3,FALSE,510
2025-08-29T05:18:07.410Z,PB,2,0.23,0.29,K,I1,FALSE,390
2025-08-29T05:18:07.410Z,PB,2,0.23,0.29,K,I2,FALSE,310
2025-08-29T05:18:07.410Z,PB,2,0.23,0.29,K,I3,FALSE,230
2025-08-29T05:18:07.410Z,PB,2,0.23,0.29,L,IF,FALSE,940
2025-08-29T05:18:07.410Z,PB,2,0.23,0.29,L,VVS1,FALSE,940
2025-08-29T05:18:07.410Z,PB,2,0.23,0.29,L,VVS2,FALSE,940
2025-08-29T05:18:07.410Z,PB,2,0.23,0.29,L,VS1,FALSE,820
2025-08-29T05:18:07.410Z,PB,2,0.23,0.29,L,VS2,FALSE,820
2025-08-29T05:18:07.410Z,PB,2,0.23,0.29,L,SI1,FALSE,670
2025-08-29T05:18:07.410Z,PB,2,0.23,0.29,L,SI2,FALSE,590
2025-08-29T05:18:07.410Z,PB,2,0.23,0.29,L,SI3,FALSE,510
2025-08-29T05:18:07.410Z,PB,2,0.23,0.29,L,I1,FALSE,390
2025-08-29T05:18:07.410Z,PB,2,0.23,0.29,L,I2,FALSE,310
2025-08-29T05:18:07.410Z,PB,2,0.23,0.29,L,I3,FALSE,230
2025-08-29T05:18:07.410Z,PB,2,0.23,0.29,M,IF,FALSE,780
2025-08-29T05:18:07.410Z,PB,2,0.23,0.29,M,VVS1,FALSE,780
2025-08-29T05:18:07.410Z,PB,2,0.23,0.29,M,VVS2,FALSE,780
2025-08-29T05:18:07.410Z,PB,2,0.23,0.29,M,VS1,FALSE,660
2025-08-29T05:18:07.410Z,PB,2,0.23,0.29,M,VS2,FALSE,660
2025-08-29T05:18:07.410Z,PB,2,0.23,0.29,M,SI1,FALSE,550
2025-08-29T05:18:07.410Z,PB,2,0.23,0.29,M,SI2,FALSE,480
2025-08-29T05:18:07.410Z,PB,2,0.23,0.29,M,SI3,FALSE,420
2025-08-29T05:18:07.410Z,PB,2,0.23,0.29,M,I1,FALSE,310
2025-08-29T05:18:07.410Z,PB,2,0.23,0.29,M,I2,FALSE,240
2025-08-29T05:18:07.410Z,PB,2,0.23,0.29,M,I3,FALSE,170
2025-08-29T05:18:07.410Z,PB,2,0.23,0.29,N,IF,FALSE,780
2025-08-29T05:18:07.410Z,PB,2,0.23,0.29,N,VVS1,FALSE,780
2025-08-29T05:18:07.410Z,PB,2,0.23,0.29,N,VVS2,FALSE,780
2025-08-29T05:18:07.410Z,PB,2,0.23,0.29,N,VS1,FALSE,660
2025-08-29T05:18:07.410Z,PB,2,0.23,0.29,N,VS2,FALSE,660
2025-08-29T05:18:07.410Z,PB,2,0.23,0.29,N,SI1,FALSE,550
2025-08-29T05:18:07.410Z,PB,2,0.23,0.29,N,SI2,FALSE,480
2025-08-29T05:18:07.410Z,PB,2,0.23,0.29,N,SI3,FALSE,420
2025-08-29T05:18:07.410Z,PB,2,0.23,0.29,N,I1,FALSE,310
2025-08-29T05:18:07.410Z,PB,2,0.23,0.29,N,I2,FALSE,240
2025-08-29T05:18:07.410Z,PB,2,0.23,0.29,N,I3,FALSE,170
2025-08-29T05:18:07.410Z,PB,2,0.3,0.39,D,IF,FALSE,2500
2025-08-29T05:18:07.410Z,PB,2,0.3,0.39,D,VVS1,FALSE,2300
2025-08-29T05:18:07.410Z,PB,2,0.3,0.39,D,VVS2,FALSE,2100
2025-08-29T05:18:07.410Z,PB,2,0.3,0.39,D,VS1,FALSE,1900
2025-08-29T05:18:07.410Z,PB,2,0.3,0.39,D,VS2,FALSE,1800
2025-08-29T05:18:07.410Z,PB,2,0.3,0.39,D,SI1,FALSE,1600
2025-08-29T05:18:07.410Z,PB,2,0.3,0.39,D,SI2,FALSE,1400
2025-08-29T05:18:07.410Z,PB,2,0.3,0.39,D,SI3,FALSE,1200
2025-08-29T05:18:07.410Z,PB,2,0.3,0.39,D,I1,FALSE,1000
2025-08-29T05:18:07.410Z,PB,2,0.3,0.39,D,I2,FALSE,800
2025-08-29T05:18:07.410Z,PB,2,0.3,0.39,D,I3,FALSE,600
2025-08-29T05:18:07.410Z,PB,2,0.3,0.39,E,IF,FALSE,2300
2025-08-29T05:18:07.410Z,PB,2,0.3,0.39,E,VVS1,FALSE,2100
2025-08-29T05:18:07.410Z,PB,2,0.3,0.39,E,VVS2,FALSE,1900
2025-08-29T05:18:07.410Z,PB,2,0.3,0.39,E,VS1,FALSE,1800
2025-08-29T05:18:07.410Z,PB,2,0.3,0.39,E,VS2,FALSE,1700
2025-08-29T05:18:07.410Z,PB,2,0.3,0.39,E,SI1,FALSE,1500
2025-08-29T05:18:07.410Z,PB,2,0.3,0.39,E,SI2,FALSE,1300
2025-08-29T05:18:07.410Z,PB,2,0.3,0.39,E,SI3,FALSE,1100
2025-08-29T05:18:07.410Z,PB,2,0.3,0.39,E,I1,FALSE,900
2025-08-29T05:18:07.410Z,PB,2,0.3,0.39,E,I2,FALSE,800
2025-08-29T05:18:07.410Z,PB,2,0.3,0.39,E,I3,FALSE,500
2025-08-29T05:18:07.410Z,PB,2,0.3,0.39,F,IF,FALSE,2100
2025-08-29T05:18:07.410Z,PB,2,0.3,0.39,F,VVS1,FALSE,1900
2025-08-29T05:18:07.410Z,PB,2,0.3,0.39,F,VVS2,FALSE,1800
2025-08-29T05:18:07.410Z,PB,2,0.3,0.39,F,VS1,FALSE,1700
2025-08-29T05:18:07.410Z,PB,2,0.3,0.39,F,VS2,FALSE,1600
2025-08-29T05:18:07.410Z,PB,2,0.3,0.39,F,SI1,FALSE,1400
2025-08-29T05:18:07.410Z,PB,2,0.3,0.39,F,SI2,FALSE,1200
2025-08-29T05:18:07.410Z,PB,2,0.3,0.39,F,SI3,FALSE,1000
2025-08-29T05:18:07.410Z,PB,2,0.3,0.39,F,I1,FALSE,800
2025-08-29T05:18:07.410Z,PB,2,0.3,0.39,F,I2,FALSE,700
2025-08-29T05:18:07.410Z,PB,2,0.3,0.39,F,I3,FALSE,500
2025-08-29T05:18:07.410Z,PB,2,0.3,0.39,G,IF,FALSE,1900
2025-08-29T05:18:07.410Z,PB,2,0.3,0.39,G,VVS1,FALSE,1800
2025-08-29T05:18:07.410Z,PB,2,0.3,0.39,G,VVS2,FALSE,1700
2025-08-29T05:18:07.410Z,PB,2,0.3,0.39,G,VS1,FALSE,1600
2025-08-29T05:18:07.410Z,PB,2,0.3,0.39,G,VS2,FALSE,1500
2025-08-29T05:18:07.410Z,PB,2,0.3,0.39,G,SI1,FALSE,1300
2025-08-29T05:18:07.410Z,PB,2,0.3,0.39,G,SI2,FALSE,1100
2025-08-29T05:18:07.410Z,PB,2,0.3,0.39,G,SI3,FALSE,900
2025-08-29T05:18:07.410Z,PB,2,0.3,0.39,G,I1,FALSE,800
2025-08-29T05:18:07.410Z,PB,2,0.3,0.39,G,I2,FALSE,700
2025-08-29T05:18:07.410Z,PB,2,0.3,0.39,G,I3,FALSE,400
2025-08-29T05:18:07.410Z,PB,2,0.3,0.39,H,IF,FALSE,1800
2025-08-29T05:18:07.410Z,PB,2,0.3,0.39,H,VVS1,FALSE,1700
2025-08-29T05:18:07.410Z,PB,2,0.3,0.39,H,VVS2,FALSE,1600
2025-08-29T05:18:07.410Z,PB,2,0.3,0.39,H,VS1,FALSE,1500
2025-08-29T05:18:07.410Z,PB,2,0.3,0.39,H,VS2,FALSE,1400
2025-08-29T05:18:07.410Z,PB,2,0.3,0.39,H,SI1,FALSE,1200
2025-08-29T05:18:07.410Z,PB,2,0.3,0.39,H,SI2,FALSE,1000
2025-08-29T05:18:07.410Z,PB,2,0.3,0.39,H,SI3,FALSE,800
2025-08-29T05:18:07.410Z,PB,2,0.3,0.39,H,I1,FALSE,700
2025-08-29T05:18:07.410Z,PB,2,0.3,0.39,H,I2,FALSE,600
2025-08-29T05:18:07.410Z,PB,2,0.3,0.39,H,I3,FALSE,400
2025-08-29T05:18:07.410Z,PB,2,0.3,0.39,I,IF,FALSE,1600
2025-08-29T05:18:07.410Z,PB,2,0.3,0.39,I,VVS1,FALSE,1500
2025-08-29T05:18:07.410Z,PB,2,0.3,0.39,I,VVS2,FALSE,1400
2025-08-29T05:18:07.410Z,PB,2,0.3,0.39,I,VS1,FALSE,1300
2025-08-29T05:18:07.410Z,PB,2,0.3,0.39,I,VS2,FALSE,1200
2025-08-29T05:18:07.410Z,PB,2,0.3,0.39,I,SI1,FALSE,1000
2025-08-29T05:18:07.410Z,PB,2,0.3,0.39,I,SI2,FALSE,900
2025-08-29T05:18:07.410Z,PB,2,0.3,0.39,I,SI3,FALSE,800
2025-08-29T05:18:07.410Z,PB,2,0.3,0.39,I,I1,FALSE,700
2025-08-29T05:18:07.410Z,PB,2,0.3,0.39,I,I2,FALSE,600
2025-08-29T05:18:07.410Z,PB,2,0.3,0.39,I,I3,FALSE,400
2025-08-29T05:18:07.410Z,PB,2,0.3,0.39,J,IF,FALSE,1400
2025-08-29T05:18:07.410Z,PB,2,0.3,0.39,J,VVS1,FALSE,1300
2025-08-29T05:18:07.410Z,PB,2,0.3,0.39,J,VVS2,FALSE,1200
2025-08-29T05:18:07.410Z,PB,2,0.3,0.39,J,VS1,FALSE,1100
2025-08-29T05:18:07.410Z,PB,2,0.3,0.39,J,VS2,FALSE,1000
2025-08-29T05:18:07.410Z,PB,2,0.3,0.39,J,SI1,FALSE,900
2025-08-29T05:18:07.410Z,PB,2,0.3,0.39,J,SI2,FALSE,800
2025-08-29T05:18:07.410Z,PB,2,0.3,0.39,J,SI3,FALSE,700
2025-08-29T05:18:07.410Z,PB,2,0.3,0.39,J,I1,FALSE,600
2025-08-29T05:18:07.410Z,PB,2,0.3,0.39,J,I2,FALSE,500
2025-08-29T05:18:07.410Z,PB,2,0.3,0.39,J,I3,FALSE,300
2025-08-29T05:18:07.410Z,PB,2,0.3,0.39,K,IF,FALSE,1200
2025-08-29T05:18:07.410Z,PB,2,0.3,0.39,K,VVS1,FALSE,1100
2025-08-29T05:18:07.410Z,PB,2,0.3,0.39,K,VVS2,FALSE,1000
2025-08-29T05:18:07.410Z,PB,2,0.3,0.39,K,VS1,FALSE,900
2025-08-29T05:18:07.410Z,PB,2,0.3,0.39,K,VS2,FALSE,900
2025-08-29T05:18:07.410Z,PB,2,0.3,0.39,K,SI1,FALSE,800
2025-08-29T05:18:07.410Z,PB,2,0.3,0.39,K,SI2,FALSE,700
2025-08-29T05:18:07.410Z,PB,2,0.3,0.39,K,SI3,FALSE,700
2025-08-29T05:18:07.410Z,PB,2,0.3,0.39,K,I1,FALSE,600
2025-08-29T05:18:07.410Z,PB,2,0.3,0.39,K,I2,FALSE,500
2025-08-29T05:18:07.410Z,PB,2,0.3,0.39,K,I3,FALSE,300
2025-08-29T05:18:07.410Z,PB,2,0.3,0.39,L,IF,FALSE,1000
2025-08-29T05:18:07.410Z,PB,2,0.3,0.39,L,VVS1,FALSE,900
2025-08-29T05:18:07.410Z,PB,2,0.3,0.39,L,VVS2,FALSE,900
2025-08-29T05:18:07.410Z,PB,2,0.3,0.39,L,VS1,FALSE,800
2025-08-29T05:18:07.410Z,PB,2,0.3,0.39,L,VS2,FALSE,800
2025-08-29T05:18:07.410Z,PB,2,0.3,0.39,L,SI1,FALSE,800
2025-08-29T05:18:07.410Z,PB,2,0.3,0.39,L,SI2,FALSE,700
2025-08-29T05:18:07.410Z,PB,2,0.3,0.39,L,SI3,FALSE,600
2025-08-29T05:18:07.410Z,PB,2,0.3,0.39,L,I1,FALSE,500
2025-08-29T05:18:07.410Z,PB,2,0.3,0.39,L,I2,FALSE,400
2025-08-29T05:18:07.410Z,PB,2,0.3,0.39,L,I3,FALSE,200
2025-08-29T05:18:07.410Z,PB,2,0.3,0.39,M,IF,FALSE,900
2025-08-29T05:18:07.410Z,PB,2,0.3,0.39,M,VVS1,FALSE,900
2025-08-29T05:18:07.410Z,PB,2,0.3,0.39,M,VVS2,FALSE,900
2025-08-29T05:18:07.410Z,PB,2,0.3,0.39,M,VS1,FALSE,800
2025-08-29T05:18:07.410Z,PB,2,0.3,0.39,M,VS2,FALSE,800
2025-08-29T05:18:07.410Z,PB,2,0.3,0.39,M,SI1,FALSE,700
2025-08-29T05:18:07.410Z,PB,2,0.3,0.39,M,SI2,FALSE,600
2025-08-29T05:18:07.410Z,PB,2,0.3,0.39,M,SI3,FALSE,500
2025-08-29T05:18:07.410Z,PB,2,0.3,0.39,M,I1,FALSE,400
2025-08-29T05:18:07.410Z,PB,2,0.3,0.39,M,I2,FALSE,300
2025-08-29T05:18:07.410Z,PB,2,0.3,0.39,M,I3,FALSE,200
2025-08-29T05:18:07.410Z,PB,2,0.4,0.49,D,IF,FALSE,2900
2025-08-29T05:18:07.410Z,PB,2,0.4,0.49,D,VVS1,FALSE,2600
2025-08-29T05:18:07.410Z,PB,2,0.4,0.49,D,VVS2,FALSE,2400
2025-08-29T05:18:07.410Z,PB,2,0.4,0.49,D,VS1,FALSE,2200
2025-08-29T05:18:07.410Z,PB,2,0.4,0.49,D,VS2,FALSE,2000
2025-08-29T05:18:07.410Z,PB,2,0.4,0.49,D,SI1,FALSE,1800
2025-08-29T05:18:07.410Z,PB,2,0.4,0.49,D,SI2,FALSE,1600
2025-08-29T05:18:07.410Z,PB,2,0.4,0.49,D,SI3,FALSE,1400
2025-08-29T05:18:07.410Z,PB,2,0.4,0.49,D,I1,FALSE,1200
2025-08-29T05:18:07.410Z,PB,2,0.4,0.49,D,I2,FALSE,900
2025-08-29T05:18:07.410Z,PB,2,0.4,0.49,D,I3,FALSE,700
2025-08-29T05:18:07.410Z,PB,2,0.4,0.49,E,IF,FALSE,2700
2025-08-29T05:18:07.410Z,PB,2,0.4,0.49,E,VVS1,FALSE,2400
2025-08-29T05:18:07.410Z,PB,2,0.4,0.49,E,VVS2,FALSE,2200
2025-08-29T05:18:07.410Z,PB,2,0.4,0.49,E,VS1,FALSE,2000
2025-08-29T05:18:07.410Z,PB,2,0.4,0.49,E,VS2,FALSE,1900
2025-08-29T05:18:07.410Z,PB,2,0.4,0.49,E,SI1,FALSE,1700
2025-08-29T05:18:07.410Z,PB,2,0.4,0.49,E,SI2,FALSE,1500
2025-08-29T05:18:07.410Z,PB,2,0.4,0.49,E,SI3,FALSE,1300
2025-08-29T05:18:07.410Z,PB,2,0.4,0.49,E,I1,FALSE,1100
2025-08-29T05:18:07.410Z,PB,2,0.4,0.49,E,I2,FALSE,900
2025-08-29T05:18:07.410Z,PB,2,0.4,0.49,E,I3,FALSE,600
2025-08-29T05:18:07.410Z,PB,2,0.4,0.49,F,IF,FALSE,2500
2025-08-29T05:18:07.410Z,PB,2,0.4,0.49,F,VVS1,FALSE,2300
2025-08-29T05:18:07.410Z,PB,2,0.4,0.49,F,VVS2,FALSE,2100
2025-08-29T05:18:07.410Z,PB,2,0.4,0.49,F,VS1,FALSE,1900
2025-08-29T05:18:07.410Z,PB,2,0.4,0.49,F,VS2,FALSE,1800
2025-08-29T05:18:07.410Z,PB,2,0.4,0.49,F,SI1,FALSE,1600
2025-08-29T05:18:07.410Z,PB,2,0.4,0.49,F,SI2,FALSE,1400
2025-08-29T05:18:07.410Z,PB,2,0.4,0.49,F,SI3,FALSE,1200
2025-08-29T05:18:07.410Z,PB,2,0.4,0.49,F,I1,FALSE,1000
2025-08-29T05:18:07.410Z,PB,2,0.4,0.49,F,I2,FALSE,800
2025-08-29T05:18:07.410Z,PB,2,0.4,0.49,F,I3,FALSE,500
2025-08-29T05:18:07.410Z,PB,2,0.4,0.49,G,IF,FALSE,2300
2025-08-29T05:18:07.410Z,PB,2,0.4,0.49,G,VVS1,FALSE,2100
2025-08-29T05:18:07.410Z,PB,2,0.4,0.49,G,VVS2,FALSE,1900
2025-08-29T05:18:07.410Z,PB,2,0.4,0.49,G,VS1,FALSE,1800
2025-08-29T05:18:07.410Z,PB,2,0.4,0.49,G,VS2,FALSE,1700
2025-08-29T05:18:07.410Z,PB,2,0.4,0.49,G,SI1,FALSE,1500
2025-08-29T05:18:07.410Z,PB,2,0.4,0.49,G,SI2,FALSE,1300
2025-08-29T05:18:07.410Z,PB,2,0.4,0.49,G,SI3,FALSE,1100
2025-08-29T05:18:07.410Z,PB,2,0.4,0.49,G,I1,FALSE,1000
2025-08-29T05:18:07.410Z,PB,2,0.4,0.49,G,I2,FALSE,800
2025-08-29T05:18:07.410Z,PB,2,0.4,0.49,G,I3,FALSE,500
2025-08-29T05:18:07.410Z,PB,2,0.4,0.49,H,IF,FALSE,2100
2025-08-29T05:18:07.410Z,PB,2,0.4,0.49,H,VVS1,FALSE,1900
2025-08-29T05:18:07.410Z,PB,2,0.4,0.49,H,VVS2,FALSE,1800
2025-08-29T05:18:07.410Z,PB,2,0.4,0.49,H,VS1,FALSE,1700
2025-08-29T05:18:07.410Z,PB,2,0.4,0.49,H,VS2,FALSE,1600
2025-08-29T05:18:07.410Z,PB,2,0.4,0.49,H,SI1,FALSE,1400
2025-08-29T05:18:07.410Z,PB,2,0.4,0.49,H,SI2,FALSE,1200
2025-08-29T05:18:07.410Z,PB,2,0.4,0.49,H,SI3,FALSE,1000
2025-08-29T05:18:07.410Z,PB,2,0.4,0.49,H,I1,FALSE,900
2025-08-29T05:18:07.410Z,PB,2,0.4,0.49,H,I2,FALSE,700
2025-08-29T05:18:07.410Z,PB,2,0.4,0.49,H,I3,FALSE,500
2025-08-29T05:18:07.410Z,PB,2,0.4,0.49,I,IF,FALSE,1900
2025-08-29T05:18:07.410Z,PB,2,0.4,0.49,I,VVS1,FALSE,1700
2025-08-29T05:18:07.410Z,PB,2,0.4,0.49,I,VVS2,FALSE,1600
2025-08-29T05:18:07.410Z,PB,2,0.4,0.49,I,VS1,FALSE,1500
2025-08-29T05:18:07.410Z,PB,2,0.4,0.49,I,VS2,FALSE,1400
2025-08-29T05:18:07.410Z,PB,2,0.4,0.49,I,SI1,FALSE,1300
2025-08-29T05:18:07.410Z,PB,2,0.4,0.49,I,SI2,FALSE,1100
2025-08-29T05:18:07.410Z,PB,2,0.4,0.49,I,SI3,FALSE,1000
2025-08-29T05:18:07.410Z,PB,2,0.4,0.49,I,I1,FALSE,800
2025-08-29T05:18:07.410Z,PB,2,0.4,0.49,I,I2,FALSE,700
2025-08-29T05:18:07.410Z,PB,2,0.4,0.49,I,I3,FALSE,400
2025-08-29T05:18:07.410Z,PB,2,0.4,0.49,J,IF,FALSE,1600
2025-08-29T05:18:07.410Z,PB,2,0.4,0.49,J,VVS1,FALSE,1500
2025-08-29T05:18:07.410Z,PB,2,0.4,0.49,J,VVS2,FALSE,1400
2025-08-29T05:18:07.410Z,PB,2,0.4,0.49,J,VS1,FALSE,1300
2025-08-29T05:18:07.410Z,PB,2,0.4,0.49,J,VS2,FALSE,1300
2025-08-29T05:18:07.410Z,PB,2,0.4,0.49,J,SI1,FALSE,1200
2025-08-29T05:18:07.410Z,PB,2,0.4,0.49,J,SI2,FALSE,1100
2025-08-29T05:18:07.410Z,PB,2,0.4,0.49,J,SI3,FALSE,900
2025-08-29T05:18:07.410Z,PB,2,0.4,0.49,J,I1,FALSE,700
2025-08-29T05:18:07.410Z,PB,2,0.4,0.49,J,I2,FALSE,600
2025-08-29T05:18:07.410Z,PB,2,0.4,0.49,J,I3,FALSE,400
2025-08-29T05:18:07.410Z,PB,2,0.4,0.49,K,IF,FALSE,1400
2025-08-29T05:18:07.410Z,PB,2,0.4,0.49,K,VVS1,FALSE,1300
2025-08-29T05:18:07.410Z,PB,2,0.4,0.49,K,VVS2,FALSE,1200
2025-08-29T05:18:07.410Z,PB,2,0.4,0.49,K,VS1,FALSE,1100
2025-08-29T05:18:07.410Z,PB,2,0.4,0.49,K,VS2,FALSE,1100
2025-08-29T05:18:07.410Z,PB,2,0.4,0.49,K,SI1,FALSE,1000
2025-08-29T05:18:07.410Z,PB,2,0.4,0.49,K,SI2,FALSE,900
2025-08-29T05:18:07.410Z,PB,2,0.4,0.49,K,SI3,FALSE,800
2025-08-29T05:18:07.410Z,PB,2,0.4,0.49,K,I1,FALSE,700
2025-08-29T05:18:07.410Z,PB,2,0.4,0.49,K,I2,FALSE,600
2025-08-29T05:18:07.410Z,PB,2,0.4,0.49,K,I3,FALSE,400
2025-08-29T05:18:07.410Z,PB,2,0.4,0.49,L,IF,FALSE,1300
2025-08-29T05:18:07.410Z,PB,2,0.4,0.49,L,VVS1,FALSE,1200
2025-08-29T05:18:07.410Z,PB,2,0.4,0.49,L,VVS2,FALSE,1100
2025-08-29T05:18:07.410Z,PB,2,0.4,0.49,L,VS1,FALSE,1000
2025-08-29T05:18:07.410Z,PB,2,0.4,0.49,L,VS2,FALSE,1000
2025-08-29T05:18:07.410Z,PB,2,0.4,0.49,L,SI1,FALSE,900
2025-08-29T05:18:07.410Z,PB,2,0.4,0.49,L,SI2,FALSE,800
2025-08-29T05:18:07.410Z,PB,2,0.4,0.49,L,SI3,FALSE,700
2025-08-29T05:18:07.410Z,PB,2,0.4,0.49,L,I1,FALSE,600
2025-08-29T05:18:07.410Z,PB,2,0.4,0.49,L,I2,FALSE,500
2025-08-29T05:18:07.410Z,PB,2,0.4,0.49,L,I3,FALSE,300
2025-08-29T05:18:07.410Z,PB,2,0.4,0.49,M,IF,FALSE,1200
2025-08-29T05:18:07.410Z,PB,2,0.4,0.49,M,VVS1,FALSE,1100
2025-08-29T05:18:07.410Z,PB,2,0.4,0.49,M,VVS2,FALSE,1000
2025-08-29T05:18:07.410Z,PB,2,0.4,0.49,M,VS1,FALSE,900
2025-08-29T05:18:07.410Z,PB,2,0.4,0.49,M,VS2,FALSE,900
2025-08-29T05:18:07.410Z,PB,2,0.4,0.49,M,SI1,FALSE,800
2025-08-29T05:18:07.410Z,PB,2,0.4,0.49,M,SI2,FALSE,700
2025-08-29T05:18:07.410Z,PB,2,0.4,0.49,M,SI3,FALSE,600
2025-08-29T05:18:07.410Z,PB,2,0.4,0.49,M,I1,FALSE,500
2025-08-29T05:18:07.410Z,PB,2,0.4,0.49,M,I2,FALSE,400
2025-08-29T05:18:07.410Z,PB,2,0.4,0.49,M,I3,FALSE,300
2025-08-29T05:18:07.410Z,PB,2,0.5,0.69,D,IF,FALSE,3300
2025-08-29T05:18:07.410Z,PB,2,0.5,0.69,D,VVS1,FALSE,3000
2025-08-29T05:18:07.410Z,PB,2,0.5,0.69,D,VVS2,FALSE,2800
2025-08-29T05:18:07.410Z,PB,2,0.5,0.69,D,VS1,FALSE,2600
2025-08-29T05:18:07.410Z,PB,2,0.5,0.69,D,VS2,FALSE,2400
2025-08-29T05:18:07.410Z,PB,2,0.5,0.69,D,SI1,FALSE,2200
2025-08-29T05:18:07.410Z,PB,2,0.5,0.69,D,SI2,FALSE,2000
2025-08-29T05:18:07.410Z,PB,2,0.5,0.69,D,SI3,FALSE,1800
2025-08-29T05:18:07.410Z,PB,2,0.5,0.69,D,I1,FALSE,1600
2025-08-29T05:18:07.410Z,PB,2,0.5,0.69,D,I2,FALSE,1300
2025-08-29T05:18:07.410Z,PB,2,0.5,0.69,D,I3,FALSE,900
2025-08-29T05:18:07.410Z,PB,2,0.5,0.69,E,IF,FALSE,3000
2025-08-29T05:18:07.410Z,PB,2,0.5,0.69,E,VVS1,FALSE,2800
2025-08-29T05:18:07.410Z,PB,2,0.5,0.69,E,VVS2,FALSE,2600
2025-08-29T05:18:07.410Z,PB,2,0.5,0.69,E,VS1,FALSE,2500
2025-08-29T05:18:07.410Z,PB,2,0.5,0.69,E,VS2,FALSE,2300
2025-08-29T05:18:07.410Z,PB,2,0.5,0.69,E,SI1,FALSE,2100
2025-08-29T05:18:07.410Z,PB,2,0.5,0.69,E,SI2,FALSE,1800
2025-08-29T05:18:07.410Z,PB,2,0.5,0.69,E,SI3,FALSE,1700
2025-08-29T05:18:07.410Z,PB,2,0.5,0.69,E,I1,FALSE,1500
2025-08-29T05:18:07.410Z,PB,2,0.5,0.69,E,I2,FALSE,1200
2025-08-29T05:18:07.410Z,PB,2,0.5,0.69,E,I3,FALSE,800
2025-08-29T05:18:07.410Z,PB,2,0.5,0.69,F,IF,FALSE,2800
2025-08-29T05:18:07.410Z,PB,2,0.5,0.69,F,VVS1,FALSE,2600
2025-08-29T05:18:07.410Z,PB,2,0.5,0.69,F,VVS2,FALSE,2500
2025-08-29T05:18:07.410Z,PB,2,0.5,0.69,F,VS1,FALSE,2400
2025-08-29T05:18:07.410Z,PB,2,0.5,0.69,F,VS2,FALSE,2200
2025-08-29T05:18:07.410Z,PB,2,0.5,0.69,F,SI1,FALSE,2000
2025-08-29T05:18:07.410Z,PB,2,0.5,0.69,F,SI2,FALSE,1700
2025-08-29T05:18:07.410Z,PB,2,0.5,0.69,F,SI3,FALSE,1600
2025-08-29T05:18:07.410Z,PB,2,0.5,0.69,F,I1,FALSE,1400
2025-08-29T05:18:07.410Z,PB,2,0.5,0.69,F,I2,FALSE,1100
2025-08-29T05:18:07.410Z,PB,2,0.5,0.69,F,I3,FALSE,700
2025-08-29T05:18:07.410Z,PB,2,0.5,0.69,G,IF,FALSE,2600
2025-08-29T05:18:07.410Z,PB,2,0.5,0.69,G,VVS1,FALSE,2400
2025-08-29T05:18:07.410Z,PB,2,0.5,0.69,G,VVS2,FALSE,2300
2025-08-29T05:18:07.410Z,PB,2,0.5,0.69,G,VS1,FALSE,2200
2025-08-29T05:18:07.410Z,PB,2,0.5,0.69,G,VS2,FALSE,2100
2025-08-29T05:18:07.410Z,PB,2,0.5,0.69,G,SI1,FALSE,1900
2025-08-29T05:18:07.410Z,PB,2,0.5,0.69,G,SI2,FALSE,1600
2025-08-29T05:18:07.410Z,PB,2,0.5,0.69,G,SI3,FALSE,1500
2025-08-29T05:18:07.410Z,PB,2,0.5,0.69,G,I1,FALSE,1300
2025-08-29T05:18:07.410Z,PB,2,0.5,0.69,G,I2,FALSE,1000
2025-08-29T05:18:07.410Z,PB,2,0.5,0.69,G,I3,FALSE,700
2025-08-29T05:18:07.410Z,PB,2,0.5,0.69,H,IF,FALSE,2400
2025-08-29T05:18:07.410Z,PB,2,0.5,0.69,H,VVS1,FALSE,2200
2025-08-29T05:18:07.410Z,PB,2,0.5,0.69,H,VVS2,FALSE,2100
2025-08-29T05:18:07.410Z,PB,2,0.5,0.69,H,VS1,FALSE,2000
2025-08-29T05:18:07.410Z,PB,2,0.5,0.69,H,VS2,FALSE,1900
2025-08-29T05:18:07.410Z,PB,2,0.5,0.69,H,SI1,FALSE,1800
2025-08-29T05:18:07.410Z,PB,2,0.5,0.69,H,SI2,FALSE,1500
2025-08-29T05:18:07.410Z,PB,2,0.5,0.69,H,SI3,FALSE,1400
2025-08-29T05:18:07.410Z,PB,2,0.5,0.69,H,I1,FALSE,1200
2025-08-29T05:18:07.410Z,PB,2,0.5,0.69,H,I2,FALSE,900
2025-08-29T05:18:07.410Z,PB,2,0.5,0.69,H,I3,FALSE,700
2025-08-29T05:18:07.410Z,PB,2,0.5,0.69,I,IF,FALSE,2200
2025-08-29T05:18:07.410Z,PB,2,0.5,0.69,I,VVS1,FALSE,2000
2025-08-29T05:18:07.410Z,PB,2,0.5,0.69,I,VVS2,FALSE,1900
2025-08-29T05:18:07.410Z,PB,2,0.5,0.69,I,VS1,FALSE,1800
2025-08-29T05:18:07.410Z,PB,2,0.5,0.69,I,VS2,FALSE,1700
2025-08-29T05:18:07.410Z,PB,2,0.5,0.69,I,SI1,FALSE,1600
2025-08-29T05:18:07.410Z,PB,2,0.5,0.69,I,SI2,FALSE,1400
2025-08-29T05:18:07.410Z,PB,2,0.5,0.69,I,SI3,FALSE,1300
2025-08-29T05:18:07.410Z,PB,2,0.5,0.69,I,I1,FALSE,1100
2025-08-29T05:18:07.410Z,PB,2,0.5,0.69,I,I2,FALSE,900
2025-08-29T05:18:07.410Z,PB,2,0.5,0.69,I,I3,FALSE,600
2025-08-29T05:18:07.410Z,PB,2,0.5,0.69,J,IF,FALSE,1900
2025-08-29T05:18:07.410Z,PB,2,0.5,0.69,J,VVS1,FALSE,1800
2025-08-29T05:18:07.410Z,PB,2,0.5,0.69,J,VVS2,FALSE,1700
2025-08-29T05:18:07.410Z,PB,2,0.5,0.69,J,VS1,FALSE,1600
2025-08-29T05:18:07.410Z,PB,2,0.5,0.69,J,VS2,FALSE,1500
2025-08-29T05:18:07.410Z,PB,2,0.5,0.69,J,SI1,FALSE,1400
2025-08-29T05:18:07.410Z,PB,2,0.5,0.69,J,SI2,FALSE,1300
2025-08-29T05:18:07.410Z,PB,2,0.5,0.69,J,SI3,FALSE,1200
2025-08-29T05:18:07.410Z,PB,2,0.5,0.69,J,I1,FALSE,1000
2025-08-29T05:18:07.410Z,PB,2,0.5,0.69,J,I2,FALSE,800
2025-08-29T05:18:07.410Z,PB,2,0.5,0.69,J,I3,FALSE,600
2025-08-29T05:18:07.410Z,PB,2,0.5,0.69,K,IF,FALSE,1700
2025-08-29T05:18:07.410Z,PB,2,0.5,0.69,K,VVS1,FALSE,1600
2025-08-29T05:18:07.410Z,PB,2,0.5,0.69,K,VVS2,FALSE,1500
2025-08-29T05:18:07.410Z,PB,2,0.5,0.69,K,VS1,FALSE,1400
2025-08-29T05:18:07.410Z,PB,2,0.5,0.69,K,VS2,FALSE,1300
2025-08-29T05:18:07.410Z,PB,2,0.5,0.69,K,SI1,FALSE,1200
2025-08-29T05:18:07.410Z,PB,2,0.5,0.69,K,SI2,FALSE,1100
2025-08-29T05:18:07.410Z,PB,2,0.5,0.69,K,SI3,FALSE,1000
2025-08-29T05:18:07.410Z,PB,2,0.5,0.69,K,I1,FALSE,900
2025-08-29T05:18:07.410Z,PB,2,0.5,0.69,K,I2,FALSE,700
2025-08-29T05:18:07.410Z,PB,2,0.5,0.69,K,I3,FALSE,600
2025-08-29T05:18:07.410Z,PB,2,0.5,0.69,L,IF,FALSE,1500
2025-08-29T05:18:07.410Z,PB,2,0.5,0.69,L,VVS1,FALSE,1400
2025-08-29T05:18:07.410Z,PB,2,0.5,0.69,L,VVS2,FALSE,1300
2025-08-29T05:18:07.410Z,PB,2,0.5,0.69,L,VS1,FALSE,1200
2025-08-29T05:18:07.410Z,PB,2,0.5,0.69,L,VS2,FALSE,1100
2025-08-29T05:18:07.410Z,PB,2,0.5,0.69,L,SI1,FALSE,1100
2025-08-29T05:18:07.410Z,PB,2,0.5,0.69,L,SI2,FALSE,1000
2025-08-29T05:18:07.410Z,PB,2,0.5,0.69,L,SI3,FALSE,900
2025-08-29T05:18:07.410Z,PB,2,0.5,0.69,L,I1,FALSE,800
2025-08-29T05:18:07.410Z,PB,2,0.5,0.69,L,I2,FALSE,700
2025-08-29T05:18:07.410Z,PB,2,0.5,0.69,L,I3,FALSE,500
2025-08-29T05:18:07.410Z,PB,2,0.5,0.69,M,IF,FALSE,1400
2025-08-29T05:18:07.410Z,PB,2,0.5,0.69,M,VVS1,FALSE,1300
2025-08-29T05:18:07.410Z,PB,2,0.5,0.69,M,VVS2,FALSE,1200
2025-08-29T05:18:07.410Z,PB,2,0.5,0.69,M,VS1,FALSE,1100
2025-08-29T05:18:07.410Z,PB,2,0.5,0.69,M,VS2,FALSE,1000
2025-08-29T05:18:07.410Z,PB,2,0.5,0.69,M,SI1,FALSE,1000
2025-08-29T05:18:07.410Z,PB,2,0.5,0.69,M,SI2,FALSE,900
2025-08-29T05:18:07.410Z,PB,2,0.5,0.69,M,SI3,FALSE,800
2025-08-29T05:18:07.410Z,PB,2,0.5,0.69,M,I1,FALSE,700
2025-08-29T05:18:07.410Z,PB,2,0.5,0.69,M,I2,FALSE,600
2025-08-29T05:18:07.410Z,PB,2,0.5,0.69,M,I3,FALSE,400
2025-08-29T05:18:07.410Z,PB,2,0.7,0.89,D,IF,FALSE,4700
2025-08-29T05:18:07.410Z,PB,2,0.7,0.89,D,VVS1,FALSE,4300
2025-08-29T05:18:07.410Z,PB,2,0.7,0.89,D,VVS2,FALSE,4000
2025-08-29T05:18:07.410Z,PB,2,0.7,0.89,D,VS1,FALSE,3700
2025-08-29T05:18:07.410Z,PB,2,0.7,0.89,D,VS2,FALSE,3400
2025-08-29T05:18:07.410Z,PB,2,0.7,0.89,D,SI1,FALSE,2800
2025-08-29T05:18:07.410Z,PB,2,0.7,0.89,D,SI2,FALSE,2400
2025-08-29T05:18:07.410Z,PB,2,0.7,0.89,D,SI3,FALSE,2200
2025-08-29T05:18:07.410Z,PB,2,0.7,0.89,D,I1,FALSE,2000
2025-08-29T05:18:07.410Z,PB,2,0.7,0.89,D,I2,FALSE,1600
2025-08-29T05:18:07.410Z,PB,2,0.7,0.89,D,I3,FALSE,1000
2025-08-29T05:18:07.410Z,PB,2,0.7,0.89,E,IF,FALSE,4300
2025-08-29T05:18:07.410Z,PB,2,0.7,0.89,E,VVS1,FALSE,4000
2025-08-29T05:18:07.410Z,PB,2,0.7,0.89,E,VVS2,FALSE,3800
2025-08-29T05:18:07.410Z,PB,2,0.7,0.89,E,VS1,FALSE,3500
2025-08-29T05:18:07.410Z,PB,2,0.7,0.89,E,VS2,FALSE,3200
2025-08-29T05:18:07.410Z,PB,2,0.7,0.89,E,SI1,FALSE,2600
2025-08-29T05:18:07.410Z,PB,2,0.7,0.89,E,SI2,FALSE,2200
2025-08-29T05:18:07.410Z,PB,2,0.7,0.89,E,SI3,FALSE,2000
2025-08-29T05:18:07.410Z,PB,2,0.7,0.89,E,I1,FALSE,1800
2025-08-29T05:18:07.410Z,PB,2,0.7,0.89,E,I2,FALSE,1500
2025-08-29T05:18:07.410Z,PB,2,0.7,0.89,E,I3,FALSE,900
2025-08-29T05:18:07.410Z,PB,2,0.7,0.89,F,IF,FALSE,4000
2025-08-29T05:18:07.410Z,PB,2,0.7,0.89,F,VVS1,FALSE,3800
2025-08-29T05:18:07.410Z,PB,2,0.7,0.89,F,VVS2,FALSE,3600
2025-08-29T05:18:07.410Z,PB,2,0.7,0.89,F,VS1,FALSE,3300
2025-08-29T05:18:07.410Z,PB,2,0.7,0.89,F,VS2,FALSE,3000
2025-08-29T05:18:07.410Z,PB,2,0.7,0.89,F,SI1,FALSE,2400
2025-08-29T05:18:07.410Z,PB,2,0.7,0.89,F,SI2,FALSE,2000
2025-08-29T05:18:07.410Z,PB,2,0.7,0.89,F,SI3,FALSE,1800
2025-08-29T05:18:07.410Z,PB,2,0.7,0.89,F,I1,FALSE,1600
2025-08-29T05:18:07.410Z,PB,2,0.7,0.89,F,I2,FALSE,1400
2025-08-29T05:18:07.410Z,PB,2,0.7,0.89,F,I3,FALSE,900
2025-08-29T05:18:07.410Z,PB,2,0.7,0.89,G,IF,FALSE,3700
2025-08-29T05:18:07.410Z,PB,2,0.7,0.89,G,VVS1,FALSE,3500
2025-08-29T05:18:07.410Z,PB,2,0.7,0.89,G,VVS2,FALSE,3300
2025-08-29T05:18:07.410Z,PB,2,0.7,0.89,G,VS1,FALSE,3100
2025-08-29T05:18:07.410Z,PB,2,0.7,0.89,G,VS2,FALSE,2800
2025-08-29T05:18:07.410Z,PB,2,0.7,0.89,G,SI1,FALSE,2200
2025-08-29T05:18:07.410Z,PB,2,0.7,0.89,G,SI2,FALSE,1800
2025-08-29T05:18:07.410Z,PB,2,0.7,0.89,G,SI3,FALSE,1700
2025-08-29T05:18:07.410Z,PB,2,0.7,0.89,G,I1,FALSE,1600
2025-08-29T05:18:07.410Z,PB,2,0.7,0.89,G,I2,FALSE,1400
2025-08-29T05:18:07.410Z,PB,2,0.7,0.89,G,I3,FALSE,800
2025-08-29T05:18:07.410Z,PB,2,0.7,0.89,H,IF,FALSE,3400
2025-08-29T05:18:07.410Z,PB,2,0.7,0.89,H,VVS1,FALSE,3200
2025-08-29T05:18:07.410Z,PB,2,0.7,0.89,H,VVS2,FALSE,3000
2025-08-29T05:18:07.410Z,PB,2,0.7,0.89,H,VS1,FALSE,2800
2025-08-29T05:18:07.410Z,PB,2,0.7,0.89,H,VS2,FALSE,2500
2025-08-29T05:18:07.410Z,PB,2,0.7,0.89,H,SI1,FALSE,2100
2025-08-29T05:18:07.410Z,PB,2,0.7,0.89,H,SI2,FALSE,1700
2025-08-29T05:18:07.410Z,PB,2,0.7,0.89,H,SI3,FALSE,1600
2025-08-29T05:18:07.410Z,PB,2,0.7,0.89,H,I1,FALSE,1500
2025-08-29T05:18:07.410Z,PB,2,0.7,0.89,H,I2,FALSE,1300
2025-08-29T05:18:07.410Z,PB,2,0.7,0.89,H,I3,FALSE,800
2025-08-29T05:18:07.410Z,PB,2,0.7,0.89,I,IF,FALSE,3100
2025-08-29T05:18:07.410Z,PB,2,0.7,0.89,I,VVS1,FALSE,2900
2025-08-29T05:18:07.410Z,PB,2,0.7,0.89,I,VVS2,FALSE,2700
2025-08-29T05:18:07.410Z,PB,2,0.7,0.89,I,VS1,FALSE,2500
2025-08-29T05:18:07.410Z,PB,2,0.7,0.89,I,VS2,FALSE,2200
2025-08-29T05:18:07.410Z,PB,2,0.7,0.89,I,SI1,FALSE,2000
2025-08-29T05:18:07.410Z,PB,2,0.7,0.89,I,SI2,FALSE,1600
2025-08-29T05:18:07.410Z,PB,2,0.7,0.89,I,SI3,FALSE,1600
2025-08-29T05:18:07.410Z,PB,2,0.7,0.89,I,I1,FALSE,1400
2025-08-29T05:18:07.410Z,PB,2,0.7,0.89,I,I2,FALSE,1200
2025-08-29T05:18:07.410Z,PB,2,0.7,0.89,I,I3,FALSE,800
2025-08-29T05:18:07.410Z,PB,2,0.7,0.89,J,IF,FALSE,2600
2025-08-29T05:18:07.410Z,PB,2,0.7,0.89,J,VVS1,FALSE,2500
2025-08-29T05:18:07.410Z,PB,2,0.7,0.89,J,VVS2,FALSE,2300
2025-08-29T05:18:07.410Z,PB,2,0.7,0.89,J,VS1,FALSE,2100
2025-08-29T05:18:07.410Z,PB,2,0.7,0.89,J,VS2,FALSE,1900
2025-08-29T05:18:07.410Z,PB,2,0.7,0.89,J,SI1,FALSE,1700
2025-08-29T05:18:07.410Z,PB,2,0.7,0.89,J,SI2,FALSE,1600
2025-08-29T05:18:07.410Z,PB,2,0.7,0.89,J,SI3,FALSE,1500
2025-08-29T05:18:07.410Z,PB,2,0.7,0.89,J,I1,FALSE,1300
2025-08-29T05:18:07.410Z,PB,2,0.7,0.89,J,I2,FALSE,1100
2025-08-29T05:18:07.410Z,PB,2,0.7,0.89,J,I3,FALSE,700
2025-08-29T05:18:07.410Z,PB,2,0.7,0.89,K,IF,FALSE,2200
2025-08-29T05:18:07.410Z,PB,2,0.7,0.89,K,VVS1,FALSE,2100
2025-08-29T05:18:07.410Z,PB,2,0.7,0.89,K,VVS2,FALSE,2000
2025-08-29T05:18:07.410Z,PB,2,0.7,0.89,K,VS1,FALSE,1900
2025-08-29T05:18:07.410Z,PB,2,0.7,0.89,K,VS2,FALSE,1800
2025-08-29T05:18:07.410Z,PB,2,0.7,0.89,K,SI1,FALSE,1600
2025-08-29T05:18:07.410Z,PB,2,0.7,0.89,K,SI2,FALSE,1500
2025-08-29T05:18:07.410Z,PB,2,0.7,0.89,K,SI3,FALSE,1400
2025-08-29T05:18:07.410Z,PB,2,0.7,0.89,K,I1,FALSE,1200
2025-08-29T05:18:07.410Z,PB,2,0.7,0.89,K,I2,FALSE,1000
2025-08-29T05:18:07.410Z,PB,2,0.7,0.89,K,I3,FALSE,700
2025-08-29T05:18:07.410Z,PB,2,0.7,0.89,L,IF,FALSE,2000
2025-08-29T05:18:07.410Z,PB,2,0.7,0.89,L,VVS1,FALSE,1900
2025-08-29T05:18:07.410Z,PB,2,0.7,0.89,L,VVS2,FALSE,1800
2025-08-29T05:18:07.410Z,PB,2,0.7,0.89,L,VS1,FALSE,1700
2025-08-29T05:18:07.410Z,PB,2,0.7,0.89,L,VS2,FALSE,1600
2025-08-29T05:18:07.410Z,PB,2,0.7,0.89,L,SI1,FALSE,1500
2025-08-29T05:18:07.410Z,PB,2,0.7,0.89,L,SI2,FALSE,1400
2025-08-29T05:18:07.410Z,PB,2,0.7,0.89,L,SI3,FALSE,1300
2025-08-29T05:18:07.410Z,PB,2,0.7,0.89,L,I1,FALSE,1100
2025-08-29T05:18:07.410Z,PB,2,0.7,0.89,L,I2,FALSE,800
2025-08-29T05:18:07.410Z,PB,2,0.7,0.89,L,I3,FALSE,600
2025-08-29T05:18:07.410Z,PB,2,0.7,0.89,M,IF,FALSE,1800
2025-08-29T05:18:07.410Z,PB,2,0.7,0.89,M,VVS1,FALSE,1700
2025-08-29T05:18:07.410Z,PB,2,0.7,0.89,M,VVS2,FALSE,1600
2025-08-29T05:18:07.410Z,PB,2,0.7,0.89,M,VS1,FALSE,1500
2025-08-29T05:18:07.410Z,PB,2,0.7,0.89,M,VS2,FALSE,1400
2025-08-29T05:18:07.410Z,PB,2,0.7,0.89,M,SI1,FALSE,1300
2025-08-29T05:18:07.410Z,PB,2,0.7,0.89,M,SI2,FALSE,1200
2025-08-29T05:18:07.410Z,PB,2,0.7,0.89,M,SI3,FALSE,1100
2025-08-29T05:18:07.410Z,PB,2,0.7,0.89,M,I1,FALSE,900
2025-08-29T05:18:07.410Z,PB,2,0.7,0.89,M,I2,FALSE,700
2025-08-29T05:18:07.410Z,PB,2,0.7,0.89,M,I3,FALSE,500
2025-08-29T05:18:07.410Z,PB,2,0.9,0.99,D,IF,FALSE,6700
2025-08-29T05:18:07.410Z,PB,2,0.9,0.99,D,VVS1,FALSE,6300
2025-08-29T05:18:07.410Z,PB,2,0.9,0.99,D,VVS2,FALSE,5600
2025-08-29T05:18:07.410Z,PB,2,0.9,0.99,D,VS1,FALSE,5200
2025-08-29T05:18:07.410Z,PB,2,0.9,0.99,D,VS2,FALSE,4400
2025-08-29T05:18:07.410Z,PB,2,0.9,0.99,D,SI1,FALSE,3700
2025-08-29T05:18:07.410Z,PB,2,0.9,0.99,D,SI2,FALSE,3300
2025-08-29T05:18:07.410Z,PB,2,0.9,0.99,D,SI3,FALSE,3000
2025-08-29T05:18:07.410Z,PB,2,0.9,0.99,D,I1,FALSE,2400
2025-08-29T05:18:07.410Z,PB,2,0.9,0.99,D,I2,FALSE,1800
2025-08-29T05:18:07.410Z,PB,2,0.9,0.99,D,I3,FALSE,1100
2025-08-29T05:18:07.410Z,PB,2,0.9,0.99,E,IF,FALSE,6200
2025-08-29T05:18:07.410Z,PB,2,0.9,0.99,E,VVS1,FALSE,5700
2025-08-29T05:18:07.410Z,PB,2,0.9,0.99,E,VVS2,FALSE,5200
2025-08-29T05:18:07.410Z,PB,2,0.9,0.99,E,VS1,FALSE,4900
2025-08-29T05:18:07.410Z,PB,2,0.9,0.99,E,VS2,FALSE,4200
2025-08-29T05:18:07.410Z,PB,2,0.9,0.99,E,SI1,FALSE,3500
2025-08-29T05:18:07.410Z,PB,2,0.9,0.99,E,SI2,FALSE,3100
2025-08-29T05:18:07.410Z,PB,2,0.9,0.99,E,SI3,FALSE,2800
2025-08-29T05:18:07.410Z,PB,2,0.9,0.99,E,I1,FALSE,2300
2025-08-29T05:18:07.410Z,PB,2,0.9,0.99,E,I2,FALSE,1700
2025-08-29T05:18:07.410Z,PB,2,0.9,0.99,E,I3,FALSE,1000
2025-08-29T05:18:07.410Z,PB,2,0.9,0.99,F,IF,FALSE,5500
2025-08-29T05:18:07.410Z,PB,2,0.9,0.99,F,VVS1,FALSE,5200
2025-08-29T05:18:07.410Z,PB,2,0.9,0.99,F,VVS2,FALSE,4900
2025-08-29T05:18:07.410Z,PB,2,0.9,0.99,F,VS1,FALSE,4600
2025-08-29T05:18:07.410Z,PB,2,0.9,0.99,F,VS2,FALSE,4000
2025-08-29T05:18:07.410Z,PB,2,0.9,0.99,F,SI1,FALSE,3300
2025-08-29T05:18:07.410Z,PB,2,0.9,0.99,F,SI2,FALSE,2900
2025-08-29T05:18:07.410Z,PB,2,0.9,0.99,F,SI3,FALSE,2600
2025-08-29T05:18:07.410Z,PB,2,0.9,0.99,F,I1,FALSE,2200
2025-08-29T05:18:07.410Z,PB,2,0.9,0.99,F,I2,FALSE,1600
2025-08-29T05:18:07.410Z,PB,2,0.9,0.99,F,I3,FALSE,1000
2025-08-29T05:18:07.410Z,PB,2,0.9,0.99,G,IF,FALSE,5200
2025-08-29T05:18:07.410Z,PB,2,0.9,0.99,G,VVS1,FALSE,4900
2025-08-29T05:18:07.410Z,PB,2,0.9,0.99,G,VVS2,FALSE,4600
2025-08-29T05:18:07.410Z,PB,2,0.9,0.99,G,VS1,FALSE,4300
2025-08-29T05:18:07.410Z,PB,2,0.9,0.99,G,VS2,FALSE,3800
2025-08-29T05:18:07.410Z,PB,2,0.9,0.99,G,SI1,FALSE,3200
2025-08-29T05:18:07.410Z,PB,2,0.9,0.99,G,SI2,FALSE,2700
2025-08-29T05:18:07.410Z,PB,2,0.9,0.99,G,SI3,FALSE,2400
2025-08-29T05:18:07.410Z,PB,2,0.9,0.99,G,I1,FALSE,2100
2025-08-29T05:18:07.410Z,PB,2,0.9,0.99,G,I2,FALSE,1600
2025-08-29T05:18:07.410Z,PB,2,0.9,0.99,G,I3,FALSE,900
2025-08-29T05:18:07.410Z,PB,2,0.9,0.99,H,IF,FALSE,4800
2025-08-29T05:18:07.410Z,PB,2,0.9,0.99,H,VVS1,FALSE,4500
2025-08-29T05:18:07.410Z,PB,2,0.9,0.99,H,VVS2,FALSE,4200
2025-08-29T05:18:07.410Z,PB,2,0.9,0.99,H,VS1,FALSE,3900
2025-08-29T05:18:07.410Z,PB,2,0.9,0.99,H,VS2,FALSE,3500
2025-08-29T05:18:07.410Z,PB,2,0.9,0.99,H,SI1,FALSE,3000
2025-08-29T05:18:07.410Z,PB,2,0.9,0.99,H,SI2,FALSE,2500
2025-08-29T05:18:07.410Z,PB,2,0.9,0.99,H,SI3,FALSE,2200
2025-08-29T05:18:07.410Z,PB,2,0.9,0.99,H,I1,FALSE,2000
2025-08-29T05:18:07.410Z,PB,2,0.9,0.99,H,I2,FALSE,1500
2025-08-29T05:18:07.410Z,PB,2,0.9,0.99,H,I3,FALSE,900
2025-08-29T05:18:07.410Z,PB,2,0.9,0.99,I,IF,FALSE,4100
2025-08-29T05:18:07.410Z,PB,2,0.9,0.99,I,VVS1,FALSE,3900
2025-08-29T05:18:07.410Z,PB,2,0.9,0.99,I,VVS2,FALSE,3700
2025-08-29T05:18:07.410Z,PB,2,0.9,0.99,I,VS1,FALSE,3400
2025-08-29T05:18:07.410Z,PB,2,0.9,0.99,I,VS2,FALSE,3100
2025-08-29T05:18:07.410Z,PB,2,0.9,0.99,I,SI1,FALSE,2700
2025-08-29T05:18:07.410Z,PB,2,0.9,0.99,I,SI2,FALSE,2300
2025-08-29T05:18:07.410Z,PB,2,0.9,0.99,I,SI3,FALSE,2100
2025-08-29T05:18:07.410Z,PB,2,0.9,0.99,I,I1,FALSE,1900
2025-08-29T05:18:07.410Z,PB,2,0.9,0.99,I,I2,FALSE,1400
2025-08-29T05:18:07.410Z,PB,2,0.9,0.99,I,I3,FALSE,900
2025-08-29T05:18:07.410Z,PB,2,0.9,0.99,J,IF,FALSE,3600
2025-08-29T05:18:07.410Z,PB,2,0.9,0.99,J,VVS1,FALSE,3400
2025-08-29T05:18:07.410Z,PB,2,0.9,0.99,J,VVS2,FALSE,3200
2025-08-29T05:18:07.410Z,PB,2,0.9,0.99,J,VS1,FALSE,3000
2025-08-29T05:18:07.410Z,PB,2,0.9,0.99,J,VS2,FALSE,2700
2025-08-29T05:18:07.410Z,PB,2,0.9,0.99,J,SI1,FALSE,2400
2025-08-29T05:18:07.410Z,PB,2,0.9,0.99,J,SI2,FALSE,2100
2025-08-29T05:18:07.410Z,PB,2,0.9,0.99,J,SI3,FALSE,1900
2025-08-29T05:18:07.410Z,PB,2,0.9,0.99,J,I1,FALSE,1700
2025-08-29T05:18:07.410Z,PB,2,0.9,0.99,J,I2,FALSE,1300
2025-08-29T05:18:07.410Z,PB,2,0.9,0.99,J,I3,FALSE,800
2025-08-29T05:18:07.410Z,PB,2,0.9,0.99,K,IF,FALSE,3000
2025-08-29T05:18:07.410Z,PB,2,0.9,0.99,K,VVS1,FALSE,2800
2025-08-29T05:18:07.410Z,PB,2,0.9,0.99,K,VVS2,FALSE,2600
2025-08-29T05:18:07.410Z,PB,2,0.9,0.99,K,VS1,FALSE,2500
2025-08-29T05:18:07.410Z,PB,2,0.9,0.99,K,VS2,FALSE,2300
2025-08-29T05:18:07.410Z,PB,2,0.9,0.99,K,SI1,FALSE,2100
2025-08-29T05:18:07.410Z,PB,2,0.9,0.99,K,SI2,FALSE,1900
2025-08-29T05:18:07.410Z,PB,2,0.9,0.99,K,SI3,FALSE,1700
2025-08-29T05:18:07.410Z,PB,2,0.9,0.99,K,I1,FALSE,1500
2025-08-29T05:18:07.410Z,PB,2,0.9,0.99,K,I2,FALSE,1200
2025-08-29T05:18:07.410Z,PB,2,0.9,0.99,K,I3,FALSE,800
2025-08-29T05:18:07.410Z,PB,2,0.9,0.99,L,IF,FALSE,2400
2025-08-29T05:18:07.410Z,PB,2,0.9,0.99,L,VVS1,FALSE,2300
2025-08-29T05:18:07.410Z,PB,2,0.9,0.99,L,VVS2,FALSE,2200
2025-08-29T05:18:07.410Z,PB,2,0.9,0.99,L,VS1,FALSE,2000
2025-08-29T05:18:07.410Z,PB,2,0.9,0.99,L,VS2,FALSE,1900
2025-08-29T05:18:07.410Z,PB,2,0.9,0.99,L,SI1,FALSE,1800
2025-08-29T05:18:07.410Z,PB,2,0.9,0.99,L,SI2,FALSE,1600
2025-08-29T05:18:07.410Z,PB,2,0.9,0.99,L,SI3,FALSE,1500
2025-08-29T05:18:07.410Z,PB,2,0.9,0.99,L,I1,FALSE,1300
2025-08-29T05:18:07.410Z,PB,2,0.9,0.99,L,I2,FALSE,1000
2025-08-29T05:18:07.410Z,PB,2,0.9,0.99,L,I3,FALSE,700
2025-08-29T05:18:07.410Z,PB,2,0.9,0.99,M,IF,FALSE,2000
2025-08-29T05:18:07.410Z,PB,2,0.9,0.99,M,VVS1,FALSE,1900
2025-08-29T05:18:07.410Z,PB,2,0.9,0.99,M,VVS2,FALSE,1800
2025-08-29T05:18:07.410Z,PB,2,0.9,0.99,M,VS1,FALSE,1700
2025-08-29T05:18:07.410Z,PB,2,0.9,0.99,M,VS2,FALSE,1600
2025-08-29T05:18:07.410Z,PB,2,0.9,0.99,M,SI1,FALSE,1500
2025-08-29T05:18:07.410Z,PB,2,0.9,0.99,M,SI2,FALSE,1400
2025-08-29T05:18:07.410Z,PB,2,0.9,0.99,M,SI3,FALSE,1300
2025-08-29T05:18:07.410Z,PB,2,0.9,0.99,M,I1,FALSE,1100
2025-08-29T05:18:07.410Z,PB,2,0.9,0.99,M,I2,FALSE,900
2025-08-29T05:18:07.410Z,PB,2,0.9,0.99,M,I3,FALSE,700
2025-08-29T05:18:07.410Z,PB,2,1,1.49,D,IF,FALSE,9300
2025-08-29T05:18:07.410Z,PB,2,1,1.49,D,VVS1,FALSE,8200
2025-08-29T05:18:07.410Z,PB,2,1,1.49,D,VVS2,FALSE,7600
2025-08-29T05:18:07.410Z,PB,2,1,1.49,D,VS1,FALSE,6700
2025-08-29T05:18:07.410Z,PB,2,1,1.49,D,VS2,FALSE,5700
2025-08-29T05:18:07.410Z,PB,2,1,1.49,D,SI1,FALSE,4600
2025-08-29T05:18:07.410Z,PB,2,1,1.49,D,SI2,FALSE,3900
2025-08-29T05:18:07.410Z,PB,2,1,1.49,D,SI3,FALSE,3500
2025-08-29T05:18:07.410Z,PB,2,1,1.49,D,I1,FALSE,3100
2025-08-29T05:18:07.410Z,PB,2,1,1.49,D,I2,FALSE,2100
2025-08-29T05:18:07.410Z,PB,2,1,1.49,D,I3,FALSE,1300
2025-08-29T05:18:07.410Z,PB,2,1,1.49,E,IF,FALSE,8200
2025-08-29T05:18:07.410Z,PB,2,1,1.49,E,VVS1,FALSE,7500
2025-08-29T05:18:07.410Z,PB,2,1,1.49,E,VVS2,FALSE,6900
2025-08-29T05:18:07.410Z,PB,2,1,1.49,E,VS1,FALSE,6200
2025-08-29T05:18:07.410Z,PB,2,1,1.49,E,VS2,FALSE,5400
2025-08-29T05:18:07.410Z,PB,2,1,1.49,E,SI1,FALSE,4300
2025-08-29T05:18:07.410Z,PB,2,1,1.49,E,SI2,FALSE,3700
2025-08-29T05:18:07.410Z,PB,2,1,1.49,E,SI3,FALSE,3300
2025-08-29T05:18:07.410Z,PB,2,1,1.49,E,I1,FALSE,2900
2025-08-29T05:18:07.410Z,PB,2,1,1.49,E,I2,FALSE,2000
2025-08-29T05:18:07.410Z,PB,2,1,1.49,E,I3,FALSE,1200
2025-08-29T05:18:07.410Z,PB,2,1,1.49,F,IF,FALSE,7400
2025-08-29T05:18:07.410Z,PB,2,1,1.49,F,VVS1,FALSE,6800
2025-08-29T05:18:07.410Z,PB,2,1,1.49,F,VVS2,FALSE,6400
2025-08-29T05:18:07.410Z,PB,2,1,1.49,F,VS1,FALSE,5800
2025-08-29T05:18:07.410Z,PB,2,1,1.49,F,VS2,FALSE,5100
2025-08-29T05:18:07.410Z,PB,2,1,1.49,F,SI1,FALSE,4000
2025-08-29T05:18:07.410Z,PB,2,1,1.49,F,SI2,FALSE,3500
2025-08-29T05:18:07.410Z,PB,2,1,1.49,F,SI3,FALSE,3100
2025-08-29T05:18:07.410Z,PB,2,1,1.49,F,I1,FALSE,2800
2025-08-29T05:18:07.410Z,PB,2,1,1.49,F,I2,FALSE,2000
2025-08-29T05:18:07.410Z,PB,2,1,1.49,F,I3,FALSE,1100
2025-08-29T05:18:07.410Z,PB,2,1,1.49,G,IF,FALSE,6600
2025-08-29T05:18:07.410Z,PB,2,1,1.49,G,VVS1,FALSE,6200
2025-08-29T05:18:07.410Z,PB,2,1,1.49,G,VVS2,FALSE,5800
2025-08-29T05:18:07.410Z,PB,2,1,1.49,G,VS1,FALSE,5400
2025-08-29T05:18:07.410Z,PB,2,1,1.49,G,VS2,FALSE,4800
2025-08-29T05:18:07.410Z,PB,2,1,1.49,G,SI1,FALSE,3800
2025-08-29T05:18:07.410Z,PB,2,1,1.49,G,SI2,FALSE,3300
2025-08-29T05:18:07.410Z,PB,2,1,1.49,G,SI3,FALSE,2900
2025-08-29T05:18:07.410Z,PB,2,1,1.49,G,I1,FALSE,2600
2025-08-29T05:18:07.410Z,PB,2,1,1.49,G,I2,FALSE,1900
2025-08-29T05:18:07.410Z,PB,2,1,1.49,G,I3,FALSE,1000
2025-08-29T05:18:07.410Z,PB,2,1,1.49,H,IF,FALSE,5600
2025-08-29T05:18:07.410Z,PB,2,1,1.49,H,VVS1,FALSE,5200
2025-08-29T05:18:07.410Z,PB,2,1,1.49,H,VVS2,FALSE,4900
2025-08-29T05:18:07.410Z,PB,2,1,1.49,H,VS1,FALSE,4600
2025-08-29T05:18:07.410Z,PB,2,1,1.49,H,VS2,FALSE,4200
2025-08-29T05:18:07.410Z,PB,2,1,1.49,H,SI1,FALSE,3600
2025-08-29T05:18:07.410Z,PB,2,1,1.49,H,SI2,FALSE,3100
2025-08-29T05:18:07.410Z,PB,2,1,1.49,H,SI3,FALSE,2700
2025-08-29T05:18:07.410Z,PB,2,1,1.49,H,I1,FALSE,2400
2025-08-29T05:18:07.410Z,PB,2,1,1.49,H,I2,FALSE,1800
2025-08-29T05:18:07.410Z,PB,2,1,1.49,H,I3,FALSE,1000
2025-08-29T05:18:07.410Z,PB,2,1,1.49,I,IF,FALSE,4700
2025-08-29T05:18:07.410Z,PB,2,1,1.49,I,VVS1,FALSE,4400
2025-08-29T05:18:07.410Z,PB,2,1,1.49,I,VVS2,FALSE,4200
2025-08-29T05:18:07.410Z,PB,2,1,1.49,I,VS1,FALSE,3900
2025-08-29T05:18:07.410Z,PB,2,1,1.49,I,VS2,FALSE,3700
2025-08-29T05:18:07.410Z,PB,2,1,1.49,I,SI1,FALSE,3200
2025-08-29T05:18:07.410Z,PB,2,1,1.49,I,SI2,FALSE,2800
2025-08-29T05:18:07.410Z,PB,2,1,1.49,I,SI3,FALSE,2400
2025-08-29T05:18:07.410Z,PB,2,1,1.49,I,I1,FALSE,2200
2025-08-29T05:18:07.410Z,PB,2,1,1.49,I,I2,FALSE,1700
2025-08-29T05:18:07.410Z,PB,2,1,1.49,I,I3,FALSE,1000
2025-08-29T05:18:07.410Z,PB,2,1,1.49,J,IF,FALSE,4000
2025-08-29T05:18:07.410Z,PB,2,1,1.49,J,VVS1,FALSE,3800
2025-08-29T05:18:07.410Z,PB,2,1,1.49,J,VVS2,FALSE,3600
2025-08-29T05:18:07.410Z,PB,2,1,1.49,J,VS1,FALSE,3400
2025-08-29T05:18:07.410Z,PB,2,1,1.49,J,VS2,FALSE,3200
2025-08-29T05:18:07.410Z,PB,2,1,1.49,J,SI1,FALSE,2900
2025-08-29T05:18:07.410Z,PB,2,1,1.49,J,SI2,FALSE,2500
2025-08-29T05:18:07.410Z,PB,2,1,1.49,J,SI3,FALSE,2200
2025-08-29T05:18:07.410Z,PB,2,1,1.49,J,I1,FALSE,1900
2025-08-29T05:18:07.410Z,PB,2,1,1.49,J,I2,FALSE,1500
2025-08-29T05:18:07.410Z,PB,2,1,1.49,J,I3,FALSE,900
2025-08-29T05:18:07.410Z,PB,2,1,1.49,K,IF,FALSE,3400
2025-08-29T05:18:07.410Z,PB,2,1,1.49,K,VVS1,FALSE,3200
2025-08-29T05:18:07.410Z,PB,2,1,1.49,K,VVS2,FALSE,3000
2025-08-29T05:18:07.410Z,PB,2,1,1.49,K,VS1,FALSE,2800
2025-08-29T05:18:07.410Z,PB,2,1,1.49,K,VS2,FALSE,2600
2025-08-29T05:18:07.410Z,PB,2,1,1.49,K,SI1,FALSE,2400
2025-08-29T05:18:07.410Z,PB,2,1,1.49,K,SI2,FALSE,2200
2025-08-29T05:18:07.410Z,PB,2,1,1.49,K,SI3,FALSE,1900
2025-08-29T05:18:07.410Z,PB,2,1,1.49,K,I1,FALSE,1700
2025-08-29T05:18:07.410Z,PB,2,1,1.49,K,I2,FALSE,1400
2025-08-29T05:18:07.410Z,PB,2,1,1.49,K,I3,FALSE,900
2025-08-29T05:18:07.410Z,PB,2,1,1.49,L,IF,FALSE,2900
2025-08-29T05:18:07.410Z,PB,2,1,1.49,L,VVS1,FALSE,2700
2025-08-29T05:18:07.410Z,PB,2,1,1.49,L,VVS2,FALSE,2500
2025-08-29T05:18:07.410Z,PB,2,1,1.49,L,VS1,FALSE,2300
2025-08-29T05:18:07.410Z,PB,2,1,1.49,L,VS2,FALSE,2200
2025-08-29T05:18:07.410Z,PB,2,1,1.49,L,SI1,FALSE,2000
2025-08-29T05:18:07.410Z,PB,2,1,1.49,L,SI2,FALSE,1900
2025-08-29T05:18:07.410Z,PB,2,1,1.49,L,SI3,FALSE,1800
2025-08-29T05:18:07.410Z,PB,2,1,1.49,L,I1,FALSE,1600
2025-08-29T05:18:07.410Z,PB,2,1,1.49,L,I2,FALSE,1200
2025-08-29T05:18:07.410Z,PB,2,1,1.49,L,I3,FALSE,900
2025-08-29T05:18:07.410Z,PB,2,1,1.49,M,IF,FALSE,2500
2025-08-29T05:18:07.410Z,PB,2,1,1.49,M,VVS1,FALSE,2300
2025-08-29T05:18:07.410Z,PB,2,1,1.49,M,VVS2,FALSE,2100
2025-08-29T05:18:07.410Z,PB,2,1,1.49,M,VS1,FALSE,2000
2025-08-29T05:18:07.410Z,PB,2,1,1.49,M,VS2,FALSE,1900
2025-08-29T05:18:07.410Z,PB,2,1,1.49,M,SI1,FALSE,1800
2025-08-29T05:18:07.410Z,PB,2,1,1.49,M,SI2,FALSE,1700
2025-08-29T05:18:07.410Z,PB,2,1,1.49,M,SI3,FALSE,1600
2025-08-29T05:18:07.410Z,PB,2,1,1.49,M,I1,FALSE,1300
2025-08-29T05:18:07.410Z,PB,2,1,1.49,M,I2,FALSE,1000
2025-08-29T05:18:07.410Z,PB,2,1,1.49,M,I3,FALSE,800
2025-08-29T05:18:07.410Z,PB,2,1.5,1.99,D,IF,FALSE,14100
2025-08-29T05:18:07.410Z,PB,2,1.5,1.99,D,VVS1,FALSE,13200
2025-08-29T05:18:07.410Z,PB,2,1.5,1.99,D,VVS2,FALSE,12500
2025-08-29T05:18:07.410Z,PB,2,1.5,1.99,D,VS1,FALSE,11600
2025-08-29T05:18:07.410Z,PB,2,1.5,1.99,D,VS2,FALSE,9900
2025-08-29T05:18:07.410Z,PB,2,1.5,1.99,D,SI1,FALSE,8100
2025-08-29T05:18:07.410Z,PB,2,1.5,1.99,D,SI2,FALSE,6700
2025-08-29T05:18:07.410Z,PB,2,1.5,1.99,D,SI3,FALSE,5900
2025-08-29T05:18:07.410Z,PB,2,1.5,1.99,D,I1,FALSE,5100
2025-08-29T05:18:07.410Z,PB,2,1.5,1.99,D,I2,FALSE,2700
2025-08-29T05:18:07.410Z,PB,2,1.5,1.99,D,I3,FALSE,1500
2025-08-29T05:18:07.410Z,PB,2,1.5,1.99,E,IF,FALSE,13200
2025-08-29T05:18:07.410Z,PB,2,1.5,1.99,E,VVS1,FALSE,12400
2025-08-29T05:18:07.410Z,PB,2,1.5,1.99,E,VVS2,FALSE,11600
2025-08-29T05:18:07.410Z,PB,2,1.5,1.99,E,VS1,FALSE,10800
2025-08-29T05:18:07.410Z,PB,2,1.5,1.99,E,VS2,FALSE,9300
2025-08-29T05:18:07.410Z,PB,2,1.5,1.99,E,SI1,FALSE,7600
2025-08-29T05:18:07.410Z,PB,2,1.5,1.99,E,SI2,FALSE,6300
2025-08-29T05:18:07.410Z,PB,2,1.5,1.99,E,SI3,FALSE,5500
2025-08-29T05:18:07.410Z,PB,2,1.5,1.99,E,I1,FALSE,4800
2025-08-29T05:18:07.410Z,PB,2,1.5,1.99,E,I2,FALSE,2600
2025-08-29T05:18:07.410Z,PB,2,1.5,1.99,E,I3,FALSE,1400
2025-08-29T05:18:07.410Z,PB,2,1.5,1.99,F,IF,FALSE,12300
2025-08-29T05:18:07.410Z,PB,2,1.5,1.99,F,VVS1,FALSE,11500
2025-08-29T05:18:07.410Z,PB,2,1.5,1.99,F,VVS2,FALSE,10800
2025-08-29T05:18:07.410Z,PB,2,1.5,1.99,F,VS1,FALSE,10200
2025-08-29T05:18:07.410Z,PB,2,1.5,1.99,F,VS2,FALSE,8800
2025-08-29T05:18:07.410Z,PB,2,1.5,1.99,F,SI1,FALSE,7200
2025-08-29T05:18:07.410Z,PB,2,1.5,1.99,F,SI2,FALSE,6000
2025-08-29T05:18:07.410Z,PB,2,1.5,1.99,F,SI3,FALSE,5100
2025-08-29T05:18:07.410Z,PB,2,1.5,1.99,F,I1,FALSE,4500
2025-08-29T05:18:07.410Z,PB,2,1.5,1.99,F,I2,FALSE,2500
2025-08-29T05:18:07.410Z,PB,2,1.5,1.99,F,I3,FALSE,1300
2025-08-29T05:18:07.410Z,PB,2,1.5,1.99,G,IF,FALSE,10900
2025-08-29T05:18:07.410Z,PB,2,1.5,1.99,G,VVS1,FALSE,10500
2025-08-29T05:18:07.410Z,PB,2,1.5,1.99,G,VVS2,FALSE,10000
2025-08-29T05:18:07.410Z,PB,2,1.5,1.99,G,VS1,FALSE,9300
2025-08-29T05:18:07.410Z,PB,2,1.5,1.99,G,VS2,FALSE,8200
2025-08-29T05:18:07.410Z,PB,2,1.5,1.99,G,SI1,FALSE,6700
2025-08-29T05:18:07.410Z,PB,2,1.5,1.99,G,SI2,FALSE,5600
2025-08-29T05:18:07.410Z,PB,2,1.5,1.99,G,SI3,FALSE,4800
2025-08-29T05:18:07.410Z,PB,2,1.5,1.99,G,I1,FALSE,4200
2025-08-29T05:18:07.410Z,PB,2,1.5,1.99,G,I2,FALSE,2400
2025-08-29T05:18:07.410Z,PB,2,1.5,1.99,G,I3,FALSE,1200
2025-08-29T05:18:07.410Z,PB,2,1.5,1.99,H,IF,FALSE,9200
2025-08-29T05:18:07.410Z,PB,2,1.5,1.99,H,VVS1,FALSE,8800
2025-08-29T05:18:07.410Z,PB,2,1.5,1.99,H,VVS2,FALSE,8400
2025-08-29T05:18:07.410Z,PB,2,1.5,1.99,H,VS1,FALSE,7900
2025-08-29T05:18:07.410Z,PB,2,1.5,1.99,H,VS2,FALSE,7100
2025-08-29T05:18:07.410Z,PB,2,1.5,1.99,H,SI1,FALSE,6200
2025-08-29T05:18:07.410Z,PB,2,1.5,1.99,H,SI2,FALSE,5200
2025-08-29T05:18:07.410Z,PB,2,1.5,1.99,H,SI3,FALSE,4500
2025-08-29T05:18:07.410Z,PB,2,1.5,1.99,H,I1,FALSE,3900
2025-08-29T05:18:07.410Z,PB,2,1.5,1.99,H,I2,FALSE,2300
2025-08-29T05:18:07.410Z,PB,2,1.5,1.99,H,I3,FALSE,1100
2025-08-29T05:18:07.410Z,PB,2,1.5,1.99,I,IF,FALSE,7900
2025-08-29T05:18:07.410Z,PB,2,1.5,1.99,I,VVS1,FALSE,7500
2025-08-29T05:18:07.410Z,PB,2,1.5,1.99,I,VVS2,FALSE,7200
2025-08-29T05:18:07.410Z,PB,2,1.5,1.99,I,VS1,FALSE,6800
2025-08-29T05:18:07.410Z,PB,2,1.5,1.99,I,VS2,FALSE,6300
2025-08-29T05:18:07.410Z,PB,2,1.5,1.99,I,SI1,FALSE,5600
2025-08-29T05:18:07.410Z,PB,2,1.5,1.99,I,SI2,FALSE,4800
2025-08-29T05:18:07.410Z,PB,2,1.5,1.99,I,SI3,FALSE,4200
2025-08-29T05:18:07.410Z,PB,2,1.5,1.99,I,I1,FALSE,3600
2025-08-29T05:18:07.410Z,PB,2,1.5,1.99,I,I2,FALSE,2200
2025-08-29T05:18:07.410Z,PB,2,1.5,1.99,I,I3,FALSE,1100
2025-08-29T05:18:07.410Z,PB,2,1.5,1.99,J,IF,FALSE,6400
2025-08-29T05:18:07.410Z,PB,2,1.5,1.99,J,VVS1,FALSE,6100
2025-08-29T05:18:07.410Z,PB,2,1.5,1.99,J,VVS2,FALSE,5800
2025-08-29T05:18:07.410Z,PB,2,1.5,1.99,J,VS1,FALSE,5500
2025-08-29T05:18:07.410Z,PB,2,1.5,1.99,J,VS2,FALSE,5200
2025-08-29T05:18:07.410Z,PB,2,1.5,1.99,J,SI1,FALSE,4800
2025-08-29T05:18:07.410Z,PB,2,1.5,1.99,J,SI2,FALSE,4400
2025-08-29T05:18:07.410Z,PB,2,1.5,1.99,J,SI3,FALSE,3800
2025-08-29T05:18:07.410Z,PB,2,1.5,1.99,J,I1,FALSE,3300
2025-08-29T05:18:07.410Z,PB,2,1.5,1.99,J,I2,FALSE,2000
2025-08-29T05:18:07.410Z,PB,2,1.5,1.99,J,I3,FALSE,1100
2025-08-29T05:18:07.410Z,PB,2,1.5,1.99,K,IF,FALSE,4900
2025-08-29T05:18:07.410Z,PB,2,1.5,1.99,K,VVS1,FALSE,4700
2025-08-29T05:18:07.410Z,PB,2,1.5,1.99,K,VVS2,FALSE,4500
2025-08-29T05:18:07.410Z,PB,2,1.5,1.99,K,VS1,FALSE,4300
2025-08-29T05:18:07.410Z,PB,2,1.5,1.99,K,VS2,FALSE,4100
2025-08-29T05:18:07.410Z,PB,2,1.5,1.99,K,SI1,FALSE,3900
2025-08-29T05:18:07.410Z,PB,2,1.5,1.99,K,SI2,FALSE,3700
2025-08-29T05:18:07.410Z,PB,2,1.5,1.99,K,SI3,FALSE,3300
2025-08-29T05:18:07.410Z,PB,2,1.5,1.99,K,I1,FALSE,2900
2025-08-29T05:18:07.410Z,PB,2,1.5,1.99,K,I2,FALSE,1800
2025-08-29T05:18:07.410Z,PB,2,1.5,1.99,K,I3,FALSE,1000
2025-08-29T05:18:07.410Z,PB,2,1.5,1.99,L,IF,FALSE,4100
2025-08-29T05:18:07.410Z,PB,2,1.5,1.99,L,VVS1,FALSE,3900
2025-08-29T05:18:07.410Z,PB,2,1.5,1.99,L,VVS2,FALSE,3700
2025-08-29T05:18:07.410Z,PB,2,1.5,1.99,L,VS1,FALSE,3600
2025-08-29T05:18:07.410Z,PB,2,1.5,1.99,L,VS2,FALSE,3400
2025-08-29T05:18:07.410Z,PB,2,1.5,1.99,L,SI1,FALSE,3200
2025-08-29T05:18:07.410Z,PB,2,1.5,1.99,L,SI2,FALSE,3000
2025-08-29T05:18:07.410Z,PB,2,1.5,1.99,L,SI3,FALSE,2800
2025-08-29T05:18:07.410Z,PB,2,1.5,1.99,L,I1,FALSE,2600
2025-08-29T05:18:07.410Z,PB,2,1.5,1.99,L,I2,FALSE,1600
2025-08-29T05:18:07.410Z,PB,2,1.5,1.99,L,I3,FALSE,1000
2025-08-29T05:18:07.410Z,PB,2,1.5,1.99,M,IF,FALSE,3500
2025-08-29T05:18:07.410Z,PB,2,1.5,1.99,M,VVS1,FALSE,3300
2025-08-29T05:18:07.410Z,PB,2,1.5,1.99,M,VVS2,FALSE,3200
2025-08-29T05:18:07.410Z,PB,2,1.5,1.99,M,VS1,FALSE,3100
2025-08-29T05:18:07.410Z,PB,2,1.5,1.99,M,VS2,FALSE,2900
2025-08-29T05:18:07.410Z,PB,2,1.5,1.99,M,SI1,FALSE,2700
2025-08-29T05:18:07.410Z,PB,2,1.5,1.99,M,SI2,FALSE,2500
2025-08-29T05:18:07.410Z,PB,2,1.5,1.99,M,SI3,FALSE,2400
2025-08-29T05:18:07.410Z,PB,2,1.5,1.99,M,I1,FALSE,2200
2025-08-29T05:18:07.410Z,PB,2,1.5,1.99,M,I2,FALSE,1500
2025-08-29T05:18:07.410Z,PB,2,1.5,1.99,M,I3,FALSE,1000
2025-08-29T05:18:07.410Z,PB,2,2,2.99,D,IF,FALSE,21500
2025-08-29T05:18:07.410Z,PB,2,2,2.99,D,VVS1,FALSE,20000
2025-08-29T05:18:07.410Z,PB,2,2,2.99,D,VVS2,FALSE,18500
2025-08-29T05:18:07.410Z,PB,2,2,2.99,D,VS1,FALSE,17500
2025-08-29T05:18:07.410Z,PB,2,2,2.99,D,VS2,FALSE,16000
2025-08-29T05:18:07.410Z,PB,2,2,2.99,D,SI1,FALSE,13500
2025-08-29T05:18:07.410Z,PB,2,2,2.99,D,SI2,FALSE,10300
2025-08-29T05:18:07.410Z,PB,2,2,2.99,D,SI3,FALSE,8200
2025-08-29T05:18:07.410Z,PB,2,2,2.99,D,I1,FALSE,6900
2025-08-29T05:18:07.410Z,PB,2,2,2.99,D,I2,FALSE,3000
2025-08-29T05:18:07.410Z,PB,2,2,2.99,D,I3,FALSE,1600
2025-08-29T05:18:07.410Z,PB,2,2,2.99,E,IF,FALSE,20000
2025-08-29T05:18:07.410Z,PB,2,2,2.99,E,VVS1,FALSE,18500
2025-08-29T05:18:07.410Z,PB,2,2,2.99,E,VVS2,FALSE,17000
2025-08-29T05:18:07.410Z,PB,2,2,2.99,E,VS1,FALSE,16000
2025-08-29T05:18:07.410Z,PB,2,2,2.99,E,VS2,FALSE,15000
2025-08-29T05:18:07.410Z,PB,2,2,2.99,E,SI1,FALSE,12500
2025-08-29T05:18:07.410Z,PB,2,2,2.99,E,SI2,FALSE,9600
2025-08-29T05:18:07.410Z,PB,2,2,2.99,E,SI3,FALSE,7800
2025-08-29T05:18:07.410Z,PB,2,2,2.99,E,I1,FALSE,6400
2025-08-29T05:18:07.410Z,PB,2,2,2.99,E,I2,FALSE,2900
2025-08-29T05:18:07.410Z,PB,2,2,2.99,E,I3,FALSE,1500
2025-08-29T05:18:07.410Z,PB,2,2,2.99,F,IF,FALSE,18500
2025-08-29T05:18:07.410Z,PB,2,2,2.99,F,VVS1,FALSE,17000
2025-08-29T05:18:07.410Z,PB,2,2,2.99,F,VVS2,FALSE,16000
2025-08-29T05:18:07.410Z,PB,2,2,2.99,F,VS1,FALSE,15000
2025-08-29T05:18:07.410Z,PB,2,2,2.99,F,VS2,FALSE,14000
2025-08-29T05:18:07.410Z,PB,2,2,2.99,F,SI1,FALSE,11700
2025-08-29T05:18:07.410Z,PB,2,2,2.99,F,SI2,FALSE,9100
2025-08-29T05:18:07.410Z,PB,2,2,2.99,F,SI3,FALSE,7400
2025-08-29T05:18:07.410Z,PB,2,2,2.99,F,I1,FALSE,5900
2025-08-29T05:18:07.410Z,PB,2,2,2.99,F,I2,FALSE,2800
2025-08-29T05:18:07.410Z,PB,2,2,2.99,F,I3,FALSE,1400
2025-08-29T05:18:07.410Z,PB,2,2,2.99,G,IF,FALSE,17000
2025-08-29T05:18:07.410Z,PB,2,2,2.99,G,VVS1,FALSE,16000
2025-08-29T05:18:07.410Z,PB,2,2,2.99,G,VVS2,FALSE,15000
2025-08-29T05:18:07.410Z,PB,2,2,2.99,G,VS1,FALSE,14000
2025-08-29T05:18:07.410Z,PB,2,2,2.99,G,VS2,FALSE,13000
2025-08-29T05:18:07.410Z,PB,2,2,2.99,G,SI1,FALSE,10700
2025-08-29T05:18:07.410Z,PB,2,2,2.99,G,SI2,FALSE,8600
2025-08-29T05:18:07.410Z,PB,2,2,2.99,G,SI3,FALSE,7000
2025-08-29T05:18:07.410Z,PB,2,2,2.99,G,I1,FALSE,5500
2025-08-29T05:18:07.410Z,PB,2,2,2.99,G,I2,FALSE,2700
2025-08-29T05:18:07.410Z,PB,2,2,2.99,G,I3,FALSE,1300
2025-08-29T05:18:07.410Z,PB,2,2,2.99,H,IF,FALSE,13500
2025-08-29T05:18:07.410Z,PB,2,2,2.99,H,VVS1,FALSE,12500
2025-08-29T05:18:07.410Z,PB,2,2,2.99,H,VVS2,FALSE,12000
2025-08-29T05:18:07.410Z,PB,2,2,2.99,H,VS1,FALSE,11500
2025-08-29T05:18:07.410Z,PB,2,2,2.99,H,VS2,FALSE,11000
2025-08-29T05:18:07.410Z,PB,2,2,2.99,H,SI1,FALSE,9900
2025-08-29T05:18:07.410Z,PB,2,2,2.99,H,SI2,FALSE,8200
2025-08-29T05:18:07.410Z,PB,2,2,2.99,H,SI3,FALSE,6400
2025-08-29T05:18:07.410Z,PB,2,2,2.99,H,I1,FALSE,5100
2025-08-29T05:18:07.410Z,PB,2,2,2.99,H,I2,FALSE,2500
2025-08-29T05:18:07.410Z,PB,2,2,2.99,H,I3,FALSE,1200
2025-08-29T05:18:07.410Z,PB,2,2,2.99,I,IF,FALSE,10800
2025-08-29T05:18:07.410Z,PB,2,2,2.99,I,VVS1,FALSE,10400
2025-08-29T05:18:07.410Z,PB,2,2,2.99,I,VVS2,FALSE,9900
2025-08-29T05:18:07.410Z,PB,2,2,2.99,I,VS1,FALSE,9500
2025-08-29T05:18:07.410Z,PB,2,2,2.99,I,VS2,FALSE,9000
2025-08-29T05:18:07.410Z,PB,2,2,2.99,I,SI1,FALSE,8500
2025-08-29T05:18:07.410Z,PB,2,2,2.99,I,SI2,FALSE,7500
2025-08-29T05:18:07.410Z,PB,2,2,2.99,I,SI3,FALSE,5700
2025-08-29T05:18:07.410Z,PB,2,2,2.99,I,I1,FALSE,4800
2025-08-29T05:18:07.410Z,PB,2,2,2.99,I,I2,FALSE,2400
2025-08-29T05:18:07.410Z,PB,2,2,2.99,I,I3,FALSE,1200
2025-08-29T05:18:07.410Z,PB,2,2,2.99,J,IF,FALSE,8800
2025-08-29T05:18:07.410Z,PB,2,2,2.99,J,VVS1,FALSE,8400
2025-08-29T05:18:07.410Z,PB,2,2,2.99,J,VVS2,FALSE,8100
2025-08-29T05:18:07.410Z,PB,2,2,2.99,J,VS1,FALSE,7700
2025-08-29T05:18:07.410Z,PB,2,2,2.99,J,VS2,FALSE,7400
2025-08-29T05:18:07.410Z,PB,2,2,2.99,J,SI1,FALSE,7000
2025-08-29T05:18:07.410Z,PB,2,2,2.99,J,SI2,FALSE,6300
2025-08-29T05:18:07.410Z,PB,2,2,2.99,J,SI3,FALSE,5100
2025-08-29T05:18:07.410Z,PB,2,2,2.99,J,I1,FALSE,4500
2025-08-29T05:18:07.410Z,PB,2,2,2.99,J,I2,FALSE,2200
2025-08-29T05:18:07.410Z,PB,2,2,2.99,J,I3,FALSE,1200
2025-08-29T05:18:07.410Z,PB,2,2,2.99,K,IF,FALSE,7000
2025-08-29T05:18:07.410Z,PB,2,2,2.99,K,VVS1,FALSE,6600
2025-08-29T05:18:07.410Z,PB,2,2,2.99,K,VVS2,FALSE,6300
2025-08-29T05:18:07.410Z,PB,2,2,2.99,K,VS1,FALSE,6000
2025-08-29T05:18:07.410Z,PB,2,2,2.99,K,VS2,FALSE,5800
2025-08-29T05:18:07.410Z,PB,2,2,2.99,K,SI1,FALSE,5500
2025-08-29T05:18:07.410Z,PB,2,2,2.99,K,SI2,FALSE,5100
2025-08-29T05:18:07.410Z,PB,2,2,2.99,K,SI3,FALSE,4300
2025-08-29T05:18:07.410Z,PB,2,2,2.99,K,I1,FALSE,3700
2025-08-29T05:18:07.410Z,PB,2,2,2.99,K,I2,FALSE,2100
2025-08-29T05:18:07.410Z,PB,2,2,2.99,K,I3,FALSE,1100
2025-08-29T05:18:07.410Z,PB,2,2,2.99,L,IF,FALSE,5400
2025-08-29T05:18:07.410Z,PB,2,2,2.99,L,VVS1,FALSE,5100
2025-08-29T05:18:07.410Z,PB,2,2,2.99,L,VVS2,FALSE,4900
2025-08-29T05:18:07.410Z,PB,2,2,2.99,L,VS1,FALSE,4700
2025-08-29T05:18:07.410Z,PB,2,2,2.99,L,VS2,FALSE,4500
2025-08-29T05:18:07.410Z,PB,2,2,2.99,L,SI1,FALSE,4300
2025-08-29T05:18:07.410Z,PB,2,2,2.99,L,SI2,FALSE,4100
2025-08-29T05:18:07.410Z,PB,2,2,2.99,L,SI3,FALSE,3600
2025-08-29T05:18:07.410Z,PB,2,2,2.99,L,I1,FALSE,3300
2025-08-29T05:18:07.410Z,PB,2,2,2.99,L,I2,FALSE,1900
2025-08-29T05:18:07.410Z,PB,2,2,2.99,L,I3,FALSE,1100
2025-08-29T05:18:07.410Z,PB,2,2,2.99,M,IF,FALSE,4500
2025-08-29T05:18:07.410Z,PB,2,2,2.99,M,VVS1,FALSE,4200
2025-08-29T05:18:07.410Z,PB,2,2,2.99,M,VVS2,FALSE,4000
2025-08-29T05:18:07.410Z,PB,2,2,2.99,M,VS1,FALSE,3800
2025-08-29T05:18:07.410Z,PB,2,2,2.99,M,VS2,FALSE,3600
2025-08-29T05:18:07.410Z,PB,2,2,2.99,M,SI1,FALSE,3500
2025-08-29T05:18:07.410Z,PB,2,2,2.99,M,SI2,FALSE,3300
2025-08-29T05:18:07.410Z,PB,2,2,2.99,M,SI3,FALSE,2900
2025-08-29T05:18:07.410Z,PB,2,2,2.99,M,I1,FALSE,2700
2025-08-29T05:18:07.410Z,PB,2,2,2.99,M,I2,FALSE,1800
2025-08-29T05:18:07.410Z,PB,2,2,2.99,M,I3,FALSE,1000
2025-08-29T05:18:07.410Z,PB,2,3,3.99,D,IF,FALSE,42000
2025-08-29T05:18:07.410Z,PB,2,3,3.99,D,VVS1,FALSE,35500
2025-08-29T05:18:07.410Z,PB,2,3,3.99,D,VVS2,FALSE,32500
2025-08-29T05:18:07.410Z,PB,2,3,3.99,D,VS1,FALSE,30000
2025-08-29T05:18:07.410Z,PB,2,3,3.99,D,VS2,FALSE,27000
2025-08-29T05:18:07.410Z,PB,2,3,3.99,D,SI1,FALSE,23000
2025-08-29T05:18:07.410Z,PB,2,3,3.99,D,SI2,FALSE,17500
2025-08-29T05:18:07.410Z,PB,2,3,3.99,D,SI3,FALSE,11800
2025-08-29T05:18:07.410Z,PB,2,3,3.99,D,I1,FALSE,8600
2025-08-29T05:18:07.410Z,PB,2,3,3.99,D,I2,FALSE,3600
2025-08-29T05:18:07.410Z,PB,2,3,3.99,D,I3,FALSE,1700
2025-08-29T05:18:07.410Z,PB,2,3,3.99,E,IF,FALSE,36500
2025-08-29T05:18:07.410Z,PB,2,3,3.99,E,VVS1,FALSE,32500
2025-08-29T05:18:07.410Z,PB,2,3,3.99,E,VVS2,FALSE,29500
2025-08-29T05:18:07.410Z,PB,2,3,3.99,E,VS1,FALSE,27500
2025-08-29T05:18:07.410Z,PB,2,3,3.99,E,VS2,FALSE,24500
2025-08-29T05:18:07.410Z,PB,2,3,3.99,E,SI1,FALSE,21500
2025-08-29T05:18:07.410Z,PB,2,3,3.99,E,SI2,FALSE,16500
2025-08-29T05:18:07.410Z,PB,2,3,3.99,E,SI3,FALSE,10900
2025-08-29T05:18:07.410Z,PB,2,3,3.99,E,I1,FALSE,8000
2025-08-29T05:18:07.410Z,PB,2,3,3.99,E,I2,FALSE,3300
2025-08-29T05:18:07.410Z,PB,2,3,3.99,E,I3,FALSE,1600
2025-08-29T05:18:07.410Z,PB,2,3,3.99,F,IF,FALSE,32500
2025-08-29T05:18:07.410Z,PB,2,3,3.99,F,VVS1,FALSE,29500
2025-08-29T05:18:07.410Z,PB,2,3,3.99,F,VVS2,FALSE,27000
2025-08-29T05:18:07.410Z,PB,2,3,3.99,F,VS1,FALSE,25000
2025-08-29T05:18:07.410Z,PB,2,3,3.99,F,VS2,FALSE,22500
2025-08-29T05:18:07.410Z,PB,2,3,3.99,F,SI1,FALSE,19500
2025-08-29T05:18:07.410Z,PB,2,3,3.99,F,SI2,FALSE,15500
2025-08-29T05:18:07.410Z,PB,2,3,3.99,F,SI3,FALSE,10100
2025-08-29T05:18:07.410Z,PB,2,3,3.99,F,I1,FALSE,7400
2025-08-29T05:18:07.410Z,PB,2,3,3.99,F,I2,FALSE,3000
2025-08-29T05:18:07.410Z,PB,2,3,3.99,F,I3,FALSE,1500
2025-08-29T05:18:07.410Z,PB,2,3,3.99,G,IF,FALSE,29000
2025-08-29T05:18:07.410Z,PB,2,3,3.99,G,VVS1,FALSE,26500
2025-08-29T05:18:07.410Z,PB,2,3,3.99,G,VVS2,FALSE,24500
2025-08-29T05:18:07.410Z,PB,2,3,3.99,G,VS1,FALSE,22500
2025-08-29T05:18:07.410Z,PB,2,3,3.99,G,VS2,FALSE,20500
2025-08-29T05:18:07.410Z,PB,2,3,3.99,G,SI1,FALSE,18000
2025-08-29T05:18:07.410Z,PB,2,3,3.99,G,SI2,FALSE,14500
2025-08-29T05:18:07.410Z,PB,2,3,3.99,G,SI3,FALSE,9200
2025-08-29T05:18:07.410Z,PB,2,3,3.99,G,I1,FALSE,6700
2025-08-29T05:18:07.410Z,PB,2,3,3.99,G,I2,FALSE,2900
2025-08-29T05:18:07.410Z,PB,2,3,3.99,G,I3,FALSE,1500
2025-08-29T05:18:07.410Z,PB,2,3,3.99,H,IF,FALSE,24000
2025-08-29T05:18:07.410Z,PB,2,3,3.99,H,VVS1,FALSE,22500
2025-08-29T05:18:07.410Z,PB,2,3,3.99,H,VVS2,FALSE,21000
2025-08-29T05:18:07.410Z,PB,2,3,3.99,H,VS1,FALSE,19500
2025-08-29T05:18:07.410Z,PB,2,3,3.99,H,VS2,FALSE,18000
2025-08-29T05:18:07.410Z,PB,2,3,3.99,H,SI1,FALSE,16000
2025-08-29T05:18:07.410Z,PB,2,3,3.99,H,SI2,FALSE,13500
2025-08-29T05:18:07.410Z,PB,2,3,3.99,H,SI3,FALSE,8500
2025-08-29T05:18:07.410Z,PB,2,3,3.99,H,I1,FALSE,6200
2025-08-29T05:18:07.410Z,PB,2,3,3.99,H,I2,FALSE,2700
2025-08-29T05:18:07.410Z,PB,2,3,3.99,H,I3,FALSE,1400
2025-08-29T05:18:07.410Z,PB,2,3,3.99,I,IF,FALSE,19500
2025-08-29T05:18:07.410Z,PB,2,3,3.99,I,VVS1,FALSE,18500
2025-08-29T05:18:07.410Z,PB,2,3,3.99,I,VVS2,FALSE,17500
2025-08-29T05:18:07.410Z,PB,2,3,3.99,I,VS1,FALSE,16500
2025-08-29T05:18:07.410Z,PB,2,3,3.99,I,VS2,FALSE,15500
2025-08-29T05:18:07.410Z,PB,2,3,3.99,I,SI1,FALSE,14000
2025-08-29T05:18:07.410Z,PB,2,3,3.99,I,SI2,FALSE,12000
2025-08-29T05:18:07.410Z,PB,2,3,3.99,I,SI3,FALSE,7900
2025-08-29T05:18:07.410Z,PB,2,3,3.99,I,I1,FALSE,5700
2025-08-29T05:18:07.410Z,PB,2,3,3.99,I,I2,FALSE,2600
2025-08-29T05:18:07.410Z,PB,2,3,3.99,I,I3,FALSE,1400
2025-08-29T05:18:07.410Z,PB,2,3,3.99,J,IF,FALSE,15400
2025-08-29T05:18:07.410Z,PB,2,3,3.99,J,VVS1,FALSE,14200
2025-08-29T05:18:07.410Z,PB,2,3,3.99,J,VVS2,FALSE,13500
2025-08-29T05:18:07.410Z,PB,2,3,3.99,J,VS1,FALSE,12700
2025-08-29T05:18:07.410Z,PB,2,3,3.99,J,VS2,FALSE,12100
2025-08-29T05:18:07.410Z,PB,2,3,3.99,J,SI1,FALSE,11100
2025-08-29T05:18:07.410Z,PB,2,3,3.99,J,SI2,FALSE,10200
2025-08-29T05:18:07.410Z,PB,2,3,3.99,J,SI3,FALSE,7100
2025-08-29T05:18:07.410Z,PB,2,3,3.99,J,I1,FALSE,5400
2025-08-29T05:18:07.410Z,PB,2,3,3.99,J,I2,FALSE,2500
2025-08-29T05:18:07.410Z,PB,2,3,3.99,J,I3,FALSE,1300
2025-08-29T05:18:07.410Z,PB,2,3,3.99,K,IF,FALSE,11900
2025-08-29T05:18:07.410Z,PB,2,3,3.99,K,VVS1,FALSE,11100
2025-08-29T05:18:07.410Z,PB,2,3,3.99,K,VVS2,FALSE,10500
2025-08-29T05:18:07.410Z,PB,2,3,3.99,K,VS1,FALSE,10000
2025-08-29T05:18:07.410Z,PB,2,3,3.99,K,VS2,FALSE,9400
2025-08-29T05:18:07.410Z,PB,2,3,3.99,K,SI1,FALSE,8800
2025-08-29T05:18:07.410Z,PB,2,3,3.99,K,SI2,FALSE,8200
2025-08-29T05:18:07.410Z,PB,2,3,3.99,K,SI3,FALSE,6100
2025-08-29T05:18:07.410Z,PB,2,3,3.99,K,I1,FALSE,5000
2025-08-29T05:18:07.410Z,PB,2,3,3.99,K,I2,FALSE,2400
2025-08-29T05:18:07.410Z,PB,2,3,3.99,K,I3,FALSE,1300
2025-08-29T05:18:07.410Z,PB,2,3,3.99,L,IF,FALSE,8900
2025-08-29T05:18:07.410Z,PB,2,3,3.99,L,VVS1,FALSE,8300
2025-08-29T05:18:07.410Z,PB,2,3,3.99,L,VVS2,FALSE,7900
2025-08-29T05:18:07.410Z,PB,2,3,3.99,L,VS1,FALSE,7500
2025-08-29T05:18:07.410Z,PB,2,3,3.99,L,VS2,FALSE,7100
2025-08-29T05:18:07.410Z,PB,2,3,3.99,L,SI1,FALSE,6600
2025-08-29T05:18:07.410Z,PB,2,3,3.99,L,SI2,FALSE,6200
2025-08-29T05:18:07.410Z,PB,2,3,3.99,L,SI3,FALSE,5300
2025-08-29T05:18:07.410Z,PB,2,3,3.99,L,I1,FALSE,4400
2025-08-29T05:18:07.410Z,PB,2,3,3.99,L,I2,FALSE,2300
2025-08-29T05:18:07.410Z,PB,2,3,3.99,L,I3,FALSE,1200
2025-08-29T05:18:07.410Z,PB,2,3,3.99,M,IF,FALSE,6700
2025-08-29T05:18:07.410Z,PB,2,3,3.99,M,VVS1,FALSE,6300
2025-08-29T05:18:07.410Z,PB,2,3,3.99,M,VVS2,FALSE,6000
2025-08-29T05:18:07.410Z,PB,2,3,3.99,M,VS1,FALSE,5700
2025-08-29T05:18:07.410Z,PB,2,3,3.99,M,VS2,FALSE,5400
2025-08-29T05:18:07.410Z,PB,2,3,3.99,M,SI1,FALSE,4900
2025-08-29T05:18:07.410Z,PB,2,3,3.99,M,SI2,FALSE,4600
2025-08-29T05:18:07.410Z,PB,2,3,3.99,M,SI3,FALSE,4100
2025-08-29T05:18:07.410Z,PB,2,3,3.99,M,I1,FALSE,3600
2025-08-29T05:18:07.410Z,PB,2,3,3.99,M,I2,FALSE,2100
2025-08-29T05:18:07.410Z,PB,2,3,3.99,M,I3,FALSE,1100
2025-08-29T05:18:07.410Z,PB,2,4,4.99,D,IF,FALSE,53500
2025-08-29T05:18:07.410Z,PB,2,4,4.99,D,VVS1,FALSE,46000
2025-08-29T05:18:07.410Z,PB,2,4,4.99,D,VVS2,FALSE,43500
2025-08-29T05:18:07.410Z,PB,2,4,4.99,D,VS1,FALSE,40500
2025-08-29T05:18:07.410Z,PB,2,4,4.99,D,VS2,FALSE,37500
2025-08-29T05:18:07.410Z,PB,2,4,4.99,D,SI1,FALSE,26500
2025-08-29T05:18:07.410Z,PB,2,4,4.99,D,SI2,FALSE,19500
2025-08-29T05:18:07.410Z,PB,2,4,4.99,D,SI3,FALSE,13000
2025-08-29T05:18:07.410Z,PB,2,4,4.99,D,I1,FALSE,9200
2025-08-29T05:18:07.410Z,PB,2,4,4.99,D,I2,FALSE,3900
2025-08-29T05:18:07.410Z,PB,2,4,4.99,D,I3,FALSE,1900
2025-08-29T05:18:07.410Z,PB,2,4,4.99,E,IF,FALSE,46000
2025-08-29T05:18:07.410Z,PB,2,4,4.99,E,VVS1,FALSE,42000
2025-08-29T05:18:07.410Z,PB,2,4,4.99,E,VVS2,FALSE,40000
2025-08-29T05:18:07.410Z,PB,2,4,4.99,E,VS1,FALSE,37500
2025-08-29T05:18:07.410Z,PB,2,4,4.99,E,VS2,FALSE,34500
2025-08-29T05:18:07.410Z,PB,2,4,4.99,E,SI1,FALSE,24500
2025-08-29T05:18:07.410Z,PB,2,4,4.99,E,SI2,FALSE,18500
2025-08-29T05:18:07.410Z,PB,2,4,4.99,E,SI3,FALSE,12300
2025-08-29T05:18:07.410Z,PB,2,4,4.99,E,I1,FALSE,8800
2025-08-29T05:18:07.410Z,PB,2,4,4.99,E,I2,FALSE,3700
2025-08-29T05:18:07.410Z,PB,2,4,4.99,E,I3,FALSE,1700
2025-08-29T05:18:07.410Z,PB,2,4,4.99,F,IF,FALSE,42000
2025-08-29T05:18:07.410Z,PB,2,4,4.99,F,VVS1,FALSE,39000
2025-08-29T05:18:07.410Z,PB,2,4,4.99,F,VVS2,FALSE,37000
2025-08-29T05:18:07.410Z,PB,2,4,4.99,F,VS1,FALSE,34500
2025-08-29T05:18:07.410Z,PB,2,4,4.99,F,VS2,FALSE,31500
2025-08-29T05:18:07.410Z,PB,2,4,4.99,F,SI1,FALSE,23000
2025-08-29T05:18:07.410Z,PB,2,4,4.99,F,SI2,FALSE,17500
2025-08-29T05:18:07.410Z,PB,2,4,4.99,F,SI3,FALSE,11300
2025-08-29T05:18:07.410Z,PB,2,4,4.99,F,I1,FALSE,8200
2025-08-29T05:18:07.410Z,PB,2,4,4.99,F,I2,FALSE,3500
2025-08-29T05:18:07.410Z,PB,2,4,4.99,F,I3,FALSE,1600
2025-08-29T05:18:07.410Z,PB,2,4,4.99,G,IF,FALSE,37500
2025-08-29T05:18:07.410Z,PB,2,4,4.99,G,VVS1,FALSE,34000
2025-08-29T05:18:07.410Z,PB,2,4,4.99,G,VVS2,FALSE,32000
2025-08-29T05:18:07.410Z,PB,2,4,4.99,G,VS1,FALSE,30000
2025-08-29T05:18:07.410Z,PB,2,4,4.99,G,VS2,FALSE,27500
2025-08-29T05:18:07.410Z,PB,2,4,4.99,G,SI1,FALSE,21500
2025-08-29T05:18:07.410Z,PB,2,4,4.99,G,SI2,FALSE,16500
2025-08-29T05:18:07.410Z,PB,2,4,4.99,G,SI3,FALSE,10400
2025-08-29T05:18:07.410Z,PB,2,4,4.99,G,I1,FALSE,7700
2025-08-29T05:18:07.410Z,PB,2,4,4.99,G,I2,FALSE,3200
2025-08-29T05:18:07.410Z,PB,2,4,4.99,G,I3,FALSE,1600
2025-08-29T05:18:07.410Z,PB,2,4,4.99,H,IF,FALSE,30500
2025-08-29T05:18:07.410Z,PB,2,4,4.99,H,VVS1,FALSE,28500
2025-08-29T05:18:07.410Z,PB,2,4,4.99,H,VVS2,FALSE,27000
2025-08-29T05:18:07.410Z,PB,2,4,4.99,H,VS1,FALSE,25500
2025-08-29T05:18:07.410Z,PB,2,4,4.99,H,VS2,FALSE,23500
2025-08-29T05:18:07.410Z,PB,2,4,4.99,H,SI1,FALSE,19000
2025-08-29T05:18:07.410Z,PB,2,4,4.99,H,SI2,FALSE,15500
2025-08-29T05:18:07.410Z,PB,2,4,4.99,H,SI3,FALSE,9800
2025-08-29T05:18:07.410Z,PB,2,4,4.99,H,I1,FALSE,7200
2025-08-29T05:18:07.410Z,PB,2,4,4.99,H,I2,FALSE,2900
2025-08-29T05:18:07.410Z,PB,2,4,4.99,H,I3,FALSE,1500
2025-08-29T05:18:07.410Z,PB,2,4,4.99,I,IF,FALSE,25000
2025-08-29T05:18:07.410Z,PB,2,4,4.99,I,VVS1,FALSE,23500
2025-08-29T05:18:07.410Z,PB,2,4,4.99,I,VVS2,FALSE,22000
2025-08-29T05:18:07.410Z,PB,2,4,4.99,I,VS1,FALSE,20500
2025-08-29T05:18:07.410Z,PB,2,4,4.99,I,VS2,FALSE,19000
2025-08-29T05:18:07.410Z,PB,2,4,4.99,I,SI1,FALSE,16500
2025-08-29T05:18:07.410Z,PB,2,4,4.99,I,SI2,FALSE,14000
2025-08-29T05:18:07.410Z,PB,2,4,4.99,I,SI3,FALSE,9000
2025-08-29T05:18:07.410Z,PB,2,4,4.99,I,I1,FALSE,6600
2025-08-29T05:18:07.410Z,PB,2,4,4.99,I,I2,FALSE,2800
2025-08-29T05:18:07.410Z,PB,2,4,4.99,I,I3,FALSE,1500
2025-08-29T05:18:07.410Z,PB,2,4,4.99,J,IF,FALSE,19500
2025-08-29T05:18:07.410Z,PB,2,4,4.99,J,VVS1,FALSE,18500
2025-08-29T05:18:07.410Z,PB,2,4,4.99,J,VVS2,FALSE,17500
2025-08-29T05:18:07.410Z,PB,2,4,4.99,J,VS1,FALSE,16500
2025-08-29T05:18:07.410Z,PB,2,4,4.99,J,VS2,FALSE,15500
2025-08-29T05:18:07.410Z,PB,2,4,4.99,J,SI1,FALSE,14000
2025-08-29T05:18:07.410Z,PB,2,4,4.99,J,SI2,FALSE,12500
2025-08-29T05:18:07.410Z,PB,2,4,4.99,J,SI3,FALSE,8100
2025-08-29T05:18:07.410Z,PB,2,4,4.99,J,I1,FALSE,6100
2025-08-29T05:18:07.410Z,PB,2,4,4.99,J,I2,FALSE,2600
2025-08-29T05:18:07.410Z,PB,2,4,4.99,J,I3,FALSE,1400
2025-08-29T05:18:07.410Z,PB,2,4,4.99,K,IF,FALSE,15800
2025-08-29T05:18:07.410Z,PB,2,4,4.99,K,VVS1,FALSE,14800
2025-08-29T05:18:07.410Z,PB,2,4,4.99,K,VVS2,FALSE,13900
2025-08-29T05:18:07.410Z,PB,2,4,4.99,K,VS1,FALSE,13200
2025-08-29T05:18:07.410Z,PB,2,4,4.99,K,VS2,FALSE,12300
2025-08-29T05:18:07.410Z,PB,2,4,4.99,K,SI1,FALSE,11500
2025-08-29T05:18:07.410Z,PB,2,4,4.99,K,SI2,FALSE,10500
2025-08-29T05:18:07.410Z,PB,2,4,4.99,K,SI3,FALSE,7000
2025-08-29T05:18:07.410Z,PB,2,4,4.99,K,I1,FALSE,5600
2025-08-29T05:18:07.410Z,PB,2,4,4.99,K,I2,FALSE,2500
2025-08-29T05:18:07.410Z,PB,2,4,4.99,K,I3,FALSE,1400
2025-08-29T05:18:07.410Z,PB,2,4,4.99,L,IF,FALSE,11300
2025-08-29T05:18:07.410Z,PB,2,4,4.99,L,VVS1,FALSE,10600
2025-08-29T05:18:07.410Z,PB,2,4,4.99,L,VVS2,FALSE,10000
2025-08-29T05:18:07.410Z,PB,2,4,4.99,L,VS1,FALSE,9500
2025-08-29T05:18:07.410Z,PB,2,4,4.99,L,VS2,FALSE,9000
2025-08-29T05:18:07.410Z,PB,2,4,4.99,L,SI1,FALSE,8400
2025-08-29T05:18:07.410Z,PB,2,4,4.99,L,SI2,FALSE,7700
2025-08-29T05:18:07.410Z,PB,2,4,4.99,L,SI3,FALSE,5800
2025-08-29T05:18:07.410Z,PB,2,4,4.99,L,I1,FALSE,4800
2025-08-29T05:18:07.410Z,PB,2,4,4.99,L,I2,FALSE,2400
2025-08-29T05:18:07.410Z,PB,2,4,4.99,L,I3,FALSE,1300
2025-08-29T05:18:07.410Z,PB,2,4,4.99,M,IF,FALSE,8100
2025-08-29T05:18:07.410Z,PB,2,4,4.99,M,VVS1,FALSE,7700
2025-08-29T05:18:07.410Z,PB,2,4,4.99,M,VVS2,FALSE,7400
2025-08-29T05:18:07.410Z,PB,2,4,4.99,M,VS1,FALSE,7100
2025-08-29T05:18:07.410Z,PB,2,4,4.99,M,VS2,FALSE,6800
2025-08-29T05:18:07.410Z,PB,2,4,4.99,M,SI1,FALSE,6400
2025-08-29T05:18:07.410Z,PB,2,4,4.99,M,SI2,FALSE,6100
2025-08-29T05:18:07.410Z,PB,2,4,4.99,M,SI3,FALSE,4700
2025-08-29T05:18:07.410Z,PB,2,4,4.99,M,I1,FALSE,3900
2025-08-29T05:18:07.410Z,PB,2,4,4.99,M,I2,FALSE,2200
2025-08-29T05:18:07.410Z,PB,2,4,4.99,M,I3,FALSE,1200
2025-08-29T05:18:07.410Z,PB,2,5,9.99,D,IF,FALSE,75000
2025-08-29T05:18:07.410Z,PB,2,5,9.99,D,VVS1,FALSE,63500
2025-08-29T05:18:07.410Z,PB,2,5,9.99,D,VVS2,FALSE,60000
2025-08-29T05:18:07.410Z,PB,2,5,9.99,D,VS1,FALSE,57000
2025-08-29T05:18:07.410Z,PB,2,5,9.99,D,VS2,FALSE,49000
2025-08-29T05:18:07.410Z,PB,2,5,9.99,D,SI1,FALSE,37500
2025-08-29T05:18:07.410Z,PB,2,5,9.99,D,SI2,FALSE,27000
2025-08-29T05:18:07.410Z,PB,2,5,9.99,D,SI3,FALSE,14600
2025-08-29T05:18:07.410Z,PB,2,5,9.99,D,I1,FALSE,10500
2025-08-29T05:18:07.410Z,PB,2,5,9.99,D,I2,FALSE,4300
2025-08-29T05:18:07.410Z,PB,2,5,9.99,D,I3,FALSE,2000
2025-08-29T05:18:07.410Z,PB,2,5,9.99,E,IF,FALSE,63000
2025-08-29T05:18:07.410Z,PB,2,5,9.99,E,VVS1,FALSE,58000
2025-08-29T05:18:07.410Z,PB,2,5,9.99,E,VVS2,FALSE,55000
2025-08-29T05:18:07.410Z,PB,2,5,9.99,E,VS1,FALSE,52500
2025-08-29T05:18:07.410Z,PB,2,5,9.99,E,VS2,FALSE,45500
2025-08-29T05:18:07.410Z,PB,2,5,9.99,E,SI1,FALSE,35000
2025-08-29T05:18:07.410Z,PB,2,5,9.99,E,SI2,FALSE,25000
2025-08-29T05:18:07.410Z,PB,2,5,9.99,E,SI3,FALSE,13900
2025-08-29T05:18:07.410Z,PB,2,5,9.99,E,I1,FALSE,9500
2025-08-29T05:18:07.410Z,PB,2,5,9.99,E,I2,FALSE,4000
2025-08-29T05:18:07.410Z,PB,2,5,9.99,E,I3,FALSE,1800
2025-08-29T05:18:07.410Z,PB,2,5,9.99,F,IF,FALSE,56500
2025-08-29T05:18:07.410Z,PB,2,5,9.99,F,VVS1,FALSE,53500
2025-08-29T05:18:07.410Z,PB,2,5,9.99,F,VVS2,FALSE,51000
2025-08-29T05:18:07.410Z,PB,2,5,9.99,F,VS1,FALSE,48500
2025-08-29T05:18:07.410Z,PB,2,5,9.99,F,VS2,FALSE,43000
2025-08-29T05:18:07.410Z,PB,2,5,9.99,F,SI1,FALSE,32000
2025-08-29T05:18:07.410Z,PB,2,5,9.99,F,SI2,FALSE,23500
2025-08-29T05:18:07.410Z,PB,2,5,9.99,F,SI3,FALSE,12900
2025-08-29T05:18:07.410Z,PB,2,5,9.99,F,I1,FALSE,8900
2025-08-29T05:18:07.410Z,PB,2,5,9.99,F,I2,FALSE,3800
2025-08-29T05:18:07.410Z,PB,2,5,9.99,F,I3,FALSE,1700
2025-08-29T05:18:07.410Z,PB,2,5,9.99,G,IF,FALSE,50000
2025-08-29T05:18:07.410Z,PB,2,5,9.99,G,VVS1,FALSE,47000
2025-08-29T05:18:07.410Z,PB,2,5,9.99,G,VVS2,FALSE,44500
2025-08-29T05:18:07.410Z,PB,2,5,9.99,G,VS1,FALSE,42500
2025-08-29T05:18:07.410Z,PB,2,5,9.99,G,VS2,FALSE,36500
2025-08-29T05:18:07.410Z,PB,2,5,9.99,G,SI1,FALSE,29500
2025-08-29T05:18:07.410Z,PB,2,5,9.99,G,SI2,FALSE,22000
2025-08-29T05:18:07.410Z,PB,2,5,9.99,G,SI3,FALSE,12400
2025-08-29T05:18:07.410Z,PB,2,5,9.99,G,I1,FALSE,8400
2025-08-29T05:18:07.410Z,PB,2,5,9.99,G,I2,FALSE,3600
2025-08-29T05:18:07.410Z,PB,2,5,9.99,G,I3,FALSE,1700
2025-08-29T05:18:07.410Z,PB,2,5,9.99,H,IF,FALSE,42000
2025-08-29T05:18:07.410Z,PB,2,5,9.99,H,VVS1,FALSE,38500
2025-08-29T05:18:07.410Z,PB,2,5,9.99,H,VVS2,FALSE,36500
2025-08-29T05:18:07.410Z,PB,2,5,9.99,H,VS1,FALSE,33500
2025-08-29T05:18:07.410Z,PB,2,5,9.99,H,VS2,FALSE,30000
2025-08-29T05:18:07.410Z,PB,2,5,9.99,H,SI1,FALSE,25000
2025-08-29T05:18:07.410Z,PB,2,5,9.99,H,SI2,FALSE,20500
2025-08-29T05:18:07.410Z,PB,2,5,9.99,H,SI3,FALSE,11800
2025-08-29T05:18:07.410Z,PB,2,5,9.99,H,I1,FALSE,8100
2025-08-29T05:18:07.410Z,PB,2,5,9.99,H,I2,FALSE,3300
2025-08-29T05:18:07.410Z,PB,2,5,9.99,H,I3,FALSE,1600
2025-08-29T05:18:07.410Z,PB,2,5,9.99,I,IF,FALSE,32500
2025-08-29T05:18:07.410Z,PB,2,5,9.99,I,VVS1,FALSE,30000
2025-08-29T05:18:07.410Z,PB,2,5,9.99,I,VVS2,FALSE,27500
2025-08-29T05:18:07.410Z,PB,2,5,9.99,I,VS1,FALSE,25500
2025-08-29T05:18:07.410Z,PB,2,5,9.99,I,VS2,FALSE,23500
2025-08-29T05:18:07.410Z,PB,2,5,9.99,I,SI1,FALSE,21000
2025-08-29T05:18:07.410Z,PB,2,5,9.99,I,SI2,FALSE,18000
2025-08-29T05:18:07.410Z,PB,2,5,9.99,I,SI3,FALSE,10700
2025-08-29T05:18:07.410Z,PB,2,5,9.99,I,I1,FALSE,7700
2025-08-29T05:18:07.410Z,PB,2,5,9.99,I,I2,FALSE,3000
2025-08-29T05:18:07.410Z,PB,2,5,9.99,I,I3,FALSE,1600
2025-08-29T05:18:07.410Z,PB,2,5,9.99,J,IF,FALSE,25000
2025-08-29T05:18:07.410Z,PB,2,5,9.99,J,VVS1,FALSE,23000
2025-08-29T05:18:07.410Z,PB,2,5,9.99,J,VVS2,FALSE,21500
2025-08-29T05:18:07.410Z,PB,2,5,9.99,J,VS1,FALSE,20000
2025-08-29T05:18:07.410Z,PB,2,5,9.99,J,VS2,FALSE,18500
2025-08-29T05:18:07.410Z,PB,2,5,9.99,J,SI1,FALSE,17500
2025-08-29T05:18:07.410Z,PB,2,5,9.99,J,SI2,FALSE,16000
2025-08-29T05:18:07.410Z,PB,2,5,9.99,J,SI3,FALSE,9700
2025-08-29T05:18:07.410Z,PB,2,5,9.99,J,I1,FALSE,7000
2025-08-29T05:18:07.410Z,PB,2,5,9.99,J,I2,FALSE,2800
2025-08-29T05:18:07.410Z,PB,2,5,9.99,J,I3,FALSE,1500
2025-08-29T05:18:07.410Z,PB,2,5,9.99,K,IF,FALSE,19500
2025-08-29T05:18:07.410Z,PB,2,5,9.99,K,VVS1,FALSE,18500
2025-08-29T05:18:07.410Z,PB,2,5,9.99,K,VVS2,FALSE,17500
2025-08-29T05:18:07.410Z,PB,2,5,9.99,K,VS1,FALSE,16500
2025-08-29T05:18:07.410Z,PB,2,5,9.99,K,VS2,FALSE,15500
2025-08-29T05:18:07.410Z,PB,2,5,9.99,K,SI1,FALSE,14500
2025-08-29T05:18:07.410Z,PB,2,5,9.99,K,SI2,FALSE,13500
2025-08-29T05:18:07.410Z,PB,2,5,9.99,K,SI3,FALSE,8800
2025-08-29T05:18:07.410Z,PB,2,5,9.99,K,I1,FALSE,6500
2025-08-29T05:18:07.410Z,PB,2,5,9.99,K,I2,FALSE,2700
2025-08-29T05:18:07.410Z,PB,2,5,9.99,K,I3,FALSE,1500
2025-08-29T05:18:07.410Z,PB,2,5,9.99,L,IF,FALSE,15000
2025-08-29T05:18:07.410Z,PB,2,5,9.99,L,VVS1,FALSE,14000
2025-08-29T05:18:07.410Z,PB,2,5,9.99,L,VVS2,FALSE,13500
2025-08-29T05:18:07.410Z,PB,2,5,9.99,L,VS1,FALSE,13000
2025-08-29T05:18:07.410Z,PB,2,5,9.99,L,VS2,FALSE,12500
2025-08-29T05:18:07.410Z,PB,2,5,9.99,L,SI1,FALSE,12000
2025-08-29T05:18:07.410Z,PB,2,5,9.99,L,SI2,FALSE,11000
2025-08-29T05:18:07.410Z,PB,2,5,9.99,L,SI3,FALSE,7100
2025-08-29T05:18:07.410Z,PB,2,5,9.99,L,I1,FALSE,5600
2025-08-29T05:18:07.410Z,PB,2,5,9.99,L,I2,FALSE,2400
2025-08-29T05:18:07.410Z,PB,2,5,9.99,L,I3,FALSE,1400
2025-08-29T05:18:07.410Z,PB,2,5,9.99,M,IF,FALSE,11500
2025-08-29T05:18:07.410Z,PB,2,5,9.99,M,VVS1,FALSE,11000
2025-08-29T05:18:07.410Z,PB,2,5,9.99,M,VVS2,FALSE,10500
2025-08-29T05:18:07.410Z,PB,2,5,9.99,M,VS1,FALSE,9500
2025-08-29T05:18:07.410Z,PB,2,5,9.99,M,VS2,FALSE,9000
2025-08-29T05:18:07.410Z,PB,2,5,9.99,M,SI1,FALSE,8500
2025-08-29T05:18:07.410Z,PB,2,5,9.99,M,SI2,FALSE,8000
2025-08-29T05:18:07.410Z,PB,2,5,9.99,M,SI3,FALSE,6100
2025-08-29T05:18:07.410Z,PB,2,5,9.99,M,I1,FALSE,4600
2025-08-29T05:18:07.410Z,PB,2,5,9.99,M,I2,FALSE,2300
2025-08-29T05:18:07.410Z,PB,2,5,9.99,M,I3,FALSE,1300
2025-08-29T05:18:07.410Z,PB,2,10,99,D,IF,FALSE,132000
2025-08-29T05:18:07.410Z,PB,2,10,99,D,VVS1,FALSE,107500
2025-08-29T05:18:07.410Z,PB,2,10,99,D,VVS2,FALSE,99000
2025-08-29T05:18:07.410Z,PB,2,10,99,D,VS1,FALSE,92000
2025-08-29T05:18:07.410Z,PB,2,10,99,D,VS2,FALSE,79500
2025-08-29T05:18:07.410Z,PB,2,10,99,D,SI1,FALSE,57500
2025-08-29T05:18:07.410Z,PB,2,10,99,D,SI2,FALSE,41000
2025-08-29T05:18:07.411Z,PB,2,10,99,D,SI3,FALSE,20500
2025-08-29T05:18:07.411Z,PB,2,10,99,D,I1,FALSE,12400
2025-08-29T05:18:07.411Z,PB,2,10,99,D,I2,FALSE,5300
2025-08-29T05:18:07.411Z,PB,2,10,99,D,I3,FALSE,2300
2025-08-29T05:18:07.411Z,PB,2,10,99,E,IF,FALSE,107000
2025-08-29T05:18:07.411Z,PB,2,10,99,E,VVS1,FALSE,96500
2025-08-29T05:18:07.411Z,PB,2,10,99,E,VVS2,FALSE,90500
2025-08-29T05:18:07.411Z,PB,2,10,99,E,VS1,FALSE,83500
2025-08-29T05:18:07.411Z,PB,2,10,99,E,VS2,FALSE,72500
2025-08-29T05:18:07.411Z,PB,2,10,99,E,SI1,FALSE,53500
2025-08-29T05:18:07.411Z,PB,2,10,99,E,SI2,FALSE,39000
2025-08-29T05:18:07.411Z,PB,2,10,99,E,SI3,FALSE,19500
2025-08-29T05:18:07.411Z,PB,2,10,99,E,I1,FALSE,11700
2025-08-29T05:18:07.411Z,PB,2,10,99,E,I2,FALSE,5000
2025-08-29T05:18:07.411Z,PB,2,10,99,E,I3,FALSE,2200
2025-08-29T05:18:07.411Z,PB,2,10,99,F,IF,FALSE,94500
2025-08-29T05:18:07.411Z,PB,2,10,99,F,VVS1,FALSE,88500
2025-08-29T05:18:07.411Z,PB,2,10,99,F,VVS2,FALSE,83500
2025-08-29T05:18:07.411Z,PB,2,10,99,F,VS1,FALSE,76500
2025-08-29T05:18:07.411Z,PB,2,10,99,F,VS2,FALSE,66500
2025-08-29T05:18:07.411Z,PB,2,10,99,F,SI1,FALSE,49500
2025-08-29T05:18:07.411Z,PB,2,10,99,F,SI2,FALSE,36500
2025-08-29T05:18:07.411Z,PB,2,10,99,F,SI3,FALSE,18500
2025-08-29T05:18:07.411Z,PB,2,10,99,F,I1,FALSE,11100
2025-08-29T05:18:07.411Z,PB,2,10,99,F,I2,FALSE,4800
2025-08-29T05:18:07.411Z,PB,2,10,99,F,I3,FALSE,2100
2025-08-29T05:18:07.411Z,PB,2,10,99,G,IF,FALSE,79000
2025-08-29T05:18:07.411Z,PB,2,10,99,G,VVS1,FALSE,74500
2025-08-29T05:18:07.411Z,PB,2,10,99,G,VVS2,FALSE,69500
2025-08-29T05:18:07.411Z,PB,2,10,99,G,VS1,FALSE,65000
2025-08-29T05:18:07.411Z,PB,2,10,99,G,VS2,FALSE,57500
2025-08-29T05:18:07.411Z,PB,2,10,99,G,SI1,FALSE,46000
2025-08-29T05:18:07.411Z,PB,2,10,99,G,SI2,FALSE,34000
2025-08-29T05:18:07.411Z,PB,2,10,99,G,SI3,FALSE,17000
2025-08-29T05:18:07.411Z,PB,2,10,99,G,I1,FALSE,10600
2025-08-29T05:18:07.411Z,PB,2,10,99,G,I2,FALSE,4600
2025-08-29T05:18:07.411Z,PB,2,10,99,G,I3,FALSE,2000
2025-08-29T05:18:07.411Z,PB,2,10,99,H,IF,FALSE,65500
2025-08-29T05:18:07.411Z,PB,2,10,99,H,VVS1,FALSE,61000
2025-08-29T05:18:07.411Z,PB,2,10,99,H,VVS2,FALSE,57000
2025-08-29T05:18:07.411Z,PB,2,10,99,H,VS1,FALSE,53000
2025-08-29T05:18:07.411Z,PB,2,10,99,H,VS2,FALSE,46500
2025-08-29T05:18:07.411Z,PB,2,10,99,H,SI1,FALSE,39500
2025-08-29T05:18:07.411Z,PB,2,10,99,H,SI2,FALSE,30500
2025-08-29T05:18:07.411Z,PB,2,10,99,H,SI3,FALSE,16000
2025-08-29T05:18:07.411Z,PB,2,10,99,H,I1,FALSE,10100
2025-08-29T05:18:07.411Z,PB,2,10,99,H,I2,FALSE,4400
2025-08-29T05:18:07.411Z,PB,2,10,99,H,I3,FALSE,1900
2025-08-29T05:18:07.411Z,PB,2,10,99,I,IF,FALSE,51000
2025-08-29T05:18:07.411Z,PB,2,10,99,I,VVS1,FALSE,47500
2025-08-29T05:18:07.411Z,PB,2,10,99,I,VVS2,FALSE,44000
2025-08-29T05:18:07.411Z,PB,2,10,99,I,VS1,FALSE,40500
2025-08-29T05:18:07.411Z,PB,2,10,99,I,VS2,FALSE,37000
2025-08-29T05:18:07.411Z,PB,2,10,99,I,SI1,FALSE,33000
2025-08-29T05:18:07.411Z,PB,2,10,99,I,SI2,FALSE,26000
2025-08-29T05:18:07.411Z,PB,2,10,99,I,SI3,FALSE,15000
2025-08-29T05:18:07.411Z,PB,2,10,99,I,I1,FALSE,9700
2025-08-29T05:18:07.411Z,PB,2,10,99,I,I2,FALSE,4200
2025-08-29T05:18:07.411Z,PB,2,10,99,I,I3,FALSE,1800
2025-08-29T05:18:07.411Z,PB,2,10,99,J,IF,FALSE,39500
2025-08-29T05:18:07.411Z,PB,2,10,99,J,VVS1,FALSE,37000
2025-08-29T05:18:07.411Z,PB,2,10,99,J,VVS2,FALSE,34500
2025-08-29T05:18:07.411Z,PB,2,10,99,J,VS1,FALSE,31500
2025-08-29T05:18:07.411Z,PB,2,10,99,J,VS2,FALSE,28500
2025-08-29T05:18:07.411Z,PB,2,10,99,J,SI1,FALSE,25500
2025-08-29T05:18:07.411Z,PB,2,10,99,J,SI2,FALSE,22000
2025-08-29T05:18:07.411Z,PB,2,10,99,J,SI3,FALSE,13500
2025-08-29T05:18:07.411Z,PB,2,10,99,J,I1,FALSE,9100
2025-08-29T05:18:07.411Z,PB,2,10,99,J,I2,FALSE,4000
2025-08-29T05:18:07.411Z,PB,2,10,99,J,I3,FALSE,1700
2025-08-29T05:18:07.411Z,PB,2,10,99,K,IF,FALSE,31500
2025-08-29T05:18:07.411Z,PB,2,10,99,K,VVS1,FALSE,29500
2025-08-29T05:18:07.411Z,PB,2,10,99,K,VVS2,FALSE,27500
2025-08-29T05:18:07.411Z,PB,2,10,99,K,VS1,FALSE,25000
2025-08-29T05:18:07.411Z,PB,2,10,99,K,VS2,FALSE,23000
2025-08-29T05:18:07.411Z,PB,2,10,99,K,SI1,FALSE,21000
2025-08-29T05:18:07.411Z,PB,2,10,99,K,SI2,FALSE,18500
2025-08-29T05:18:07.411Z,PB,2,10,99,K,SI3,FALSE,12000
2025-08-29T05:18:07.411Z,PB,2,10,99,K,I1,FALSE,8600
2025-08-29T05:18:07.411Z,PB,2,10,99,K,I2,FALSE,3800
2025-08-29T05:18:07.411Z,PB,2,10,99,K,I3,FALSE,1600
2025-08-29T05:18:07.411Z,PB,2,10,99,L,IF,FALSE,23000
2025-08-29T05:18:07.411Z,PB,2,10,99,L,VVS1,FALSE,21500
2025-08-29T05:18:07.411Z,PB,2,10,99,L,VVS2,FALSE,20500
2025-08-29T05:18:07.411Z,PB,2,10,99,L,VS1,FALSE,19000
2025-08-29T05:18:07.411Z,PB,2,10,99,L,VS2,FALSE,17500
2025-08-29T05:18:07.411Z,PB,2,10,99,L,SI1,FALSE,16000
2025-08-29T05:18:07.411Z,PB,2,10,99,L,SI2,FALSE,14000
2025-08-29T05:18:07.411Z,PB,2,10,99,L,SI3,FALSE,10500
2025-08-29T05:18:07.411Z,PB,2,10,99,L,I1,FALSE,7700
2025-08-29T05:18:07.411Z,PB,2,10,99,L,I2,FALSE,3600
2025-08-29T05:18:07.411Z,PB,2,10,99,L,I3,FALSE,1600
2025-08-29T05:18:07.411Z,PB,2,10,99,M,IF,FALSE,17500
2025-08-29T05:18:07.411Z,PB,2,10,99,M,VVS1,FALSE,16500
2025-08-29T05:18:07.411Z,PB,2,10,99,M,VVS2,FALSE,15500
2025-08-29T05:18:07.411Z,PB,2,10,99,M,VS1,FALSE,14500
2025-08-29T05:18:07.411Z,PB,2,10,99,M,VS2,FALSE,13500
2025-08-29T05:18:07.411Z,PB,2,10,99,M,SI1,FALSE,12500
2025-08-29T05:18:07.411Z,PB,2,10,99,M,SI2,FALSE,11500
2025-08-29T05:18:07.411Z,PB,2,10,99,M,SI3,FALSE,9000
2025-08-29T05:18:07.411Z,PB,2,10,99,M,I1,FALSE,6400
2025-08-29T05:18:07.411Z,PB,2,10,99,M,I2,FALSE,3300
2025-08-29T05:18:07.411Z,PB,2,10,99,M,I3,FALSE,1500
2025-08-29T05:18:07.411Z,PB,2,0.3,0.39,N,IF,FALSE,900
2025-08-29T05:18:07.411Z,PB,2,0.3,0.39,N,VVS1,FALSE,900
2025-08-29T05:18:07.411Z,PB,2,0.3,0.39,N,VVS2,FALSE,900
2025-08-29T05:18:07.411Z,PB,2,0.3,0.39,N,VS1,FALSE,800
2025-08-29T05:18:07.411Z,PB,2,0.3,0.39,N,VS2,FALSE,800
2025-08-29T05:18:07.411Z,PB,2,0.3,0.39,N,SI1,FALSE,700
2025-08-29T05:18:07.411Z,PB,2,0.3,0.39,N,SI2,FALSE,600
2025-08-29T05:18:07.411Z,PB,2,0.3,0.39,N,SI3,FALSE,500
2025-08-29T05:18:07.411Z,PB,2,0.3,0.39,N,I1,FALSE,400
2025-08-29T05:18:07.411Z,PB,2,0.3,0.39,N,I2,FALSE,300
2025-08-29T05:18:07.411Z,PB,2,0.3,0.39,N,I3,FALSE,200
2025-08-29T05:18:07.411Z,PB,2,0.4,0.49,N,IF,FALSE,1200
2025-08-29T05:18:07.411Z,PB,2,0.4,0.49,N,VVS1,FALSE,1100
2025-08-29T05:18:07.411Z,PB,2,0.4,0.49,N,VVS2,FALSE,1000
2025-08-29T05:18:07.411Z,PB,2,0.4,0.49,N,VS1,FALSE,900
2025-08-29T05:18:07.411Z,PB,2,0.4,0.49,N,VS2,FALSE,900
2025-08-29T05:18:07.411Z,PB,2,0.4,0.49,N,SI1,FALSE,800
2025-08-29T05:18:07.411Z,PB,2,0.4,0.49,N,SI2,FALSE,700
2025-08-29T05:18:07.411Z,PB,2,0.4,0.49,N,SI3,FALSE,600
2025-08-29T05:18:07.411Z,PB,2,0.4,0.49,N,I1,FALSE,500
2025-08-29T05:18:07.411Z,PB,2,0.4,0.49,N,I2,FALSE,400
2025-08-29T05:18:07.411Z,PB,2,0.4,0.49,N,I3,FALSE,300
2025-08-29T05:18:07.411Z,PB,2,0.5,0.69,N,IF,FALSE,1400
2025-08-29T05:18:07.411Z,PB,2,0.5,0.69,N,VVS1,FALSE,1300
2025-08-29T05:18:07.411Z,PB,2,0.5,0.69,N,VVS2,FALSE,1200
2025-08-29T05:18:07.411Z,PB,2,0.5,0.69,N,VS1,FALSE,1100
2025-08-29T05:18:07.411Z,PB,2,0.5,0.69,N,VS2,FALSE,1000
2025-08-29T05:18:07.411Z,PB,2,0.5,0.69,N,SI1,FALSE,1000
2025-08-29T05:18:07.411Z,PB,2,0.5,0.69,N,SI2,FALSE,900
2025-08-29T05:18:07.411Z,PB,2,0.5,0.69,N,SI3,FALSE,800
2025-08-29T05:18:07.411Z,PB,2,0.5,0.69,N,I1,FALSE,700
2025-08-29T05:18:07.411Z,PB,2,0.5,0.69,N,I2,FALSE,600
2025-08-29T05:18:07.411Z,PB,2,0.5,0.69,N,I3,FALSE,400
2025-08-29T05:18:07.411Z,PB,2,0.7,0.89,N,IF,FALSE,1800
2025-08-29T05:18:07.411Z,PB,2,0.7,0.89,N,VVS1,FALSE,1700
2025-08-29T05:18:07.411Z,PB,2,0.7,0.89,N,VVS2,FALSE,1600
2025-08-29T05:18:07.411Z,PB,2,0.7,0.89,N,VS1,FALSE,1500
2025-08-29T05:18:07.411Z,PB,2,0.7,0.89,N,VS2,FALSE,1400
2025-08-29T05:18:07.411Z,PB,2,0.7,0.89,N,SI1,FALSE,1300
2025-08-29T05:18:07.411Z,PB,2,0.7,0.89,N,SI2,FALSE,1200
2025-08-29T05:18:07.411Z,PB,2,0.7,0.89,N,SI3,FALSE,1100
2025-08-29T05:18:07.411Z,PB,2,0.7,0.89,N,I1,FALSE,900
2025-08-29T05:18:07.411Z,PB,2,0.7,0.89,N,I2,FALSE,700
2025-08-29T05:18:07.411Z,PB,2,0.7,0.89,N,I3,FALSE,500
2025-08-29T05:18:07.411Z,PB,2,0.9,0.99,N,IF,FALSE,2000
2025-08-29T05:18:07.411Z,PB,2,0.9,0.99,N,VVS1,FALSE,1900
2025-08-29T05:18:07.411Z,PB,2,0.9,0.99,N,VVS2,FALSE,1800
2025-08-29T05:18:07.411Z,PB,2,0.9,0.99,N,VS1,FALSE,1700
2025-08-29T05:18:07.411Z,PB,2,0.9,0.99,N,VS2,FALSE,1600
2025-08-29T05:18:07.411Z,PB,2,0.9,0.99,N,SI1,FALSE,1500
2025-08-29T05:18:07.411Z,PB,2,0.9,0.99,N,SI2,FALSE,1400
2025-08-29T05:18:07.411Z,PB,2,0.9,0.99,N,SI3,FALSE,1300
2025-08-29T05:18:07.411Z,PB,2,0.9,0.99,N,I1,FALSE,1100
2025-08-29T05:18:07.411Z,PB,2,0.9,0.99,N,I2,FALSE,900
2025-08-29T05:18:07.411Z,PB,2,0.9,0.99,N,I3,FALSE,700
2025-08-29T05:18:07.411Z,PB,2,1,1.49,N,IF,FALSE,2500
2025-08-29T05:18:07.411Z,PB,2,1,1.49,N,VVS1,FALSE,2300
2025-08-29T05:18:07.411Z,PB,2,1,1.49,N,VVS2,FALSE,2100
2025-08-29T05:18:07.411Z,PB,2,1,1.49,N,VS1,FALSE,2000
2025-08-29T05:18:07.411Z,PB,2,1,1.49,N,VS2,FALSE,1900
2025-08-29T05:18:07.411Z,PB,2,1,1.49,N,SI1,FALSE,1800
2025-08-29T05:18:07.411Z,PB,2,1,1.49,N,SI2,FALSE,1700
2025-08-29T05:18:07.411Z,PB,2,1,1.49,N,SI3,FALSE,1600
2025-08-29T05:18:07.411Z,PB,2,1,1.49,N,I1,FALSE,1300
2025-08-29T05:18:07.411Z,PB,2,1,1.49,N,I2,FALSE,1000
2025-08-29T05:18:07.411Z,PB,2,1,1.49,N,I3,FALSE,800
2025-08-29T05:18:07.411Z,PB,2,1.5,1.99,N,IF,FALSE,3500
2025-08-29T05:18:07.411Z,PB,2,1.5,1.99,N,VVS1,FALSE,3300
2025-08-29T05:18:07.411Z,PB,2,1.5,1.99,N,VVS2,FALSE,3200
2025-08-29T05:18:07.411Z,PB,2,1.5,1.99,N,VS1,FALSE,3100
2025-08-29T05:18:07.411Z,PB,2,1.5,1.99,N,VS2,FALSE,2900
2025-08-29T05:18:07.411Z,PB,2,1.5,1.99,N,SI1,FALSE,2700
2025-08-29T05:18:07.411Z,PB,2,1.5,1.99,N,SI2,FALSE,2500
2025-08-29T05:18:07.411Z,PB,2,1.5,1.99,N,SI3,FALSE,2400
2025-08-29T05:18:07.411Z,PB,2,1.5,1.99,N,I1,FALSE,2200
2025-08-29T05:18:07.411Z,PB,2,1.5,1.99,N,I2,FALSE,1500
2025-08-29T05:18:07.411Z,PB,2,1.5,1.99,N,I3,FALSE,1000
2025-08-29T05:18:07.411Z,PB,2,2,2.99,N,IF,FALSE,4500
2025-08-29T05:18:07.411Z,PB,2,2,2.99,N,VVS1,FALSE,4200
2025-08-29T05:18:07.411Z,PB,2,2,2.99,N,VVS2,FALSE,4000
2025-08-29T05:18:07.411Z,PB,2,2,2.99,N,VS1,FALSE,3800
2025-08-29T05:18:07.411Z,PB,2,2,2.99,N,VS2,FALSE,3600
2025-08-29T05:18:07.411Z,PB,2,2,2.99,N,SI1,FALSE,3500
2025-08-29T05:18:07.411Z,PB,2,2,2.99,N,SI2,FALSE,3300
2025-08-29T05:18:07.411Z,PB,2,2,2.99,N,SI3,FALSE,2900
2025-08-29T05:18:07.411Z,PB,2,2,2.99,N,I1,FALSE,2700
2025-08-29T05:18:07.411Z,PB,2,2,2.99,N,I2,FALSE,1800
2025-08-29T05:18:07.411Z,PB,2,2,2.99,N,I3,FALSE,1000
2025-08-29T05:18:07.411Z,PB,2,3,3.99,N,IF,FALSE,6700
2025-08-29T05:18:07.411Z,PB,2,3,3.99,N,VVS1,FALSE,6300
2025-08-29T05:18:07.411Z,PB,2,3,3.99,N,VVS2,FALSE,6000
2025-08-29T05:18:07.411Z,PB,2,3,3.99,N,VS1,FALSE,5700
2025-08-29T05:18:07.411Z,PB,2,3,3.99,N,VS2,FALSE,5400
2025-08-29T05:18:07.411Z,PB,2,3,3.99,N,SI1,FALSE,4900
2025-08-29T05:18:07.411Z,PB,2,3,3.99,N,SI2,FALSE,4600
2025-08-29T05:18:07.411Z,PB,2,3,3.99,N,SI3,FALSE,4100
2025-08-29T05:18:07.411Z,PB,2,3,3.99,N,I1,FALSE,3600
2025-08-29T05:18:07.411Z,PB,2,3,3.99,N,I2,FALSE,2100
2025-08-29T05:18:07.411Z,PB,2,3,3.99,N,I3,FALSE,1100
2025-08-29T05:18:07.411Z,PB,2,4,4.99,N,IF,FALSE,8100
2025-08-29T05:18:07.411Z,PB,2,4,4.99,N,VVS1,FALSE,7700
2025-08-29T05:18:07.411Z,PB,2,4,4.99,N,VVS2,FALSE,7400
2025-08-29T05:18:07.411Z,PB,2,4,4.99,N,VS1,FALSE,7100
2025-08-29T05:18:07.411Z,PB,2,4,4.99,N,VS2,FALSE,6800
2025-08-29T05:18:07.411Z,PB,2,4,4.99,N,SI1,FALSE,6400
2025-08-29T05:18:07.411Z,PB,2,4,4.99,N,SI2,FALSE,6100
2025-08-29T05:18:07.411Z,PB,2,4,4.99,N,SI3,FALSE,4700
2025-08-29T05:18:07.411Z,PB,2,4,4.99,N,I1,FALSE,3900
2025-08-29T05:18:07.411Z,PB,2,4,4.99,N,I2,FALSE,2200
2025-08-29T05:18:07.411Z,PB,2,4,4.99,N,I3,FALSE,1200
2025-08-29T05:18:07.411Z,PB,2,5,9.99,N,IF,FALSE,11500
2025-08-29T05:18:07.411Z,PB,2,5,9.99,N,VVS1,FALSE,11000
2025-08-29T05:18:07.411Z,PB,2,5,9.99,N,VVS2,FALSE,10500
2025-08-29T05:18:07.411Z,PB,2,5,9.99,N,VS1,FALSE,9500
2025-08-29T05:18:07.411Z,PB,2,5,9.99,N,VS2,FALSE,9000
2025-08-29T05:18:07.411Z,PB,2,5,9.99,N,SI1,FALSE,8500
2025-08-29T05:18:07.411Z,PB,2,5,9.99,N,SI2,FALSE,8000
2025-08-29T05:18:07.411Z,PB,2,5,9.99,N,SI3,FALSE,6100
2025-08-29T05:18:07.411Z,PB,2,5,9.99,N,I1,FALSE,4600
2025-08-29T05:18:07.411Z,PB,2,5,9.99,N,I2,FALSE,2300
2025-08-29T05:18:07.411Z,PB,2,5,9.99,N,I3,FALSE,1300
2025-08-29T05:18:07.411Z,PB,2,10,99,N,IF,FALSE,17500
2025-08-29T05:18:07.411Z,PB,2,10,99,N,VVS1,FALSE,16500
2025-08-29T05:18:07.411Z,PB,2,10,99,N,VVS2,FALSE,15500
2025-08-29T05:18:07.411Z,PB,2,10,99,N,VS1,FALSE,14500
2025-08-29T05:18:07.411Z,PB,2,10,99,N,VS2,FALSE,13500
2025-08-29T05:18:07.411Z,PB,2,10,99,N,SI1,FALSE,12500
2025-08-29T05:18:07.411Z,PB,2,10,99,N,SI2,FALSE,11500
2025-08-29T05:18:07.411Z,PB,2,10,99,N,SI3,FALSE,9000
2025-08-29T05:18:07.411Z,PB,2,10,99,N,I1,FALSE,6400
2025-08-29T05:18:07.411Z,PB,2,10,99,N,I2,FALSE,3300
2025-08-29T05:18:07.411Z,PB,2,10,99,N,I3,FALSE,1500
2025-08-29T05:18:07.411Z,PB,2,0.3,0.39,O-P,IF,FALSE,900
2025-08-29T05:18:07.411Z,PB,2,0.3,0.39,O-P,VVS1,FALSE,900
2025-08-29T05:18:07.411Z,PB,2,0.3,0.39,O-P,VVS2,FALSE,900
2025-08-29T05:18:07.411Z,PB,2,0.3,0.39,O-P,VS1,FALSE,800
2025-08-29T05:18:07.411Z,PB,2,0.3,0.39,O-P,VS2,FALSE,800
2025-08-29T05:18:07.411Z,PB,2,0.3,0.39,O-P,SI1,FALSE,700
2025-08-29T05:18:07.411Z,PB,2,0.3,0.39,O-P,SI2,FALSE,600
2025-08-29T05:18:07.411Z,PB,2,0.3,0.39,O-P,SI3,FALSE,500
2025-08-29T05:18:07.411Z,PB,2,0.3,0.39,O-P,I1,FALSE,400
2025-08-29T05:18:07.411Z,PB,2,0.3,0.39,O-P,I2,FALSE,300
2025-08-29T05:18:07.411Z,PB,2,0.3,0.39,O-P,I3,FALSE,200
2025-08-29T05:18:07.411Z,PB,2,0.4,0.49,O-P,IF,FALSE,1200
2025-08-29T05:18:07.411Z,PB,2,0.4,0.49,O-P,VVS1,FALSE,1100
2025-08-29T05:18:07.411Z,PB,2,0.4,0.49,O-P,VVS2,FALSE,1000
2025-08-29T05:18:07.411Z,PB,2,0.4,0.49,O-P,VS1,FALSE,900
2025-08-29T05:18:07.411Z,PB,2,0.4,0.49,O-P,VS2,FALSE,900
2025-08-29T05:18:07.411Z,PB,2,0.4,0.49,O-P,SI1,FALSE,800
2025-08-29T05:18:07.411Z,PB,2,0.4,0.49,O-P,SI2,FALSE,700
2025-08-29T05:18:07.411Z,PB,2,0.4,0.49,O-P,SI3,FALSE,600
2025-08-29T05:18:07.411Z,PB,2,0.4,0.49,O-P,I1,FALSE,500
2025-08-29T05:18:07.411Z,PB,2,0.4,0.49,O-P,I2,FALSE,400
2025-08-29T05:18:07.411Z,PB,2,0.4,0.49,O-P,I3,FALSE,300
2025-08-29T05:18:07.411Z,PB,2,0.5,0.69,O-P,IF,FALSE,1400
2025-08-29T05:18:07.411Z,PB,2,0.5,0.69,O-P,VVS1,FALSE,1300
2025-08-29T05:18:07.411Z,PB,2,0.5,0.69,O-P,VVS2,FALSE,1200
2025-08-29T05:18:07.411Z,PB,2,0.5,0.69,O-P,VS1,FALSE,1100
2025-08-29T05:18:07.411Z,PB,2,0.5,0.69,O-P,VS2,FALSE,1000
2025-08-29T05:18:07.411Z,PB,2,0.5,0.69,O-P,SI1,FALSE,1000
2025-08-29T05:18:07.411Z,PB,2,0.5,0.69,O-P,SI2,FALSE,900
2025-08-29T05:18:07.411Z,PB,2,0.5,0.69,O-P,SI3,FALSE,800
2025-08-29T05:18:07.411Z,PB,2,0.5,0.69,O-P,I1,FALSE,700
2025-08-29T05:18:07.411Z,PB,2,0.5,0.69,O-P,I2,FALSE,600
2025-08-29T05:18:07.411Z,PB,2,0.5,0.69,O-P,I3,FALSE,400
2025-08-29T05:18:07.411Z,PB,2,0.7,0.89,O-P,IF,FALSE,1800
2025-08-29T05:18:07.411Z,PB,2,0.7,0.89,O-P,VVS1,FALSE,1700
2025-08-29T05:18:07.411Z,PB,2,0.7,0.89,O-P,VVS2,FALSE,1600
2025-08-29T05:18:07.411Z,PB,2,0.7,0.89,O-P,VS1,FALSE,1500
2025-08-29T05:18:07.411Z,PB,2,0.7,0.89,O-P,VS2,FALSE,1400
2025-08-29T05:18:07.411Z,PB,2,0.7,0.89,O-P,SI1,FALSE,1300
2025-08-29T05:18:07.411Z,PB,2,0.7,0.89,O-P,SI2,FALSE,1200
2025-08-29T05:18:07.411Z,PB,2,0.7,0.89,O-P,SI3,FALSE,1100
2025-08-29T05:18:07.411Z,PB,2,0.7,0.89,O-P,I1,FALSE,900
2025-08-29T05:18:07.411Z,PB,2,0.7,0.89,O-P,I2,FALSE,700
2025-08-29T05:18:07.411Z,PB,2,0.7,0.89,O-P,I3,FALSE,500
2025-08-29T05:18:07.411Z,PB,2,0.9,0.99,O-P,IF,FALSE,2000
2025-08-29T05:18:07.411Z,PB,2,0.9,0.99,O-P,VVS1,FALSE,1900
2025-08-29T05:18:07.411Z,PB,2,0.9,0.99,O-P,VVS2,FALSE,1800
2025-08-29T05:18:07.411Z,PB,2,0.9,0.99,O-P,VS1,FALSE,1700
2025-08-29T05:18:07.411Z,PB,2,0.9,0.99,O-P,VS2,FALSE,1600
2025-08-29T05:18:07.411Z,PB,2,0.9,0.99,O-P,SI1,FALSE,1500
2025-08-29T05:18:07.411Z,PB,2,0.9,0.99,O-P,SI2,FALSE,1400
2025-08-29T05:18:07.411Z,PB,2,0.9,0.99,O-P,SI3,FALSE,1300
2025-08-29T05:18:07.411Z,PB,2,0.9,0.99,O-P,I1,FALSE,1100
2025-08-29T05:18:07.411Z,PB,2,0.9,0.99,O-P,I2,FALSE,900
2025-08-29T05:18:07.411Z,PB,2,0.9,0.99,O-P,I3,FALSE,700
2025-08-29T05:18:07.411Z,PB,2,1,1.49,O-P,IF,FALSE,2500
2025-08-29T05:18:07.411Z,PB,2,1,1.49,O-P,VVS1,FALSE,2300
2025-08-29T05:18:07.411Z,PB,2,1,1.49,O-P,VVS2,FALSE,2100
2025-08-29T05:18:07.411Z,PB,2,1,1.49,O-P,VS1,FALSE,2000
2025-08-29T05:18:07.411Z,PB,2,1,1.49,O-P,VS2,FALSE,1900
2025-08-29T05:18:07.411Z,PB,2,1,1.49,O-P,SI1,FALSE,1800
2025-08-29T05:18:07.411Z,PB,2,1,1.49,O-P,SI2,FALSE,1700
2025-08-29T05:18:07.411Z,PB,2,1,1.49,O-P,SI3,FALSE,1600
2025-08-29T05:18:07.411Z,PB,2,1,1.49,O-P,I1,FALSE,1300
2025-08-29T05:18:07.411Z,PB,2,1,1.49,O-P,I2,FALSE,1000
2025-08-29T05:18:07.411Z,PB,2,1,1.49,O-P,I3,FALSE,800
2025-08-29T05:18:07.411Z,PB,2,1.5,1.99,O-P,IF,FALSE,3500
2025-08-29T05:18:07.411Z,PB,2,1.5,1.99,O-P,VVS1,FALSE,3300
2025-08-29T05:18:07.411Z,PB,2,1.5,1.99,O-P,VVS2,FALSE,3200
2025-08-29T05:18:07.411Z,PB,2,1.5,1.99,O-P,VS1,FALSE,3100
2025-08-29T05:18:07.411Z,PB,2,1.5,1.99,O-P,VS2,FALSE,2900
2025-08-29T05:18:07.411Z,PB,2,1.5,1.99,O-P,SI1,FALSE,2700
2025-08-29T05:18:07.411Z,PB,2,1.5,1.99,O-P,SI2,FALSE,2500
2025-08-29T05:18:07.411Z,PB,2,1.5,1.99,O-P,SI3,FALSE,2400
2025-08-29T05:18:07.411Z,PB,2,1.5,1.99,O-P,I1,FALSE,2200
2025-08-29T05:18:07.411Z,PB,2,1.5,1.99,O-P,I2,FALSE,1500
2025-08-29T05:18:07.411Z,PB,2,1.5,1.99,O-P,I3,FALSE,1000
2025-08-29T05:18:07.411Z,PB,2,2,2.99,O-P,IF,FALSE,4500
2025-08-29T05:18:07.411Z,PB,2,2,2.99,O-P,VVS1,FALSE,4200
2025-08-29T05:18:07.411Z,PB,2,2,2.99,O-P,VVS2,FALSE,4000
2025-08-29T05:18:07.411Z,PB,2,2,2.99,O-P,VS1,FALSE,3800
2025-08-29T05:18:07.411Z,PB,2,2,2.99,O-P,VS2,FALSE,3600
2025-08-29T05:18:07.411Z,PB,2,2,2.99,O-P,SI1,FALSE,3500
2025-08-29T05:18:07.411Z,PB,2,2,2.99,O-P,SI2,FALSE,3300
2025-08-29T05:18:07.411Z,PB,2,2,2.99,O-P,SI3,FALSE,2900
2025-08-29T05:18:07.411Z,PB,2,2,2.99,O-P,I1,FALSE,2700
2025-08-29T05:18:07.411Z,PB,2,2,2.99,O-P,I2,FALSE,1800
2025-08-29T05:18:07.411Z,PB,2,2,2.99,O-P,I3,FALSE,1000
2025-08-29T05:18:07.411Z,PB,2,3,3.99,O-P,IF,FALSE,6700
2025-08-29T05:18:07.411Z,PB,2,3,3.99,O-P,VVS1,FALSE,6300
2025-08-29T05:18:07.411Z,PB,2,3,3.99,O-P,VVS2,FALSE,6000
2025-08-29T05:18:07.411Z,PB,2,3,3.99,O-P,VS1,FALSE,5700
2025-08-29T05:18:07.411Z,PB,2,3,3.99,O-P,VS2,FALSE,5400
2025-08-29T05:18:07.411Z,PB,2,3,3.99,O-P,SI1,FALSE,4900
2025-08-29T05:18:07.411Z,PB,2,3,3.99,O-P,SI2,FALSE,4600
2025-08-29T05:18:07.411Z,PB,2,3,3.99,O-P,SI3,FALSE,4100
2025-08-29T05:18:07.411Z,PB,2,3,3.99,O-P,I1,FALSE,3600
2025-08-29T05:18:07.411Z,PB,2,3,3.99,O-P,I2,FALSE,2100
2025-08-29T05:18:07.411Z,PB,2,3,3.99,O-P,I3,FALSE,1100
2025-08-29T05:18:07.411Z,PB,2,4,4.99,O-P,IF,FALSE,8100
2025-08-29T05:18:07.411Z,PB,2,4,4.99,O-P,VVS1,FALSE,7700
2025-08-29T05:18:07.411Z,PB,2,4,4.99,O-P,VVS2,FALSE,7400
2025-08-29T05:18:07.411Z,PB,2,4,4.99,O-P,VS1,FALSE,7100
2025-08-29T05:18:07.411Z,PB,2,4,4.99,O-P,VS2,FALSE,6800
2025-08-29T05:18:07.411Z,PB,2,4,4.99,O-P,SI1,FALSE,6400
2025-08-29T05:18:07.411Z,PB,2,4,4.99,O-P,SI2,FALSE,6100
2025-08-29T05:18:07.411Z,PB,2,4,4.99,O-P,SI3,FALSE,4700
2025-08-29T05:18:07.411Z,PB,2,4,4.99,O-P,I1,FALSE,3900
2025-08-29T05:18:07.411Z,PB,2,4,4.99,O-P,I2,FALSE,2200
2025-08-29T05:18:07.411Z,PB,2,4,4.99,O-P,I3,FALSE,1200
2025-08-29T05:18:07.411Z,PB,2,5,9.99,O-P,IF,FALSE,11500
2025-08-29T05:18:07.411Z,PB,2,5,9.99,O-P,VVS1,FALSE,11000
2025-08-29T05:18:07.411Z,PB,2,5,9.99,O-P,VVS2,FALSE,10500
2025-08-29T05:18:07.411Z,PB,2,5,9.99,O-P,VS1,FALSE,9500
2025-08-29T05:18:07.411Z,PB,2,5,9.99,O-P,VS2,FALSE,9000
2025-08-29T05:18:07.411Z,PB,2,5,9.99,O-P,SI1,FALSE,8500
2025-08-29T05:18:07.411Z,PB,2,5,9.99,O-P,SI2,FALSE,8000
2025-08-29T05:18:07.411Z,PB,2,5,9.99,O-P,SI3,FALSE,6100
2025-08-29T05:18:07.411Z,PB,2,5,9.99,O-P,I1,FALSE,4600
2025-08-29T05:18:07.411Z,PB,2,5,9.99,O-P,I2,FALSE,2300
2025-08-29T05:18:07.411Z,PB,2,5,9.99,O-P,I3,FALSE,1300
2025-08-29T05:18:07.411Z,PB,2,10,99,O-P,IF,FALSE,17500
2025-08-29T05:18:07.411Z,PB,2,10,99,O-P,VVS1,FALSE,16500
2025-08-29T05:18:07.411Z,PB,2,10,99,O-P,VVS2,FALSE,15500
2025-08-29T05:18:07.411Z,PB,2,10,99,O-P,VS1,FALSE,14500
2025-08-29T05:18:07.411Z,PB,2,10,99,O-P,VS2,FALSE,13500
2025-08-29T05:18:07.411Z,PB,2,10,99,O-P,SI1,FALSE,12500
2025-08-29T05:18:07.411Z,PB,2,10,99,O-P,SI2,FALSE,11500
2025-08-29T05:18:07.411Z,PB,2,10,99,O-P,SI3,FALSE,9000
2025-08-29T05:18:07.411Z,PB,2,10,99,O-P,I1,FALSE,6400
2025-08-29T05:18:07.411Z,PB,2,10,99,O-P,I2,FALSE,3300
2025-08-29T05:18:07.411Z,PB,2,10,99,O-P,I3,FALSE,1500
2025-08-29T05:18:07.411Z,PB,2,0.3,0.39,Q-R,IF,FALSE,900
2025-08-29T05:18:07.411Z,PB,2,0.3,0.39,Q-R,VVS1,FALSE,900
2025-08-29T05:18:07.411Z,PB,2,0.3,0.39,Q-R,VVS2,FALSE,900
2025-08-29T05:18:07.411Z,PB,2,0.3,0.39,Q-R,VS1,FALSE,800
2025-08-29T05:18:07.411Z,PB,2,0.3,0.39,Q-R,VS2,FALSE,800
2025-08-29T05:18:07.411Z,PB,2,0.3,0.39,Q-R,SI1,FALSE,700
2025-08-29T05:18:07.411Z,PB,2,0.3,0.39,Q-R,SI2,FALSE,600
2025-08-29T05:18:07.411Z,PB,2,0.3,0.39,Q-R,SI3,FALSE,500
2025-08-29T05:18:07.411Z,PB,2,0.3,0.39,Q-R,I1,FALSE,400
2025-08-29T05:18:07.411Z,PB,2,0.3,0.39,Q-R,I2,FALSE,300
2025-08-29T05:18:07.411Z,PB,2,0.3,0.39,Q-R,I3,FALSE,200
2025-08-29T05:18:07.411Z,PB,2,0.4,0.49,Q-R,IF,FALSE,1200
2025-08-29T05:18:07.411Z,PB,2,0.4,0.49,Q-R,VVS1,FALSE,1100
2025-08-29T05:18:07.411Z,PB,2,0.4,0.49,Q-R,VVS2,FALSE,1000
2025-08-29T05:18:07.411Z,PB,2,0.4,0.49,Q-R,VS1,FALSE,900
2025-08-29T05:18:07.411Z,PB,2,0.4,0.49,Q-R,VS2,FALSE,900
2025-08-29T05:18:07.411Z,PB,2,0.4,0.49,Q-R,SI1,FALSE,800
2025-08-29T05:18:07.411Z,PB,2,0.4,0.49,Q-R,SI2,FALSE,700
2025-08-29T05:18:07.411Z,PB,2,0.4,0.49,Q-R,SI3,FALSE,600
2025-08-29T05:18:07.411Z,PB,2,0.4,0.49,Q-R,I1,FALSE,500
2025-08-29T05:18:07.411Z,PB,2,0.4,0.49,Q-R,I2,FALSE,400
2025-08-29T05:18:07.411Z,PB,2,0.4,0.49,Q-R,I3,FALSE,300
2025-08-29T05:18:07.411Z,PB,2,0.5,0.69,Q-R,IF,FALSE,1400
2025-08-29T05:18:07.411Z,PB,2,0.5,0.69,Q-R,VVS1,FALSE,1300
2025-08-29T05:18:07.411Z,PB,2,0.5,0.69,Q-R,VVS2,FALSE,1200
2025-08-29T05:18:07.411Z,PB,2,0.5,0.69,Q-R,VS1,FALSE,1100
2025-08-29T05:18:07.411Z,PB,2,0.5,0.69,Q-R,VS2,FALSE,1000
2025-08-29T05:18:07.411Z,PB,2,0.5,0.69,Q-R,SI1,FALSE,1000
2025-08-29T05:18:07.411Z,PB,2,0.5,0.69,Q-R,SI2,FALSE,900
2025-08-29T05:18:07.411Z,PB,2,0.5,0.69,Q-R,SI3,FALSE,800
2025-08-29T05:18:07.411Z,PB,2,0.5,0.69,Q-R,I1,FALSE,700
2025-08-29T05:18:07.411Z,PB,2,0.5,0.69,Q-R,I2,FALSE,600
2025-08-29T05:18:07.411Z,PB,2,0.5,0.69,Q-R,I3,FALSE,400
2025-08-29T05:18:07.411Z,PB,2,0.7,0.89,Q-R,IF,FALSE,1800
2025-08-29T05:18:07.411Z,PB,2,0.7,0.89,Q-R,VVS1,FALSE,1700
2025-08-29T05:18:07.411Z,PB,2,0.7,0.89,Q-R,VVS2,FALSE,1600
2025-08-29T05:18:07.411Z,PB,2,0.7,0.89,Q-R,VS1,FALSE,1500
2025-08-29T05:18:07.411Z,PB,2,0.7,0.89,Q-R,VS2,FALSE,1400
2025-08-29T05:18:07.411Z,PB,2,0.7,0.89,Q-R,SI1,FALSE,1300
2025-08-29T05:18:07.411Z,PB,2,0.7,0.89,Q-R,SI2,FALSE,1200
2025-08-29T05:18:07.411Z,PB,2,0.7,0.89,Q-R,SI3,FALSE,1100
2025-08-29T05:18:07.411Z,PB,2,0.7,0.89,Q-R,I1,FALSE,900
2025-08-29T05:18:07.411Z,PB,2,0.7,0.89,Q-R,I2,FALSE,700
2025-08-29T05:18:07.411Z,PB,2,0.7,0.89,Q-R,I3,FALSE,500
2025-08-29T05:18:07.411Z,PB,2,0.9,0.99,Q-R,IF,FALSE,2000
2025-08-29T05:18:07.411Z,PB,2,0.9,0.99,Q-R,VVS1,FALSE,1900
2025-08-29T05:18:07.411Z,PB,2,0.9,0.99,Q-R,VVS2,FALSE,1800
2025-08-29T05:18:07.411Z,PB,2,0.9,0.99,Q-R,VS1,FALSE,1700
2025-08-29T05:18:07.411Z,PB,2,0.9,0.99,Q-R,VS2,FALSE,1600
2025-08-29T05:18:07.411Z,PB,2,0.9,0.99,Q-R,SI1,FALSE,1500
2025-08-29T05:18:07.411Z,PB,2,0.9,0.99,Q-R,SI2,FALSE,1400
2025-08-29T05:18:07.411Z,PB,2,0.9,0.99,Q-R,SI3,FALSE,1300
2025-08-29T05:18:07.411Z,PB,2,0.9,0.99,Q-R,I1,FALSE,1100
2025-08-29T05:18:07.411Z,PB,2,0.9,0.99,Q-R,I2,FALSE,900
2025-08-29T05:18:07.411Z,PB,2,0.9,0.99,Q-R,I3,FALSE,700
2025-08-29T05:18:07.411Z,PB,2,1,1.49,Q-R,IF,FALSE,2500
2025-08-29T05:18:07.411Z,PB,2,1,1.49,Q-R,VVS1,FALSE,2300
2025-08-29T05:18:07.411Z,PB,2,1,1.49,Q-R,VVS2,FALSE,2100
2025-08-29T05:18:07.411Z,PB,2,1,1.49,Q-R,VS1,FALSE,2000
2025-08-29T05:18:07.411Z,PB,2,1,1.49,Q-R,VS2,FALSE,1900
2025-08-29T05:18:07.411Z,PB,2,1,1.49,Q-R,SI1,FALSE,1800
2025-08-29T05:18:07.411Z,PB,2,1,1.49,Q-R,SI2,FALSE,1700
2025-08-29T05:18:07.411Z,PB,2,1,1.49,Q-R,SI3,FALSE,1600
2025-08-29T05:18:07.411Z,PB,2,1,1.49,Q-R,I1,FALSE,1300
2025-08-29T05:18:07.411Z,PB,2,1,1.49,Q-R,I2,FALSE,1000
2025-08-29T05:18:07.411Z,PB,2,1,1.49,Q-R,I3,FALSE,800
2025-08-29T05:18:07.411Z,PB,2,1.5,1.99,Q-R,IF,FALSE,3500
2025-08-29T05:18:07.411Z,PB,2,1.5,1.99,Q-R,VVS1,FALSE,3300
2025-08-29T05:18:07.411Z,PB,2,1.5,1.99,Q-R,VVS2,FALSE,3200
2025-08-29T05:18:07.411Z,PB,2,1.5,1.99,Q-R,VS1,FALSE,3100
2025-08-29T05:18:07.411Z,PB,2,1.5,1.99,Q-R,VS2,FALSE,2900
2025-08-29T05:18:07.411Z,PB,2,1.5,1.99,Q-R,SI1,FALSE,2700
2025-08-29T05:18:07.411Z,PB,2,1.5,1.99,Q-R,SI2,FALSE,2500
2025-08-29T05:18:07.411Z,PB,2,1.5,1.99,Q-R,SI3,FALSE,2400
2025-08-29T05:18:07.411Z,PB,2,1.5,1.99,Q-R,I1,FALSE,2200
2025-08-29T05:18:07.411Z,PB,2,1.5,1.99,Q-R,I2,FALSE,1500
2025-08-29T05:18:07.411Z,PB,2,1.5,1.99,Q-R,I3,FALSE,1000
2025-08-29T05:18:07.411Z,PB,2,2,2.99,Q-R,IF,FALSE,4500
2025-08-29T05:18:07.411Z,PB,2,2,2.99,Q-R,VVS1,FALSE,4200
2025-08-29T05:18:07.411Z,PB,2,2,2.99,Q-R,VVS2,FALSE,4000
2025-08-29T05:18:07.411Z,PB,2,2,2.99,Q-R,VS1,FALSE,3800
2025-08-29T05:18:07.411Z,PB,2,2,2.99,Q-R,VS2,FALSE,3600
2025-08-29T05:18:07.411Z,PB,2,2,2.99,Q-R,SI1,FALSE,3500
2025-08-29T05:18:07.411Z,PB,2,2,2.99,Q-R,SI2,FALSE,3300
2025-08-29T05:18:07.411Z,PB,2,2,2.99,Q-R,SI3,FALSE,2900
2025-08-29T05:18:07.411Z,PB,2,2,2.99,Q-R,I1,FALSE,2700
2025-08-29T05:18:07.411Z,PB,2,2,2.99,Q-R,I2,FALSE,1800
2025-08-29T05:18:07.411Z,PB,2,2,2.99,Q-R,I3,FALSE,1000
2025-08-29T05:18:07.411Z,PB,2,3,3.99,Q-R,IF,FALSE,6700
2025-08-29T05:18:07.411Z,PB,2,3,3.99,Q-R,VVS1,FALSE,6300
2025-08-29T05:18:07.411Z,PB,2,3,3.99,Q-R,VVS2,FALSE,6000
2025-08-29T05:18:07.411Z,PB,2,3,3.99,Q-R,VS1,FALSE,5700
2025-08-29T05:18:07.411Z,PB,2,3,3.99,Q-R,VS2,FALSE,5400
2025-08-29T05:18:07.411Z,PB,2,3,3.99,Q-R,SI1,FALSE,4900
2025-08-29T05:18:07.411Z,PB,2,3,3.99,Q-R,SI2,FALSE,4600
2025-08-29T05:18:07.411Z,PB,2,3,3.99,Q-R,SI3,FALSE,4100
2025-08-29T05:18:07.411Z,PB,2,3,3.99,Q-R,I1,FALSE,3600
2025-08-29T05:18:07.411Z,PB,2,3,3.99,Q-R,I2,FALSE,2100
2025-08-29T05:18:07.411Z,PB,2,3,3.99,Q-R,I3,FALSE,1100
2025-08-29T05:18:07.411Z,PB,2,4,4.99,Q-R,IF,FALSE,8100
2025-08-29T05:18:07.411Z,PB,2,4,4.99,Q-R,VVS1,FALSE,7700
2025-08-29T05:18:07.411Z,PB,2,4,4.99,Q-R,VVS2,FALSE,7400
2025-08-29T05:18:07.411Z,PB,2,4,4.99,Q-R,VS1,FALSE,7100
2025-08-29T05:18:07.411Z,PB,2,4,4.99,Q-R,VS2,FALSE,6800
2025-08-29T05:18:07.411Z,PB,2,4,4.99,Q-R,SI1,FALSE,6400
2025-08-29T05:18:07.411Z,PB,2,4,4.99,Q-R,SI2,FALSE,6100
2025-08-29T05:18:07.411Z,PB,2,4,4.99,Q-R,SI3,FALSE,4700
2025-08-29T05:18:07.411Z,PB,2,4,4.99,Q-R,I1,FALSE,3900
2025-08-29T05:18:07.411Z,PB,2,4,4.99,Q-R,I2,FALSE,2200
2025-08-29T05:18:07.411Z,PB,2,4,4.99,Q-R,I3,FALSE,1200
2025-08-29T05:18:07.411Z,PB,2,5,9.99,Q-R,IF,FALSE,11500
2025-08-29T05:18:07.411Z,PB,2,5,9.99,Q-R,VVS1,FALSE,11000
2025-08-29T05:18:07.411Z,PB,2,5,9.99,Q-R,VVS2,FALSE,10500
2025-08-29T05:18:07.411Z,PB,2,5,9.99,Q-R,VS1,FALSE,9500
2025-08-29T05:18:07.411Z,PB,2,5,9.99,Q-R,VS2,FALSE,9000
2025-08-29T05:18:07.411Z,PB,2,5,9.99,Q-R,SI1,FALSE,8500
2025-08-29T05:18:07.411Z,PB,2,5,9.99,Q-R,SI2,FALSE,8000
2025-08-29T05:18:07.411Z,PB,2,5,9.99,Q-R,SI3,FALSE,6100
2025-08-29T05:18:07.411Z,PB,2,5,9.99,Q-R,I1,FALSE,4600
2025-08-29T05:18:07.411Z,PB,2,5,9.99,Q-R,I2,FALSE,2300
2025-08-29T05:18:07.411Z,PB,2,5,9.99,Q-R,I3,FALSE,1300
2025-08-29T05:18:07.411Z,PB,2,10,99,Q-R,IF,FALSE,17500
2025-08-29T05:18:07.411Z,PB,2,10,99,Q-R,VVS1,FALSE,16500
2025-08-29T05:18:07.411Z,PB,2,10,99,Q-R,VVS2,FALSE,15500
2025-08-29T05:18:07.411Z,PB,2,10,99,Q-R,VS1,FALSE,14500
2025-08-29T05:18:07.411Z,PB,2,10,99,Q-R,VS2,FALSE,13500
2025-08-29T05:18:07.411Z,PB,2,10,99,Q-R,SI1,FALSE,12500
2025-08-29T05:18:07.411Z,PB,2,10,99,Q-R,SI2,FALSE,11500
2025-08-29T05:18:07.411Z,PB,2,10,99,Q-R,SI3,FALSE,9000
2025-08-29T05:18:07.411Z,PB,2,10,99,Q-R,I1,FALSE,6400
2025-08-29T05:18:07.411Z,PB,2,10,99,Q-R,I2,FALSE,3300
2025-08-29T05:18:07.411Z,PB,2,10,99,Q-R,I3,FALSE,1500
2025-08-29T05:18:07.411Z,PB,2,0.3,0.39,S-T,IF,FALSE,900
2025-08-29T05:18:07.411Z,PB,2,0.3,0.39,S-T,VVS1,FALSE,900
2025-08-29T05:18:07.411Z,PB,2,0.3,0.39,S-T,VVS2,FALSE,900
2025-08-29T05:18:07.411Z,PB,2,0.3,0.39,S-T,VS1,FALSE,800
2025-08-29T05:18:07.411Z,PB,2,0.3,0.39,S-T,VS2,FALSE,800
2025-08-29T05:18:07.411Z,PB,2,0.3,0.39,S-T,SI1,FALSE,700
2025-08-29T05:18:07.411Z,PB,2,0.3,0.39,S-T,SI2,FALSE,600
2025-08-29T05:18:07.411Z,PB,2,0.3,0.39,S-T,SI3,FALSE,500
2025-08-29T05:18:07.411Z,PB,2,0.3,0.39,S-T,I1,FALSE,400
2025-08-29T05:18:07.411Z,PB,2,0.3,0.39,S-T,I2,FALSE,300
2025-08-29T05:18:07.411Z,PB,2,0.3,0.39,S-T,I3,FALSE,200
2025-08-29T05:18:07.411Z,PB,2,0.4,0.49,S-T,IF,FALSE,1200
2025-08-29T05:18:07.411Z,PB,2,0.4,0.49,S-T,VVS1,FALSE,1100
2025-08-29T05:18:07.411Z,PB,2,0.4,0.49,S-T,VVS2,FALSE,1000
2025-08-29T05:18:07.411Z,PB,2,0.4,0.49,S-T,VS1,FALSE,900
2025-08-29T05:18:07.411Z,PB,2,0.4,0.49,S-T,VS2,FALSE,900
2025-08-29T05:18:07.411Z,PB,2,0.4,0.49,S-T,SI1,FALSE,800
2025-08-29T05:18:07.411Z,PB,2,0.4,0.49,S-T,SI2,FALSE,700
2025-08-29T05:18:07.411Z,PB,2,0.4,0.49,S-T,SI3,FALSE,600
2025-08-29T05:18:07.411Z,PB,2,0.4,0.49,S-T,I1,FALSE,500
2025-08-29T05:18:07.411Z,PB,2,0.4,0.49,S-T,I2,FALSE,400
2025-08-29T05:18:07.411Z,PB,2,0.4,0.49,S-T,I3,FALSE,300
2025-08-29T05:18:07.411Z,PB,2,0.5,0.69,S-T,IF,FALSE,1400
2025-08-29T05:18:07.411Z,PB,2,0.5,0.69,S-T,VVS1,FALSE,1300
2025-08-29T05:18:07.411Z,PB,2,0.5,0.69,S-T,VVS2,FALSE,1200
2025-08-29T05:18:07.411Z,PB,2,0.5,0.69,S-T,VS1,FALSE,1100
2025-08-29T05:18:07.411Z,PB,2,0.5,0.69,S-T,VS2,FALSE,1000
2025-08-29T05:18:07.411Z,PB,2,0.5,0.69,S-T,SI1,FALSE,1000
2025-08-29T05:18:07.411Z,PB,2,0.5,0.69,S-T,SI2,FALSE,900
2025-08-29T05:18:07.411Z,PB,2,0.5,0.69,S-T,SI3,FALSE,800
2025-08-29T05:18:07.411Z,PB,2,0.5,0.69,S-T,I1,FALSE,700
2025-08-29T05:18:07.411Z,PB,2,0.5,0.69,S-T,I2,FALSE,600
2025-08-29T05:18:07.411Z,PB,2,0.5,0.69,S-T,I3,FALSE,400
2025-08-29T05:18:07.411Z,PB,2,0.7,0.89,S-T,IF,FALSE,1800
2025-08-29T05:18:07.411Z,PB,2,0.7,0.89,S-T,VVS1,FALSE,1700
2025-08-29T05:18:07.411Z,PB,2,0.7,0.89,S-T,VVS2,FALSE,1600
2025-08-29T05:18:07.411Z,PB,2,0.7,0.89,S-T,VS1,FALSE,1500
2025-08-29T05:18:07.411Z,PB,2,0.7,0.89,S-T,VS2,FALSE,1400
2025-08-29T05:18:07.411Z,PB,2,0.7,0.89,S-T,SI1,FALSE,1300
2025-08-29T05:18:07.411Z,PB,2,0.7,0.89,S-T,SI2,FALSE,1200
2025-08-29T05:18:07.411Z,PB,2,0.7,0.89,S-T,SI3,FALSE,1100
2025-08-29T05:18:07.411Z,PB,2,0.7,0.89,S-T,I1,FALSE,900
2025-08-29T05:18:07.411Z,PB,2,0.7,0.89,S-T,I2,FALSE,700
2025-08-29T05:18:07.411Z,PB,2,0.7,0.89,S-T,I3,FALSE,500
2025-08-29T05:18:07.411Z,PB,2,0.9,0.99,S-T,IF,FALSE,2000
2025-08-29T05:18:07.411Z,PB,2,0.9,0.99,S-T,VVS1,FALSE,1900
2025-08-29T05:18:07.411Z,PB,2,0.9,0.99,S-T,VVS2,FALSE,1800
2025-08-29T05:18:07.411Z,PB,2,0.9,0.99,S-T,VS1,FALSE,1700
2025-08-29T05:18:07.411Z,PB,2,0.9,0.99,S-T,VS2,FALSE,1600
2025-08-29T05:18:07.411Z,PB,2,0.9,0.99,S-T,SI1,FALSE,1500
2025-08-29T05:18:07.411Z,PB,2,0.9,0.99,S-T,SI2,FALSE,1400
2025-08-29T05:18:07.411Z,PB,2,0.9,0.99,S-T,SI3,FALSE,1300
2025-08-29T05:18:07.411Z,PB,2,0.9,0.99,S-T,I1,FALSE,1100
2025-08-29T05:18:07.411Z,PB,2,0.9,0.99,S-T,I2,FALSE,900
2025-08-29T05:18:07.411Z,PB,2,0.9,0.99,S-T,I3,FALSE,700
2025-08-29T05:18:07.411Z,PB,2,1,1.49,S-T,IF,FALSE,2500
2025-08-29T05:18:07.411Z,PB,2,1,1.49,S-T,VVS1,FALSE,2300
2025-08-29T05:18:07.411Z,PB,2,1,1.49,S-T,VVS2,FALSE,2100
2025-08-29T05:18:07.411Z,PB,2,1,1.49,S-T,VS1,FALSE,2000
2025-08-29T05:18:07.411Z,PB,2,1,1.49,S-T,VS2,FALSE,1900
2025-08-29T05:18:07.411Z,PB,2,1,1.49,S-T,SI1,FALSE,1800
2025-08-29T05:18:07.411Z,PB,2,1,1.49,S-T,SI2,FALSE,1700
2025-08-29T05:18:07.411Z,PB,2,1,1.49,S-T,SI3,FALSE,1600
2025-08-29T05:18:07.411Z,PB,2,1,1.49,S-T,I1,FALSE,1300
2025-08-29T05:18:07.411Z,PB,2,1,1.49,S-T,I2,FALSE,1000
2025-08-29T05:18:07.411Z,PB,2,1,1.49,S-T,I3,FALSE,800
2025-08-29T05:18:07.411Z,PB,2,1.5,1.99,S-T,IF,FALSE,3500
2025-08-29T05:18:07.411Z,PB,2,1.5,1.99,S-T,VVS1,FALSE,3300
2025-08-29T05:18:07.411Z,PB,2,1.5,1.99,S-T,VVS2,FALSE,3200
2025-08-29T05:18:07.411Z,PB,2,1.5,1.99,S-T,VS1,FALSE,3100
2025-08-29T05:18:07.411Z,PB,2,1.5,1.99,S-T,VS2,FALSE,2900
2025-08-29T05:18:07.411Z,PB,2,1.5,1.99,S-T,SI1,FALSE,2700
2025-08-29T05:18:07.411Z,PB,2,1.5,1.99,S-T,SI2,FALSE,2500
2025-08-29T05:18:07.411Z,PB,2,1.5,1.99,S-T,SI3,FALSE,2400
2025-08-29T05:18:07.411Z,PB,2,1.5,1.99,S-T,I1,FALSE,2200
2025-08-29T05:18:07.411Z,PB,2,1.5,1.99,S-T,I2,FALSE,1500
2025-08-29T05:18:07.411Z,PB,2,1.5,1.99,S-T,I3,FALSE,1000
2025-08-29T05:18:07.411Z,PB,2,2,2.99,S-T,IF,FALSE,4500
2025-08-29T05:18:07.411Z,PB,2,2,2.99,S-T,VVS1,FALSE,4200
2025-08-29T05:18:07.411Z,PB,2,2,2.99,S-T,VVS2,FALSE,4000
2025-08-29T05:18:07.411Z,PB,2,2,2.99,S-T,VS1,FALSE,3800
2025-08-29T05:18:07.411Z,PB,2,2,2.99,S-T,VS2,FALSE,3600
2025-08-29T05:18:07.411Z,PB,2,2,2.99,S-T,SI1,FALSE,3500
2025-08-29T05:18:07.411Z,PB,2,2,2.99,S-T,SI2,FALSE,3300
2025-08-29T05:18:07.411Z,PB,2,2,2.99,S-T,SI3,FALSE,2900
2025-08-29T05:18:07.411Z,PB,2,2,2.99,S-T,I1,FALSE,2700
2025-08-29T05:18:07.411Z,PB,2,2,2.99,S-T,I2,FALSE,1800
2025-08-29T05:18:07.411Z,PB,2,2,2.99,S-T,I3,FALSE,1000
2025-08-29T05:18:07.411Z,PB,2,3,3.99,S-T,IF,FALSE,6700
2025-08-29T05:18:07.411Z,PB,2,3,3.99,S-T,VVS1,FALSE,6300
2025-08-29T05:18:07.411Z,PB,2,3,3.99,S-T,VVS2,FALSE,6000
2025-08-29T05:18:07.411Z,PB,2,3,3.99,S-T,VS1,FALSE,5700
2025-08-29T05:18:07.411Z,PB,2,3,3.99,S-T,VS2,FALSE,5400
2025-08-29T05:18:07.411Z,PB,2,3,3.99,S-T,SI1,FALSE,4900
2025-08-29T05:18:07.411Z,PB,2,3,3.99,S-T,SI2,FALSE,4600
2025-08-29T05:18:07.411Z,PB,2,3,3.99,S-T,SI3,FALSE,4100
2025-08-29T05:18:07.411Z,PB,2,3,3.99,S-T,I1,FALSE,3600
2025-08-29T05:18:07.411Z,PB,2,3,3.99,S-T,I2,FALSE,2100
2025-08-29T05:18:07.411Z,PB,2,3,3.99,S-T,I3,FALSE,1100
2025-08-29T05:18:07.411Z,PB,2,4,4.99,S-T,IF,FALSE,8100
2025-08-29T05:18:07.411Z,PB,2,4,4.99,S-T,VVS1,FALSE,7700
2025-08-29T05:18:07.411Z,PB,2,4,4.99,S-T,VVS2,FALSE,7400
2025-08-29T05:18:07.411Z,PB,2,4,4.99,S-T,VS1,FALSE,7100
2025-08-29T05:18:07.411Z,PB,2,4,4.99,S-T,VS2,FALSE,6800
2025-08-29T05:18:07.411Z,PB,2,4,4.99,S-T,SI1,FALSE,6400
2025-08-29T05:18:07.411Z,PB,2,4,4.99,S-T,SI2,FALSE,6100
2025-08-29T05:18:07.411Z,PB,2,4,4.99,S-T,SI3,FALSE,4700
2025-08-29T05:18:07.411Z,PB,2,4,4.99,S-T,I1,FALSE,3900
2025-08-29T05:18:07.411Z,PB,2,4,4.99,S-T,I2,FALSE,2200
2025-08-29T05:18:07.411Z,PB,2,4,4.99,S-T,I3,FALSE,1200
2025-08-29T05:18:07.411Z,PB,2,5,9.99,S-T,IF,FALSE,11500
2025-08-29T05:18:07.411Z,PB,2,5,9.99,S-T,VVS1,FALSE,11000
2025-08-29T05:18:07.411Z,PB,2,5,9.99,S-T,VVS2,FALSE,10500
2025-08-29T05:18:07.411Z,PB,2,5,9.99,S-T,VS1,FALSE,9500
2025-08-29T05:18:07.411Z,PB,2,5,9.99,S-T,VS2,FALSE,9000
2025-08-29T05:18:07.411Z,PB,2,5,9.99,S-T,SI1,FALSE,8500
2025-08-29T05:18:07.411Z,PB,2,5,9.99,S-T,SI2,FALSE,8000
2025-08-29T05:18:07.411Z,PB,2,5,9.99,S-T,SI3,FALSE,6100
2025-08-29T05:18:07.411Z,PB,2,5,9.99,S-T,I1,FALSE,4600
2025-08-29T05:18:07.411Z,PB,2,5,9.99,S-T,I2,FALSE,2300
2025-08-29T05:18:07.411Z,PB,2,5,9.99,S-T,I3,FALSE,1300
2025-08-29T05:18:07.411Z,PB,2,10,99,S-T,IF,FALSE,17500
2025-08-29T05:18:07.411Z,PB,2,10,99,S-T,VVS1,FALSE,16500
2025-08-29T05:18:07.411Z,PB,2,10,99,S-T,VVS2,FALSE,15500
2025-08-29T05:18:07.411Z,PB,2,10,99,S-T,VS1,FALSE,14500
2025-08-29T05:18:07.411Z,PB,2,10,99,S-T,VS2,FALSE,13500
2025-08-29T05:18:07.411Z,PB,2,10,99,S-T,SI1,FALSE,12500
2025-08-29T05:18:07.411Z,PB,2,10,99,S-T,SI2,FALSE,11500
2025-08-29T05:18:07.411Z,PB,2,10,99,S-T,SI3,FALSE,9000
2025-08-29T05:18:07.411Z,PB,2,10,99,S-T,I1,FALSE,6400
2025-08-29T05:18:07.411Z,PB,2,10,99,S-T,I2,FALSE,3300
2025-08-29T05:18:07.411Z,PB,2,10,99,S-T,I3,FALSE,1500
2025-08-29T05:18:07.411Z,PB,2,0.3,0.39,U-V,IF,FALSE,900
2025-08-29T05:18:07.411Z,PB,2,0.3,0.39,U-V,VVS1,FALSE,900
2025-08-29T05:18:07.411Z,PB,2,0.3,0.39,U-V,VVS2,FALSE,900
2025-08-29T05:18:07.411Z,PB,2,0.3,0.39,U-V,VS1,FALSE,800
2025-08-29T05:18:07.411Z,PB,2,0.3,0.39,U-V,VS2,FALSE,800
2025-08-29T05:18:07.411Z,PB,2,0.3,0.39,U-V,SI1,FALSE,700
2025-08-29T05:18:07.411Z,PB,2,0.3,0.39,U-V,SI2,FALSE,600
2025-08-29T05:18:07.411Z,PB,2,0.3,0.39,U-V,SI3,FALSE,500
2025-08-29T05:18:07.411Z,PB,2,0.3,0.39,U-V,I1,FALSE,400
2025-08-29T05:18:07.411Z,PB,2,0.3,0.39,U-V,I2,FALSE,300
2025-08-29T05:18:07.411Z,PB,2,0.3,0.39,U-V,I3,FALSE,200
2025-08-29T05:18:07.411Z,PB,2,0.4,0.49,U-V,IF,FALSE,1200
2025-08-29T05:18:07.411Z,PB,2,0.4,0.49,U-V,VVS1,FALSE,1100
2025-08-29T05:18:07.411Z,PB,2,0.4,0.49,U-V,VVS2,FALSE,1000
2025-08-29T05:18:07.411Z,PB,2,0.4,0.49,U-V,VS1,FALSE,900
2025-08-29T05:18:07.411Z,PB,2,0.4,0.49,U-V,VS2,FALSE,900
2025-08-29T05:18:07.411Z,PB,2,0.4,0.49,U-V,SI1,FALSE,800
2025-08-29T05:18:07.411Z,PB,2,0.4,0.49,U-V,SI2,FALSE,700
2025-08-29T05:18:07.411Z,PB,2,0.4,0.49,U-V,SI3,FALSE,600
2025-08-29T05:18:07.411Z,PB,2,0.4,0.49,U-V,I1,FALSE,500
2025-08-29T05:18:07.411Z,PB,2,0.4,0.49,U-V,I2,FALSE,400
2025-08-29T05:18:07.411Z,PB,2,0.4,0.49,U-V,I3,FALSE,300
2025-08-29T05:18:07.411Z,PB,2,0.5,0.69,U-V,IF,FALSE,1400
2025-08-29T05:18:07.411Z,PB,2,0.5,0.69,U-V,VVS1,FALSE,1300
2025-08-29T05:18:07.411Z,PB,2,0.5,0.69,U-V,VVS2,FALSE,1200
2025-08-29T05:18:07.411Z,PB,2,0.5,0.69,U-V,VS1,FALSE,1100
2025-08-29T05:18:07.411Z,PB,2,0.5,0.69,U-V,VS2,FALSE,1000
2025-08-29T05:18:07.411Z,PB,2,0.5,0.69,U-V,SI1,FALSE,1000
2025-08-29T05:18:07.411Z,PB,2,0.5,0.69,U-V,SI2,FALSE,900
2025-08-29T05:18:07.411Z,PB,2,0.5,0.69,U-V,SI3,FALSE,800
2025-08-29T05:18:07.411Z,PB,2,0.5,0.69,U-V,I1,FALSE,700
2025-08-29T05:18:07.411Z,PB,2,0.5,0.69,U-V,I2,FALSE,600
2025-08-29T05:18:07.411Z,PB,2,0.5,0.69,U-V,I3,FALSE,400
2025-08-29T05:18:07.411Z,PB,2,0.7,0.89,U-V,IF,FALSE,1800
2025-08-29T05:18:07.411Z,PB,2,0.7,0.89,U-V,VVS1,FALSE,1700
2025-08-29T05:18:07.411Z,PB,2,0.7,0.89,U-V,VVS2,FALSE,1600
2025-08-29T05:18:07.411Z,PB,2,0.7,0.89,U-V,VS1,FALSE,1500
2025-08-29T05:18:07.411Z,PB,2,0.7,0.89,U-V,VS2,FALSE,1400
2025-08-29T05:18:07.411Z,PB,2,0.7,0.89,U-V,SI1,FALSE,1300
2025-08-29T05:18:07.411Z,PB,2,0.7,0.89,U-V,SI2,FALSE,1200
2025-08-29T05:18:07.411Z,PB,2,0.7,0.89,U-V,SI3,FALSE,1100
2025-08-29T05:18:07.411Z,PB,2,0.7,0.89,U-V,I1,FALSE,900
2025-08-29T05:18:07.411Z,PB,2,0.7,0.89,U-V,I2,FALSE,700
2025-08-29T05:18:07.411Z,PB,2,0.7,0.89,U-V,I3,FALSE,500
2025-08-29T05:18:07.411Z,PB,2,0.9,0.99,U-V,IF,FALSE,2000
2025-08-29T05:18:07.411Z,PB,2,0.9,0.99,U-V,VVS1,FALSE,1900
2025-08-29T05:18:07.411Z,PB,2,0.9,0.99,U-V,VVS2,FALSE,1800
2025-08-29T05:18:07.411Z,PB,2,0.9,0.99,U-V,VS1,FALSE,1700
2025-08-29T05:18:07.411Z,PB,2,0.9,0.99,U-V,VS2,FALSE,1600
2025-08-29T05:18:07.411Z,PB,2,0.9,0.99,U-V,SI1,FALSE,1500
2025-08-29T05:18:07.411Z,PB,2,0.9,0.99,U-V,SI2,FALSE,1400
2025-08-29T05:18:07.411Z,PB,2,0.9,0.99,U-V,SI3,FALSE,1300
2025-08-29T05:18:07.411Z,PB,2,0.9,0.99,U-V,I1,FALSE,1100
2025-08-29T05:18:07.411Z,PB,2,0.9,0.99,U-V,I2,FALSE,900
2025-08-29T05:18:07.411Z,PB,2,0.9,0.99,U-V,I3,FALSE,700
2025-08-29T05:18:07.411Z,PB,2,1,1.49,U-V,IF,FALSE,2500
2025-08-29T05:18:07.411Z,PB,2,1,1.49,U-V,VVS1,FALSE,2300
2025-08-29T05:18:07.411Z,PB,2,1,1.49,U-V,VVS2,FALSE,2100
2025-08-29T05:18:07.411Z,PB,2,1,1.49,U-V,VS1,FALSE,2000
2025-08-29T05:18:07.411Z,PB,2,1,1.49,U-V,VS2,FALSE,1900
2025-08-29T05:18:07.411Z,PB,2,1,1.49,U-V,SI1,FALSE,1800
2025-08-29T05:18:07.411Z,PB,2,1,1.49,U-V,SI2,FALSE,1700
2025-08-29T05:18:07.411Z,PB,2,1,1.49,U-V,SI3,FALSE,1600
2025-08-29T05:18:07.411Z,PB,2,1,1.49,U-V,I1,FALSE,1300
2025-08-29T05:18:07.411Z,PB,2,1,1.49,U-V,I2,FALSE,1000
2025-08-29T05:18:07.411Z,PB,2,1,1.49,U-V,I3,FALSE,800
2025-08-29T05:18:07.411Z,PB,2,1.5,1.99,U-V,IF,FALSE,3500
2025-08-29T05:18:07.411Z,PB,2,1.5,1.99,U-V,VVS1,FALSE,3300
2025-08-29T05:18:07.411Z,PB,2,1.5,1.99,U-V,VVS2,FALSE,3200
2025-08-29T05:18:07.411Z,PB,2,1.5,1.99,U-V,VS1,FALSE,3100
2025-08-29T05:18:07.411Z,PB,2,1.5,1.99,U-V,VS2,FALSE,2900
2025-08-29T05:18:07.411Z,PB,2,1.5,1.99,U-V,SI1,FALSE,2700
2025-08-29T05:18:07.411Z,PB,2,1.5,1.99,U-V,SI2,FALSE,2500
2025-08-29T05:18:07.411Z,PB,2,1.5,1.99,U-V,SI3,FALSE,2400
2025-08-29T05:18:07.411Z,PB,2,1.5,1.99,U-V,I1,FALSE,2200
2025-08-29T05:18:07.411Z,PB,2,1.5,1.99,U-V,I2,FALSE,1500
2025-08-29T05:18:07.411Z,PB,2,1.5,1.99,U-V,I3,FALSE,1000
2025-08-29T05:18:07.411Z,PB,2,2,2.99,U-V,IF,FALSE,4500
2025-08-29T05:18:07.411Z,PB,2,2,2.99,U-V,VVS1,FALSE,4200
2025-08-29T05:18:07.411Z,PB,2,2,2.99,U-V,VVS2,FALSE,4000
2025-08-29T05:18:07.411Z,PB,2,2,2.99,U-V,VS1,FALSE,3800
2025-08-29T05:18:07.411Z,PB,2,2,2.99,U-V,VS2,FALSE,3600
2025-08-29T05:18:07.411Z,PB,2,2,2.99,U-V,SI1,FALSE,3500
2025-08-29T05:18:07.411Z,PB,2,2,2.99,U-V,SI2,FALSE,3300
2025-08-29T05:18:07.411Z,PB,2,2,2.99,U-V,SI3,FALSE,2900
2025-08-29T05:18:07.411Z,PB,2,2,2.99,U-V,I1,FALSE,2700
2025-08-29T05:18:07.411Z,PB,2,2,2.99,U-V,I2,FALSE,1800
2025-08-29T05:18:07.411Z,PB,2,2,2.99,U-V,I3,FALSE,1000
2025-08-29T05:18:07.411Z,PB,2,3,3.99,U-V,IF,FALSE,6700
2025-08-29T05:18:07.411Z,PB,2,3,3.99,U-V,VVS1,FALSE,6300
2025-08-29T05:18:07.411Z,PB,2,3,3.99,U-V,VVS2,FALSE,6000
2025-08-29T05:18:07.411Z,PB,2,3,3.99,U-V,VS1,FALSE,5700
2025-08-29T05:18:07.411Z,PB,2,3,3.99,U-V,VS2,FALSE,5400
2025-08-29T05:18:07.411Z,PB,2,3,3.99,U-V,SI1,FALSE,4900
2025-08-29T05:18:07.411Z,PB,2,3,3.99,U-V,SI2,FALSE,4600
2025-08-29T05:18:07.411Z,PB,2,3,3.99,U-V,SI3,FALSE,4100
2025-08-29T05:18:07.411Z,PB,2,3,3.99,U-V,I1,FALSE,3600
2025-08-29T05:18:07.411Z,PB,2,3,3.99,U-V,I2,FALSE,2100
2025-08-29T05:18:07.411Z,PB,2,3,3.99,U-V,I3,FALSE,1100
2025-08-29T05:18:07.411Z,PB,2,4,4.99,U-V,IF,FALSE,8100
2025-08-29T05:18:07.411Z,PB,2,4,4.99,U-V,VVS1,FALSE,7700
2025-08-29T05:18:07.411Z,PB,2,4,4.99,U-V,VVS2,FALSE,7400
2025-08-29T05:18:07.411Z,PB,2,4,4.99,U-V,VS1,FALSE,7100
2025-08-29T05:18:07.411Z,PB,2,4,4.99,U-V,VS2,FALSE,6800
2025-08-29T05:18:07.411Z,PB,2,4,4.99,U-V,SI1,FALSE,6400
2025-08-29T05:18:07.411Z,PB,2,4,4.99,U-V,SI2,FALSE,6100
2025-08-29T05:18:07.411Z,PB,2,4,4.99,U-V,SI3,FALSE,4700
2025-08-29T05:18:07.411Z,PB,2,4,4.99,U-V,I1,FALSE,3900
2025-08-29T05:18:07.411Z,PB,2,4,4.99,U-V,I2,FALSE,2200
2025-08-29T05:18:07.411Z,PB,2,4,4.99,U-V,I3,FALSE,1200
2025-08-29T05:18:07.411Z,PB,2,5,9.99,U-V,IF,FALSE,11500
2025-08-29T05:18:07.411Z,PB,2,5,9.99,U-V,VVS1,FALSE,11000
2025-08-29T05:18:07.411Z,PB,2,5,9.99,U-V,VVS2,FALSE,10500
2025-08-29T05:18:07.411Z,PB,2,5,9.99,U-V,VS1,FALSE,9500
2025-08-29T05:18:07.411Z,PB,2,5,9.99,U-V,VS2,FALSE,9000
2025-08-29T05:18:07.411Z,PB,2,5,9.99,U-V,SI1,FALSE,8500
2025-08-29T05:18:07.411Z,PB,2,5,9.99,U-V,SI2,FALSE,8000
2025-08-29T05:18:07.411Z,PB,2,5,9.99,U-V,SI3,FALSE,6100
2025-08-29T05:18:07.411Z,PB,2,5,9.99,U-V,I1,FALSE,4600
2025-08-29T05:18:07.411Z,PB,2,5,9.99,U-V,I2,FALSE,2300
2025-08-29T05:18:07.411Z,PB,2,5,9.99,U-V,I3,FALSE,1300
2025-08-29T05:18:07.411Z,PB,2,10,99,U-V,IF,FALSE,17500
2025-08-29T05:18:07.411Z,PB,2,10,99,U-V,VVS1,FALSE,16500
2025-08-29T05:18:07.411Z,PB,2,10,99,U-V,VVS2,FALSE,15500
2025-08-29T05:18:07.411Z,PB,2,10,99,U-V,VS1,FALSE,14500
2025-08-29T05:18:07.411Z,PB,2,10,99,U-V,VS2,FALSE,13500
2025-08-29T05:18:07.411Z,PB,2,10,99,U-V,SI1,FALSE,12500
2025-08-29T05:18:07.411Z,PB,2,10,99,U-V,SI2,FALSE,11500
2025-08-29T05:18:07.411Z,PB,2,10,99,U-V,SI3,FALSE,9000
2025-08-29T05:18:07.411Z,PB,2,10,99,U-V,I1,FALSE,6400
2025-08-29T05:18:07.411Z,PB,2,10,99,U-V,I2,FALSE,3300
2025-08-29T05:18:07.411Z,PB,2,10,99,U-V,I3,FALSE,1500
2025-08-29T05:18:07.411Z,PB,2,0.3,0.39,W-X,IF,FALSE,900
2025-08-29T05:18:07.411Z,PB,2,0.3,0.39,W-X,VVS1,FALSE,900
2025-08-29T05:18:07.411Z,PB,2,0.3,0.39,W-X,VVS2,FALSE,900
2025-08-29T05:18:07.411Z,PB,2,0.3,0.39,W-X,VS1,FALSE,800
2025-08-29T05:18:07.411Z,PB,2,0.3,0.39,W-X,VS2,FALSE,800
2025-08-29T05:18:07.411Z,PB,2,0.3,0.39,W-X,SI1,FALSE,700
2025-08-29T05:18:07.411Z,PB,2,0.3,0.39,W-X,SI2,FALSE,600
2025-08-29T05:18:07.411Z,PB,2,0.3,0.39,W-X,SI3,FALSE,500
2025-08-29T05:18:07.411Z,PB,2,0.3,0.39,W-X,I1,FALSE,400
2025-08-29T05:18:07.411Z,PB,2,0.3,0.39,W-X,I2,FALSE,300
2025-08-29T05:18:07.411Z,PB,2,0.3,0.39,W-X,I3,FALSE,200
2025-08-29T05:18:07.411Z,PB,2,0.4,0.49,W-X,IF,FALSE,1200
2025-08-29T05:18:07.411Z,PB,2,0.4,0.49,W-X,VVS1,FALSE,1100
2025-08-29T05:18:07.411Z,PB,2,0.4,0.49,W-X,VVS2,FALSE,1000
2025-08-29T05:18:07.411Z,PB,2,0.4,0.49,W-X,VS1,FALSE,900
2025-08-29T05:18:07.411Z,PB,2,0.4,0.49,W-X,VS2,FALSE,900
2025-08-29T05:18:07.411Z,PB,2,0.4,0.49,W-X,SI1,FALSE,800
2025-08-29T05:18:07.411Z,PB,2,0.4,0.49,W-X,SI2,FALSE,700
2025-08-29T05:18:07.411Z,PB,2,0.4,0.49,W-X,SI3,FALSE,600
2025-08-29T05:18:07.411Z,PB,2,0.4,0.49,W-X,I1,FALSE,500
2025-08-29T05:18:07.411Z,PB,2,0.4,0.49,W-X,I2,FALSE,400
2025-08-29T05:18:07.411Z,PB,2,0.4,0.49,W-X,I3,FALSE,300
2025-08-29T05:18:07.411Z,PB,2,0.5,0.69,W-X,IF,FALSE,1400
2025-08-29T05:18:07.411Z,PB,2,0.5,0.69,W-X,VVS1,FALSE,1300
2025-08-29T05:18:07.411Z,PB,2,0.5,0.69,W-X,VVS2,FALSE,1200
2025-08-29T05:18:07.411Z,PB,2,0.5,0.69,W-X,VS1,FALSE,1100
2025-08-29T05:18:07.411Z,PB,2,0.5,0.69,W-X,VS2,FALSE,1000
2025-08-29T05:18:07.411Z,PB,2,0.5,0.69,W-X,SI1,FALSE,1000
2025-08-29T05:18:07.411Z,PB,2,0.5,0.69,W-X,SI2,FALSE,900
2025-08-29T05:18:07.411Z,PB,2,0.5,0.69,W-X,SI3,FALSE,800
2025-08-29T05:18:07.411Z,PB,2,0.5,0.69,W-X,I1,FALSE,700
2025-08-29T05:18:07.411Z,PB,2,0.5,0.69,W-X,I2,FALSE,600
2025-08-29T05:18:07.411Z,PB,2,0.5,0.69,W-X,I3,FALSE,400
2025-08-29T05:18:07.411Z,PB,2,0.7,0.89,W-X,IF,FALSE,1800
2025-08-29T05:18:07.411Z,PB,2,0.7,0.89,W-X,VVS1,FALSE,1700
2025-08-29T05:18:07.411Z,PB,2,0.7,0.89,W-X,VVS2,FALSE,1600
2025-08-29T05:18:07.411Z,PB,2,0.7,0.89,W-X,VS1,FALSE,1500
2025-08-29T05:18:07.411Z,PB,2,0.7,0.89,W-X,VS2,FALSE,1400
2025-08-29T05:18:07.411Z,PB,2,0.7,0.89,W-X,SI1,FALSE,1300
2025-08-29T05:18:07.411Z,PB,2,0.7,0.89,W-X,SI2,FALSE,1200
2025-08-29T05:18:07.411Z,PB,2,0.7,0.89,W-X,SI3,FALSE,1100
2025-08-29T05:18:07.411Z,PB,2,0.7,0.89,W-X,I1,FALSE,900
2025-08-29T05:18:07.411Z,PB,2,0.7,0.89,W-X,I2,FALSE,700
2025-08-29T05:18:07.411Z,PB,2,0.7,0.89,W-X,I3,FALSE,500
2025-08-29T05:18:07.411Z,PB,2,0.9,0.99,W-X,IF,FALSE,2000
2025-08-29T05:18:07.411Z,PB,2,0.9,0.99,W-X,VVS1,FALSE,1900
2025-08-29T05:18:07.411Z,PB,2,0.9,0.99,W-X,VVS2,FALSE,1800
2025-08-29T05:18:07.411Z,PB,2,0.9,0.99,W-X,VS1,FALSE,1700
2025-08-29T05:18:07.411Z,PB,2,0.9,0.99,W-X,VS2,FALSE,1600
2025-08-29T05:18:07.411Z,PB,2,0.9,0.99,W-X,SI1,FALSE,1500
2025-08-29T05:18:07.411Z,PB,2,0.9,0.99,W-X,SI2,FALSE,1400
2025-08-29T05:18:07.411Z,PB,2,0.9,0.99,W-X,SI3,FALSE,1300
2025-08-29T05:18:07.411Z,PB,2,0.9,0.99,W-X,I1,FALSE,1100
2025-08-29T05:18:07.411Z,PB,2,0.9,0.99,W-X,I2,FALSE,900
2025-08-29T05:18:07.411Z,PB,2,0.9,0.99,W-X,I3,FALSE,700
2025-08-29T05:18:07.411Z,PB,2,1,1.49,W-X,IF,FALSE,2500
2025-08-29T05:18:07.411Z,PB,2,1,1.49,W-X,VVS1,FALSE,2300
2025-08-29T05:18:07.411Z,PB,2,1,1.49,W-X,VVS2,FALSE,2100
2025-08-29T05:18:07.411Z,PB,2,1,1.49,W-X,VS1,FALSE,2000
2025-08-29T05:18:07.411Z,PB,2,1,1.49,W-X,VS2,FALSE,1900
2025-08-29T05:18:07.411Z,PB,2,1,1.49,W-X,SI1,FALSE,1800
2025-08-29T05:18:07.411Z,PB,2,1,1.49,W-X,SI2,FALSE,1700
2025-08-29T05:18:07.411Z,PB,2,1,1.49,W-X,SI3,FALSE,1600
2025-08-29T05:18:07.411Z,PB,2,1,1.49,W-X,I1,FALSE,1300
2025-08-29T05:18:07.411Z,PB,2,1,1.49,W-X,I2,FALSE,1000
2025-08-29T05:18:07.411Z,PB,2,1,1.49,W-X,I3,FALSE,800
2025-08-29T05:18:07.411Z,PB,2,1.5,1.99,W-X,IF,FALSE,3500
2025-08-29T05:18:07.411Z,PB,2,1.5,1.99,W-X,VVS1,FALSE,3300
2025-08-29T05:18:07.411Z,PB,2,1.5,1.99,W-X,VVS2,FALSE,3200
2025-08-29T05:18:07.411Z,PB,2,1.5,1.99,W-X,VS1,FALSE,3100
2025-08-29T05:18:07.411Z,PB,2,1.5,1.99,W-X,VS2,FALSE,2900
2025-08-29T05:18:07.411Z,PB,2,1.5,1.99,W-X,SI1,FALSE,2700
2025-08-29T05:18:07.411Z,PB,2,1.5,1.99,W-X,SI2,FALSE,2500
2025-08-29T05:18:07.411Z,PB,2,1.5,1.99,W-X,SI3,FALSE,2400
2025-08-29T05:18:07.411Z,PB,2,1.5,1.99,W-X,I1,FALSE,2200
2025-08-29T05:18:07.411Z,PB,2,1.5,1.99,W-X,I2,FALSE,1500
2025-08-29T05:18:07.411Z,PB,2,1.5,1.99,W-X,I3,FALSE,1000
2025-08-29T05:18:07.411Z,PB,2,2,2.99,W-X,IF,FALSE,4500
2025-08-29T05:18:07.411Z,PB,2,2,2.99,W-X,VVS1,FALSE,4200
2025-08-29T05:18:07.411Z,PB,2,2,2.99,W-X,VVS2,FALSE,4000
2025-08-29T05:18:07.411Z,PB,2,2,2.99,W-X,VS1,FALSE,3800
2025-08-29T05:18:07.411Z,PB,2,2,2.99,W-X,VS2,FALSE,3600
2025-08-29T05:18:07.411Z,PB,2,2,2.99,W-X,SI1,FALSE,3500
2025-08-29T05:18:07.411Z,PB,2,2,2.99,W-X,SI2,FALSE,3300
2025-08-29T05:18:07.411Z,PB,2,2,2.99,W-X,SI3,FALSE,2900
2025-08-29T05:18:07.411Z,PB,2,2,2.99,W-X,I1,FALSE,2700
2025-08-29T05:18:07.411Z,PB,2,2,2.99,W-X,I2,FALSE,1800
2025-08-29T05:18:07.411Z,PB,2,2,2.99,W-X,I3,FALSE,1000
2025-08-29T05:18:07.411Z,PB,2,3,3.99,W-X,IF,FALSE,6700
2025-08-29T05:18:07.411Z,PB,2,3,3.99,W-X,VVS1,FALSE,6300
2025-08-29T05:18:07.411Z,PB,2,3,3.99,W-X,VVS2,FALSE,6000
2025-08-29T05:18:07.411Z,PB,2,3,3.99,W-X,VS1,FALSE,5700
2025-08-29T05:18:07.411Z,PB,2,3,3.99,W-X,VS2,FALSE,5400
2025-08-29T05:18:07.411Z,PB,2,3,3.99,W-X,SI1,FALSE,4900
2025-08-29T05:18:07.411Z,PB,2,3,3.99,W-X,SI2,FALSE,4600
2025-08-29T05:18:07.411Z,PB,2,3,3.99,W-X,SI3,FALSE,4100
2025-08-29T05:18:07.411Z,PB,2,3,3.99,W-X,I1,FALSE,3600
2025-08-29T05:18:07.411Z,PB,2,3,3.99,W-X,I2,FALSE,2100
2025-08-29T05:18:07.411Z,PB,2,3,3.99,W-X,I3,FALSE,1100
2025-08-29T05:18:07.411Z,PB,2,4,4.99,W-X,IF,FALSE,8100
2025-08-29T05:18:07.411Z,PB,2,4,4.99,W-X,VVS1,FALSE,7700
2025-08-29T05:18:07.411Z,PB,2,4,4.99,W-X,VVS2,FALSE,7400
2025-08-29T05:18:07.411Z,PB,2,4,4.99,W-X,VS1,FALSE,7100
2025-08-29T05:18:07.411Z,PB,2,4,4.99,W-X,VS2,FALSE,6800
2025-08-29T05:18:07.411Z,PB,2,4,4.99,W-X,SI1,FALSE,6400
2025-08-29T05:18:07.411Z,PB,2,4,4.99,W-X,SI2,FALSE,6100
2025-08-29T05:18:07.411Z,PB,2,4,4.99,W-X,SI3,FALSE,4700
2025-08-29T05:18:07.411Z,PB,2,4,4.99,W-X,I1,FALSE,3900
2025-08-29T05:18:07.411Z,PB,2,4,4.99,W-X,I2,FALSE,2200
2025-08-29T05:18:07.411Z,PB,2,4,4.99,W-X,I3,FALSE,1200
2025-08-29T05:18:07.411Z,PB,2,5,9.99,W-X,IF,FALSE,11500
2025-08-29T05:18:07.411Z,PB,2,5,9.99,W-X,VVS1,FALSE,11000
2025-08-29T05:18:07.411Z,PB,2,5,9.99,W-X,VVS2,FALSE,10500
2025-08-29T05:18:07.411Z,PB,2,5,9.99,W-X,VS1,FALSE,9500
2025-08-29T05:18:07.411Z,PB,2,5,9.99,W-X,VS2,FALSE,9000
2025-08-29T05:18:07.411Z,PB,2,5,9.99,W-X,SI1,FALSE,8500
2025-08-29T05:18:07.411Z,PB,2,5,9.99,W-X,SI2,FALSE,8000
2025-08-29T05:18:07.411Z,PB,2,5,9.99,W-X,SI3,FALSE,6100
2025-08-29T05:18:07.411Z,PB,2,5,9.99,W-X,I1,FALSE,4600
2025-08-29T05:18:07.411Z,PB,2,5,9.99,W-X,I2,FALSE,2300
2025-08-29T05:18:07.411Z,PB,2,5,9.99,W-X,I3,FALSE,1300
2025-08-29T05:18:07.411Z,PB,2,10,99,W-X,IF,FALSE,17500
2025-08-29T05:18:07.411Z,PB,2,10,99,W-X,VVS1,FALSE,16500
2025-08-29T05:18:07.411Z,PB,2,10,99,W-X,VVS2,FALSE,15500
2025-08-29T05:18:07.411Z,PB,2,10,99,W-X,VS1,FALSE,14500
2025-08-29T05:18:07.411Z,PB,2,10,99,W-X,VS2,FALSE,13500
2025-08-29T05:18:07.411Z,PB,2,10,99,W-X,SI1,FALSE,12500
2025-08-29T05:18:07.411Z,PB,2,10,99,W-X,SI2,FALSE,11500
2025-08-29T05:18:07.411Z,PB,2,10,99,W-X,SI3,FALSE,9000
2025-08-29T05:18:07.411Z,PB,2,10,99,W-X,I1,FALSE,6400
2025-08-29T05:18:07.411Z,PB,2,10,99,W-X,I2,FALSE,3300
2025-08-29T05:18:07.411Z,PB,2,10,99,W-X,I3,FALSE,1500
2025-08-29T05:18:07.411Z,PB,2,0.3,0.39,Y-Z,IF,FALSE,900
2025-08-29T05:18:07.411Z,PB,2,0.3,0.39,Y-Z,VVS1,FALSE,900
2025-08-29T05:18:07.411Z,PB,2,0.3,0.39,Y-Z,VVS2,FALSE,900
2025-08-29T05:18:07.411Z,PB,2,0.3,0.39,Y-Z,VS1,FALSE,800
2025-08-29T05:18:07.411Z,PB,2,0.3,0.39,Y-Z,VS2,FALSE,800
2025-08-29T05:18:07.411Z,PB,2,0.3,0.39,Y-Z,SI1,FALSE,700
2025-08-29T05:18:07.411Z,PB,2,0.3,0.39,Y-Z,SI2,FALSE,600
2025-08-29T05:18:07.411Z,PB,2,0.3,0.39,Y-Z,SI3,FALSE,500
2025-08-29T05:18:07.411Z,PB,2,0.3,0.39,Y-Z,I1,FALSE,400
2025-08-29T05:18:07.411Z,PB,2,0.3,0.39,Y-Z,I2,FALSE,300
2025-08-29T05:18:07.411Z,PB,2,0.3,0.39,Y-Z,I3,FALSE,200
2025-08-29T05:18:07.411Z,PB,2,0.4,0.49,Y-Z,IF,FALSE,1200
2025-08-29T05:18:07.411Z,PB,2,0.4,0.49,Y-Z,VVS1,FALSE,1100
2025-08-29T05:18:07.411Z,PB,2,0.4,0.49,Y-Z,VVS2,FALSE,1000
2025-08-29T05:18:07.411Z,PB,2,0.4,0.49,Y-Z,VS1,FALSE,900
2025-08-29T05:18:07.411Z,PB,2,0.4,0.49,Y-Z,VS2,FALSE,900
2025-08-29T05:18:07.411Z,PB,2,0.4,0.49,Y-Z,SI1,FALSE,800
2025-08-29T05:18:07.411Z,PB,2,0.4,0.49,Y-Z,SI2,FALSE,700
2025-08-29T05:18:07.411Z,PB,2,0.4,0.49,Y-Z,SI3,FALSE,600
2025-08-29T05:18:07.411Z,PB,2,0.4,0.49,Y-Z,I1,FALSE,500
2025-08-29T05:18:07.411Z,PB,2,0.4,0.49,Y-Z,I2,FALSE,400
2025-08-29T05:18:07.411Z,PB,2,0.4,0.49,Y-Z,I3,FALSE,300
2025-08-29T05:18:07.411Z,PB,2,0.5,0.69,Y-Z,IF,FALSE,1400
2025-08-29T05:18:07.411Z,PB,2,0.5,0.69,Y-Z,VVS1,FALSE,1300
2025-08-29T05:18:07.411Z,PB,2,0.5,0.69,Y-Z,VVS2,FALSE,1200
2025-08-29T05:18:07.411Z,PB,2,0.5,0.69,Y-Z,VS1,FALSE,1100
2025-08-29T05:18:07.411Z,PB,2,0.5,0.69,Y-Z,VS2,FALSE,1000
2025-08-29T05:18:07.411Z,PB,2,0.5,0.69,Y-Z,SI1,FALSE,1000
2025-08-29T05:18:07.411Z,PB,2,0.5,0.69,Y-Z,SI2,FALSE,900
2025-08-29T05:18:07.411Z,PB,2,0.5,0.69,Y-Z,SI3,FALSE,800
2025-08-29T05:18:07.411Z,PB,2,0.5,0.69,Y-Z,I1,FALSE,700
2025-08-29T05:18:07.411Z,PB,2,0.5,0.69,Y-Z,I2,FALSE,600
2025-08-29T05:18:07.411Z,PB,2,0.5,0.69,Y-Z,I3,FALSE,400
2025-08-29T05:18:07.411Z,PB,2,0.7,0.89,Y-Z,IF,FALSE,1800
2025-08-29T05:18:07.411Z,PB,2,0.7,0.89,Y-Z,VVS1,FALSE,1700
2025-08-29T05:18:07.411Z,PB,2,0.7,0.89,Y-Z,VVS2,FALSE,1600
2025-08-29T05:18:07.411Z,PB,2,0.7,0.89,Y-Z,VS1,FALSE,1500
2025-08-29T05:18:07.411Z,PB,2,0.7,0.89,Y-Z,VS2,FALSE,1400
2025-08-29T05:18:07.411Z,PB,2,0.7,0.89,Y-Z,SI1,FALSE,1300
2025-08-29T05:18:07.411Z,PB,2,0.7,0.89,Y-Z,SI2,FALSE,1200
2025-08-29T05:18:07.411Z,PB,2,0.7,0.89,Y-Z,SI3,FALSE,1100
2025-08-29T05:18:07.411Z,PB,2,0.7,0.89,Y-Z,I1,FALSE,900
2025-08-29T05:18:07.411Z,PB,2,0.7,0.89,Y-Z,I2,FALSE,700
2025-08-29T05:18:07.411Z,PB,2,0.7,0.89,Y-Z,I3,FALSE,500
2025-08-29T05:18:07.411Z,PB,2,0.9,0.99,Y-Z,IF,FALSE,2000
2025-08-29T05:18:07.411Z,PB,2,0.9,0.99,Y-Z,VVS1,FALSE,1900
2025-08-29T05:18:07.411Z,PB,2,0.9,0.99,Y-Z,VVS2,FALSE,1800
2025-08-29T05:18:07.411Z,PB,2,0.9,0.99,Y-Z,VS1,FALSE,1700
2025-08-29T05:18:07.411Z,PB,2,0.9,0.99,Y-Z,VS2,FALSE,1600
2025-08-29T05:18:07.411Z,PB,2,0.9,0.99,Y-Z,SI1,FALSE,1500
2025-08-29T05:18:07.411Z,PB,2,0.9,0.99,Y-Z,SI2,FALSE,1400
2025-08-29T05:18:07.411Z,PB,2,0.9,0.99,Y-Z,SI3,FALSE,1300
2025-08-29T05:18:07.411Z,PB,2,0.9,0.99,Y-Z,I1,FALSE,1100
2025-08-29T05:18:07.411Z,PB,2,0.9,0.99,Y-Z,I2,FALSE,900
2025-08-29T05:18:07.411Z,PB,2,0.9,0.99,Y-Z,I3,FALSE,700
2025-08-29T05:18:07.411Z,PB,2,1,1.49,Y-Z,IF,FALSE,2500
2025-08-29T05:18:07.411Z,PB,2,1,1.49,Y-Z,VVS1,FALSE,2300
2025-08-29T05:18:07.411Z,PB,2,1,1.49,Y-Z,VVS2,FALSE,2100
2025-08-29T05:18:07.411Z,PB,2,1,1.49,Y-Z,VS1,FALSE,2000
2025-08-29T05:18:07.411Z,PB,2,1,1.49,Y-Z,VS2,FALSE,1900
2025-08-29T05:18:07.411Z,PB,2,1,1.49,Y-Z,SI1,FALSE,1800
2025-08-29T05:18:07.411Z,PB,2,1,1.49,Y-Z,SI2,FALSE,1700
2025-08-29T05:18:07.411Z,PB,2,1,1.49,Y-Z,SI3,FALSE,1600
2025-08-29T05:18:07.411Z,PB,2,1,1.49,Y-Z,I1,FALSE,1300
2025-08-29T05:18:07.411Z,PB,2,1,1.49,Y-Z,I2,FALSE,1000
2025-08-29T05:18:07.411Z,PB,2,1,1.49,Y-Z,I3,FALSE,800
2025-08-29T05:18:07.411Z,PB,2,1.5,1.99,Y-Z,IF,FALSE,3500
2025-08-29T05:18:07.411Z,PB,2,1.5,1.99,Y-Z,VVS1,FALSE,3300
2025-08-29T05:18:07.411Z,PB,2,1.5,1.99,Y-Z,VVS2,FALSE,3200
2025-08-29T05:18:07.411Z,PB,2,1.5,1.99,Y-Z,VS1,FALSE,3100
2025-08-29T05:18:07.411Z,PB,2,1.5,1.99,Y-Z,VS2,FALSE,2900
2025-08-29T05:18:07.411Z,PB,2,1.5,1.99,Y-Z,SI1,FALSE,2700
2025-08-29T05:18:07.411Z,PB,2,1.5,1.99,Y-Z,SI2,FALSE,2500
2025-08-29T05:18:07.411Z,PB,2,1.5,1.99,Y-Z,SI3,FALSE,2400
2025-08-29T05:18:07.411Z,PB,2,1.5,1.99,Y-Z,I1,FALSE,2200
2025-08-29T05:18:07.411Z,PB,2,1.5,1.99,Y-Z,I2,FALSE,1500
2025-08-29T05:18:07.411Z,PB,2,1.5,1.99,Y-Z,I3,FALSE,1000
2025-08-29T05:18:07.411Z,PB,2,2,2.99,Y-Z,IF,FALSE,4500
2025-08-29T05:18:07.411Z,PB,2,2,2.99,Y-Z,VVS1,FALSE,4200
2025-08-29T05:18:07.411Z,PB,2,2,2.99,Y-Z,VVS2,FALSE,4000
2025-08-29T05:18:07.411Z,PB,2,2,2.99,Y-Z,VS1,FALSE,3800
2025-08-29T05:18:07.411Z,PB,2,2,2.99,Y-Z,VS2,FALSE,3600
2025-08-29T05:18:07.411Z,PB,2,2,2.99,Y-Z,SI1,FALSE,3500
2025-08-29T05:18:07.411Z,PB,2,2,2.99,Y-Z,SI2,FALSE,3300
2025-08-29T05:18:07.411Z,PB,2,2,2.99,Y-Z,SI3,FALSE,2900
2025-08-29T05:18:07.411Z,PB,2,2,2.99,Y-Z,I1,FALSE,2700
2025-08-29T05:18:07.411Z,PB,2,2,2.99,Y-Z,I2,FALSE,1800
2025-08-29T05:18:07.411Z,PB,2,2,2.99,Y-Z,I3,FALSE,1000
2025-08-29T05:18:07.411Z,PB,2,3,3.99,Y-Z,IF,FALSE,6700
2025-08-29T05:18:07.411Z,PB,2,3,3.99,Y-Z,VVS1,FALSE,6300
2025-08-29T05:18:07.411Z,PB,2,3,3.99,Y-Z,VVS2,FALSE,6000
2025-08-29T05:18:07.411Z,PB,2,3,3.99,Y-Z,VS1,FALSE,5700
2025-08-29T05:18:07.411Z,PB,2,3,3.99,Y-Z,VS2,FALSE,5400
2025-08-29T05:18:07.411Z,PB,2,3,3.99,Y-Z,SI1,FALSE,4900
2025-08-29T05:18:07.411Z,PB,2,3,3.99,Y-Z,SI2,FALSE,4600
2025-08-29T05:18:07.411Z,PB,2,3,3.99,Y-Z,SI3,FALSE,4100
2025-08-29T05:18:07.411Z,PB,2,3,3.99,Y-Z,I1,FALSE,3600
2025-08-29T05:18:07.411Z,PB,2,3,3.99,Y-Z,I2,FALSE,2100
2025-08-29T05:18:07.411Z,PB,2,3,3.99,Y-Z,I3,FALSE,1100
2025-08-29T05:18:07.411Z,PB,2,4,4.99,Y-Z,IF,FALSE,8100
2025-08-29T05:18:07.411Z,PB,2,4,4.99,Y-Z,VVS1,FALSE,7700
2025-08-29T05:18:07.411Z,PB,2,4,4.99,Y-Z,VVS2,FALSE,7400
2025-08-29T05:18:07.411Z,PB,2,4,4.99,Y-Z,VS1,FALSE,7100
2025-08-29T05:18:07.411Z,PB,2,4,4.99,Y-Z,VS2,FALSE,6800
2025-08-29T05:18:07.411Z,PB,2,4,4.99,Y-Z,SI1,FALSE,6400
2025-08-29T05:18:07.411Z,PB,2,4,4.99,Y-Z,SI2,FALSE,6100
2025-08-29T05:18:07.411Z,PB,2,4,4.99,Y-Z,SI3,FALSE,4700
2025-08-29T05:18:07.411Z,PB,2,4,4.99,Y-Z,I1,FALSE,3900
2025-08-29T05:18:07.411Z,PB,2,4,4.99,Y-Z,I2,FALSE,2200
2025-08-29T05:18:07.411Z,PB,2,4,4.99,Y-Z,I3,FALSE,1200
2025-08-29T05:18:07.411Z,PB,2,5,9.99,Y-Z,IF,FALSE,11500
2025-08-29T05:18:07.411Z,PB,2,5,9.99,Y-Z,VVS1,FALSE,11000
2025-08-29T05:18:07.411Z,PB,2,5,9.99,Y-Z,VVS2,FALSE,10500
2025-08-29T05:18:07.411Z,PB,2,5,9.99,Y-Z,VS1,FALSE,9500
2025-08-29T05:18:07.411Z,PB,2,5,9.99,Y-Z,VS2,FALSE,9000
2025-08-29T05:18:07.411Z,PB,2,5,9.99,Y-Z,SI1,FALSE,8500
2025-08-29T05:18:07.411Z,PB,2,5,9.99,Y-Z,SI2,FALSE,8000
2025-08-29T05:18:07.411Z,PB,2,5,9.99,Y-Z,SI3,FALSE,6100
2025-08-29T05:18:07.411Z,PB,2,5,9.99,Y-Z,I1,FALSE,4600
2025-08-29T05:18:07.411Z,PB,2,5,9.99,Y-Z,I2,FALSE,2300
2025-08-29T05:18:07.411Z,PB,2,5,9.99,Y-Z,I3,FALSE,1300
2025-08-29T05:18:07.411Z,PB,2,10,99,Y-Z,IF,FALSE,17500
2025-08-29T05:18:07.411Z,PB,2,10,99,Y-Z,VVS1,FALSE,16500
2025-08-29T05:18:07.411Z,PB,2,10,99,Y-Z,VVS2,FALSE,15500
2025-08-29T05:18:07.411Z,PB,2,10,99,Y-Z,VS1,FALSE,14500
2025-08-29T05:18:07.411Z,PB,2,10,99,Y-Z,VS2,FALSE,13500
2025-08-29T05:18:07.411Z,PB,2,10,99,Y-Z,SI1,FALSE,12500
2025-08-29T05:18:07.411Z,PB,2,10,99,Y-Z,SI2,FALSE,11500
2025-08-29T05:18:07.411Z,PB,2,10,99,Y-Z,SI3,FALSE,9000
2025-08-29T05:18:07.411Z,PB,2,10,99,Y-Z,I1,FALSE,6400
2025-08-29T05:18:07.411Z,PB,2,10,99,Y-Z,I2,FALSE,3300
2025-08-29T05:18:07.411Z,PB,2,10,99,Y-Z,I3,FALSE,1500
2025-08-29T05:18:07.411Z,RBC,2,0.01,0.03,D,IF,FALSE,830
2025-08-29T05:18:07.411Z,RBC,2,0.01,0.03,D,VVS1,FALSE,830
2025-08-29T05:18:07.411Z,RBC,2,0.01,0.03,D,VVS2,FALSE,830
2025-08-29T05:18:07.411Z,RBC,2,0.01,0.03,D,VS1,FALSE,730
2025-08-29T05:18:07.411Z,RBC,2,0.01,0.03,D,VS2,FALSE,730
2025-08-29T05:18:07.411Z,RBC,2,0.01,0.03,D,SI1,FALSE,640
2025-08-29T05:18:07.411Z,RBC,2,0.01,0.03,D,SI2,FALSE,560
2025-08-29T05:18:07.411Z,RBC,2,0.01,0.03,D,SI3,FALSE,490
2025-08-29T05:18:07.411Z,RBC,2,0.01,0.03,D,I1,FALSE,430
2025-08-29T05:18:07.411Z,RBC,2,0.01,0.03,D,I2,FALSE,350
2025-08-29T05:18:07.411Z,RBC,2,0.01,0.03,D,I3,FALSE,280
2025-08-29T05:18:07.411Z,RBC,2,0.01,0.03,E,IF,FALSE,830
2025-08-29T05:18:07.411Z,RBC,2,0.01,0.03,E,VVS1,FALSE,830
2025-08-29T05:18:07.411Z,RBC,2,0.01,0.03,E,VVS2,FALSE,830
2025-08-29T05:18:07.411Z,RBC,2,0.01,0.03,E,VS1,FALSE,730
2025-08-29T05:18:07.411Z,RBC,2,0.01,0.03,E,VS2,FALSE,730
2025-08-29T05:18:07.411Z,RBC,2,0.01,0.03,E,SI1,FALSE,640
2025-08-29T05:18:07.411Z,RBC,2,0.01,0.03,E,SI2,FALSE,560
2025-08-29T05:18:07.411Z,RBC,2,0.01,0.03,E,SI3,FALSE,490
2025-08-29T05:18:07.411Z,RBC,2,0.01,0.03,E,I1,FALSE,430
2025-08-29T05:18:07.411Z,RBC,2,0.01,0.03,E,I2,FALSE,350
2025-08-29T05:18:07.411Z,RBC,2,0.01,0.03,E,I3,FALSE,280
2025-08-29T05:18:07.411Z,RBC,2,0.01,0.03,F,IF,FALSE,830
2025-08-29T05:18:07.411Z,RBC,2,0.01,0.03,F,VVS1,FALSE,830
2025-08-29T05:18:07.411Z,RBC,2,0.01,0.03,F,VVS2,FALSE,830
2025-08-29T05:18:07.411Z,RBC,2,0.01,0.03,F,VS1,FALSE,730
2025-08-29T05:18:07.411Z,RBC,2,0.01,0.03,F,VS2,FALSE,730
2025-08-29T05:18:07.411Z,RBC,2,0.01,0.03,F,SI1,FALSE,640
2025-08-29T05:18:07.411Z,RBC,2,0.01,0.03,F,SI2,FALSE,560
2025-08-29T05:18:07.411Z,RBC,2,0.01,0.03,F,SI3,FALSE,490
2025-08-29T05:18:07.411Z,RBC,2,0.01,0.03,F,I1,FALSE,430
2025-08-29T05:18:07.411Z,RBC,2,0.01,0.03,F,I2,FALSE,350
2025-08-29T05:18:07.411Z,RBC,2,0.01,0.03,F,I3,FALSE,280
2025-08-29T05:18:07.411Z,RBC,2,0.01,0.03,G,IF,FALSE,710
2025-08-29T05:18:07.411Z,RBC,2,0.01,0.03,G,VVS1,FALSE,710
2025-08-29T05:18:07.411Z,RBC,2,0.01,0.03,G,VVS2,FALSE,710
2025-08-29T05:18:07.411Z,RBC,2,0.01,0.03,G,VS1,FALSE,640
2025-08-29T05:18:07.411Z,RBC,2,0.01,0.03,G,VS2,FALSE,640
2025-08-29T05:18:07.411Z,RBC,2,0.01,0.03,G,SI1,FALSE,570
2025-08-29T05:18:07.411Z,RBC,2,0.01,0.03,G,SI2,FALSE,500
2025-08-29T05:18:07.411Z,RBC,2,0.01,0.03,G,SI3,FALSE,440
2025-08-29T05:18:07.411Z,RBC,2,0.01,0.03,G,I1,FALSE,380
2025-08-29T05:18:07.411Z,RBC,2,0.01,0.03,G,I2,FALSE,310
2025-08-29T05:18:07.411Z,RBC,2,0.01,0.03,G,I3,FALSE,260
2025-08-29T05:18:07.411Z,RBC,2,0.01,0.03,H,IF,FALSE,710
2025-08-29T05:18:07.411Z,RBC,2,0.01,0.03,H,VVS1,FALSE,710
2025-08-29T05:18:07.411Z,RBC,2,0.01,0.03,H,VVS2,FALSE,710
2025-08-29T05:18:07.411Z,RBC,2,0.01,0.03,H,VS1,FALSE,640
2025-08-29T05:18:07.411Z,RBC,2,0.01,0.03,H,VS2,FALSE,640
2025-08-29T05:18:07.411Z,RBC,2,0.01,0.03,H,SI1,FALSE,570
2025-08-29T05:18:07.411Z,RBC,2,0.01,0.03,H,SI2,FALSE,500
2025-08-29T05:18:07.411Z,RBC,2,0.01,0.03,H,SI3,FALSE,440
2025-08-29T05:18:07.411Z,RBC,2,0.01,0.03,H,I1,FALSE,380
2025-08-29T05:18:07.411Z,RBC,2,0.01,0.03,H,I2,FALSE,310
2025-08-29T05:18:07.411Z,RBC,2,0.01,0.03,H,I3,FALSE,260
2025-08-29T05:18:07.411Z,RBC,2,0.01,0.03,I,IF,FALSE,610
2025-08-29T05:18:07.411Z,RBC,2,0.01,0.03,I,VVS1,FALSE,610
2025-08-29T05:18:07.411Z,RBC,2,0.01,0.03,I,VVS2,FALSE,610
2025-08-29T05:18:07.411Z,RBC,2,0.01,0.03,I,VS1,FALSE,550
2025-08-29T05:18:07.411Z,RBC,2,0.01,0.03,I,VS2,FALSE,550
2025-08-29T05:18:07.411Z,RBC,2,0.01,0.03,I,SI1,FALSE,490
2025-08-29T05:18:07.411Z,RBC,2,0.01,0.03,I,SI2,FALSE,440
2025-08-29T05:18:07.411Z,RBC,2,0.01,0.03,I,SI3,FALSE,400
2025-08-29T05:18:07.411Z,RBC,2,0.01,0.03,I,I1,FALSE,340
2025-08-29T05:18:07.411Z,RBC,2,0.01,0.03,I,I2,FALSE,280
2025-08-29T05:18:07.411Z,RBC,2,0.01,0.03,I,I3,FALSE,240
2025-08-29T05:18:07.411Z,RBC,2,0.01,0.03,J,IF,FALSE,610
2025-08-29T05:18:07.411Z,RBC,2,0.01,0.03,J,VVS1,FALSE,610
2025-08-29T05:18:07.411Z,RBC,2,0.01,0.03,J,VVS2,FALSE,610
2025-08-29T05:18:07.411Z,RBC,2,0.01,0.03,J,VS1,FALSE,550
2025-08-29T05:18:07.411Z,RBC,2,0.01,0.03,J,VS2,FALSE,550
2025-08-29T05:18:07.411Z,RBC,2,0.01,0.03,J,SI1,FALSE,490
2025-08-29T05:18:07.411Z,RBC,2,0.01,0.03,J,SI2,FALSE,440
2025-08-29T05:18:07.411Z,RBC,2,0.01,0.03,J,SI3,FALSE,400
2025-08-29T05:18:07.411Z,RBC,2,0.01,0.03,J,I1,FALSE,340
2025-08-29T05:18:07.411Z,RBC,2,0.01,0.03,J,I2,FALSE,280
2025-08-29T05:18:07.411Z,RBC,2,0.01,0.03,J,I3,FALSE,240
2025-08-29T05:18:07.411Z,RBC,2,0.01,0.03,K,IF,FALSE,440
2025-08-29T05:18:07.411Z,RBC,2,0.01,0.03,K,VVS1,FALSE,440
2025-08-29T05:18:07.411Z,RBC,2,0.01,0.03,K,VVS2,FALSE,440
2025-08-29T05:18:07.411Z,RBC,2,0.01,0.03,K,VS1,FALSE,390
2025-08-29T05:18:07.411Z,RBC,2,0.01,0.03,K,VS2,FALSE,390
2025-08-29T05:18:07.411Z,RBC,2,0.01,0.03,K,SI1,FALSE,340
2025-08-29T05:18:07.411Z,RBC,2,0.01,0.03,K,SI2,FALSE,310
2025-08-29T05:18:07.411Z,RBC,2,0.01,0.03,K,SI3,FALSE,280
2025-08-29T05:18:07.411Z,RBC,2,0.01,0.03,K,I1,FALSE,250
2025-08-29T05:18:07.411Z,RBC,2,0.01,0.03,K,I2,FALSE,200
2025-08-29T05:18:07.411Z,RBC,2,0.01,0.03,K,I3,FALSE,160
2025-08-29T05:18:07.411Z,RBC,2,0.01,0.03,L,IF,FALSE,440
2025-08-29T05:18:07.411Z,RBC,2,0.01,0.03,L,VVS1,FALSE,440
2025-08-29T05:18:07.411Z,RBC,2,0.01,0.03,L,VVS2,FALSE,440
2025-08-29T05:18:07.411Z,RBC,2,0.01,0.03,L,VS1,FALSE,390
2025-08-29T05:18:07.411Z,RBC,2,0.01,0.03,L,VS2,FALSE,390
2025-08-29T05:18:07.411Z,RBC,2,0.01,0.03,L,SI1,FALSE,340
2025-08-29T05:18:07.411Z,RBC,2,0.01,0.03,L,SI2,FALSE,310
2025-08-29T05:18:07.411Z,RBC,2,0.01,0.03,L,SI3,FALSE,280
2025-08-29T05:18:07.411Z,RBC,2,0.01,0.03,L,I1,FALSE,250
2025-08-29T05:18:07.411Z,RBC,2,0.01,0.03,L,I2,FALSE,200
2025-08-29T05:18:07.411Z,RBC,2,0.01,0.03,L,I3,FALSE,160
2025-08-29T05:18:07.411Z,RBC,2,0.01,0.03,M,IF,FALSE,290
2025-08-29T05:18:07.411Z,RBC,2,0.01,0.03,M,VVS1,FALSE,290
2025-08-29T05:18:07.411Z,RBC,2,0.01,0.03,M,VVS2,FALSE,290
2025-08-29T05:18:07.411Z,RBC,2,0.01,0.03,M,VS1,FALSE,260
2025-08-29T05:18:07.411Z,RBC,2,0.01,0.03,M,VS2,FALSE,260
2025-08-29T05:18:07.411Z,RBC,2,0.01,0.03,M,SI1,FALSE,230
2025-08-29T05:18:07.411Z,RBC,2,0.01,0.03,M,SI2,FALSE,200
2025-08-29T05:18:07.411Z,RBC,2,0.01,0.03,M,SI3,FALSE,180
2025-08-29T05:18:07.411Z,RBC,2,0.01,0.03,M,I1,FALSE,160
2025-08-29T05:18:07.411Z,RBC,2,0.01,0.03,M,I2,FALSE,140
2025-08-29T05:18:07.411Z,RBC,2,0.01,0.03,M,I3,FALSE,120
2025-08-29T05:18:07.411Z,RBC,2,0.01,0.03,N,IF,FALSE,290
2025-08-29T05:18:07.411Z,RBC,2,0.01,0.03,N,VVS1,FALSE,290
2025-08-29T05:18:07.411Z,RBC,2,0.01,0.03,N,VVS2,FALSE,290
2025-08-29T05:18:07.411Z,RBC,2,0.01,0.03,N,VS1,FALSE,260
2025-08-29T05:18:07.411Z,RBC,2,0.01,0.03,N,VS2,FALSE,260
2025-08-29T05:18:07.411Z,RBC,2,0.01,0.03,N,SI1,FALSE,230
2025-08-29T05:18:07.411Z,RBC,2,0.01,0.03,N,SI2,FALSE,200
2025-08-29T05:18:07.411Z,RBC,2,0.01,0.03,N,SI3,FALSE,180
2025-08-29T05:18:07.411Z,RBC,2,0.01,0.03,N,I1,FALSE,160
2025-08-29T05:18:07.411Z,RBC,2,0.01,0.03,N,I2,FALSE,140
2025-08-29T05:18:07.411Z,RBC,2,0.01,0.03,N,I3,FALSE,120
2025-08-29T05:18:07.411Z,RBC,2,0.04,0.07,D,IF,FALSE,900
2025-08-29T05:18:07.411Z,RBC,2,0.04,0.07,D,VVS1,FALSE,900
2025-08-29T05:18:07.411Z,RBC,2,0.04,0.07,D,VVS2,FALSE,900
2025-08-29T05:18:07.411Z,RBC,2,0.04,0.07,D,VS1,FALSE,790
2025-08-29T05:18:07.411Z,RBC,2,0.04,0.07,D,VS2,FALSE,790
2025-08-29T05:18:07.411Z,RBC,2,0.04,0.07,D,SI1,FALSE,680
2025-08-29T05:18:07.411Z,RBC,2,0.04,0.07,D,SI2,FALSE,600
2025-08-29T05:18:07.411Z,RBC,2,0.04,0.07,D,SI3,FALSE,530
2025-08-29T05:18:07.411Z,RBC,2,0.04,0.07,D,I1,FALSE,480
2025-08-29T05:18:07.411Z,RBC,2,0.04,0.07,D,I2,FALSE,400
2025-08-29T05:18:07.411Z,RBC,2,0.04,0.07,D,I3,FALSE,310
2025-08-29T05:18:07.411Z,RBC,2,0.04,0.07,E,IF,FALSE,900
2025-08-29T05:18:07.411Z,RBC,2,0.04,0.07,E,VVS1,FALSE,900
2025-08-29T05:18:07.411Z,RBC,2,0.04,0.07,E,VVS2,FALSE,900
2025-08-29T05:18:07.411Z,RBC,2,0.04,0.07,E,VS1,FALSE,790
2025-08-29T05:18:07.411Z,RBC,2,0.04,0.07,E,VS2,FALSE,790
2025-08-29T05:18:07.411Z,RBC,2,0.04,0.07,E,SI1,FALSE,680
2025-08-29T05:18:07.411Z,RBC,2,0.04,0.07,E,SI2,FALSE,600
2025-08-29T05:18:07.411Z,RBC,2,0.04,0.07,E,SI3,FALSE,530
2025-08-29T05:18:07.411Z,RBC,2,0.04,0.07,E,I1,FALSE,480
2025-08-29T05:18:07.411Z,RBC,2,0.04,0.07,E,I2,FALSE,400
2025-08-29T05:18:07.411Z,RBC,2,0.04,0.07,E,I3,FALSE,310
2025-08-29T05:18:07.411Z,RBC,2,0.04,0.07,F,IF,FALSE,900
2025-08-29T05:18:07.411Z,RBC,2,0.04,0.07,F,VVS1,FALSE,900
2025-08-29T05:18:07.411Z,RBC,2,0.04,0.07,F,VVS2,FALSE,900
2025-08-29T05:18:07.411Z,RBC,2,0.04,0.07,F,VS1,FALSE,790
2025-08-29T05:18:07.411Z,RBC,2,0.04,0.07,F,VS2,FALSE,790
2025-08-29T05:18:07.411Z,RBC,2,0.04,0.07,F,SI1,FALSE,680
2025-08-29T05:18:07.411Z,RBC,2,0.04,0.07,F,SI2,FALSE,600
2025-08-29T05:18:07.411Z,RBC,2,0.04,0.07,F,SI3,FALSE,530
2025-08-29T05:18:07.411Z,RBC,2,0.04,0.07,F,I1,FALSE,480
2025-08-29T05:18:07.411Z,RBC,2,0.04,0.07,F,I2,FALSE,400
2025-08-29T05:18:07.411Z,RBC,2,0.04,0.07,F,I3,FALSE,310
2025-08-29T05:18:07.411Z,RBC,2,0.04,0.07,G,IF,FALSE,770
2025-08-29T05:18:07.411Z,RBC,2,0.04,0.07,G,VVS1,FALSE,770
2025-08-29T05:18:07.411Z,RBC,2,0.04,0.07,G,VVS2,FALSE,770
2025-08-29T05:18:07.411Z,RBC,2,0.04,0.07,G,VS1,FALSE,690
2025-08-29T05:18:07.411Z,RBC,2,0.04,0.07,G,VS2,FALSE,690
2025-08-29T05:18:07.411Z,RBC,2,0.04,0.07,G,SI1,FALSE,620
2025-08-29T05:18:07.411Z,RBC,2,0.04,0.07,G,SI2,FALSE,550
2025-08-29T05:18:07.411Z,RBC,2,0.04,0.07,G,SI3,FALSE,490
2025-08-29T05:18:07.411Z,RBC,2,0.04,0.07,G,I1,FALSE,440
2025-08-29T05:18:07.411Z,RBC,2,0.04,0.07,G,I2,FALSE,360
2025-08-29T05:18:07.411Z,RBC,2,0.04,0.07,G,I3,FALSE,280
2025-08-29T05:18:07.411Z,RBC,2,0.04,0.07,H,IF,FALSE,770
2025-08-29T05:18:07.411Z,RBC,2,0.04,0.07,H,VVS1,FALSE,770
2025-08-29T05:18:07.411Z,RBC,2,0.04,0.07,H,VVS2,FALSE,770
2025-08-29T05:18:07.411Z,RBC,2,0.04,0.07,H,VS1,FALSE,690
2025-08-29T05:18:07.411Z,RBC,2,0.04,0.07,H,VS2,FALSE,690
2025-08-29T05:18:07.411Z,RBC,2,0.04,0.07,H,SI1,FALSE,620
2025-08-29T05:18:07.411Z,RBC,2,0.04,0.07,H,SI2,FALSE,550
2025-08-29T05:18:07.411Z,RBC,2,0.04,0.07,H,SI3,FALSE,490
2025-08-29T05:18:07.411Z,RBC,2,0.04,0.07,H,I1,FALSE,440
2025-08-29T05:18:07.411Z,RBC,2,0.04,0.07,H,I2,FALSE,360
2025-08-29T05:18:07.411Z,RBC,2,0.04,0.07,H,I3,FALSE,280
2025-08-29T05:18:07.411Z,RBC,2,0.04,0.07,I,IF,FALSE,650
2025-08-29T05:18:07.411Z,RBC,2,0.04,0.07,I,VVS1,FALSE,650
2025-08-29T05:18:07.411Z,RBC,2,0.04,0.07,I,VVS2,FALSE,650
2025-08-29T05:18:07.411Z,RBC,2,0.04,0.07,I,VS1,FALSE,590
2025-08-29T05:18:07.411Z,RBC,2,0.04,0.07,I,VS2,FALSE,590
2025-08-29T05:18:07.411Z,RBC,2,0.04,0.07,I,SI1,FALSE,540
2025-08-29T05:18:07.411Z,RBC,2,0.04,0.07,I,SI2,FALSE,480
2025-08-29T05:18:07.411Z,RBC,2,0.04,0.07,I,SI3,FALSE,440
2025-08-29T05:18:07.411Z,RBC,2,0.04,0.07,I,I1,FALSE,400
2025-08-29T05:18:07.411Z,RBC,2,0.04,0.07,I,I2,FALSE,320
2025-08-29T05:18:07.411Z,RBC,2,0.04,0.07,I,I3,FALSE,260
2025-08-29T05:18:07.411Z,RBC,2,0.04,0.07,J,IF,FALSE,650
2025-08-29T05:18:07.411Z,RBC,2,0.04,0.07,J,VVS1,FALSE,650
2025-08-29T05:18:07.411Z,RBC,2,0.04,0.07,J,VVS2,FALSE,650
2025-08-29T05:18:07.411Z,RBC,2,0.04,0.07,J,VS1,FALSE,590
2025-08-29T05:18:07.411Z,RBC,2,0.04,0.07,J,VS2,FALSE,590
2025-08-29T05:18:07.411Z,RBC,2,0.04,0.07,J,SI1,FALSE,540
2025-08-29T05:18:07.411Z,RBC,2,0.04,0.07,J,SI2,FALSE,480
2025-08-29T05:18:07.411Z,RBC,2,0.04,0.07,J,SI3,FALSE,440
2025-08-29T05:18:07.411Z,RBC,2,0.04,0.07,J,I1,FALSE,400
2025-08-29T05:18:07.411Z,RBC,2,0.04,0.07,J,I2,FALSE,320
2025-08-29T05:18:07.411Z,RBC,2,0.04,0.07,J,I3,FALSE,260
2025-08-29T05:18:07.411Z,RBC,2,0.04,0.07,K,IF,FALSE,470
2025-08-29T05:18:07.411Z,RBC,2,0.04,0.07,K,VVS1,FALSE,470
2025-08-29T05:18:07.411Z,RBC,2,0.04,0.07,K,VVS2,FALSE,470
2025-08-29T05:18:07.411Z,RBC,2,0.04,0.07,K,VS1,FALSE,420
2025-08-29T05:18:07.411Z,RBC,2,0.04,0.07,K,VS2,FALSE,420
2025-08-29T05:18:07.411Z,RBC,2,0.04,0.07,K,SI1,FALSE,380
2025-08-29T05:18:07.411Z,RBC,2,0.04,0.07,K,SI2,FALSE,340
2025-08-29T05:18:07.411Z,RBC,2,0.04,0.07,K,SI3,FALSE,310
2025-08-29T05:18:07.411Z,RBC,2,0.04,0.07,K,I1,FALSE,270
2025-08-29T05:18:07.411Z,RBC,2,0.04,0.07,K,I2,FALSE,220
2025-08-29T05:18:07.411Z,RBC,2,0.04,0.07,K,I3,FALSE,170
2025-08-29T05:18:07.411Z,RBC,2,0.04,0.07,L,IF,FALSE,470
2025-08-29T05:18:07.411Z,RBC,2,0.04,0.07,L,VVS1,FALSE,470
2025-08-29T05:18:07.411Z,RBC,2,0.04,0.07,L,VVS2,FALSE,470
2025-08-29T05:18:07.411Z,RBC,2,0.04,0.07,L,VS1,FALSE,420
2025-08-29T05:18:07.411Z,RBC,2,0.04,0.07,L,VS2,FALSE,420
2025-08-29T05:18:07.411Z,RBC,2,0.04,0.07,L,SI1,FALSE,380
2025-08-29T05:18:07.411Z,RBC,2,0.04,0.07,L,SI2,FALSE,340
2025-08-29T05:18:07.411Z,RBC,2,0.04,0.07,L,SI3,FALSE,310
2025-08-29T05:18:07.411Z,RBC,2,0.04,0.07,L,I1,FALSE,270
2025-08-29T05:18:07.411Z,RBC,2,0.04,0.07,L,I2,FALSE,220
2025-08-29T05:18:07.411Z,RBC,2,0.04,0.07,L,I3,FALSE,170
2025-08-29T05:18:07.411Z,RBC,2,0.04,0.07,M,IF,FALSE,310
2025-08-29T05:18:07.411Z,RBC,2,0.04,0.07,M,VVS1,FALSE,310
2025-08-29T05:18:07.411Z,RBC,2,0.04,0.07,M,VVS2,FALSE,310
2025-08-29T05:18:07.411Z,RBC,2,0.04,0.07,M,VS1,FALSE,280
2025-08-29T05:18:07.411Z,RBC,2,0.04,0.07,M,VS2,FALSE,280
2025-08-29T05:18:07.411Z,RBC,2,0.04,0.07,M,SI1,FALSE,240
2025-08-29T05:18:07.411Z,RBC,2,0.04,0.07,M,SI2,FALSE,210
2025-08-29T05:18:07.411Z,RBC,2,0.04,0.07,M,SI3,FALSE,190
2025-08-29T05:18:07.411Z,RBC,2,0.04,0.07,M,I1,FALSE,170
2025-08-29T05:18:07.411Z,RBC,2,0.04,0.07,M,I2,FALSE,150
2025-08-29T05:18:07.411Z,RBC,2,0.04,0.07,M,I3,FALSE,130
2025-08-29T05:18:07.411Z,RBC,2,0.04,0.07,N,IF,FALSE,310
2025-08-29T05:18:07.411Z,RBC,2,0.04,0.07,N,VVS1,FALSE,310
2025-08-29T05:18:07.411Z,RBC,2,0.04,0.07,N,VVS2,FALSE,310
2025-08-29T05:18:07.411Z,RBC,2,0.04,0.07,N,VS1,FALSE,280
2025-08-29T05:18:07.411Z,RBC,2,0.04,0.07,N,VS2,FALSE,280
2025-08-29T05:18:07.411Z,RBC,2,0.04,0.07,N,SI1,FALSE,240
2025-08-29T05:18:07.411Z,RBC,2,0.04,0.07,N,SI2,FALSE,210
2025-08-29T05:18:07.411Z,RBC,2,0.04,0.07,N,SI3,FALSE,190
2025-08-29T05:18:07.411Z,RBC,2,0.04,0.07,N,I1,FALSE,170
2025-08-29T05:18:07.411Z,RBC,2,0.04,0.07,N,I2,FALSE,150
2025-08-29T05:18:07.411Z,RBC,2,0.04,0.07,N,I3,FALSE,130
2025-08-29T05:18:07.411Z,RBC,2,0.08,0.14,D,IF,FALSE,1060
2025-08-29T05:18:07.411Z,RBC,2,0.08,0.14,D,VVS1,FALSE,1060
2025-08-29T05:18:07.411Z,RBC,2,0.08,0.14,D,VVS2,FALSE,1060
2025-08-29T05:18:07.411Z,RBC,2,0.08,0.14,D,VS1,FALSE,960
2025-08-29T05:18:07.411Z,RBC,2,0.08,0.14,D,VS2,FALSE,960
2025-08-29T05:18:07.411Z,RBC,2,0.08,0.14,D,SI1,FALSE,850
2025-08-29T05:18:07.411Z,RBC,2,0.08,0.14,D,SI2,FALSE,760
2025-08-29T05:18:07.411Z,RBC,2,0.08,0.14,D,SI3,FALSE,680
2025-08-29T05:18:07.411Z,RBC,2,0.08,0.14,D,I1,FALSE,570
2025-08-29T05:18:07.411Z,RBC,2,0.08,0.14,D,I2,FALSE,480
2025-08-29T05:18:07.411Z,RBC,2,0.08,0.14,D,I3,FALSE,400
2025-08-29T05:18:07.411Z,RBC,2,0.08,0.14,E,IF,FALSE,1060
2025-08-29T05:18:07.411Z,RBC,2,0.08,0.14,E,VVS1,FALSE,1060
2025-08-29T05:18:07.411Z,RBC,2,0.08,0.14,E,VVS2,FALSE,1060
2025-08-29T05:18:07.411Z,RBC,2,0.08,0.14,E,VS1,FALSE,960
2025-08-29T05:18:07.411Z,RBC,2,0.08,0.14,E,VS2,FALSE,960
2025-08-29T05:18:07.411Z,RBC,2,0.08,0.14,E,SI1,FALSE,850
2025-08-29T05:18:07.411Z,RBC,2,0.08,0.14,E,SI2,FALSE,760
2025-08-29T05:18:07.411Z,RBC,2,0.08,0.14,E,SI3,FALSE,680
2025-08-29T05:18:07.411Z,RBC,2,0.08,0.14,E,I1,FALSE,570
2025-08-29T05:18:07.411Z,RBC,2,0.08,0.14,E,I2,FALSE,480
2025-08-29T05:18:07.411Z,RBC,2,0.08,0.14,E,I3,FALSE,400
2025-08-29T05:18:07.411Z,RBC,2,0.08,0.14,F,IF,FALSE,1060
2025-08-29T05:18:07.411Z,RBC,2,0.08,0.14,F,VVS1,FALSE,1060
2025-08-29T05:18:07.411Z,RBC,2,0.08,0.14,F,VVS2,FALSE,1060
2025-08-29T05:18:07.411Z,RBC,2,0.08,0.14,F,VS1,FALSE,960
2025-08-29T05:18:07.411Z,RBC,2,0.08,0.14,F,VS2,FALSE,960
2025-08-29T05:18:07.411Z,RBC,2,0.08,0.14,F,SI1,FALSE,850
2025-08-29T05:18:07.411Z,RBC,2,0.08,0.14,F,SI2,FALSE,760
2025-08-29T05:18:07.411Z,RBC,2,0.08,0.14,F,SI3,FALSE,680
2025-08-29T05:18:07.411Z,RBC,2,0.08,0.14,F,I1,FALSE,570
2025-08-29T05:18:07.411Z,RBC,2,0.08,0.14,F,I2,FALSE,480
2025-08-29T05:18:07.411Z,RBC,2,0.08,0.14,F,I3,FALSE,400
2025-08-29T05:18:07.411Z,RBC,2,0.08,0.14,G,IF,FALSE,880
2025-08-29T05:18:07.411Z,RBC,2,0.08,0.14,G,VVS1,FALSE,880
2025-08-29T05:18:07.411Z,RBC,2,0.08,0.14,G,VVS2,FALSE,880
2025-08-29T05:18:07.411Z,RBC,2,0.08,0.14,G,VS1,FALSE,820
2025-08-29T05:18:07.411Z,RBC,2,0.08,0.14,G,VS2,FALSE,820
2025-08-29T05:18:07.411Z,RBC,2,0.08,0.14,G,SI1,FALSE,770
2025-08-29T05:18:07.411Z,RBC,2,0.08,0.14,G,SI2,FALSE,690
2025-08-29T05:18:07.411Z,RBC,2,0.08,0.14,G,SI3,FALSE,620
2025-08-29T05:18:07.411Z,RBC,2,0.08,0.14,G,I1,FALSE,520
2025-08-29T05:18:07.411Z,RBC,2,0.08,0.14,G,I2,FALSE,430
2025-08-29T05:18:07.411Z,RBC,2,0.08,0.14,G,I3,FALSE,360
2025-08-29T05:18:07.411Z,RBC,2,0.08,0.14,H,IF,FALSE,880
2025-08-29T05:18:07.411Z,RBC,2,0.08,0.14,H,VVS1,FALSE,880
2025-08-29T05:18:07.411Z,RBC,2,0.08,0.14,H,VVS2,FALSE,880
2025-08-29T05:18:07.411Z,RBC,2,0.08,0.14,H,VS1,FALSE,820
2025-08-29T05:18:07.411Z,RBC,2,0.08,0.14,H,VS2,FALSE,820
2025-08-29T05:18:07.411Z,RBC,2,0.08,0.14,H,SI1,FALSE,770
2025-08-29T05:18:07.411Z,RBC,2,0.08,0.14,H,SI2,FALSE,690
2025-08-29T05:18:07.411Z,RBC,2,0.08,0.14,H,SI3,FALSE,620
2025-08-29T05:18:07.411Z,RBC,2,0.08,0.14,H,I1,FALSE,520
2025-08-29T05:18:07.411Z,RBC,2,0.08,0.14,H,I2,FALSE,430
2025-08-29T05:18:07.411Z,RBC,2,0.08,0.14,H,I3,FALSE,360
2025-08-29T05:18:07.411Z,RBC,2,0.08,0.14,I,IF,FALSE,760
2025-08-29T05:18:07.411Z,RBC,2,0.08,0.14,I,VVS1,FALSE,760
2025-08-29T05:18:07.411Z,RBC,2,0.08,0.14,I,VVS2,FALSE,760
2025-08-29T05:18:07.411Z,RBC,2,0.08,0.14,I,VS1,FALSE,700
2025-08-29T05:18:07.411Z,RBC,2,0.08,0.14,I,VS2,FALSE,700
2025-08-29T05:18:07.411Z,RBC,2,0.08,0.14,I,SI1,FALSE,650
2025-08-29T05:18:07.411Z,RBC,2,0.08,0.14,I,SI2,FALSE,580
2025-08-29T05:18:07.411Z,RBC,2,0.08,0.14,I,SI3,FALSE,510
2025-08-29T05:18:07.411Z,RBC,2,0.08,0.14,I,I1,FALSE,450
2025-08-29T05:18:07.411Z,RBC,2,0.08,0.14,I,I2,FALSE,370
2025-08-29T05:18:07.411Z,RBC,2,0.08,0.14,I,I3,FALSE,320
2025-08-29T05:18:07.411Z,RBC,2,0.08,0.14,J,IF,FALSE,760
2025-08-29T05:18:07.411Z,RBC,2,0.08,0.14,J,VVS1,FALSE,760
2025-08-29T05:18:07.411Z,RBC,2,0.08,0.14,J,VVS2,FALSE,760
2025-08-29T05:18:07.411Z,RBC,2,0.08,0.14,J,VS1,FALSE,700
2025-08-29T05:18:07.411Z,RBC,2,0.08,0.14,J,VS2,FALSE,700
2025-08-29T05:18:07.411Z,RBC,2,0.08,0.14,J,SI1,FALSE,650
2025-08-29T05:18:07.411Z,RBC,2,0.08,0.14,J,SI2,FALSE,580
2025-08-29T05:18:07.411Z,RBC,2,0.08,0.14,J,SI3,FALSE,510
2025-08-29T05:18:07.411Z,RBC,2,0.08,0.14,J,I1,FALSE,450
2025-08-29T05:18:07.411Z,RBC,2,0.08,0.14,J,I2,FALSE,370
2025-08-29T05:18:07.411Z,RBC,2,0.08,0.14,J,I3,FALSE,320
2025-08-29T05:18:07.411Z,RBC,2,0.08,0.14,K,IF,FALSE,630
2025-08-29T05:18:07.411Z,RBC,2,0.08,0.14,K,VVS1,FALSE,630
2025-08-29T05:18:07.411Z,RBC,2,0.08,0.14,K,VVS2,FALSE,630
2025-08-29T05:18:07.411Z,RBC,2,0.08,0.14,K,VS1,FALSE,560
2025-08-29T05:18:07.411Z,RBC,2,0.08,0.14,K,VS2,FALSE,560
2025-08-29T05:18:07.411Z,RBC,2,0.08,0.14,K,SI1,FALSE,500
2025-08-29T05:18:07.411Z,RBC,2,0.08,0.14,K,SI2,FALSE,430
2025-08-29T05:18:07.411Z,RBC,2,0.08,0.14,K,SI3,FALSE,380
2025-08-29T05:18:07.411Z,RBC,2,0.08,0.14,K,I1,FALSE,340
2025-08-29T05:18:07.411Z,RBC,2,0.08,0.14,K,I2,FALSE,280
2025-08-29T05:18:07.411Z,RBC,2,0.08,0.14,K,I3,FALSE,230
2025-08-29T05:18:07.411Z,RBC,2,0.08,0.14,L,IF,FALSE,630
2025-08-29T05:18:07.411Z,RBC,2,0.08,0.14,L,VVS1,FALSE,630
2025-08-29T05:18:07.411Z,RBC,2,0.08,0.14,L,VVS2,FALSE,630
2025-08-29T05:18:07.411Z,RBC,2,0.08,0.14,L,VS1,FALSE,560
2025-08-29T05:18:07.411Z,RBC,2,0.08,0.14,L,VS2,FALSE,560
2025-08-29T05:18:07.411Z,RBC,2,0.08,0.14,L,SI1,FALSE,500
2025-08-29T05:18:07.411Z,RBC,2,0.08,0.14,L,SI2,FALSE,430
2025-08-29T05:18:07.411Z,RBC,2,0.08,0.14,L,SI3,FALSE,380
2025-08-29T05:18:07.411Z,RBC,2,0.08,0.14,L,I1,FALSE,340
2025-08-29T05:18:07.411Z,RBC,2,0.08,0.14,L,I2,FALSE,280
2025-08-29T05:18:07.411Z,RBC,2,0.08,0.14,L,I3,FALSE,230
2025-08-29T05:18:07.411Z,RBC,2,0.08,0.14,M,IF,FALSE,410
2025-08-29T05:18:07.411Z,RBC,2,0.08,0.14,M,VVS1,FALSE,410
2025-08-29T05:18:07.411Z,RBC,2,0.08,0.14,M,VVS2,FALSE,410
2025-08-29T05:18:07.411Z,RBC,2,0.08,0.14,M,VS1,FALSE,370
2025-08-29T05:18:07.411Z,RBC,2,0.08,0.14,M,VS2,FALSE,370
2025-08-29T05:18:07.411Z,RBC,2,0.08,0.14,M,SI1,FALSE,330
2025-08-29T05:18:07.411Z,RBC,2,0.08,0.14,M,SI2,FALSE,290
2025-08-29T05:18:07.411Z,RBC,2,0.08,0.14,M,SI3,FALSE,260
2025-08-29T05:18:07.411Z,RBC,2,0.08,0.14,M,I1,FALSE,220
2025-08-29T05:18:07.411Z,RBC,2,0.08,0.14,M,I2,FALSE,190
2025-08-29T05:18:07.411Z,RBC,2,0.08,0.14,M,I3,FALSE,160
2025-08-29T05:18:07.411Z,RBC,2,0.08,0.14,N,IF,FALSE,410
2025-08-29T05:18:07.411Z,RBC,2,0.08,0.14,N,VVS1,FALSE,410
2025-08-29T05:18:07.411Z,RBC,2,0.08,0.14,N,VVS2,FALSE,410
2025-08-29T05:18:07.411Z,RBC,2,0.08,0.14,N,VS1,FALSE,370
2025-08-29T05:18:07.411Z,RBC,2,0.08,0.14,N,VS2,FALSE,370
2025-08-29T05:18:07.411Z,RBC,2,0.08,0.14,N,SI1,FALSE,330
2025-08-29T05:18:07.411Z,RBC,2,0.08,0.14,N,SI2,FALSE,290
2025-08-29T05:18:07.411Z,RBC,2,0.08,0.14,N,SI3,FALSE,260
2025-08-29T05:18:07.411Z,RBC,2,0.08,0.14,N,I1,FALSE,220
2025-08-29T05:18:07.411Z,RBC,2,0.08,0.14,N,I2,FALSE,190
2025-08-29T05:18:07.411Z,RBC,2,0.08,0.14,N,I3,FALSE,160
2025-08-29T05:18:07.411Z,RBC,2,0.15,0.17,D,IF,FALSE,1250
2025-08-29T05:18:07.411Z,RBC,2,0.15,0.17,D,VVS1,FALSE,1250
2025-08-29T05:18:07.411Z,RBC,2,0.15,0.17,D,VVS2,FALSE,1250
2025-08-29T05:18:07.411Z,RBC,2,0.15,0.17,D,VS1,FALSE,1110
2025-08-29T05:18:07.411Z,RBC,2,0.15,0.17,D,VS2,FALSE,1110
2025-08-29T05:18:07.411Z,RBC,2,0.15,0.17,D,SI1,FALSE,980
2025-08-29T05:18:07.411Z,RBC,2,0.15,0.17,D,SI2,FALSE,850
2025-08-29T05:18:07.411Z,RBC,2,0.15,0.17,D,SI3,FALSE,760
2025-08-29T05:18:07.411Z,RBC,2,0.15,0.17,D,I1,FALSE,640
2025-08-29T05:18:07.411Z,RBC,2,0.15,0.17,D,I2,FALSE,520
2025-08-29T05:18:07.411Z,RBC,2,0.15,0.17,D,I3,FALSE,440
2025-08-29T05:18:07.411Z,RBC,2,0.15,0.17,E,IF,FALSE,1250
2025-08-29T05:18:07.411Z,RBC,2,0.15,0.17,E,VVS1,FALSE,1250
2025-08-29T05:18:07.411Z,RBC,2,0.15,0.17,E,VVS2,FALSE,1250
2025-08-29T05:18:07.411Z,RBC,2,0.15,0.17,E,VS1,FALSE,1110
2025-08-29T05:18:07.411Z,RBC,2,0.15,0.17,E,VS2,FALSE,1110
2025-08-29T05:18:07.411Z,RBC,2,0.15,0.17,E,SI1,FALSE,980
2025-08-29T05:18:07.411Z,RBC,2,0.15,0.17,E,SI2,FALSE,850
2025-08-29T05:18:07.411Z,RBC,2,0.15,0.17,E,SI3,FALSE,760
2025-08-29T05:18:07.411Z,RBC,2,0.15,0.17,E,I1,FALSE,640
2025-08-29T05:18:07.411Z,RBC,2,0.15,0.17,E,I2,FALSE,520
2025-08-29T05:18:07.411Z,RBC,2,0.15,0.17,E,I3,FALSE,440
2025-08-29T05:18:07.411Z,RBC,2,0.15,0.17,F,IF,FALSE,1250
2025-08-29T05:18:07.411Z,RBC,2,0.15,0.17,F,VVS1,FALSE,1250
2025-08-29T05:18:07.411Z,RBC,2,0.15,0.17,F,VVS2,FALSE,1250
2025-08-29T05:18:07.411Z,RBC,2,0.15,0.17,F,VS1,FALSE,1110
2025-08-29T05:18:07.411Z,RBC,2,0.15,0.17,F,VS2,FALSE,1110
2025-08-29T05:18:07.411Z,RBC,2,0.15,0.17,F,SI1,FALSE,980
2025-08-29T05:18:07.411Z,RBC,2,0.15,0.17,F,SI2,FALSE,850
2025-08-29T05:18:07.411Z,RBC,2,0.15,0.17,F,SI3,FALSE,760
2025-08-29T05:18:07.411Z,RBC,2,0.15,0.17,F,I1,FALSE,640
2025-08-29T05:18:07.411Z,RBC,2,0.15,0.17,F,I2,FALSE,520
2025-08-29T05:18:07.411Z,RBC,2,0.15,0.17,F,I3,FALSE,440
2025-08-29T05:18:07.411Z,RBC,2,0.15,0.17,G,IF,FALSE,1050
2025-08-29T05:18:07.411Z,RBC,2,0.15,0.17,G,VVS1,FALSE,1050
2025-08-29T05:18:07.411Z,RBC,2,0.15,0.17,G,VVS2,FALSE,1050
2025-08-29T05:18:07.411Z,RBC,2,0.15,0.17,G,VS1,FALSE,960
2025-08-29T05:18:07.411Z,RBC,2,0.15,0.17,G,VS2,FALSE,960
2025-08-29T05:18:07.411Z,RBC,2,0.15,0.17,G,SI1,FALSE,870
2025-08-29T05:18:07.411Z,RBC,2,0.15,0.17,G,SI2,FALSE,770
2025-08-29T05:18:07.411Z,RBC,2,0.15,0.17,G,SI3,FALSE,680
2025-08-29T05:18:07.411Z,RBC,2,0.15,0.17,G,I1,FALSE,570
2025-08-29T05:18:07.411Z,RBC,2,0.15,0.17,G,I2,FALSE,470
2025-08-29T05:18:07.411Z,RBC,2,0.15,0.17,G,I3,FALSE,400
2025-08-29T05:18:07.411Z,RBC,2,0.15,0.17,H,IF,FALSE,1050
2025-08-29T05:18:07.411Z,RBC,2,0.15,0.17,H,VVS1,FALSE,1050
2025-08-29T05:18:07.411Z,RBC,2,0.15,0.17,H,VVS2,FALSE,1050
2025-08-29T05:18:07.411Z,RBC,2,0.15,0.17,H,VS1,FALSE,960
2025-08-29T05:18:07.411Z,RBC,2,0.15,0.17,H,VS2,FALSE,960
2025-08-29T05:18:07.411Z,RBC,2,0.15,0.17,H,SI1,FALSE,870
2025-08-29T05:18:07.411Z,RBC,2,0.15,0.17,H,SI2,FALSE,770
2025-08-29T05:18:07.411Z,RBC,2,0.15,0.17,H,SI3,FALSE,680
2025-08-29T05:18:07.411Z,RBC,2,0.15,0.17,H,I1,FALSE,570
2025-08-29T05:18:07.411Z,RBC,2,0.15,0.17,H,I2,FALSE,470
2025-08-29T05:18:07.411Z,RBC,2,0.15,0.17,H,I3,FALSE,400
2025-08-29T05:18:07.411Z,RBC,2,0.15,0.17,I,IF,FALSE,850
2025-08-29T05:18:07.411Z,RBC,2,0.15,0.17,I,VVS1,FALSE,850
2025-08-29T05:18:07.411Z,RBC,2,0.15,0.17,I,VVS2,FALSE,850
2025-08-29T05:18:07.411Z,RBC,2,0.15,0.17,I,VS1,FALSE,770
2025-08-29T05:18:07.411Z,RBC,2,0.15,0.17,I,VS2,FALSE,770
2025-08-29T05:18:07.411Z,RBC,2,0.15,0.17,I,SI1,FALSE,700
2025-08-29T05:18:07.411Z,RBC,2,0.15,0.17,I,SI2,FALSE,620
2025-08-29T05:18:07.411Z,RBC,2,0.15,0.17,I,SI3,FALSE,540
2025-08-29T05:18:07.411Z,RBC,2,0.15,0.17,I,I1,FALSE,480
2025-08-29T05:18:07.411Z,RBC,2,0.15,0.17,I,I2,FALSE,400
2025-08-29T05:18:07.411Z,RBC,2,0.15,0.17,I,I3,FALSE,360
2025-08-29T05:18:07.411Z,RBC,2,0.15,0.17,J,IF,FALSE,850
2025-08-29T05:18:07.411Z,RBC,2,0.15,0.17,J,VVS1,FALSE,850
2025-08-29T05:18:07.411Z,RBC,2,0.15,0.17,J,VVS2,FALSE,850
2025-08-29T05:18:07.411Z,RBC,2,0.15,0.17,J,VS1,FALSE,770
2025-08-29T05:18:07.411Z,RBC,2,0.15,0.17,J,VS2,FALSE,770
2025-08-29T05:18:07.411Z,RBC,2,0.15,0.17,J,SI1,FALSE,700
2025-08-29T05:18:07.411Z,RBC,2,0.15,0.17,J,SI2,FALSE,620
2025-08-29T05:18:07.411Z,RBC,2,0.15,0.17,J,SI3,FALSE,540
2025-08-29T05:18:07.411Z,RBC,2,0.15,0.17,J,I1,FALSE,480
2025-08-29T05:18:07.411Z,RBC,2,0.15,0.17,J,I2,FALSE,400
2025-08-29T05:18:07.411Z,RBC,2,0.15,0.17,J,I3,FALSE,360
2025-08-29T05:18:07.411Z,RBC,2,0.15,0.17,K,IF,FALSE,690
2025-08-29T05:18:07.411Z,RBC,2,0.15,0.17,K,VVS1,FALSE,690
2025-08-29T05:18:07.411Z,RBC,2,0.15,0.17,K,VVS2,FALSE,690
2025-08-29T05:18:07.411Z,RBC,2,0.15,0.17,K,VS1,FALSE,620
2025-08-29T05:18:07.411Z,RBC,2,0.15,0.17,K,VS2,FALSE,620
2025-08-29T05:18:07.411Z,RBC,2,0.15,0.17,K,SI1,FALSE,530
2025-08-29T05:18:07.411Z,RBC,2,0.15,0.17,K,SI2,FALSE,460
2025-08-29T05:18:07.411Z,RBC,2,0.15,0.17,K,SI3,FALSE,410
2025-08-29T05:18:07.411Z,RBC,2,0.15,0.17,K,I1,FALSE,370
2025-08-29T05:18:07.411Z,RBC,2,0.15,0.17,K,I2,FALSE,310
2025-08-29T05:18:07.411Z,RBC,2,0.15,0.17,K,I3,FALSE,260
2025-08-29T05:18:07.411Z,RBC,2,0.15,0.17,L,IF,FALSE,690
2025-08-29T05:18:07.411Z,RBC,2,0.15,0.17,L,VVS1,FALSE,690
2025-08-29T05:18:07.411Z,RBC,2,0.15,0.17,L,VVS2,FALSE,690
2025-08-29T05:18:07.411Z,RBC,2,0.15,0.17,L,VS1,FALSE,620
2025-08-29T05:18:07.411Z,RBC,2,0.15,0.17,L,VS2,FALSE,620
2025-08-29T05:18:07.411Z,RBC,2,0.15,0.17,L,SI1,FALSE,530
2025-08-29T05:18:07.411Z,RBC,2,0.15,0.17,L,SI2,FALSE,460
2025-08-29T05:18:07.411Z,RBC,2,0.15,0.17,L,SI3,FALSE,410
2025-08-29T05:18:07.411Z,RBC,2,0.15,0.17,L,I1,FALSE,370
2025-08-29T05:18:07.411Z,RBC,2,0.15,0.17,L,I2,FALSE,310
2025-08-29T05:18:07.411Z,RBC,2,0.15,0.17,L,I3,FALSE,260
2025-08-29T05:18:07.411Z,RBC,2,0.15,0.17,M,IF,FALSE,500
2025-08-29T05:18:07.411Z,RBC,2,0.15,0.17,M,VVS1,FALSE,500
2025-08-29T05:18:07.411Z,RBC,2,0.15,0.17,M,VVS2,FALSE,500
2025-08-29T05:18:07.411Z,RBC,2,0.15,0.17,M,VS1,FALSE,450
2025-08-29T05:18:07.411Z,RBC,2,0.15,0.17,M,VS2,FALSE,450
2025-08-29T05:18:07.411Z,RBC,2,0.15,0.17,M,SI1,FALSE,390
2025-08-29T05:18:07.411Z,RBC,2,0.15,0.17,M,SI2,FALSE,350
2025-08-29T05:18:07.411Z,RBC,2,0.15,0.17,M,SI3,FALSE,310
2025-08-29T05:18:07.411Z,RBC,2,0.15,0.17,M,I1,FALSE,260
2025-08-29T05:18:07.411Z,RBC,2,0.15,0.17,M,I2,FALSE,220
2025-08-29T05:18:07.411Z,RBC,2,0.15,0.17,M,I3,FALSE,180
2025-08-29T05:18:07.411Z,RBC,2,0.15,0.17,N,IF,FALSE,500
2025-08-29T05:18:07.411Z,RBC,2,0.15,0.17,N,VVS1,FALSE,500
2025-08-29T05:18:07.411Z,RBC,2,0.15,0.17,N,VVS2,FALSE,500
2025-08-29T05:18:07.411Z,RBC,2,0.15,0.17,N,VS1,FALSE,450
2025-08-29T05:18:07.411Z,RBC,2,0.15,0.17,N,VS2,FALSE,450
2025-08-29T05:18:07.411Z,RBC,2,0.15,0.17,N,SI1,FALSE,390
2025-08-29T05:18:07.411Z,RBC,2,0.15,0.17,N,SI2,FALSE,350
2025-08-29T05:18:07.411Z,RBC,2,0.15,0.17,N,SI3,FALSE,310
2025-08-29T05:18:07.411Z,RBC,2,0.15,0.17,N,I1,FALSE,260
2025-08-29T05:18:07.411Z,RBC,2,0.15,0.17,N,I2,FALSE,220
2025-08-29T05:18:07.411Z,RBC,2,0.15,0.17,N,I3,FALSE,180
2025-08-29T05:18:07.411Z,RBC,2,0.18,0.22,D,IF,FALSE,1400
2025-08-29T05:18:07.411Z,RBC,2,0.18,0.22,D,VVS1,FALSE,1400
2025-08-29T05:18:07.411Z,RBC,2,0.18,0.22,D,VVS2,FALSE,1400
2025-08-29T05:18:07.411Z,RBC,2,0.18,0.22,D,VS1,FALSE,1260
2025-08-29T05:18:07.411Z,RBC,2,0.18,0.22,D,VS2,FALSE,1260
2025-08-29T05:18:07.411Z,RBC,2,0.18,0.22,D,SI1,FALSE,1110
2025-08-29T05:18:07.411Z,RBC,2,0.18,0.22,D,SI2,FALSE,960
2025-08-29T05:18:07.411Z,RBC,2,0.18,0.22,D,SI3,FALSE,840
2025-08-29T05:18:07.411Z,RBC,2,0.18,0.22,D,I1,FALSE,690
2025-08-29T05:18:07.411Z,RBC,2,0.18,0.22,D,I2,FALSE,560
2025-08-29T05:18:07.411Z,RBC,2,0.18,0.22,D,I3,FALSE,480
2025-08-29T05:18:07.411Z,RBC,2,0.18,0.22,E,IF,FALSE,1400
2025-08-29T05:18:07.411Z,RBC,2,0.18,0.22,E,VVS1,FALSE,1400
2025-08-29T05:18:07.411Z,RBC,2,0.18,0.22,E,VVS2,FALSE,1400
2025-08-29T05:18:07.411Z,RBC,2,0.18,0.22,E,VS1,FALSE,1260
2025-08-29T05:18:07.411Z,RBC,2,0.18,0.22,E,VS2,FALSE,1260
2025-08-29T05:18:07.411Z,RBC,2,0.18,0.22,E,SI1,FALSE,1110
2025-08-29T05:18:07.411Z,RBC,2,0.18,0.22,E,SI2,FALSE,960
2025-08-29T05:18:07.411Z,RBC,2,0.18,0.22,E,SI3,FALSE,840
2025-08-29T05:18:07.411Z,RBC,2,0.18,0.22,E,I1,FALSE,690
2025-08-29T05:18:07.411Z,RBC,2,0.18,0.22,E,I2,FALSE,560
2025-08-29T05:18:07.411Z,RBC,2,0.18,0.22,E,I3,FALSE,480
2025-08-29T05:18:07.411Z,RBC,2,0.18,0.22,F,IF,FALSE,1400
2025-08-29T05:18:07.411Z,RBC,2,0.18,0.22,F,VVS1,FALSE,1400
2025-08-29T05:18:07.411Z,RBC,2,0.18,0.22,F,VVS2,FALSE,1400
2025-08-29T05:18:07.411Z,RBC,2,0.18,0.22,F,VS1,FALSE,1260
2025-08-29T05:18:07.411Z,RBC,2,0.18,0.22,F,VS2,FALSE,1260
2025-08-29T05:18:07.411Z,RBC,2,0.18,0.22,F,SI1,FALSE,1110
2025-08-29T05:18:07.411Z,RBC,2,0.18,0.22,F,SI2,FALSE,960
2025-08-29T05:18:07.411Z,RBC,2,0.18,0.22,F,SI3,FALSE,840
2025-08-29T05:18:07.411Z,RBC,2,0.18,0.22,F,I1,FALSE,690
2025-08-29T05:18:07.411Z,RBC,2,0.18,0.22,F,I2,FALSE,560
2025-08-29T05:18:07.411Z,RBC,2,0.18,0.22,F,I3,FALSE,480
2025-08-29T05:18:07.411Z,RBC,2,0.18,0.22,G,IF,FALSE,1200
2025-08-29T05:18:07.411Z,RBC,2,0.18,0.22,G,VVS1,FALSE,1200
2025-08-29T05:18:07.411Z,RBC,2,0.18,0.22,G,VVS2,FALSE,1200
2025-08-29T05:18:07.411Z,RBC,2,0.18,0.22,G,VS1,FALSE,1060
2025-08-29T05:18:07.411Z,RBC,2,0.18,0.22,G,VS2,FALSE,1060
2025-08-29T05:18:07.411Z,RBC,2,0.18,0.22,G,SI1,FALSE,950
2025-08-29T05:18:07.411Z,RBC,2,0.18,0.22,G,SI2,FALSE,830
2025-08-29T05:18:07.411Z,RBC,2,0.18,0.22,G,SI3,FALSE,730
2025-08-29T05:18:07.411Z,RBC,2,0.18,0.22,G,I1,FALSE,630
2025-08-29T05:18:07.411Z,RBC,2,0.18,0.22,G,I2,FALSE,510
2025-08-29T05:18:07.411Z,RBC,2,0.18,0.22,G,I3,FALSE,430
2025-08-29T05:18:07.411Z,RBC,2,0.18,0.22,H,IF,FALSE,1200
2025-08-29T05:18:07.411Z,RBC,2,0.18,0.22,H,VVS1,FALSE,1200
2025-08-29T05:18:07.411Z,RBC,2,0.18,0.22,H,VVS2,FALSE,1200
2025-08-29T05:18:07.411Z,RBC,2,0.18,0.22,H,VS1,FALSE,1060
2025-08-29T05:18:07.411Z,RBC,2,0.18,0.22,H,VS2,FALSE,1060
2025-08-29T05:18:07.411Z,RBC,2,0.18,0.22,H,SI1,FALSE,950
2025-08-29T05:18:07.411Z,RBC,2,0.18,0.22,H,SI2,FALSE,830
2025-08-29T05:18:07.411Z,RBC,2,0.18,0.22,H,SI3,FALSE,730
2025-08-29T05:18:07.411Z,RBC,2,0.18,0.22,H,I1,FALSE,630
2025-08-29T05:18:07.411Z,RBC,2,0.18,0.22,H,I2,FALSE,510
2025-08-29T05:18:07.411Z,RBC,2,0.18,0.22,H,I3,FALSE,430
2025-08-29T05:18:07.411Z,RBC,2,0.18,0.22,I,IF,FALSE,980
2025-08-29T05:18:07.411Z,RBC,2,0.18,0.22,I,VVS1,FALSE,980
2025-08-29T05:18:07.411Z,RBC,2,0.18,0.22,I,VVS2,FALSE,980
2025-08-29T05:18:07.411Z,RBC,2,0.18,0.22,I,VS1,FALSE,880
2025-08-29T05:18:07.411Z,RBC,2,0.18,0.22,I,VS2,FALSE,880
2025-08-29T05:18:07.411Z,RBC,2,0.18,0.22,I,SI1,FALSE,800
2025-08-29T05:18:07.411Z,RBC,2,0.18,0.22,I,SI2,FALSE,700
2025-08-29T05:18:07.411Z,RBC,2,0.18,0.22,I,SI3,FALSE,610
2025-08-29T05:18:07.411Z,RBC,2,0.18,0.22,I,I1,FALSE,520
2025-08-29T05:18:07.411Z,RBC,2,0.18,0.22,I,I2,FALSE,430
2025-08-29T05:18:07.411Z,RBC,2,0.18,0.22,I,I3,FALSE,390
2025-08-29T05:18:07.411Z,RBC,2,0.18,0.22,J,IF,FALSE,980
2025-08-29T05:18:07.411Z,RBC,2,0.18,0.22,J,VVS1,FALSE,980
2025-08-29T05:18:07.411Z,RBC,2,0.18,0.22,J,VVS2,FALSE,980
2025-08-29T05:18:07.411Z,RBC,2,0.18,0.22,J,VS1,FALSE,880
2025-08-29T05:18:07.411Z,RBC,2,0.18,0.22,J,VS2,FALSE,880
2025-08-29T05:18:07.411Z,RBC,2,0.18,0.22,J,SI1,FALSE,800
2025-08-29T05:18:07.411Z,RBC,2,0.18,0.22,J,SI2,FALSE,700
2025-08-29T05:18:07.411Z,RBC,2,0.18,0.22,J,SI3,FALSE,610
2025-08-29T05:18:07.411Z,RBC,2,0.18,0.22,J,I1,FALSE,520
2025-08-29T05:18:07.411Z,RBC,2,0.18,0.22,J,I2,FALSE,430
2025-08-29T05:18:07.411Z,RBC,2,0.18,0.22,J,I3,FALSE,390
2025-08-29T05:18:07.411Z,RBC,2,0.18,0.22,K,IF,FALSE,820
2025-08-29T05:18:07.411Z,RBC,2,0.18,0.22,K,VVS1,FALSE,820
2025-08-29T05:18:07.411Z,RBC,2,0.18,0.22,K,VVS2,FALSE,820
2025-08-29T05:18:07.411Z,RBC,2,0.18,0.22,K,VS1,FALSE,700
2025-08-29T05:18:07.411Z,RBC,2,0.18,0.22,K,VS2,FALSE,700
2025-08-29T05:18:07.411Z,RBC,2,0.18,0.22,K,SI1,FALSE,620
2025-08-29T05:18:07.411Z,RBC,2,0.18,0.22,K,SI2,FALSE,520
2025-08-29T05:18:07.411Z,RBC,2,0.18,0.22,K,SI3,FALSE,460
2025-08-29T05:18:07.411Z,RBC,2,0.18,0.22,K,I1,FALSE,400
2025-08-29T05:18:07.411Z,RBC,2,0.18,0.22,K,I2,FALSE,340
2025-08-29T05:18:07.411Z,RBC,2,0.18,0.22,K,I3,FALSE,280
2025-08-29T05:18:07.411Z,RBC,2,0.18,0.22,L,IF,FALSE,820
2025-08-29T05:18:07.411Z,RBC,2,0.18,0.22,L,VVS1,FALSE,820
2025-08-29T05:18:07.411Z,RBC,2,0.18,0.22,L,VVS2,FALSE,820
2025-08-29T05:18:07.411Z,RBC,2,0.18,0.22,L,VS1,FALSE,700
2025-08-29T05:18:07.411Z,RBC,2,0.18,0.22,L,VS2,FALSE,700
2025-08-29T05:18:07.411Z,RBC,2,0.18,0.22,L,SI1,FALSE,620
2025-08-29T05:18:07.411Z,RBC,2,0.18,0.22,L,SI2,FALSE,520
2025-08-29T05:18:07.411Z,RBC,2,0.18,0.22,L,SI3,FALSE,460
2025-08-29T05:18:07.411Z,RBC,2,0.18,0.22,L,I1,FALSE,400
2025-08-29T05:18:07.411Z,RBC,2,0.18,0.22,L,I2,FALSE,340
2025-08-29T05:18:07.411Z,RBC,2,0.18,0.22,L,I3,FALSE,280
2025-08-29T05:18:07.411Z,RBC,2,0.18,0.22,M,IF,FALSE,660
2025-08-29T05:18:07.411Z,RBC,2,0.18,0.22,M,VVS1,FALSE,660
2025-08-29T05:18:07.411Z,RBC,2,0.18,0.22,M,VVS2,FALSE,660
2025-08-29T05:18:07.411Z,RBC,2,0.18,0.22,M,VS1,FALSE,560
2025-08-29T05:18:07.411Z,RBC,2,0.18,0.22,M,VS2,FALSE,560
2025-08-29T05:18:07.411Z,RBC,2,0.18,0.22,M,SI1,FALSE,480
2025-08-29T05:18:07.411Z,RBC,2,0.18,0.22,M,SI2,FALSE,410
2025-08-29T05:18:07.411Z,RBC,2,0.18,0.22,M,SI3,FALSE,360
2025-08-29T05:18:07.411Z,RBC,2,0.18,0.22,M,I1,FALSE,290
2025-08-29T05:18:07.411Z,RBC,2,0.18,0.22,M,I2,FALSE,240
2025-08-29T05:18:07.411Z,RBC,2,0.18,0.22,M,I3,FALSE,200
2025-08-29T05:18:07.411Z,RBC,2,0.18,0.22,N,IF,FALSE,660
2025-08-29T05:18:07.411Z,RBC,2,0.18,0.22,N,VVS1,FALSE,660
2025-08-29T05:18:07.411Z,RBC,2,0.18,0.22,N,VVS2,FALSE,660
2025-08-29T05:18:07.411Z,RBC,2,0.18,0.22,N,VS1,FALSE,560
2025-08-29T05:18:07.411Z,RBC,2,0.18,0.22,N,VS2,FALSE,560
2025-08-29T05:18:07.411Z,RBC,2,0.18,0.22,N,SI1,FALSE,480
2025-08-29T05:18:07.411Z,RBC,2,0.18,0.22,N,SI2,FALSE,410
2025-08-29T05:18:07.411Z,RBC,2,0.18,0.22,N,SI3,FALSE,360
2025-08-29T05:18:07.411Z,RBC,2,0.18,0.22,N,I1,FALSE,290
2025-08-29T05:18:07.411Z,RBC,2,0.18,0.22,N,I2,FALSE,240
2025-08-29T05:18:07.411Z,RBC,2,0.18,0.22,N,I3,FALSE,200
2025-08-29T05:18:07.411Z,RBC,2,0.23,0.29,D,IF,FALSE,1650
2025-08-29T05:18:07.411Z,RBC,2,0.23,0.29,D,VVS1,FALSE,1650
2025-08-29T05:18:07.411Z,RBC,2,0.23,0.29,D,VVS2,FALSE,1650
2025-08-29T05:18:07.411Z,RBC,2,0.23,0.29,D,VS1,FALSE,1500
2025-08-29T05:18:07.411Z,RBC,2,0.23,0.29,D,VS2,FALSE,1500
2025-08-29T05:18:07.411Z,RBC,2,0.23,0.29,D,SI1,FALSE,1300
2025-08-29T05:18:07.411Z,RBC,2,0.23,0.29,D,SI2,FALSE,1090
2025-08-29T05:18:07.411Z,RBC,2,0.23,0.29,D,SI3,FALSE,940
2025-08-29T05:18:07.411Z,RBC,2,0.23,0.29,D,I1,FALSE,760
2025-08-29T05:18:07.411Z,RBC,2,0.23,0.29,D,I2,FALSE,600
2025-08-29T05:18:07.411Z,RBC,2,0.23,0.29,D,I3,FALSE,510
2025-08-29T05:18:07.411Z,RBC,2,0.23,0.29,E,IF,FALSE,1650
2025-08-29T05:18:07.411Z,RBC,2,0.23,0.29,E,VVS1,FALSE,1650
2025-08-29T05:18:07.411Z,RBC,2,0.23,0.29,E,VVS2,FALSE,1650
2025-08-29T05:18:07.411Z,RBC,2,0.23,0.29,E,VS1,FALSE,1500
2025-08-29T05:18:07.411Z,RBC,2,0.23,0.29,E,VS2,FALSE,1500
2025-08-29T05:18:07.411Z,RBC,2,0.23,0.29,E,SI1,FALSE,1300
2025-08-29T05:18:07.411Z,RBC,2,0.23,0.29,E,SI2,FALSE,1090
2025-08-29T05:18:07.411Z,RBC,2,0.23,0.29,E,SI3,FALSE,940
2025-08-29T05:18:07.411Z,RBC,2,0.23,0.29,E,I1,FALSE,760
2025-08-29T05:18:07.411Z,RBC,2,0.23,0.29,E,I2,FALSE,600
2025-08-29T05:18:07.411Z,RBC,2,0.23,0.29,E,I3,FALSE,510
2025-08-29T05:18:07.411Z,RBC,2,0.23,0.29,F,IF,FALSE,1650
2025-08-29T05:18:07.411Z,RBC,2,0.23,0.29,F,VVS1,FALSE,1650
2025-08-29T05:18:07.411Z,RBC,2,0.23,0.29,F,VVS2,FALSE,1650
2025-08-29T05:18:07.411Z,RBC,2,0.23,0.29,F,VS1,FALSE,1500
2025-08-29T05:18:07.411Z,RBC,2,0.23,0.29,F,VS2,FALSE,1500
2025-08-29T05:18:07.411Z,RBC,2,0.23,0.29,F,SI1,FALSE,1300
2025-08-29T05:18:07.411Z,RBC,2,0.23,0.29,F,SI2,FALSE,1090
2025-08-29T05:18:07.411Z,RBC,2,0.23,0.29,F,SI3,FALSE,940
2025-08-29T05:18:07.411Z,RBC,2,0.23,0.29,F,I1,FALSE,760
2025-08-29T05:18:07.411Z,RBC,2,0.23,0.29,F,I2,FALSE,600
2025-08-29T05:18:07.411Z,RBC,2,0.23,0.29,F,I3,FALSE,510
2025-08-29T05:18:07.411Z,RBC,2,0.23,0.29,G,IF,FALSE,1350
2025-08-29T05:18:07.411Z,RBC,2,0.23,0.29,G,VVS1,FALSE,1350
2025-08-29T05:18:07.411Z,RBC,2,0.23,0.29,G,VVS2,FALSE,1350
2025-08-29T05:18:07.411Z,RBC,2,0.23,0.29,G,VS1,FALSE,1220
2025-08-29T05:18:07.411Z,RBC,2,0.23,0.29,G,VS2,FALSE,1220
2025-08-29T05:18:07.411Z,RBC,2,0.23,0.29,G,SI1,FALSE,1070
2025-08-29T05:18:07.411Z,RBC,2,0.23,0.29,G,SI2,FALSE,920
2025-08-29T05:18:07.411Z,RBC,2,0.23,0.29,G,SI3,FALSE,810
2025-08-29T05:18:07.411Z,RBC,2,0.23,0.29,G,I1,FALSE,690
2025-08-29T05:18:07.411Z,RBC,2,0.23,0.29,G,I2,FALSE,550
2025-08-29T05:18:07.411Z,RBC,2,0.23,0.29,G,I3,FALSE,460
2025-08-29T05:18:07.411Z,RBC,2,0.23,0.29,H,IF,FALSE,1350
2025-08-29T05:18:07.411Z,RBC,2,0.23,0.29,H,VVS1,FALSE,1350
2025-08-29T05:18:07.411Z,RBC,2,0.23,0.29,H,VVS2,FALSE,1350
2025-08-29T05:18:07.411Z,RBC,2,0.23,0.29,H,VS1,FALSE,1220
2025-08-29T05:18:07.411Z,RBC,2,0.23,0.29,H,VS2,FALSE,1220
2025-08-29T05:18:07.411Z,RBC,2,0.23,0.29,H,SI1,FALSE,1070
2025-08-29T05:18:07.411Z,RBC,2,0.23,0.29,H,SI2,FALSE,920
2025-08-29T05:18:07.411Z,RBC,2,0.23,0.29,H,SI3,FALSE,810
2025-08-29T05:18:07.411Z,RBC,2,0.23,0.29,H,I1,FALSE,690
2025-08-29T05:18:07.411Z,RBC,2,0.23,0.29,H,I2,FALSE,550
2025-08-29T05:18:07.411Z,RBC,2,0.23,0.29,H,I3,FALSE,460
2025-08-29T05:18:07.411Z,RBC,2,0.23,0.29,I,IF,FALSE,1110
2025-08-29T05:18:07.411Z,RBC,2,0.23,0.29,I,VVS1,FALSE,1110
2025-08-29T05:18:07.411Z,RBC,2,0.23,0.29,I,VVS2,FALSE,1110
2025-08-29T05:18:07.411Z,RBC,2,0.23,0.29,I,VS1,FALSE,1010
2025-08-29T05:18:07.411Z,RBC,2,0.23,0.29,I,VS2,FALSE,1010
2025-08-29T05:18:07.411Z,RBC,2,0.23,0.29,I,SI1,FALSE,920
2025-08-29T05:18:07.411Z,RBC,2,0.23,0.29,I,SI2,FALSE,780
2025-08-29T05:18:07.411Z,RBC,2,0.23,0.29,I,SI3,FALSE,680
2025-08-29T05:18:07.411Z,RBC,2,0.23,0.29,I,I1,FALSE,560
2025-08-29T05:18:07.411Z,RBC,2,0.23,0.29,I,I2,FALSE,470
2025-08-29T05:18:07.411Z,RBC,2,0.23,0.29,I,I3,FALSE,420
2025-08-29T05:18:07.411Z,RBC,2,0.23,0.29,J,IF,FALSE,1110
2025-08-29T05:18:07.411Z,RBC,2,0.23,0.29,J,VVS1,FALSE,1110
2025-08-29T05:18:07.411Z,RBC,2,0.23,0.29,J,VVS2,FALSE,1110
2025-08-29T05:18:07.411Z,RBC,2,0.23,0.29,J,VS1,FALSE,1010
2025-08-29T05:18:07.411Z,RBC,2,0.23,0.29,J,VS2,FALSE,1010
2025-08-29T05:18:07.411Z,RBC,2,0.23,0.29,J,SI1,FALSE,920
2025-08-29T05:18:07.411Z,RBC,2,0.23,0.29,J,SI2,FALSE,780
2025-08-29T05:18:07.411Z,RBC,2,0.23,0.29,J,SI3,FALSE,680
2025-08-29T05:18:07.411Z,RBC,2,0.23,0.29,J,I1,FALSE,560
2025-08-29T05:18:07.411Z,RBC,2,0.23,0.29,J,I2,FALSE,470
2025-08-29T05:18:07.411Z,RBC,2,0.23,0.29,J,I3,FALSE,420
2025-08-29T05:18:07.411Z,RBC,2,0.23,0.29,K,IF,FALSE,920
2025-08-29T05:18:07.411Z,RBC,2,0.23,0.29,K,VVS1,FALSE,920
2025-08-29T05:18:07.411Z,RBC,2,0.23,0.29,K,VVS2,FALSE,920
2025-08-29T05:18:07.411Z,RBC,2,0.23,0.29,K,VS1,FALSE,800
2025-08-29T05:18:07.411Z,RBC,2,0.23,0.29,K,VS2,FALSE,800
2025-08-29T05:18:07.411Z,RBC,2,0.23,0.29,K,SI1,FALSE,700
2025-08-29T05:18:07.411Z,RBC,2,0.23,0.29,K,SI2,FALSE,610
2025-08-29T05:18:07.411Z,RBC,2,0.23,0.29,K,SI3,FALSE,540
2025-08-29T05:18:07.411Z,RBC,2,0.23,0.29,K,I1,FALSE,440
2025-08-29T05:18:07.411Z,RBC,2,0.23,0.29,K,I2,FALSE,370
2025-08-29T05:18:07.411Z,RBC,2,0.23,0.29,K,I3,FALSE,300
2025-08-29T05:18:07.411Z,RBC,2,0.23,0.29,L,IF,FALSE,920
2025-08-29T05:18:07.411Z,RBC,2,0.23,0.29,L,VVS1,FALSE,920
2025-08-29T05:18:07.411Z,RBC,2,0.23,0.29,L,VVS2,FALSE,920
2025-08-29T05:18:07.411Z,RBC,2,0.23,0.29,L,VS1,FALSE,800
2025-08-29T05:18:07.411Z,RBC,2,0.23,0.29,L,VS2,FALSE,800
2025-08-29T05:18:07.411Z,RBC,2,0.23,0.29,L,SI1,FALSE,700
2025-08-29T05:18:07.411Z,RBC,2,0.23,0.29,L,SI2,FALSE,610
2025-08-29T05:18:07.411Z,RBC,2,0.23,0.29,L,SI3,FALSE,540
2025-08-29T05:18:07.411Z,RBC,2,0.23,0.29,L,I1,FALSE,440
2025-08-29T05:18:07.411Z,RBC,2,0.23,0.29,L,I2,FALSE,370
2025-08-29T05:18:07.411Z,RBC,2,0.23,0.29,L,I3,FALSE,300
2025-08-29T05:18:07.411Z,RBC,2,0.23,0.29,M,IF,FALSE,780
2025-08-29T05:18:07.411Z,RBC,2,0.23,0.29,M,VVS1,FALSE,780
2025-08-29T05:18:07.411Z,RBC,2,0.23,0.29,M,VVS2,FALSE,780
2025-08-29T05:18:07.411Z,RBC,2,0.23,0.29,M,VS1,FALSE,670
2025-08-29T05:18:07.411Z,RBC,2,0.23,0.29,M,VS2,FALSE,670
2025-08-29T05:18:07.411Z,RBC,2,0.23,0.29,M,SI1,FALSE,560
2025-08-29T05:18:07.411Z,RBC,2,0.23,0.29,M,SI2,FALSE,490
2025-08-29T05:18:07.411Z,RBC,2,0.23,0.29,M,SI3,FALSE,440
2025-08-29T05:18:07.411Z,RBC,2,0.23,0.29,M,I1,FALSE,360
2025-08-29T05:18:07.411Z,RBC,2,0.23,0.29,M,I2,FALSE,280
2025-08-29T05:18:07.411Z,RBC,2,0.23,0.29,M,I3,FALSE,220
2025-08-29T05:18:07.411Z,RBC,2,0.23,0.29,N,IF,FALSE,780
2025-08-29T05:18:07.411Z,RBC,2,0.23,0.29,N,VVS1,FALSE,780
2025-08-29T05:18:07.411Z,RBC,2,0.23,0.29,N,VVS2,FALSE,780
2025-08-29T05:18:07.411Z,RBC,2,0.23,0.29,N,VS1,FALSE,670
2025-08-29T05:18:07.411Z,RBC,2,0.23,0.29,N,VS2,FALSE,670
2025-08-29T05:18:07.411Z,RBC,2,0.23,0.29,N,SI1,FALSE,560
2025-08-29T05:18:07.411Z,RBC,2,0.23,0.29,N,SI2,FALSE,490
2025-08-29T05:18:07.411Z,RBC,2,0.23,0.29,N,SI3,FALSE,440
2025-08-29T05:18:07.411Z,RBC,2,0.23,0.29,N,I1,FALSE,360
2025-08-29T05:18:07.411Z,RBC,2,0.23,0.29,N,I2,FALSE,280
2025-08-29T05:18:07.411Z,RBC,2,0.23,0.29,N,I3,FALSE,220
2025-08-29T05:18:07.411Z,RBC,2,0.3,0.39,D,IF,FALSE,3100
2025-08-29T05:18:07.411Z,RBC,2,0.3,0.39,D,VVS1,FALSE,2500
2025-08-29T05:18:07.411Z,RBC,2,0.3,0.39,D,VVS2,FALSE,2200
2025-08-29T05:18:07.411Z,RBC,2,0.3,0.39,D,VS1,FALSE,2000
2025-08-29T05:18:07.411Z,RBC,2,0.3,0.39,D,VS2,FALSE,1800
2025-08-29T05:18:07.411Z,RBC,2,0.3,0.39,D,SI1,FALSE,1600
2025-08-29T05:18:07.411Z,RBC,2,0.3,0.39,D,SI2,FALSE,1500
2025-08-29T05:18:07.411Z,RBC,2,0.3,0.39,D,SI3,FALSE,1400
2025-08-29T05:18:07.411Z,RBC,2,0.3,0.39,D,I1,FALSE,1300
2025-08-29T05:18:07.411Z,RBC,2,0.3,0.39,D,I2,FALSE,1100
2025-08-29T05:18:07.411Z,RBC,2,0.3,0.39,D,I3,FALSE,700
2025-08-29T05:18:07.411Z,RBC,2,0.3,0.39,E,IF,FALSE,2600
2025-08-29T05:18:07.411Z,RBC,2,0.3,0.39,E,VVS1,FALSE,2300
2025-08-29T05:18:07.411Z,RBC,2,0.3,0.39,E,VVS2,FALSE,2000
2025-08-29T05:18:07.411Z,RBC,2,0.3,0.39,E,VS1,FALSE,1800
2025-08-29T05:18:07.411Z,RBC,2,0.3,0.39,E,VS2,FALSE,1700
2025-08-29T05:18:07.411Z,RBC,2,0.3,0.39,E,SI1,FALSE,1500
2025-08-29T05:18:07.411Z,RBC,2,0.3,0.39,E,SI2,FALSE,1400
2025-08-29T05:18:07.411Z,RBC,2,0.3,0.39,E,SI3,FALSE,1300
2025-08-29T05:18:07.411Z,RBC,2,0.3,0.39,E,I1,FALSE,1200
2025-08-29T05:18:07.411Z,RBC,2,0.3,0.39,E,I2,FALSE,1000
2025-08-29T05:18:07.411Z,RBC,2,0.3,0.39,E,I3,FALSE,600
2025-08-29T05:18:07.411Z,RBC,2,0.3,0.39,F,IF,FALSE,2300
2025-08-29T05:18:07.411Z,RBC,2,0.3,0.39,F,VVS1,FALSE,2100
2025-08-29T05:18:07.411Z,RBC,2,0.3,0.39,F,VVS2,FALSE,1900
2025-08-29T05:18:07.411Z,RBC,2,0.3,0.39,F,VS1,FALSE,1700
2025-08-29T05:18:07.411Z,RBC,2,0.3,0.39,F,VS2,FALSE,1600
2025-08-29T05:18:07.411Z,RBC,2,0.3,0.39,F,SI1,FALSE,1400
2025-08-29T05:18:07.411Z,RBC,2,0.3,0.39,F,SI2,FALSE,1300
2025-08-29T05:18:07.411Z,RBC,2,0.3,0.39,F,SI3,FALSE,1200
2025-08-29T05:18:07.411Z,RBC,2,0.3,0.39,F,I1,FALSE,1100
2025-08-29T05:18:07.411Z,RBC,2,0.3,0.39,F,I2,FALSE,1000
2025-08-29T05:18:07.411Z,RBC,2,0.3,0.39,F,I3,FALSE,600
2025-08-29T05:18:07.411Z,RBC,2,0.3,0.39,G,IF,FALSE,2000
2025-08-29T05:18:07.411Z,RBC,2,0.3,0.39,G,VVS1,FALSE,1800
2025-08-29T05:18:07.411Z,RBC,2,0.3,0.39,G,VVS2,FALSE,1700
2025-08-29T05:18:07.411Z,RBC,2,0.3,0.39,G,VS1,FALSE,1600
2025-08-29T05:18:07.411Z,RBC,2,0.3,0.39,G,VS2,FALSE,1500
2025-08-29T05:18:07.411Z,RBC,2,0.3,0.39,G,SI1,FALSE,1400
2025-08-29T05:18:07.411Z,RBC,2,0.3,0.39,G,SI2,FALSE,1300
2025-08-29T05:18:07.411Z,RBC,2,0.3,0.39,G,SI3,FALSE,1200
2025-08-29T05:18:07.411Z,RBC,2,0.3,0.39,G,I1,FALSE,1000
2025-08-29T05:18:07.411Z,RBC,2,0.3,0.39,G,I2,FALSE,900
2025-08-29T05:18:07.411Z,RBC,2,0.3,0.39,G,I3,FALSE,500
2025-08-29T05:18:07.411Z,RBC,2,0.3,0.39,H,IF,FALSE,1700
2025-08-29T05:18:07.411Z,RBC,2,0.3,0.39,H,VVS1,FALSE,1600
2025-08-29T05:18:07.411Z,RBC,2,0.3,0.39,H,VVS2,FALSE,1500
2025-08-29T05:18:07.411Z,RBC,2,0.3,0.39,H,VS1,FALSE,1500
2025-08-29T05:18:07.411Z,RBC,2,0.3,0.39,H,VS2,FALSE,1400
2025-08-29T05:18:07.411Z,RBC,2,0.3,0.39,H,SI1,FALSE,1300
2025-08-29T05:18:07.411Z,RBC,2,0.3,0.39,H,SI2,FALSE,1200
2025-08-29T05:18:07.411Z,RBC,2,0.3,0.39,H,SI3,FALSE,1100
2025-08-29T05:18:07.411Z,RBC,2,0.3,0.39,H,I1,FALSE,1000
2025-08-29T05:18:07.411Z,RBC,2,0.3,0.39,H,I2,FALSE,800
2025-08-29T05:18:07.411Z,RBC,2,0.3,0.39,H,I3,FALSE,500
2025-08-29T05:18:07.411Z,RBC,2,0.3,0.39,I,IF,FALSE,1500
2025-08-29T05:18:07.411Z,RBC,2,0.3,0.39,I,VVS1,FALSE,1400
2025-08-29T05:18:07.411Z,RBC,2,0.3,0.39,I,VVS2,FALSE,1300
2025-08-29T05:18:07.411Z,RBC,2,0.3,0.39,I,VS1,FALSE,1300
2025-08-29T05:18:07.411Z,RBC,2,0.3,0.39,I,VS2,FALSE,1200
2025-08-29T05:18:07.411Z,RBC,2,0.3,0.39,I,SI1,FALSE,1200
2025-08-29T05:18:07.411Z,RBC,2,0.3,0.39,I,SI2,FALSE,1100
2025-08-29T05:18:07.411Z,RBC,2,0.3,0.39,I,SI3,FALSE,1000
2025-08-29T05:18:07.411Z,RBC,2,0.3,0.39,I,I1,FALSE,900
2025-08-29T05:18:07.411Z,RBC,2,0.3,0.39,I,I2,FALSE,700
2025-08-29T05:18:07.411Z,RBC,2,0.3,0.39,I,I3,FALSE,500
2025-08-29T05:18:07.411Z,RBC,2,0.3,0.39,J,IF,FALSE,1300
2025-08-29T05:18:07.411Z,RBC,2,0.3,0.39,J,VVS1,FALSE,1200
2025-08-29T05:18:07.411Z,RBC,2,0.3,0.39,J,VVS2,FALSE,1100
2025-08-29T05:18:07.411Z,RBC,2,0.3,0.39,J,VS1,FALSE,1100
2025-08-29T05:18:07.411Z,RBC,2,0.3,0.39,J,VS2,FALSE,1000
2025-08-29T05:18:07.411Z,RBC,2,0.3,0.39,J,SI1,FALSE,1000
2025-08-29T05:18:07.411Z,RBC,2,0.3,0.39,J,SI2,FALSE,1000
2025-08-29T05:18:07.411Z,RBC,2,0.3,0.39,J,SI3,FALSE,900
2025-08-29T05:18:07.411Z,RBC,2,0.3,0.39,J,I1,FALSE,800
2025-08-29T05:18:07.411Z,RBC,2,0.3,0.39,J,I2,FALSE,700
2025-08-29T05:18:07.411Z,RBC,2,0.3,0.39,J,I3,FALSE,400
2025-08-29T05:18:07.411Z,RBC,2,0.3,0.39,K,IF,FALSE,1200
2025-08-29T05:18:07.411Z,RBC,2,0.3,0.39,K,VVS1,FALSE,1100
2025-08-29T05:18:07.411Z,RBC,2,0.3,0.39,K,VVS2,FALSE,1000
2025-08-29T05:18:07.411Z,RBC,2,0.3,0.39,K,VS1,FALSE,900
2025-08-29T05:18:07.411Z,RBC,2,0.3,0.39,K,VS2,FALSE,900
2025-08-29T05:18:07.411Z,RBC,2,0.3,0.39,K,SI1,FALSE,900
2025-08-29T05:18:07.411Z,RBC,2,0.3,0.39,K,SI2,FALSE,900
2025-08-29T05:18:07.411Z,RBC,2,0.3,0.39,K,SI3,FALSE,800
2025-08-29T05:18:07.411Z,RBC,2,0.3,0.39,K,I1,FALSE,700
2025-08-29T05:18:07.411Z,RBC,2,0.3,0.39,K,I2,FALSE,600
2025-08-29T05:18:07.411Z,RBC,2,0.3,0.39,K,I3,FALSE,400
2025-08-29T05:18:07.411Z,RBC,2,0.3,0.39,L,IF,FALSE,1100
2025-08-29T05:18:07.411Z,RBC,2,0.3,0.39,L,VVS1,FALSE,1000
2025-08-29T05:18:07.411Z,RBC,2,0.3,0.39,L,VVS2,FALSE,900
2025-08-29T05:18:07.411Z,RBC,2,0.3,0.39,L,VS1,FALSE,800
2025-08-29T05:18:07.411Z,RBC,2,0.3,0.39,L,VS2,FALSE,800
2025-08-29T05:18:07.411Z,RBC,2,0.3,0.39,L,SI1,FALSE,800
2025-08-29T05:18:07.411Z,RBC,2,0.3,0.39,L,SI2,FALSE,800
2025-08-29T05:18:07.411Z,RBC,2,0.3,0.39,L,SI3,FALSE,700
2025-08-29T05:18:07.411Z,RBC,2,0.3,0.39,L,I1,FALSE,600
2025-08-29T05:18:07.411Z,RBC,2,0.3,0.39,L,I2,FALSE,500
2025-08-29T05:18:07.411Z,RBC,2,0.3,0.39,L,I3,FALSE,300
2025-08-29T05:18:07.411Z,RBC,2,0.3,0.39,M,IF,FALSE,1000
2025-08-29T05:18:07.411Z,RBC,2,0.3,0.39,M,VVS1,FALSE,900
2025-08-29T05:18:07.411Z,RBC,2,0.3,0.39,M,VVS2,FALSE,900
2025-08-29T05:18:07.411Z,RBC,2,0.3,0.39,M,VS1,FALSE,800
2025-08-29T05:18:07.411Z,RBC,2,0.3,0.39,M,VS2,FALSE,800
2025-08-29T05:18:07.411Z,RBC,2,0.3,0.39,M,SI1,FALSE,800
2025-08-29T05:18:07.411Z,RBC,2,0.3,0.39,M,SI2,FALSE,700
2025-08-29T05:18:07.411Z,RBC,2,0.3,0.39,M,SI3,FALSE,600
2025-08-29T05:18:07.411Z,RBC,2,0.3,0.39,M,I1,FALSE,500
2025-08-29T05:18:07.411Z,RBC,2,0.3,0.39,M,I2,FALSE,400
2025-08-29T05:18:07.411Z,RBC,2,0.3,0.39,M,I3,FALSE,300
2025-08-29T05:18:07.411Z,RBC,2,0.4,0.49,D,IF,FALSE,3500
2025-08-29T05:18:07.411Z,RBC,2,0.4,0.49,D,VVS1,FALSE,2900
2025-08-29T05:18:07.411Z,RBC,2,0.4,0.49,D,VVS2,FALSE,2500
2025-08-29T05:18:07.411Z,RBC,2,0.4,0.49,D,VS1,FALSE,2300
2025-08-29T05:18:07.411Z,RBC,2,0.4,0.49,D,VS2,FALSE,2100
2025-08-29T05:18:07.411Z,RBC,2,0.4,0.49,D,SI1,FALSE,1900
2025-08-29T05:18:07.411Z,RBC,2,0.4,0.49,D,SI2,FALSE,1700
2025-08-29T05:18:07.411Z,RBC,2,0.4,0.49,D,SI3,FALSE,1600
2025-08-29T05:18:07.411Z,RBC,2,0.4,0.49,D,I1,FALSE,1500
2025-08-29T05:18:07.411Z,RBC,2,0.4,0.49,D,I2,FALSE,1200
2025-08-29T05:18:07.411Z,RBC,2,0.4,0.49,D,I3,FALSE,800
2025-08-29T05:18:07.411Z,RBC,2,0.4,0.49,E,IF,FALSE,2900
2025-08-29T05:18:07.411Z,RBC,2,0.4,0.49,E,VVS1,FALSE,2600
2025-08-29T05:18:07.411Z,RBC,2,0.4,0.49,E,VVS2,FALSE,2300
2025-08-29T05:18:07.411Z,RBC,2,0.4,0.49,E,VS1,FALSE,2100
2025-08-29T05:18:07.411Z,RBC,2,0.4,0.49,E,VS2,FALSE,2000
2025-08-29T05:18:07.411Z,RBC,2,0.4,0.49,E,SI1,FALSE,1800
2025-08-29T05:18:07.411Z,RBC,2,0.4,0.49,E,SI2,FALSE,1600
2025-08-29T05:18:07.411Z,RBC,2,0.4,0.49,E,SI3,FALSE,1500
2025-08-29T05:18:07.411Z,RBC,2,0.4,0.49,E,I1,FALSE,1400
2025-08-29T05:18:07.411Z,RBC,2,0.4,0.49,E,I2,FALSE,1100
2025-08-29T05:18:07.411Z,RBC,2,0.4,0.49,E,I3,FALSE,700
2025-08-29T05:18:07.411Z,RBC,2,0.4,0.49,F,IF,FALSE,2600
2025-08-29T05:18:07.411Z,RBC,2,0.4,0.49,F,VVS1,FALSE,2400
2025-08-29T05:18:07.411Z,RBC,2,0.4,0.49,F,VVS2,FALSE,2200
2025-08-29T05:18:07.411Z,RBC,2,0.4,0.49,F,VS1,FALSE,2000
2025-08-29T05:18:07.411Z,RBC,2,0.4,0.49,F,VS2,FALSE,1900
2025-08-29T05:18:07.411Z,RBC,2,0.4,0.49,F,SI1,FALSE,1700
2025-08-29T05:18:07.411Z,RBC,2,0.4,0.49,F,SI2,FALSE,1500
2025-08-29T05:18:07.411Z,RBC,2,0.4,0.49,F,SI3,FALSE,1400
2025-08-29T05:18:07.411Z,RBC,2,0.4,0.49,F,I1,FALSE,1300
2025-08-29T05:18:07.411Z,RBC,2,0.4,0.49,F,I2,FALSE,1100
2025-08-29T05:18:07.411Z,RBC,2,0.4,0.49,F,I3,FALSE,700
2025-08-29T05:18:07.411Z,RBC,2,0.4,0.49,G,IF,FALSE,2300
2025-08-29T05:18:07.411Z,RBC,2,0.4,0.49,G,VVS1,FALSE,2100
2025-08-29T05:18:07.411Z,RBC,2,0.4,0.49,G,VVS2,FALSE,2000
2025-08-29T05:18:07.411Z,RBC,2,0.4,0.49,G,VS1,FALSE,1900
2025-08-29T05:18:07.411Z,RBC,2,0.4,0.49,G,VS2,FALSE,1800
2025-08-29T05:18:07.411Z,RBC,2,0.4,0.49,G,SI1,FALSE,1600
2025-08-29T05:18:07.411Z,RBC,2,0.4,0.49,G,SI2,FALSE,1400
2025-08-29T05:18:07.411Z,RBC,2,0.4,0.49,G,SI3,FALSE,1300
2025-08-29T05:18:07.411Z,RBC,2,0.4,0.49,G,I1,FALSE,1200
2025-08-29T05:18:07.411Z,RBC,2,0.4,0.49,G,I2,FALSE,1000
2025-08-29T05:18:07.411Z,RBC,2,0.4,0.49,G,I3,FALSE,600
2025-08-29T05:18:07.411Z,RBC,2,0.4,0.49,H,IF,FALSE,2000
2025-08-29T05:18:07.411Z,RBC,2,0.4,0.49,H,VVS1,FALSE,1800
2025-08-29T05:18:07.411Z,RBC,2,0.4,0.49,H,VVS2,FALSE,1700
2025-08-29T05:18:07.411Z,RBC,2,0.4,0.49,H,VS1,FALSE,1700
2025-08-29T05:18:07.411Z,RBC,2,0.4,0.49,H,VS2,FALSE,1600
2025-08-29T05:18:07.411Z,RBC,2,0.4,0.49,H,SI1,FALSE,1500
2025-08-29T05:18:07.411Z,RBC,2,0.4,0.49,H,SI2,FALSE,1300
2025-08-29T05:18:07.411Z,RBC,2,0.4,0.49,H,SI3,FALSE,1200
2025-08-29T05:18:07.411Z,RBC,2,0.4,0.49,H,I1,FALSE,1100
2025-08-29T05:18:07.411Z,RBC,2,0.4,0.49,H,I2,FALSE,900
2025-08-29T05:18:07.411Z,RBC,2,0.4,0.49,H,I3,FALSE,600
2025-08-29T05:18:07.411Z,RBC,2,0.4,0.49,I,IF,FALSE,1800
2025-08-29T05:18:07.411Z,RBC,2,0.4,0.49,I,VVS1,FALSE,1600
2025-08-29T05:18:07.411Z,RBC,2,0.4,0.49,I,VVS2,FALSE,1500
2025-08-29T05:18:07.411Z,RBC,2,0.4,0.49,I,VS1,FALSE,1500
2025-08-29T05:18:07.411Z,RBC,2,0.4,0.49,I,VS2,FALSE,1400
2025-08-29T05:18:07.411Z,RBC,2,0.4,0.49,I,SI1,FALSE,1300
2025-08-29T05:18:07.411Z,RBC,2,0.4,0.49,I,SI2,FALSE,1200
2025-08-29T05:18:07.411Z,RBC,2,0.4,0.49,I,SI3,FALSE,1100
2025-08-29T05:18:07.411Z,RBC,2,0.4,0.49,I,I1,FALSE,1000
2025-08-29T05:18:07.411Z,RBC,2,0.4,0.49,I,I2,FALSE,800
2025-08-29T05:18:07.411Z,RBC,2,0.4,0.49,I,I3,FALSE,600
2025-08-29T05:18:07.411Z,RBC,2,0.4,0.49,J,IF,FALSE,1600
2025-08-29T05:18:07.411Z,RBC,2,0.4,0.49,J,VVS1,FALSE,1400
2025-08-29T05:18:07.411Z,RBC,2,0.4,0.49,J,VVS2,FALSE,1300
2025-08-29T05:18:07.411Z,RBC,2,0.4,0.49,J,VS1,FALSE,1300
2025-08-29T05:18:07.411Z,RBC,2,0.4,0.49,J,VS2,FALSE,1200
2025-08-29T05:18:07.411Z,RBC,2,0.4,0.49,J,SI1,FALSE,1200
2025-08-29T05:18:07.411Z,RBC,2,0.4,0.49,J,SI2,FALSE,1100
2025-08-29T05:18:07.411Z,RBC,2,0.4,0.49,J,SI3,FALSE,1000
2025-08-29T05:18:07.411Z,RBC,2,0.4,0.49,J,I1,FALSE,900
2025-08-29T05:18:07.411Z,RBC,2,0.4,0.49,J,I2,FALSE,800
2025-08-29T05:18:07.411Z,RBC,2,0.4,0.49,J,I3,FALSE,500
2025-08-29T05:18:07.411Z,RBC,2,0.4,0.49,K,IF,FALSE,1400
2025-08-29T05:18:07.411Z,RBC,2,0.4,0.49,K,VVS1,FALSE,1300
2025-08-29T05:18:07.411Z,RBC,2,0.4,0.49,K,VVS2,FALSE,1200
2025-08-29T05:18:07.411Z,RBC,2,0.4,0.49,K,VS1,FALSE,1100
2025-08-29T05:18:07.411Z,RBC,2,0.4,0.49,K,VS2,FALSE,1100
2025-08-29T05:18:07.411Z,RBC,2,0.4,0.49,K,SI1,FALSE,1000
2025-08-29T05:18:07.411Z,RBC,2,0.4,0.49,K,SI2,FALSE,1000
2025-08-29T05:18:07.411Z,RBC,2,0.4,0.49,K,SI3,FALSE,900
2025-08-29T05:18:07.411Z,RBC,2,0.4,0.49,K,I1,FALSE,800
2025-08-29T05:18:07.411Z,RBC,2,0.4,0.49,K,I2,FALSE,700
2025-08-29T05:18:07.411Z,RBC,2,0.4,0.49,K,I3,FALSE,500
2025-08-29T05:18:07.411Z,RBC,2,0.4,0.49,L,IF,FALSE,1300
2025-08-29T05:18:07.411Z,RBC,2,0.4,0.49,L,VVS1,FALSE,1200
2025-08-29T05:18:07.411Z,RBC,2,0.4,0.49,L,VVS2,FALSE,1100
2025-08-29T05:18:07.411Z,RBC,2,0.4,0.49,L,VS1,FALSE,1000
2025-08-29T05:18:07.411Z,RBC,2,0.4,0.49,L,VS2,FALSE,1000
2025-08-29T05:18:07.411Z,RBC,2,0.4,0.49,L,SI1,FALSE,900
2025-08-29T05:18:07.411Z,RBC,2,0.4,0.49,L,SI2,FALSE,900
2025-08-29T05:18:07.411Z,RBC,2,0.4,0.49,L,SI3,FALSE,800
2025-08-29T05:18:07.411Z,RBC,2,0.4,0.49,L,I1,FALSE,700
2025-08-29T05:18:07.411Z,RBC,2,0.4,0.49,L,I2,FALSE,600
2025-08-29T05:18:07.411Z,RBC,2,0.4,0.49,L,I3,FALSE,400
2025-08-29T05:18:07.411Z,RBC,2,0.4,0.49,M,IF,FALSE,1200
2025-08-29T05:18:07.411Z,RBC,2,0.4,0.49,M,VVS1,FALSE,1100
2025-08-29T05:18:07.411Z,RBC,2,0.4,0.49,M,VVS2,FALSE,1000
2025-08-29T05:18:07.411Z,RBC,2,0.4,0.49,M,VS1,FALSE,900
2025-08-29T05:18:07.411Z,RBC,2,0.4,0.49,M,VS2,FALSE,900
2025-08-29T05:18:07.411Z,RBC,2,0.4,0.49,M,SI1,FALSE,900
2025-08-29T05:18:07.411Z,RBC,2,0.4,0.49,M,SI2,FALSE,800
2025-08-29T05:18:07.411Z,RBC,2,0.4,0.49,M,SI3,FALSE,700
2025-08-29T05:18:07.411Z,RBC,2,0.4,0.49,M,I1,FALSE,600
2025-08-29T05:18:07.411Z,RBC,2,0.4,0.49,M,I2,FALSE,500
2025-08-29T05:18:07.411Z,RBC,2,0.4,0.49,M,I3,FALSE,400
2025-08-29T05:18:07.411Z,RBC,2,0.5,0.69,D,IF,FALSE,5500
2025-08-29T05:18:07.411Z,RBC,2,0.5,0.69,D,VVS1,FALSE,4600
2025-08-29T05:18:07.411Z,RBC,2,0.5,0.69,D,VVS2,FALSE,3600
2025-08-29T05:18:07.411Z,RBC,2,0.5,0.69,D,VS1,FALSE,3000
2025-08-29T05:18:07.411Z,RBC,2,0.5,0.69,D,VS2,FALSE,2700
2025-08-29T05:18:07.411Z,RBC,2,0.5,0.69,D,SI1,FALSE,2300
2025-08-29T05:18:07.411Z,RBC,2,0.5,0.69,D,SI2,FALSE,1900
2025-08-29T05:18:07.411Z,RBC,2,0.5,0.69,D,SI3,FALSE,1700
2025-08-29T05:18:07.411Z,RBC,2,0.5,0.69,D,I1,FALSE,1600
2025-08-29T05:18:07.411Z,RBC,2,0.5,0.69,D,I2,FALSE,1400
2025-08-29T05:18:07.411Z,RBC,2,0.5,0.69,D,I3,FALSE,1100
2025-08-29T05:18:07.411Z,RBC,2,0.5,0.69,E,IF,FALSE,4400
2025-08-29T05:18:07.411Z,RBC,2,0.5,0.69,E,VVS1,FALSE,4000
2025-08-29T05:18:07.411Z,RBC,2,0.5,0.69,E,VVS2,FALSE,3300
2025-08-29T05:18:07.411Z,RBC,2,0.5,0.69,E,VS1,FALSE,2800
2025-08-29T05:18:07.411Z,RBC,2,0.5,0.69,E,VS2,FALSE,2500
2025-08-29T05:18:07.411Z,RBC,2,0.5,0.69,E,SI1,FALSE,2100
2025-08-29T05:18:07.411Z,RBC,2,0.5,0.69,E,SI2,FALSE,1800
2025-08-29T05:18:07.411Z,RBC,2,0.5,0.69,E,SI3,FALSE,1600
2025-08-29T05:18:07.411Z,RBC,2,0.5,0.69,E,I1,FALSE,1500
2025-08-29T05:18:07.411Z,RBC,2,0.5,0.69,E,I2,FALSE,1300
2025-08-29T05:18:07.411Z,RBC,2,0.5,0.69,E,I3,FALSE,1000
2025-08-29T05:18:07.411Z,RBC,2,0.5,0.69,F,IF,FALSE,3800
2025-08-29T05:18:07.411Z,RBC,2,0.5,0.69,F,VVS1,FALSE,3500
2025-08-29T05:18:07.411Z,RBC,2,0.5,0.69,F,VVS2,FALSE,3000
2025-08-29T05:18:07.411Z,RBC,2,0.5,0.69,F,VS1,FALSE,2600
2025-08-29T05:18:07.411Z,RBC,2,0.5,0.69,F,VS2,FALSE,2400
2025-08-29T05:18:07.411Z,RBC,2,0.5,0.69,F,SI1,FALSE,2000
2025-08-29T05:18:07.411Z,RBC,2,0.5,0.69,F,SI2,FALSE,1700
2025-08-29T05:18:07.411Z,RBC,2,0.5,0.69,F,SI3,FALSE,1500
2025-08-29T05:18:07.411Z,RBC,2,0.5,0.69,F,I1,FALSE,1400
2025-08-29T05:18:07.411Z,RBC,2,0.5,0.69,F,I2,FALSE,1200
2025-08-29T05:18:07.411Z,RBC,2,0.5,0.69,F,I3,FALSE,1000
2025-08-29T05:18:07.411Z,RBC,2,0.5,0.69,G,IF,FALSE,3200
2025-08-29T05:18:07.411Z,RBC,2,0.5,0.69,G,VVS1,FALSE,2900
2025-08-29T05:18:07.411Z,RBC,2,0.5,0.69,G,VVS2,FALSE,2600
2025-08-29T05:18:07.411Z,RBC,2,0.5,0.69,G,VS1,FALSE,2400
2025-08-29T05:18:07.411Z,RBC,2,0.5,0.69,G,VS2,FALSE,2300
2025-08-29T05:18:07.411Z,RBC,2,0.5,0.69,G,SI1,FALSE,1900
2025-08-29T05:18:07.411Z,RBC,2,0.5,0.69,G,SI2,FALSE,1600
2025-08-29T05:18:07.411Z,RBC,2,0.5,0.69,G,SI3,FALSE,1400
2025-08-29T05:18:07.411Z,RBC,2,0.5,0.69,G,I1,FALSE,1300
2025-08-29T05:18:07.411Z,RBC,2,0.5,0.69,G,I2,FALSE,1100
2025-08-29T05:18:07.411Z,RBC,2,0.5,0.69,G,I3,FALSE,900
2025-08-29T05:18:07.411Z,RBC,2,0.5,0.69,H,IF,FALSE,2600
2025-08-29T05:18:07.411Z,RBC,2,0.5,0.69,H,VVS1,FALSE,2400
2025-08-29T05:18:07.411Z,RBC,2,0.5,0.69,H,VVS2,FALSE,2300
2025-08-29T05:18:07.411Z,RBC,2,0.5,0.69,H,VS1,FALSE,2200
2025-08-29T05:18:07.411Z,RBC,2,0.5,0.69,H,VS2,FALSE,2100
2025-08-29T05:18:07.411Z,RBC,2,0.5,0.69,H,SI1,FALSE,1800
2025-08-29T05:18:07.411Z,RBC,2,0.5,0.69,H,SI2,FALSE,1500
2025-08-29T05:18:07.411Z,RBC,2,0.5,0.69,H,SI3,FALSE,1300
2025-08-29T05:18:07.411Z,RBC,2,0.5,0.69,H,I1,FALSE,1200
2025-08-29T05:18:07.411Z,RBC,2,0.5,0.69,H,I2,FALSE,1100
2025-08-29T05:18:07.411Z,RBC,2,0.5,0.69,H,I3,FALSE,800
2025-08-29T05:18:07.411Z,RBC,2,0.5,0.69,I,IF,FALSE,2300
2025-08-29T05:18:07.411Z,RBC,2,0.5,0.69,I,VVS1,FALSE,2100
2025-08-29T05:18:07.411Z,RBC,2,0.5,0.69,I,VVS2,FALSE,2000
2025-08-29T05:18:07.411Z,RBC,2,0.5,0.69,I,VS1,FALSE,1900
2025-08-29T05:18:07.411Z,RBC,2,0.5,0.69,I,VS2,FALSE,1800
2025-08-29T05:18:07.411Z,RBC,2,0.5,0.69,I,SI1,FALSE,1600
2025-08-29T05:18:07.411Z,RBC,2,0.5,0.69,I,SI2,FALSE,1400
2025-08-29T05:18:07.411Z,RBC,2,0.5,0.69,I,SI3,FALSE,1200
2025-08-29T05:18:07.411Z,RBC,2,0.5,0.69,I,I1,FALSE,1100
2025-08-29T05:18:07.411Z,RBC,2,0.5,0.69,I,I2,FALSE,1000
2025-08-29T05:18:07.411Z,RBC,2,0.5,0.69,I,I3,FALSE,800
2025-08-29T05:18:07.411Z,RBC,2,0.5,0.69,J,IF,FALSE,1900
2025-08-29T05:18:07.411Z,RBC,2,0.5,0.69,J,VVS1,FALSE,1700
2025-08-29T05:18:07.411Z,RBC,2,0.5,0.69,J,VVS2,FALSE,1600
2025-08-29T05:18:07.411Z,RBC,2,0.5,0.69,J,VS1,FALSE,1500
2025-08-29T05:18:07.411Z,RBC,2,0.5,0.69,J,VS2,FALSE,1400
2025-08-29T05:18:07.411Z,RBC,2,0.5,0.69,J,SI1,FALSE,1300
2025-08-29T05:18:07.411Z,RBC,2,0.5,0.69,J,SI2,FALSE,1200
2025-08-29T05:18:07.411Z,RBC,2,0.5,0.69,J,SI3,FALSE,1100
2025-08-29T05:18:07.411Z,RBC,2,0.5,0.69,J,I1,FALSE,1000
2025-08-29T05:18:07.411Z,RBC,2,0.5,0.69,J,I2,FALSE,1000
2025-08-29T05:18:07.411Z,RBC,2,0.5,0.69,J,I3,FALSE,700
2025-08-29T05:18:07.411Z,RBC,2,0.5,0.69,K,IF,FALSE,1600
2025-08-29T05:18:07.411Z,RBC,2,0.5,0.69,K,VVS1,FALSE,1500
2025-08-29T05:18:07.411Z,RBC,2,0.5,0.69,K,VVS2,FALSE,1400
2025-08-29T05:18:07.411Z,RBC,2,0.5,0.69,K,VS1,FALSE,1300
2025-08-29T05:18:07.411Z,RBC,2,0.5,0.69,K,VS2,FALSE,1200
2025-08-29T05:18:07.411Z,RBC,2,0.5,0.69,K,SI1,FALSE,1200
2025-08-29T05:18:07.411Z,RBC,2,0.5,0.69,K,SI2,FALSE,1100
2025-08-29T05:18:07.411Z,RBC,2,0.5,0.69,K,SI3,FALSE,1000
2025-08-29T05:18:07.411Z,RBC,2,0.5,0.69,K,I1,FALSE,900
2025-08-29T05:18:07.411Z,RBC,2,0.5,0.69,K,I2,FALSE,900
2025-08-29T05:18:07.411Z,RBC,2,0.5,0.69,K,I3,FALSE,700
2025-08-29T05:18:07.411Z,RBC,2,0.5,0.69,L,IF,FALSE,1500
2025-08-29T05:18:07.411Z,RBC,2,0.5,0.69,L,VVS1,FALSE,1400
2025-08-29T05:18:07.411Z,RBC,2,0.5,0.69,L,VVS2,FALSE,1300
2025-08-29T05:18:07.411Z,RBC,2,0.5,0.69,L,VS1,FALSE,1200
2025-08-29T05:18:07.411Z,RBC,2,0.5,0.69,L,VS2,FALSE,1100
2025-08-29T05:18:07.411Z,RBC,2,0.5,0.69,L,SI1,FALSE,1100
2025-08-29T05:18:07.411Z,RBC,2,0.5,0.69,L,SI2,FALSE,1000
2025-08-29T05:18:07.411Z,RBC,2,0.5,0.69,L,SI3,FALSE,1000
2025-08-29T05:18:07.411Z,RBC,2,0.5,0.69,L,I1,FALSE,900
2025-08-29T05:18:07.411Z,RBC,2,0.5,0.69,L,I2,FALSE,800
2025-08-29T05:18:07.411Z,RBC,2,0.5,0.69,L,I3,FALSE,600
2025-08-29T05:18:07.411Z,RBC,2,0.5,0.69,M,IF,FALSE,1400
2025-08-29T05:18:07.411Z,RBC,2,0.5,0.69,M,VVS1,FALSE,1300
2025-08-29T05:18:07.411Z,RBC,2,0.5,0.69,M,VVS2,FALSE,1200
2025-08-29T05:18:07.411Z,RBC,2,0.5,0.69,M,VS1,FALSE,1100
2025-08-29T05:18:07.411Z,RBC,2,0.5,0.69,M,VS2,FALSE,1000
2025-08-29T05:18:07.411Z,RBC,2,0.5,0.69,M,SI1,FALSE,1000
2025-08-29T05:18:07.411Z,RBC,2,0.5,0.69,M,SI2,FALSE,900
2025-08-29T05:18:07.411Z,RBC,2,0.5,0.69,M,SI3,FALSE,900
2025-08-29T05:18:07.411Z,RBC,2,0.5,0.69,M,I1,FALSE,900
2025-08-29T05:18:07.411Z,RBC,2,0.5,0.69,M,I2,FALSE,700
2025-08-29T05:18:07.411Z,RBC,2,0.5,0.69,M,I3,FALSE,500
2025-08-29T05:18:07.411Z,RBC,2,0.7,0.89,D,IF,FALSE,7000
2025-08-29T05:18:07.411Z,RBC,2,0.7,0.89,D,VVS1,FALSE,5800
2025-08-29T05:18:07.411Z,RBC,2,0.7,0.89,D,VVS2,FALSE,4500
2025-08-29T05:18:07.411Z,RBC,2,0.7,0.89,D,VS1,FALSE,3900
2025-08-29T05:18:07.411Z,RBC,2,0.7,0.89,D,VS2,FALSE,3400
2025-08-29T05:18:07.411Z,RBC,2,0.7,0.89,D,SI1,FALSE,3000
2025-08-29T05:18:07.411Z,RBC,2,0.7,0.89,D,SI2,FALSE,2600
2025-08-29T05:18:07.411Z,RBC,2,0.7,0.89,D,SI3,FALSE,2400
2025-08-29T05:18:07.411Z,RBC,2,0.7,0.89,D,I1,FALSE,2200
2025-08-29T05:18:07.411Z,RBC,2,0.7,0.89,D,I2,FALSE,1900
2025-08-29T05:18:07.411Z,RBC,2,0.7,0.89,D,I3,FALSE,1200
2025-08-29T05:18:07.411Z,RBC,2,0.7,0.89,E,IF,FALSE,5700
2025-08-29T05:18:07.411Z,RBC,2,0.7,0.89,E,VVS1,FALSE,5100
2025-08-29T05:18:07.411Z,RBC,2,0.7,0.89,E,VVS2,FALSE,4200
2025-08-29T05:18:07.411Z,RBC,2,0.7,0.89,E,VS1,FALSE,3700
2025-08-29T05:18:07.411Z,RBC,2,0.7,0.89,E,VS2,FALSE,3200
2025-08-29T05:18:07.411Z,RBC,2,0.7,0.89,E,SI1,FALSE,2800
2025-08-29T05:18:07.411Z,RBC,2,0.7,0.89,E,SI2,FALSE,2400
2025-08-29T05:18:07.411Z,RBC,2,0.7,0.89,E,SI3,FALSE,2200
2025-08-29T05:18:07.411Z,RBC,2,0.7,0.89,E,I1,FALSE,2000
2025-08-29T05:18:07.411Z,RBC,2,0.7,0.89,E,I2,FALSE,1800
2025-08-29T05:18:07.411Z,RBC,2,0.7,0.89,E,I3,FALSE,1100
2025-08-29T05:18:07.411Z,RBC,2,0.7,0.89,F,IF,FALSE,5000
2025-08-29T05:18:07.411Z,RBC,2,0.7,0.89,F,VVS1,FALSE,4600
2025-08-29T05:18:07.411Z,RBC,2,0.7,0.89,F,VVS2,FALSE,4000
2025-08-29T05:18:07.411Z,RBC,2,0.7,0.89,F,VS1,FALSE,3500
2025-08-29T05:18:07.411Z,RBC,2,0.7,0.89,F,VS2,FALSE,3000
2025-08-29T05:18:07.411Z,RBC,2,0.7,0.89,F,SI1,FALSE,2600
2025-08-29T05:18:07.411Z,RBC,2,0.7,0.89,F,SI2,FALSE,2200
2025-08-29T05:18:07.411Z,RBC,2,0.7,0.89,F,SI3,FALSE,2000
2025-08-29T05:18:07.411Z,RBC,2,0.7,0.89,F,I1,FALSE,1900
2025-08-29T05:18:07.411Z,RBC,2,0.7,0.89,F,I2,FALSE,1700
2025-08-29T05:18:07.411Z,RBC,2,0.7,0.89,F,I3,FALSE,1100
2025-08-29T05:18:07.411Z,RBC,2,0.7,0.89,G,IF,FALSE,4200
2025-08-29T05:18:07.411Z,RBC,2,0.7,0.89,G,VVS1,FALSE,3900
2025-08-29T05:18:07.411Z,RBC,2,0.7,0.89,G,VVS2,FALSE,3500
2025-08-29T05:18:07.411Z,RBC,2,0.7,0.89,G,VS1,FALSE,3200
2025-08-29T05:18:07.411Z,RBC,2,0.7,0.89,G,VS2,FALSE,2800
2025-08-29T05:18:07.411Z,RBC,2,0.7,0.89,G,SI1,FALSE,2400
2025-08-29T05:18:07.411Z,RBC,2,0.7,0.89,G,SI2,FALSE,2100
2025-08-29T05:18:07.411Z,RBC,2,0.7,0.89,G,SI3,FALSE,1900
2025-08-29T05:18:07.411Z,RBC,2,0.7,0.89,G,I1,FALSE,1800
2025-08-29T05:18:07.411Z,RBC,2,0.7,0.89,G,I2,FALSE,1600
2025-08-29T05:18:07.411Z,RBC,2,0.7,0.89,G,I3,FALSE,1000
2025-08-29T05:18:07.411Z,RBC,2,0.7,0.89,H,IF,FALSE,3400
2025-08-29T05:18:07.411Z,RBC,2,0.7,0.89,H,VVS1,FALSE,3100
2025-08-29T05:18:07.411Z,RBC,2,0.7,0.89,H,VVS2,FALSE,2900
2025-08-29T05:18:07.411Z,RBC,2,0.7,0.89,H,VS1,FALSE,2700
2025-08-29T05:18:07.411Z,RBC,2,0.7,0.89,H,VS2,FALSE,2500
2025-08-29T05:18:07.411Z,RBC,2,0.7,0.89,H,SI1,FALSE,2200
2025-08-29T05:18:07.411Z,RBC,2,0.7,0.89,H,SI2,FALSE,1900
2025-08-29T05:18:07.411Z,RBC,2,0.7,0.89,H,SI3,FALSE,1800
2025-08-29T05:18:07.411Z,RBC,2,0.7,0.89,H,I1,FALSE,1700
2025-08-29T05:18:07.411Z,RBC,2,0.7,0.89,H,I2,FALSE,1500
2025-08-29T05:18:07.411Z,RBC,2,0.7,0.89,H,I3,FALSE,900
2025-08-29T05:18:07.411Z,RBC,2,0.7,0.89,I,IF,FALSE,2900
2025-08-29T05:18:07.411Z,RBC,2,0.7,0.89,I,VVS1,FALSE,2700
2025-08-29T05:18:07.411Z,RBC,2,0.7,0.89,I,VVS2,FALSE,2500
2025-08-29T05:18:07.411Z,RBC,2,0.7,0.89,I,VS1,FALSE,2400
2025-08-29T05:18:07.411Z,RBC,2,0.7,0.89,I,VS2,FALSE,2200
2025-08-29T05:18:07.411Z,RBC,2,0.7,0.89,I,SI1,FALSE,1900
2025-08-29T05:18:07.411Z,RBC,2,0.7,0.89,I,SI2,FALSE,1700
2025-08-29T05:18:07.411Z,RBC,2,0.7,0.89,I,SI3,FALSE,1600
2025-08-29T05:18:07.411Z,RBC,2,0.7,0.89,I,I1,FALSE,1500
2025-08-29T05:18:07.411Z,RBC,2,0.7,0.89,I,I2,FALSE,1400
2025-08-29T05:18:07.411Z,RBC,2,0.7,0.89,I,I3,FALSE,900
2025-08-29T05:18:07.411Z,RBC,2,0.7,0.89,J,IF,FALSE,2400
2025-08-29T05:18:07.411Z,RBC,2,0.7,0.89,J,VVS1,FALSE,2200
2025-08-29T05:18:07.411Z,RBC,2,0.7,0.89,J,VVS2,FALSE,2000
2025-08-29T05:18:07.411Z,RBC,2,0.7,0.89,J,VS1,FALSE,1900
2025-08-29T05:18:07.411Z,RBC,2,0.7,0.89,J,VS2,FALSE,1800
2025-08-29T05:18:07.411Z,RBC,2,0.7,0.89,J,SI1,FALSE,1700
2025-08-29T05:18:07.411Z,RBC,2,0.7,0.89,J,SI2,FALSE,1500
2025-08-29T05:18:07.411Z,RBC,2,0.7,0.89,J,SI3,FALSE,1400
2025-08-29T05:18:07.411Z,RBC,2,0.7,0.89,J,I1,FALSE,1300
2025-08-29T05:18:07.411Z,RBC,2,0.7,0.89,J,I2,FALSE,1300
2025-08-29T05:18:07.411Z,RBC,2,0.7,0.89,J,I3,FALSE,800
2025-08-29T05:18:07.411Z,RBC,2,0.7,0.89,K,IF,FALSE,2200
2025-08-29T05:18:07.411Z,RBC,2,0.7,0.89,K,VVS1,FALSE,2000
2025-08-29T05:18:07.411Z,RBC,2,0.7,0.89,K,VVS2,FALSE,1800
2025-08-29T05:18:07.411Z,RBC,2,0.7,0.89,K,VS1,FALSE,1700
2025-08-29T05:18:07.411Z,RBC,2,0.7,0.89,K,VS2,FALSE,1600
2025-08-29T05:18:07.411Z,RBC,2,0.7,0.89,K,SI1,FALSE,1500
2025-08-29T05:18:07.411Z,RBC,2,0.7,0.89,K,SI2,FALSE,1400
2025-08-29T05:18:07.411Z,RBC,2,0.7,0.89,K,SI3,FALSE,1300
2025-08-29T05:18:07.411Z,RBC,2,0.7,0.89,K,I1,FALSE,1200
2025-08-29T05:18:07.411Z,RBC,2,0.7,0.89,K,I2,FALSE,1100
2025-08-29T05:18:07.411Z,RBC,2,0.7,0.89,K,I3,FALSE,800
2025-08-29T05:18:07.411Z,RBC,2,0.7,0.89,L,IF,FALSE,2000
2025-08-29T05:18:07.411Z,RBC,2,0.7,0.89,L,VVS1,FALSE,1800
2025-08-29T05:18:07.411Z,RBC,2,0.7,0.89,L,VVS2,FALSE,1600
2025-08-29T05:18:07.411Z,RBC,2,0.7,0.89,L,VS1,FALSE,1500
2025-08-29T05:18:07.411Z,RBC,2,0.7,0.89,L,VS2,FALSE,1400
2025-08-29T05:18:07.411Z,RBC,2,0.7,0.89,L,SI1,FALSE,1300
2025-08-29T05:18:07.411Z,RBC,2,0.7,0.89,L,SI2,FALSE,1200
2025-08-29T05:18:07.411Z,RBC,2,0.7,0.89,L,SI3,FALSE,1200
2025-08-29T05:18:07.411Z,RBC,2,0.7,0.89,L,I1,FALSE,1200
2025-08-29T05:18:07.411Z,RBC,2,0.7,0.89,L,I2,FALSE,900
2025-08-29T05:18:07.411Z,RBC,2,0.7,0.89,L,I3,FALSE,700
2025-08-29T05:18:07.411Z,RBC,2,0.7,0.89,M,IF,FALSE,1800
2025-08-29T05:18:07.411Z,RBC,2,0.7,0.89,M,VVS1,FALSE,1600
2025-08-29T05:18:07.411Z,RBC,2,0.7,0.89,M,VVS2,FALSE,1400
2025-08-29T05:18:07.411Z,RBC,2,0.7,0.89,M,VS1,FALSE,1300
2025-08-29T05:18:07.411Z,RBC,2,0.7,0.89,M,VS2,FALSE,1200
2025-08-29T05:18:07.411Z,RBC,2,0.7,0.89,M,SI1,FALSE,1200
2025-08-29T05:18:07.411Z,RBC,2,0.7,0.89,M,SI2,FALSE,1100
2025-08-29T05:18:07.411Z,RBC,2,0.7,0.89,M,SI3,FALSE,1100
2025-08-29T05:18:07.411Z,RBC,2,0.7,0.89,M,I1,FALSE,1100
2025-08-29T05:18:07.411Z,RBC,2,0.7,0.89,M,I2,FALSE,800
2025-08-29T05:18:07.411Z,RBC,2,0.7,0.89,M,I3,FALSE,600
2025-08-29T05:18:07.411Z,RBC,2,0.9,0.99,D,IF,FALSE,10400
2025-08-29T05:18:07.411Z,RBC,2,0.9,0.99,D,VVS1,FALSE,9400
2025-08-29T05:18:07.411Z,RBC,2,0.9,0.99,D,VVS2,FALSE,7000
2025-08-29T05:18:07.411Z,RBC,2,0.9,0.99,D,VS1,FALSE,6000
2025-08-29T05:18:07.411Z,RBC,2,0.9,0.99,D,VS2,FALSE,5200
2025-08-29T05:18:07.411Z,RBC,2,0.9,0.99,D,SI1,FALSE,4400
2025-08-29T05:18:07.411Z,RBC,2,0.9,0.99,D,SI2,FALSE,3600
2025-08-29T05:18:07.411Z,RBC,2,0.9,0.99,D,SI3,FALSE,3100
2025-08-29T05:18:07.411Z,RBC,2,0.9,0.99,D,I1,FALSE,2900
2025-08-29T05:18:07.411Z,RBC,2,0.9,0.99,D,I2,FALSE,2200
2025-08-29T05:18:07.411Z,RBC,2,0.9,0.99,D,I3,FALSE,1500
2025-08-29T05:18:07.411Z,RBC,2,0.9,0.99,E,IF,FALSE,9000
2025-08-29T05:18:07.411Z,RBC,2,0.9,0.99,E,VVS1,FALSE,8100
2025-08-29T05:18:07.411Z,RBC,2,0.9,0.99,E,VVS2,FALSE,6500
2025-08-29T05:18:07.411Z,RBC,2,0.9,0.99,E,VS1,FALSE,5500
2025-08-29T05:18:07.411Z,RBC,2,0.9,0.99,E,VS2,FALSE,4800
2025-08-29T05:18:07.411Z,RBC,2,0.9,0.99,E,SI1,FALSE,4000
2025-08-29T05:18:07.411Z,RBC,2,0.9,0.99,E,SI2,FALSE,3200
2025-08-29T05:18:07.411Z,RBC,2,0.9,0.99,E,SI3,FALSE,2900
2025-08-29T05:18:07.411Z,RBC,2,0.9,0.99,E,I1,FALSE,2700
2025-08-29T05:18:07.411Z,RBC,2,0.9,0.99,E,I2,FALSE,2100
2025-08-29T05:18:07.411Z,RBC,2,0.9,0.99,E,I3,FALSE,1400
2025-08-29T05:18:07.411Z,RBC,2,0.9,0.99,F,IF,FALSE,8200
2025-08-29T05:18:07.411Z,RBC,2,0.9,0.99,F,VVS1,FALSE,7500
2025-08-29T05:18:07.411Z,RBC,2,0.9,0.99,F,VVS2,FALSE,6000
2025-08-29T05:18:07.411Z,RBC,2,0.9,0.99,F,VS1,FALSE,5100
2025-08-29T05:18:07.411Z,RBC,2,0.9,0.99,F,VS2,FALSE,4500
2025-08-29T05:18:07.411Z,RBC,2,0.9,0.99,F,SI1,FALSE,3700
2025-08-29T05:18:07.411Z,RBC,2,0.9,0.99,F,SI2,FALSE,2900
2025-08-29T05:18:07.411Z,RBC,2,0.9,0.99,F,SI3,FALSE,2700
2025-08-29T05:18:07.411Z,RBC,2,0.9,0.99,F,I1,FALSE,2600
2025-08-29T05:18:07.411Z,RBC,2,0.9,0.99,F,I2,FALSE,2000
2025-08-29T05:18:07.411Z,RBC,2,0.9,0.99,F,I3,FALSE,1300
2025-08-29T05:18:07.411Z,RBC,2,0.9,0.99,G,IF,FALSE,6500
2025-08-29T05:18:07.411Z,RBC,2,0.9,0.99,G,VVS1,FALSE,6000
2025-08-29T05:18:07.411Z,RBC,2,0.9,0.99,G,VVS2,FALSE,5200
2025-08-29T05:18:07.411Z,RBC,2,0.9,0.99,G,VS1,FALSE,4600
2025-08-29T05:18:07.411Z,RBC,2,0.9,0.99,G,VS2,FALSE,4200
2025-08-29T05:18:07.411Z,RBC,2,0.9,0.99,G,SI1,FALSE,3400
2025-08-29T05:18:07.411Z,RBC,2,0.9,0.99,G,SI2,FALSE,2700
2025-08-29T05:18:07.411Z,RBC,2,0.9,0.99,G,SI3,FALSE,2600
2025-08-29T05:18:07.411Z,RBC,2,0.9,0.99,G,I1,FALSE,2500
2025-08-29T05:18:07.411Z,RBC,2,0.9,0.99,G,I2,FALSE,1900
2025-08-29T05:18:07.411Z,RBC,2,0.9,0.99,G,I3,FALSE,1200
2025-08-29T05:18:07.411Z,RBC,2,0.9,0.99,H,IF,FALSE,5000
2025-08-29T05:18:07.411Z,RBC,2,0.9,0.99,H,VVS1,FALSE,4600
2025-08-29T05:18:07.411Z,RBC,2,0.9,0.99,H,VVS2,FALSE,4200
2025-08-29T05:18:07.411Z,RBC,2,0.9,0.99,H,VS1,FALSE,3900
2025-08-29T05:18:07.411Z,RBC,2,0.9,0.99,H,VS2,FALSE,3600
2025-08-29T05:18:07.411Z,RBC,2,0.9,0.99,H,SI1,FALSE,3100
2025-08-29T05:18:07.411Z,RBC,2,0.9,0.99,H,SI2,FALSE,2600
2025-08-29T05:18:07.411Z,RBC,2,0.9,0.99,H,SI3,FALSE,2400
2025-08-29T05:18:07.411Z,RBC,2,0.9,0.99,H,I1,FALSE,2300
2025-08-29T05:18:07.411Z,RBC,2,0.9,0.99,H,I2,FALSE,1800
2025-08-29T05:18:07.411Z,RBC,2,0.9,0.99,H,I3,FALSE,1200
2025-08-29T05:18:07.411Z,RBC,2,0.9,0.99,I,IF,FALSE,4500
2025-08-29T05:18:07.411Z,RBC,2,0.9,0.99,I,VVS1,FALSE,4100
2025-08-29T05:18:07.411Z,RBC,2,0.9,0.99,I,VVS2,FALSE,3700
2025-08-29T05:18:07.411Z,RBC,2,0.9,0.99,I,VS1,FALSE,3500
2025-08-29T05:18:07.411Z,RBC,2,0.9,0.99,I,VS2,FALSE,3200
2025-08-29T05:18:07.411Z,RBC,2,0.9,0.99,I,SI1,FALSE,2800
2025-08-29T05:18:07.411Z,RBC,2,0.9,0.99,I,SI2,FALSE,2400
2025-08-29T05:18:07.411Z,RBC,2,0.9,0.99,I,SI3,FALSE,2300
2025-08-29T05:18:07.411Z,RBC,2,0.9,0.99,I,I1,FALSE,2200
2025-08-29T05:18:07.411Z,RBC,2,0.9,0.99,I,I2,FALSE,1700
2025-08-29T05:18:07.411Z,RBC,2,0.9,0.99,I,I3,FALSE,1100
2025-08-29T05:18:07.411Z,RBC,2,0.9,0.99,J,IF,FALSE,3700
2025-08-29T05:18:07.411Z,RBC,2,0.9,0.99,J,VVS1,FALSE,3400
2025-08-29T05:18:07.411Z,RBC,2,0.9,0.99,J,VVS2,FALSE,3100
2025-08-29T05:18:07.411Z,RBC,2,0.9,0.99,J,VS1,FALSE,2900
2025-08-29T05:18:07.411Z,RBC,2,0.9,0.99,J,VS2,FALSE,2700
2025-08-29T05:18:07.411Z,RBC,2,0.9,0.99,J,SI1,FALSE,2500
2025-08-29T05:18:07.411Z,RBC,2,0.9,0.99,J,SI2,FALSE,2300
2025-08-29T05:18:07.411Z,RBC,2,0.9,0.99,J,SI3,FALSE,2100
2025-08-29T05:18:07.411Z,RBC,2,0.9,0.99,J,I1,FALSE,2000
2025-08-29T05:18:07.411Z,RBC,2,0.9,0.99,J,I2,FALSE,1600
2025-08-29T05:18:07.411Z,RBC,2,0.9,0.99,J,I3,FALSE,1000
2025-08-29T05:18:07.411Z,RBC,2,0.9,0.99,K,IF,FALSE,3200
2025-08-29T05:18:07.411Z,RBC,2,0.9,0.99,K,VVS1,FALSE,3000
2025-08-29T05:18:07.411Z,RBC,2,0.9,0.99,K,VVS2,FALSE,2800
2025-08-29T05:18:07.411Z,RBC,2,0.9,0.99,K,VS1,FALSE,2600
2025-08-29T05:18:07.411Z,RBC,2,0.9,0.99,K,VS2,FALSE,2400
2025-08-29T05:18:07.411Z,RBC,2,0.9,0.99,K,SI1,FALSE,2300
2025-08-29T05:18:07.411Z,RBC,2,0.9,0.99,K,SI2,FALSE,2100
2025-08-29T05:18:07.411Z,RBC,2,0.9,0.99,K,SI3,FALSE,2000
2025-08-29T05:18:07.411Z,RBC,2,0.9,0.99,K,I1,FALSE,1800
2025-08-29T05:18:07.411Z,RBC,2,0.9,0.99,K,I2,FALSE,1500
2025-08-29T05:18:07.411Z,RBC,2,0.9,0.99,K,I3,FALSE,900
2025-08-29T05:18:07.411Z,RBC,2,0.9,0.99,L,IF,FALSE,2700
2025-08-29T05:18:07.411Z,RBC,2,0.9,0.99,L,VVS1,FALSE,2500
2025-08-29T05:18:07.411Z,RBC,2,0.9,0.99,L,VVS2,FALSE,2300
2025-08-29T05:18:07.411Z,RBC,2,0.9,0.99,L,VS1,FALSE,2200
2025-08-29T05:18:07.411Z,RBC,2,0.9,0.99,L,VS2,FALSE,2000
2025-08-29T05:18:07.411Z,RBC,2,0.9,0.99,L,SI1,FALSE,1900
2025-08-29T05:18:07.411Z,RBC,2,0.9,0.99,L,SI2,FALSE,1800
2025-08-29T05:18:07.411Z,RBC,2,0.9,0.99,L,SI3,FALSE,1800
2025-08-29T05:18:07.411Z,RBC,2,0.9,0.99,L,I1,FALSE,1700
2025-08-29T05:18:07.411Z,RBC,2,0.9,0.99,L,I2,FALSE,1300
2025-08-29T05:18:07.411Z,RBC,2,0.9,0.99,L,I3,FALSE,800
2025-08-29T05:18:07.411Z,RBC,2,0.9,0.99,M,IF,FALSE,2400
2025-08-29T05:18:07.411Z,RBC,2,0.9,0.99,M,VVS1,FALSE,2200
2025-08-29T05:18:07.411Z,RBC,2,0.9,0.99,M,VVS2,FALSE,2000
2025-08-29T05:18:07.411Z,RBC,2,0.9,0.99,M,VS1,FALSE,1900
2025-08-29T05:18:07.411Z,RBC,2,0.9,0.99,M,VS2,FALSE,1700
2025-08-29T05:18:07.411Z,RBC,2,0.9,0.99,M,SI1,FALSE,1600
2025-08-29T05:18:07.411Z,RBC,2,0.9,0.99,M,SI2,FALSE,1500
2025-08-29T05:18:07.411Z,RBC,2,0.9,0.99,M,SI3,FALSE,1500
2025-08-29T05:18:07.411Z,RBC,2,0.9,0.99,M,I1,FALSE,1400
2025-08-29T05:18:07.411Z,RBC,2,0.9,0.99,M,I2,FALSE,1100
2025-08-29T05:18:07.411Z,RBC,2,0.9,0.99,M,I3,FALSE,700
2025-08-29T05:18:07.411Z,RBC,2,1,1.49,D,IF,FALSE,16000
2025-08-29T05:18:07.411Z,RBC,2,1,1.49,D,VVS1,FALSE,12800
2025-08-29T05:18:07.411Z,RBC,2,1,1.49,D,VVS2,FALSE,10200
2025-08-29T05:18:07.411Z,RBC,2,1,1.49,D,VS1,FALSE,8700
2025-08-29T05:18:07.411Z,RBC,2,1,1.49,D,VS2,FALSE,7300
2025-08-29T05:18:07.411Z,RBC,2,1,1.49,D,SI1,FALSE,5700
2025-08-29T05:18:07.411Z,RBC,2,1,1.49,D,SI2,FALSE,4600
2025-08-29T05:18:07.411Z,RBC,2,1,1.49,D,SI3,FALSE,4100
2025-08-29T05:18:07.411Z,RBC,2,1,1.49,D,I1,FALSE,3800
2025-08-29T05:18:07.411Z,RBC,2,1,1.49,D,I2,FALSE,2500
2025-08-29T05:18:07.411Z,RBC,2,1,1.49,D,I3,FALSE,1600
2025-08-29T05:18:07.411Z,RBC,2,1,1.49,E,IF,FALSE,12500
2025-08-29T05:18:07.411Z,RBC,2,1,1.49,E,VVS1,FALSE,11100
2025-08-29T05:18:07.411Z,RBC,2,1,1.49,E,VVS2,FALSE,9300
2025-08-29T05:18:07.411Z,RBC,2,1,1.49,E,VS1,FALSE,7900
2025-08-29T05:18:07.411Z,RBC,2,1,1.49,E,VS2,FALSE,6600
2025-08-29T05:18:07.411Z,RBC,2,1,1.49,E,SI1,FALSE,5300
2025-08-29T05:18:07.411Z,RBC,2,1,1.49,E,SI2,FALSE,4300
2025-08-29T05:18:07.411Z,RBC,2,1,1.49,E,SI3,FALSE,3800
2025-08-29T05:18:07.411Z,RBC,2,1,1.49,E,I1,FALSE,3500
2025-08-29T05:18:07.411Z,RBC,2,1,1.49,E,I2,FALSE,2400
2025-08-29T05:18:07.411Z,RBC,2,1,1.49,E,I3,FALSE,1500
2025-08-29T05:18:07.411Z,RBC,2,1,1.49,F,IF,FALSE,10700
2025-08-29T05:18:07.411Z,RBC,2,1,1.49,F,VVS1,FALSE,9700
2025-08-29T05:18:07.411Z,RBC,2,1,1.49,F,VVS2,FALSE,8400
2025-08-29T05:18:07.411Z,RBC,2,1,1.49,F,VS1,FALSE,7200
2025-08-29T05:18:07.411Z,RBC,2,1,1.49,F,VS2,FALSE,6000
2025-08-29T05:18:07.411Z,RBC,2,1,1.49,F,SI1,FALSE,4900
2025-08-29T05:18:07.411Z,RBC,2,1,1.49,F,SI2,FALSE,4000
2025-08-29T05:18:07.411Z,RBC,2,1,1.49,F,SI3,FALSE,3500
2025-08-29T05:18:07.411Z,RBC,2,1,1.49,F,I1,FALSE,3300
2025-08-29T05:18:07.411Z,RBC,2,1,1.49,F,I2,FALSE,2300
2025-08-29T05:18:07.411Z,RBC,2,1,1.49,F,I3,FALSE,1400
2025-08-29T05:18:07.411Z,RBC,2,1,1.49,G,IF,FALSE,8200
2025-08-29T05:18:07.411Z,RBC,2,1,1.49,G,VVS1,FALSE,7700
2025-08-29T05:18:07.411Z,RBC,2,1,1.49,G,VVS2,FALSE,7000
2025-08-29T05:18:07.411Z,RBC,2,1,1.49,G,VS1,FALSE,6200
2025-08-29T05:18:07.411Z,RBC,2,1,1.49,G,VS2,FALSE,5400
2025-08-29T05:18:07.411Z,RBC,2,1,1.49,G,SI1,FALSE,4600
2025-08-29T05:18:07.411Z,RBC,2,1,1.49,G,SI2,FALSE,3800
2025-08-29T05:18:07.411Z,RBC,2,1,1.49,G,SI3,FALSE,3300
2025-08-29T05:18:07.411Z,RBC,2,1,1.49,G,I1,FALSE,3100
2025-08-29T05:18:07.411Z,RBC,2,1,1.49,G,I2,FALSE,2200
2025-08-29T05:18:07.411Z,RBC,2,1,1.49,G,I3,FALSE,1300
2025-08-29T05:18:07.411Z,RBC,2,1,1.49,H,IF,FALSE,6100
2025-08-29T05:18:07.411Z,RBC,2,1,1.49,H,VVS1,FALSE,5800
2025-08-29T05:18:07.411Z,RBC,2,1,1.49,H,VVS2,FALSE,5500
2025-08-29T05:18:07.411Z,RBC,2,1,1.49,H,VS1,FALSE,5200
2025-08-29T05:18:07.411Z,RBC,2,1,1.49,H,VS2,FALSE,4800
2025-08-29T05:18:07.411Z,RBC,2,1,1.49,H,SI1,FALSE,4200
2025-08-29T05:18:07.411Z,RBC,2,1,1.49,H,SI2,FALSE,3500
2025-08-29T05:18:07.411Z,RBC,2,1,1.49,H,SI3,FALSE,3100
2025-08-29T05:18:07.411Z,RBC,2,1,1.49,H,I1,FALSE,2900
2025-08-29T05:18:07.411Z,RBC,2,1,1.49,H,I2,FALSE,2100
2025-08-29T05:18:07.411Z,RBC,2,1,1.49,H,I3,FALSE,1300
2025-08-29T05:18:07.411Z,RBC,2,1,1.49,I,IF,FALSE,5200
2025-08-29T05:18:07.411Z,RBC,2,1,1.49,I,VVS1,FALSE,4900
2025-08-29T05:18:07.411Z,RBC,2,1,1.49,I,VVS2,FALSE,4600
2025-08-29T05:18:07.411Z,RBC,2,1,1.49,I,VS1,FALSE,4300
2025-08-29T05:18:07.411Z,RBC,2,1,1.49,I,VS2,FALSE,4000
2025-08-29T05:18:07.411Z,RBC,2,1,1.49,I,SI1,FALSE,3700
2025-08-29T05:18:07.411Z,RBC,2,1,1.49,I,SI2,FALSE,3200
2025-08-29T05:18:07.411Z,RBC,2,1,1.49,I,SI3,FALSE,2900
2025-08-29T05:18:07.411Z,RBC,2,1,1.49,I,I1,FALSE,2700
2025-08-29T05:18:07.411Z,RBC,2,1,1.49,I,I2,FALSE,2000
2025-08-29T05:18:07.411Z,RBC,2,1,1.49,I,I3,FALSE,1200
2025-08-29T05:18:07.411Z,RBC,2,1,1.49,J,IF,FALSE,4300
2025-08-29T05:18:07.411Z,RBC,2,1,1.49,J,VVS1,FALSE,4000
2025-08-29T05:18:07.411Z,RBC,2,1,1.49,J,VVS2,FALSE,3700
2025-08-29T05:18:07.411Z,RBC,2,1,1.49,J,VS1,FALSE,3400
2025-08-29T05:18:07.411Z,RBC,2,1,1.49,J,VS2,FALSE,3300
2025-08-29T05:18:07.411Z,RBC,2,1,1.49,J,SI1,FALSE,3000
2025-08-29T05:18:07.411Z,RBC,2,1,1.49,J,SI2,FALSE,2800
2025-08-29T05:18:07.411Z,RBC,2,1,1.49,J,SI3,FALSE,2600
2025-08-29T05:18:07.411Z,RBC,2,1,1.49,J,I1,FALSE,2500
2025-08-29T05:18:07.411Z,RBC,2,1,1.49,J,I2,FALSE,1900
2025-08-29T05:18:07.411Z,RBC,2,1,1.49,J,I3,FALSE,1200
2025-08-29T05:18:07.411Z,RBC,2,1,1.49,K,IF,FALSE,3600
2025-08-29T05:18:07.411Z,RBC,2,1,1.49,K,VVS1,FALSE,3300
2025-08-29T05:18:07.411Z,RBC,2,1,1.49,K,VVS2,FALSE,3100
2025-08-29T05:18:07.411Z,RBC,2,1,1.49,K,VS1,FALSE,2900
2025-08-29T05:18:07.411Z,RBC,2,1,1.49,K,VS2,FALSE,2800
2025-08-29T05:18:07.411Z,RBC,2,1,1.49,K,SI1,FALSE,2600
2025-08-29T05:18:07.411Z,RBC,2,1,1.49,K,SI2,FALSE,2400
2025-08-29T05:18:07.411Z,RBC,2,1,1.49,K,SI3,FALSE,2300
2025-08-29T05:18:07.411Z,RBC,2,1,1.49,K,I1,FALSE,2200
2025-08-29T05:18:07.411Z,RBC,2,1,1.49,K,I2,FALSE,1800
2025-08-29T05:18:07.411Z,RBC,2,1,1.49,K,I3,FALSE,1100
2025-08-29T05:18:07.411Z,RBC,2,1,1.49,L,IF,FALSE,3100
2025-08-29T05:18:07.411Z,RBC,2,1,1.49,L,VVS1,FALSE,2800
2025-08-29T05:18:07.411Z,RBC,2,1,1.49,L,VVS2,FALSE,2600
2025-08-29T05:18:07.411Z,RBC,2,1,1.49,L,VS1,FALSE,2500
2025-08-29T05:18:07.411Z,RBC,2,1,1.49,L,VS2,FALSE,2400
2025-08-29T05:18:07.411Z,RBC,2,1,1.49,L,SI1,FALSE,2200
2025-08-29T05:18:07.411Z,RBC,2,1,1.49,L,SI2,FALSE,2100
2025-08-29T05:18:07.411Z,RBC,2,1,1.49,L,SI3,FALSE,2000
2025-08-29T05:18:07.411Z,RBC,2,1,1.49,L,I1,FALSE,1900
2025-08-29T05:18:07.411Z,RBC,2,1,1.49,L,I2,FALSE,1700
2025-08-29T05:18:07.411Z,RBC,2,1,1.49,L,I3,FALSE,1000
2025-08-29T05:18:07.411Z,RBC,2,1,1.49,M,IF,FALSE,2700
2025-08-29T05:18:07.411Z,RBC,2,1,1.49,M,VVS1,FALSE,2500
2025-08-29T05:18:07.411Z,RBC,2,1,1.49,M,VVS2,FALSE,2400
2025-08-29T05:18:07.411Z,RBC,2,1,1.49,M,VS1,FALSE,2300
2025-08-29T05:18:07.411Z,RBC,2,1,1.49,M,VS2,FALSE,2100
2025-08-29T05:18:07.411Z,RBC,2,1,1.49,M,SI1,FALSE,1900
2025-08-29T05:18:07.411Z,RBC,2,1,1.49,M,SI2,FALSE,1800
2025-08-29T05:18:07.411Z,RBC,2,1,1.49,M,SI3,FALSE,1700
2025-08-29T05:18:07.411Z,RBC,2,1,1.49,M,I1,FALSE,1600
2025-08-29T05:18:07.411Z,RBC,2,1,1.49,M,I2,FALSE,1600
2025-08-29T05:18:07.411Z,RBC,2,1,1.49,M,I3,FALSE,1000
2025-08-29T05:18:07.411Z,RBC,2,1.5,1.99,D,IF,FALSE,21000
2025-08-29T05:18:07.411Z,RBC,2,1.5,1.99,D,VVS1,FALSE,18700
2025-08-29T05:18:07.411Z,RBC,2,1.5,1.99,D,VVS2,FALSE,15400
2025-08-29T05:18:07.411Z,RBC,2,1.5,1.99,D,VS1,FALSE,13400
2025-08-29T05:18:07.411Z,RBC,2,1.5,1.99,D,VS2,FALSE,12000
2025-08-29T05:18:07.411Z,RBC,2,1.5,1.99,D,SI1,FALSE,9600
2025-08-29T05:18:07.411Z,RBC,2,1.5,1.99,D,SI2,FALSE,7800
2025-08-29T05:18:07.411Z,RBC,2,1.5,1.99,D,SI3,FALSE,6900
2025-08-29T05:18:07.411Z,RBC,2,1.5,1.99,D,I1,FALSE,5700
2025-08-29T05:18:07.411Z,RBC,2,1.5,1.99,D,I2,FALSE,3500
2025-08-29T05:18:07.411Z,RBC,2,1.5,1.99,D,I3,FALSE,1800
2025-08-29T05:18:07.411Z,RBC,2,1.5,1.99,E,IF,FALSE,18800
2025-08-29T05:18:07.411Z,RBC,2,1.5,1.99,E,VVS1,FALSE,17300
2025-08-29T05:18:07.411Z,RBC,2,1.5,1.99,E,VVS2,FALSE,14300
2025-08-29T05:18:07.411Z,RBC,2,1.5,1.99,E,VS1,FALSE,12200
2025-08-29T05:18:07.411Z,RBC,2,1.5,1.99,E,VS2,FALSE,11000
2025-08-29T05:18:07.411Z,RBC,2,1.5,1.99,E,SI1,FALSE,8900
2025-08-29T05:18:07.411Z,RBC,2,1.5,1.99,E,SI2,FALSE,7100
2025-08-29T05:18:07.411Z,RBC,2,1.5,1.99,E,SI3,FALSE,6300
2025-08-29T05:18:07.411Z,RBC,2,1.5,1.99,E,I1,FALSE,5400
2025-08-29T05:18:07.411Z,RBC,2,1.5,1.99,E,I2,FALSE,3300
2025-08-29T05:18:07.411Z,RBC,2,1.5,1.99,E,I3,FALSE,1700
2025-08-29T05:18:07.411Z,RBC,2,1.5,1.99,F,IF,FALSE,16400
2025-08-29T05:18:07.411Z,RBC,2,1.5,1.99,F,VVS1,FALSE,15300
2025-08-29T05:18:07.411Z,RBC,2,1.5,1.99,F,VVS2,FALSE,13200
2025-08-29T05:18:07.411Z,RBC,2,1.5,1.99,F,VS1,FALSE,11400
2025-08-29T05:18:07.411Z,RBC,2,1.5,1.99,F,VS2,FALSE,10300
2025-08-29T05:18:07.411Z,RBC,2,1.5,1.99,F,SI1,FALSE,8400
2025-08-29T05:18:07.411Z,RBC,2,1.5,1.99,F,SI2,FALSE,6700
2025-08-29T05:18:07.411Z,RBC,2,1.5,1.99,F,SI3,FALSE,6000
2025-08-29T05:18:07.411Z,RBC,2,1.5,1.99,F,I1,FALSE,5100
2025-08-29T05:18:07.411Z,RBC,2,1.5,1.99,F,I2,FALSE,3200
2025-08-29T05:18:07.411Z,RBC,2,1.5,1.99,F,I3,FALSE,1600
2025-08-29T05:18:07.411Z,RBC,2,1.5,1.99,G,IF,FALSE,13600
2025-08-29T05:18:07.411Z,RBC,2,1.5,1.99,G,VVS1,FALSE,12600
2025-08-29T05:18:07.411Z,RBC,2,1.5,1.99,G,VVS2,FALSE,11400
2025-08-29T05:18:07.411Z,RBC,2,1.5,1.99,G,VS1,FALSE,9900
2025-08-29T05:18:07.411Z,RBC,2,1.5,1.99,G,VS2,FALSE,8900
2025-08-29T05:18:07.411Z,RBC,2,1.5,1.99,G,SI1,FALSE,7800
2025-08-29T05:18:07.411Z,RBC,2,1.5,1.99,G,SI2,FALSE,6300
2025-08-29T05:18:07.411Z,RBC,2,1.5,1.99,G,SI3,FALSE,5700
2025-08-29T05:18:07.411Z,RBC,2,1.5,1.99,G,I1,FALSE,4800
2025-08-29T05:18:07.411Z,RBC,2,1.5,1.99,G,I2,FALSE,3000
2025-08-29T05:18:07.411Z,RBC,2,1.5,1.99,G,I3,FALSE,1500
2025-08-29T05:18:07.411Z,RBC,2,1.5,1.99,H,IF,FALSE,10800
2025-08-29T05:18:07.411Z,RBC,2,1.5,1.99,H,VVS1,FALSE,10000
2025-08-29T05:18:07.411Z,RBC,2,1.5,1.99,H,VVS2,FALSE,9100
2025-08-29T05:18:07.411Z,RBC,2,1.5,1.99,H,VS1,FALSE,8100
2025-08-29T05:18:07.411Z,RBC,2,1.5,1.99,H,VS2,FALSE,7400
2025-08-29T05:18:07.411Z,RBC,2,1.5,1.99,H,SI1,FALSE,6900
2025-08-29T05:18:07.411Z,RBC,2,1.5,1.99,H,SI2,FALSE,5700
2025-08-29T05:18:07.411Z,RBC,2,1.5,1.99,H,SI3,FALSE,5200
2025-08-29T05:18:07.411Z,RBC,2,1.5,1.99,H,I1,FALSE,4300
2025-08-29T05:18:07.411Z,RBC,2,1.5,1.99,H,I2,FALSE,2900
2025-08-29T05:18:07.411Z,RBC,2,1.5,1.99,H,I3,FALSE,1500
2025-08-29T05:18:07.411Z,RBC,2,1.5,1.99,I,IF,FALSE,8700
2025-08-29T05:18:07.411Z,RBC,2,1.5,1.99,I,VVS1,FALSE,8100
2025-08-29T05:18:07.411Z,RBC,2,1.5,1.99,I,VVS2,FALSE,7300
2025-08-29T05:18:07.411Z,RBC,2,1.5,1.99,I,VS1,FALSE,6800
2025-08-29T05:18:07.411Z,RBC,2,1.5,1.99,I,VS2,FALSE,6300
2025-08-29T05:18:07.411Z,RBC,2,1.5,1.99,I,SI1,FALSE,5900
2025-08-29T05:18:07.411Z,RBC,2,1.5,1.99,I,SI2,FALSE,5300
2025-08-29T05:18:07.411Z,RBC,2,1.5,1.99,I,SI3,FALSE,4800
2025-08-29T05:18:07.411Z,RBC,2,1.5,1.99,I,I1,FALSE,4000
2025-08-29T05:18:07.411Z,RBC,2,1.5,1.99,I,I2,FALSE,2700
2025-08-29T05:18:07.411Z,RBC,2,1.5,1.99,I,I3,FALSE,1400
2025-08-29T05:18:07.411Z,RBC,2,1.5,1.99,J,IF,FALSE,7400
2025-08-29T05:18:07.411Z,RBC,2,1.5,1.99,J,VVS1,FALSE,6700
2025-08-29T05:18:07.411Z,RBC,2,1.5,1.99,J,VVS2,FALSE,6100
2025-08-29T05:18:07.411Z,RBC,2,1.5,1.99,J,VS1,FALSE,5700
2025-08-29T05:18:07.411Z,RBC,2,1.5,1.99,J,VS2,FALSE,5300
2025-08-29T05:18:07.411Z,RBC,2,1.5,1.99,J,SI1,FALSE,5000
2025-08-29T05:18:07.411Z,RBC,2,1.5,1.99,J,SI2,FALSE,4500
2025-08-29T05:18:07.411Z,RBC,2,1.5,1.99,J,SI3,FALSE,4100
2025-08-29T05:18:07.411Z,RBC,2,1.5,1.99,J,I1,FALSE,3700
2025-08-29T05:18:07.411Z,RBC,2,1.5,1.99,J,I2,FALSE,2600
2025-08-29T05:18:07.411Z,RBC,2,1.5,1.99,J,I3,FALSE,1400
2025-08-29T05:18:07.411Z,RBC,2,1.5,1.99,K,IF,FALSE,6300
2025-08-29T05:18:07.411Z,RBC,2,1.5,1.99,K,VVS1,FALSE,5600
2025-08-29T05:18:07.411Z,RBC,2,1.5,1.99,K,VVS2,FALSE,5100
2025-08-29T05:18:07.411Z,RBC,2,1.5,1.99,K,VS1,FALSE,4700
2025-08-29T05:18:07.411Z,RBC,2,1.5,1.99,K,VS2,FALSE,4400
2025-08-29T05:18:07.411Z,RBC,2,1.5,1.99,K,SI1,FALSE,4200
2025-08-29T05:18:07.411Z,RBC,2,1.5,1.99,K,SI2,FALSE,3900
2025-08-29T05:18:07.411Z,RBC,2,1.5,1.99,K,SI3,FALSE,3600
2025-08-29T05:18:07.411Z,RBC,2,1.5,1.99,K,I1,FALSE,3300
2025-08-29T05:18:07.411Z,RBC,2,1.5,1.99,K,I2,FALSE,2400
2025-08-29T05:18:07.411Z,RBC,2,1.5,1.99,K,I3,FALSE,1300
2025-08-29T05:18:07.411Z,RBC,2,1.5,1.99,L,IF,FALSE,5300
2025-08-29T05:18:07.411Z,RBC,2,1.5,1.99,L,VVS1,FALSE,4700
2025-08-29T05:18:07.411Z,RBC,2,1.5,1.99,L,VVS2,FALSE,4300
2025-08-29T05:18:07.411Z,RBC,2,1.5,1.99,L,VS1,FALSE,4000
2025-08-29T05:18:07.411Z,RBC,2,1.5,1.99,L,VS2,FALSE,3800
2025-08-29T05:18:07.411Z,RBC,2,1.5,1.99,L,SI1,FALSE,3600
2025-08-29T05:18:07.411Z,RBC,2,1.5,1.99,L,SI2,FALSE,3400
2025-08-29T05:18:07.411Z,RBC,2,1.5,1.99,L,SI3,FALSE,3200
2025-08-29T05:18:07.411Z,RBC,2,1.5,1.99,L,I1,FALSE,3000
2025-08-29T05:18:07.411Z,RBC,2,1.5,1.99,L,I2,FALSE,2300
2025-08-29T05:18:07.411Z,RBC,2,1.5,1.99,L,I3,FALSE,1200
2025-08-29T05:18:07.411Z,RBC,2,1.5,1.99,M,IF,FALSE,4600
2025-08-29T05:18:07.411Z,RBC,2,1.5,1.99,M,VVS1,FALSE,4100
2025-08-29T05:18:07.411Z,RBC,2,1.5,1.99,M,VVS2,FALSE,3900
2025-08-29T05:18:07.411Z,RBC,2,1.5,1.99,M,VS1,FALSE,3600
2025-08-29T05:18:07.411Z,RBC,2,1.5,1.99,M,VS2,FALSE,3400
2025-08-29T05:18:07.411Z,RBC,2,1.5,1.99,M,SI1,FALSE,3200
2025-08-29T05:18:07.411Z,RBC,2,1.5,1.99,M,SI2,FALSE,3000
2025-08-29T05:18:07.411Z,RBC,2,1.5,1.99,M,SI3,FALSE,2800
2025-08-29T05:18:07.411Z,RBC,2,1.5,1.99,M,I1,FALSE,2700
2025-08-29T05:18:07.411Z,RBC,2,1.5,1.99,M,I2,FALSE,2200
2025-08-29T05:18:07.411Z,RBC,2,1.5,1.99,M,I3,FALSE,1200
2025-08-29T05:18:07.411Z,RBC,2,2,2.99,D,IF,FALSE,33000
2025-08-29T05:18:07.411Z,RBC,2,2,2.99,D,VVS1,FALSE,27500
2025-08-29T05:18:07.411Z,RBC,2,2,2.99,D,VVS2,FALSE,23500
2025-08-29T05:18:07.411Z,RBC,2,2,2.99,D,VS1,FALSE,20500
2025-08-29T05:18:07.411Z,RBC,2,2,2.99,D,VS2,FALSE,17500
2025-08-29T05:18:07.411Z,RBC,2,2,2.99,D,SI1,FALSE,14100
2025-08-29T05:18:07.411Z,RBC,2,2,2.99,D,SI2,FALSE,11300
2025-08-29T05:18:07.411Z,RBC,2,2,2.99,D,SI3,FALSE,9500
2025-08-29T05:18:07.411Z,RBC,2,2,2.99,D,I1,FALSE,8000
2025-08-29T05:18:07.411Z,RBC,2,2,2.99,D,I2,FALSE,4100
2025-08-29T05:18:07.411Z,RBC,2,2,2.99,D,I3,FALSE,1900
2025-08-29T05:18:07.411Z,RBC,2,2,2.99,E,IF,FALSE,27000
2025-08-29T05:18:07.411Z,RBC,2,2,2.99,E,VVS1,FALSE,24500
2025-08-29T05:18:07.411Z,RBC,2,2,2.99,E,VVS2,FALSE,21000
2025-08-29T05:18:07.411Z,RBC,2,2,2.99,E,VS1,FALSE,19000
2025-08-29T05:18:07.411Z,RBC,2,2,2.99,E,VS2,FALSE,16000
2025-08-29T05:18:07.411Z,RBC,2,2,2.99,E,SI1,FALSE,13200
2025-08-29T05:18:07.411Z,RBC,2,2,2.99,E,SI2,FALSE,10500
2025-08-29T05:18:07.411Z,RBC,2,2,2.99,E,SI3,FALSE,8800
2025-08-29T05:18:07.411Z,RBC,2,2,2.99,E,I1,FALSE,7600
2025-08-29T05:18:07.411Z,RBC,2,2,2.99,E,I2,FALSE,3900
2025-08-29T05:18:07.411Z,RBC,2,2,2.99,E,I3,FALSE,1800
2025-08-29T05:18:07.411Z,RBC,2,2,2.99,F,IF,FALSE,24500
2025-08-29T05:18:07.411Z,RBC,2,2,2.99,F,VVS1,FALSE,22000
2025-08-29T05:18:07.411Z,RBC,2,2,2.99,F,VVS2,FALSE,19500
2025-08-29T05:18:07.411Z,RBC,2,2,2.99,F,VS1,FALSE,17500
2025-08-29T05:18:07.411Z,RBC,2,2,2.99,F,VS2,FALSE,15000
2025-08-29T05:18:07.411Z,RBC,2,2,2.99,F,SI1,FALSE,12300
2025-08-29T05:18:07.411Z,RBC,2,2,2.99,F,SI2,FALSE,9800
2025-08-29T05:18:07.411Z,RBC,2,2,2.99,F,SI3,FALSE,8300
2025-08-29T05:18:07.411Z,RBC,2,2,2.99,F,I1,FALSE,7200
2025-08-29T05:18:07.411Z,RBC,2,2,2.99,F,I2,FALSE,3700
2025-08-29T05:18:07.411Z,RBC,2,2,2.99,F,I3,FALSE,1700
2025-08-29T05:18:07.411Z,RBC,2,2,2.99,G,IF,FALSE,20500
2025-08-29T05:18:07.411Z,RBC,2,2,2.99,G,VVS1,FALSE,18500
2025-08-29T05:18:07.411Z,RBC,2,2,2.99,G,VVS2,FALSE,16500
2025-08-29T05:18:07.411Z,RBC,2,2,2.99,G,VS1,FALSE,15000
2025-08-29T05:18:07.411Z,RBC,2,2,2.99,G,VS2,FALSE,13500
2025-08-29T05:18:07.411Z,RBC,2,2,2.99,G,SI1,FALSE,11200
2025-08-29T05:18:07.411Z,RBC,2,2,2.99,G,SI2,FALSE,9200
2025-08-29T05:18:07.411Z,RBC,2,2,2.99,G,SI3,FALSE,7700
2025-08-29T05:18:07.411Z,RBC,2,2,2.99,G,I1,FALSE,6800
2025-08-29T05:18:07.411Z,RBC,2,2,2.99,G,I2,FALSE,3500
2025-08-29T05:18:07.411Z,RBC,2,2,2.99,G,I3,FALSE,1600
2025-08-29T05:18:07.411Z,RBC,2,2,2.99,H,IF,FALSE,16500
2025-08-29T05:18:07.411Z,RBC,2,2,2.99,H,VVS1,FALSE,15000
2025-08-29T05:18:07.411Z,RBC,2,2,2.99,H,VVS2,FALSE,13500
2025-08-29T05:18:07.411Z,RBC,2,2,2.99,H,VS1,FALSE,12500
2025-08-29T05:18:07.411Z,RBC,2,2,2.99,H,VS2,FALSE,11500
2025-08-29T05:18:07.411Z,RBC,2,2,2.99,H,SI1,FALSE,10400
2025-08-29T05:18:07.411Z,RBC,2,2,2.99,H,SI2,FALSE,8600
2025-08-29T05:18:07.411Z,RBC,2,2,2.99,H,SI3,FALSE,7100
2025-08-29T05:18:07.411Z,RBC,2,2,2.99,H,I1,FALSE,6500
2025-08-29T05:18:07.411Z,RBC,2,2,2.99,H,I2,FALSE,3300
2025-08-29T05:18:07.411Z,RBC,2,2,2.99,H,I3,FALSE,1500
2025-08-29T05:18:07.411Z,RBC,2,2,2.99,I,IF,FALSE,13500
2025-08-29T05:18:07.411Z,RBC,2,2,2.99,I,VVS1,FALSE,12000
2025-08-29T05:18:07.411Z,RBC,2,2,2.99,I,VVS2,FALSE,11000
2025-08-29T05:18:07.411Z,RBC,2,2,2.99,I,VS1,FALSE,10000
2025-08-29T05:18:07.411Z,RBC,2,2,2.99,I,VS2,FALSE,9300
2025-08-29T05:18:07.411Z,RBC,2,2,2.99,I,SI1,FALSE,8600
2025-08-29T05:18:07.411Z,RBC,2,2,2.99,I,SI2,FALSE,7800
2025-08-29T05:18:07.411Z,RBC,2,2,2.99,I,SI3,FALSE,6600
2025-08-29T05:18:07.411Z,RBC,2,2,2.99,I,I1,FALSE,6100
2025-08-29T05:18:07.411Z,RBC,2,2,2.99,I,I2,FALSE,3100
2025-08-29T05:18:07.411Z,RBC,2,2,2.99,I,I3,FALSE,1500
2025-08-29T05:18:07.411Z,RBC,2,2,2.99,J,IF,FALSE,10900
2025-08-29T05:18:07.411Z,RBC,2,2,2.99,J,VVS1,FALSE,9900
2025-08-29T05:18:07.411Z,RBC,2,2,2.99,J,VVS2,FALSE,9100
2025-08-29T05:18:07.411Z,RBC,2,2,2.99,J,VS1,FALSE,8400
2025-08-29T05:18:07.411Z,RBC,2,2,2.99,J,VS2,FALSE,7600
2025-08-29T05:18:07.411Z,RBC,2,2,2.99,J,SI1,FALSE,6900
2025-08-29T05:18:07.411Z,RBC,2,2,2.99,J,SI2,FALSE,6300
2025-08-29T05:18:07.411Z,RBC,2,2,2.99,J,SI3,FALSE,5700
2025-08-29T05:18:07.411Z,RBC,2,2,2.99,J,I1,FALSE,5400
2025-08-29T05:18:07.411Z,RBC,2,2,2.99,J,I2,FALSE,2900
2025-08-29T05:18:07.411Z,RBC,2,2,2.99,J,I3,FALSE,1400
2025-08-29T05:18:07.411Z,RBC,2,2,2.99,K,IF,FALSE,9100
2025-08-29T05:18:07.411Z,RBC,2,2,2.99,K,VVS1,FALSE,8300
2025-08-29T05:18:07.411Z,RBC,2,2,2.99,K,VVS2,FALSE,7600
2025-08-29T05:18:07.411Z,RBC,2,2,2.99,K,VS1,FALSE,7000
2025-08-29T05:18:07.411Z,RBC,2,2,2.99,K,VS2,FALSE,6300
2025-08-29T05:18:07.411Z,RBC,2,2,2.99,K,SI1,FALSE,5700
2025-08-29T05:18:07.411Z,RBC,2,2,2.99,K,SI2,FALSE,5300
2025-08-29T05:18:07.411Z,RBC,2,2,2.99,K,SI3,FALSE,5000
2025-08-29T05:18:07.411Z,RBC,2,2,2.99,K,I1,FALSE,4700
2025-08-29T05:18:07.411Z,RBC,2,2,2.99,K,I2,FALSE,2800
2025-08-29T05:18:07.411Z,RBC,2,2,2.99,K,I3,FALSE,1400
2025-08-29T05:18:07.411Z,RBC,2,2,2.99,L,IF,FALSE,7800
2025-08-29T05:18:07.411Z,RBC,2,2,2.99,L,VVS1,FALSE,7100
2025-08-29T05:18:07.411Z,RBC,2,2,2.99,L,VVS2,FALSE,6600
2025-08-29T05:18:07.411Z,RBC,2,2,2.99,L,VS1,FALSE,6100
2025-08-29T05:18:07.411Z,RBC,2,2,2.99,L,VS2,FALSE,5400
2025-08-29T05:18:07.411Z,RBC,2,2,2.99,L,SI1,FALSE,5000
2025-08-29T05:18:07.411Z,RBC,2,2,2.99,L,SI2,FALSE,4600
2025-08-29T05:18:07.411Z,RBC,2,2,2.99,L,SI3,FALSE,4300
2025-08-29T05:18:07.411Z,RBC,2,2,2.99,L,I1,FALSE,4000
2025-08-29T05:18:07.411Z,RBC,2,2,2.99,L,I2,FALSE,2700
2025-08-29T05:18:07.411Z,RBC,2,2,2.99,L,I3,FALSE,1300
2025-08-29T05:18:07.411Z,RBC,2,2,2.99,M,IF,FALSE,6800
2025-08-29T05:18:07.411Z,RBC,2,2,2.99,M,VVS1,FALSE,6300
2025-08-29T05:18:07.411Z,RBC,2,2,2.99,M,VVS2,FALSE,5700
2025-08-29T05:18:07.411Z,RBC,2,2,2.99,M,VS1,FALSE,5400
2025-08-29T05:18:07.411Z,RBC,2,2,2.99,M,VS2,FALSE,4800
2025-08-29T05:18:07.411Z,RBC,2,2,2.99,M,SI1,FALSE,4500
2025-08-29T05:18:07.411Z,RBC,2,2,2.99,M,SI2,FALSE,4200
2025-08-29T05:18:07.411Z,RBC,2,2,2.99,M,SI3,FALSE,4000
2025-08-29T05:18:07.411Z,RBC,2,2,2.99,M,I1,FALSE,3800
2025-08-29T05:18:07.411Z,RBC,2,2,2.99,M,I2,FALSE,2600
2025-08-29T05:18:07.411Z,RBC,2,2,2.99,M,I3,FALSE,1300
2025-08-29T05:18:07.411Z,RBC,2,3,3.99,D,IF,FALSE,55000
2025-08-29T05:18:07.411Z,RBC,2,3,3.99,D,VVS1,FALSE,46000
2025-08-29T05:18:07.411Z,RBC,2,3,3.99,D,VVS2,FALSE,41000
2025-08-29T05:18:07.411Z,RBC,2,3,3.99,D,VS1,FALSE,35000
2025-08-29T05:18:07.411Z,RBC,2,3,3.99,D,VS2,FALSE,29500
2025-08-29T05:18:07.411Z,RBC,2,3,3.99,D,SI1,FALSE,23500
2025-08-29T05:18:07.411Z,RBC,2,3,3.99,D,SI2,FALSE,20000
2025-08-29T05:18:07.411Z,RBC,2,3,3.99,D,SI3,FALSE,13900
2025-08-29T05:18:07.411Z,RBC,2,3,3.99,D,I1,FALSE,10300
2025-08-29T05:18:07.411Z,RBC,2,3,3.99,D,I2,FALSE,4900
2025-08-29T05:18:07.411Z,RBC,2,3,3.99,D,I3,FALSE,2100
2025-08-29T05:18:07.411Z,RBC,2,3,3.99,E,IF,FALSE,45000
2025-08-29T05:18:07.411Z,RBC,2,3,3.99,E,VVS1,FALSE,42000
2025-08-29T05:18:07.411Z,RBC,2,3,3.99,E,VVS2,FALSE,37000
2025-08-29T05:18:07.411Z,RBC,2,3,3.99,E,VS1,FALSE,32000
2025-08-29T05:18:07.411Z,RBC,2,3,3.99,E,VS2,FALSE,26500
2025-08-29T05:18:07.411Z,RBC,2,3,3.99,E,SI1,FALSE,21000
2025-08-29T05:18:07.411Z,RBC,2,3,3.99,E,SI2,FALSE,18500
2025-08-29T05:18:07.411Z,RBC,2,3,3.99,E,SI3,FALSE,13100
2025-08-29T05:18:07.411Z,RBC,2,3,3.99,E,I1,FALSE,9800
2025-08-29T05:18:07.411Z,RBC,2,3,3.99,E,I2,FALSE,4700
2025-08-29T05:18:07.411Z,RBC,2,3,3.99,E,I3,FALSE,2000
2025-08-29T05:18:07.411Z,RBC,2,3,3.99,F,IF,FALSE,40500
2025-08-29T05:18:07.411Z,RBC,2,3,3.99,F,VVS1,FALSE,37500
2025-08-29T05:18:07.411Z,RBC,2,3,3.99,F,VVS2,FALSE,33500
2025-08-29T05:18:07.411Z,RBC,2,3,3.99,F,VS1,FALSE,29500
2025-08-29T05:18:07.411Z,RBC,2,3,3.99,F,VS2,FALSE,24500
2025-08-29T05:18:07.411Z,RBC,2,3,3.99,F,SI1,FALSE,19500
2025-08-29T05:18:07.411Z,RBC,2,3,3.99,F,SI2,FALSE,17000
2025-08-29T05:18:07.411Z,RBC,2,3,3.99,F,SI3,FALSE,12400
2025-08-29T05:18:07.411Z,RBC,2,3,3.99,F,I1,FALSE,9300
2025-08-29T05:18:07.411Z,RBC,2,3,3.99,F,I2,FALSE,4500
2025-08-29T05:18:07.411Z,RBC,2,3,3.99,F,I3,FALSE,1900
2025-08-29T05:18:07.411Z,RBC,2,3,3.99,G,IF,FALSE,33500
2025-08-29T05:18:07.411Z,RBC,2,3,3.99,G,VVS1,FALSE,31500
2025-08-29T05:18:07.411Z,RBC,2,3,3.99,G,VVS2,FALSE,28000
2025-08-29T05:18:07.411Z,RBC,2,3,3.99,G,VS1,FALSE,24500
2025-08-29T05:18:07.411Z,RBC,2,3,3.99,G,VS2,FALSE,21000
2025-08-29T05:18:07.411Z,RBC,2,3,3.99,G,SI1,FALSE,18000
2025-08-29T05:18:07.411Z,RBC,2,3,3.99,G,SI2,FALSE,15500
2025-08-29T05:18:07.411Z,RBC,2,3,3.99,G,SI3,FALSE,11200
2025-08-29T05:18:07.411Z,RBC,2,3,3.99,G,I1,FALSE,8700
2025-08-29T05:18:07.411Z,RBC,2,3,3.99,G,I2,FALSE,4300
2025-08-29T05:18:07.411Z,RBC,2,3,3.99,G,I3,FALSE,1800
2025-08-29T05:18:07.411Z,RBC,2,3,3.99,H,IF,FALSE,27000
2025-08-29T05:18:07.411Z,RBC,2,3,3.99,H,VVS1,FALSE,25000
2025-08-29T05:18:07.411Z,RBC,2,3,3.99,H,VVS2,FALSE,22500
2025-08-29T05:18:07.411Z,RBC,2,3,3.99,H,VS1,FALSE,20500
2025-08-29T05:18:07.411Z,RBC,2,3,3.99,H,VS2,FALSE,18500
2025-08-29T05:18:07.411Z,RBC,2,3,3.99,H,SI1,FALSE,16000
2025-08-29T05:18:07.411Z,RBC,2,3,3.99,H,SI2,FALSE,13500
2025-08-29T05:18:07.411Z,RBC,2,3,3.99,H,SI3,FALSE,10100
2025-08-29T05:18:07.411Z,RBC,2,3,3.99,H,I1,FALSE,8200
2025-08-29T05:18:07.411Z,RBC,2,3,3.99,H,I2,FALSE,4100
2025-08-29T05:18:07.411Z,RBC,2,3,3.99,H,I3,FALSE,1700
2025-08-29T05:18:07.411Z,RBC,2,3,3.99,I,IF,FALSE,22000
2025-08-29T05:18:07.411Z,RBC,2,3,3.99,I,VVS1,FALSE,20500
2025-08-29T05:18:07.411Z,RBC,2,3,3.99,I,VVS2,FALSE,19000
2025-08-29T05:18:07.411Z,RBC,2,3,3.99,I,VS1,FALSE,17500
2025-08-29T05:18:07.411Z,RBC,2,3,3.99,I,VS2,FALSE,16000
2025-08-29T05:18:07.411Z,RBC,2,3,3.99,I,SI1,FALSE,14000
2025-08-29T05:18:07.411Z,RBC,2,3,3.99,I,SI2,FALSE,12000
2025-08-29T05:18:07.411Z,RBC,2,3,3.99,I,SI3,FALSE,9200
2025-08-29T05:18:07.411Z,RBC,2,3,3.99,I,I1,FALSE,7700
2025-08-29T05:18:07.411Z,RBC,2,3,3.99,I,I2,FALSE,3800
2025-08-29T05:18:07.411Z,RBC,2,3,3.99,I,I3,FALSE,1600
2025-08-29T05:18:07.411Z,RBC,2,3,3.99,J,IF,FALSE,17500
2025-08-29T05:18:07.411Z,RBC,2,3,3.99,J,VVS1,FALSE,16500
2025-08-29T05:18:07.411Z,RBC,2,3,3.99,J,VVS2,FALSE,15000
2025-08-29T05:18:07.411Z,RBC,2,3,3.99,J,VS1,FALSE,14000
2025-08-29T05:18:07.411Z,RBC,2,3,3.99,J,VS2,FALSE,13000
2025-08-29T05:18:07.411Z,RBC,2,3,3.99,J,SI1,FALSE,12000
2025-08-29T05:18:07.411Z,RBC,2,3,3.99,J,SI2,FALSE,11000
2025-08-29T05:18:07.411Z,RBC,2,3,3.99,J,SI3,FALSE,8400
2025-08-29T05:18:07.411Z,RBC,2,3,3.99,J,I1,FALSE,7100
2025-08-29T05:18:07.411Z,RBC,2,3,3.99,J,I2,FALSE,3500
2025-08-29T05:18:07.411Z,RBC,2,3,3.99,J,I3,FALSE,1500
2025-08-29T05:18:07.411Z,RBC,2,3,3.99,K,IF,FALSE,14500
2025-08-29T05:18:07.411Z,RBC,2,3,3.99,K,VVS1,FALSE,13500
2025-08-29T05:18:07.411Z,RBC,2,3,3.99,K,VVS2,FALSE,12500
2025-08-29T05:18:07.411Z,RBC,2,3,3.99,K,VS1,FALSE,12000
2025-08-29T05:18:07.411Z,RBC,2,3,3.99,K,VS2,FALSE,11000
2025-08-29T05:18:07.411Z,RBC,2,3,3.99,K,SI1,FALSE,10300
2025-08-29T05:18:07.411Z,RBC,2,3,3.99,K,SI2,FALSE,9700
2025-08-29T05:18:07.411Z,RBC,2,3,3.99,K,SI3,FALSE,7600
2025-08-29T05:18:07.411Z,RBC,2,3,3.99,K,I1,FALSE,6200
2025-08-29T05:18:07.411Z,RBC,2,3,3.99,K,I2,FALSE,3300
2025-08-29T05:18:07.411Z,RBC,2,3,3.99,K,I3,FALSE,1500
2025-08-29T05:18:07.411Z,RBC,2,3,3.99,L,IF,FALSE,11700
2025-08-29T05:18:07.411Z,RBC,2,3,3.99,L,VVS1,FALSE,11100
2025-08-29T05:18:07.411Z,RBC,2,3,3.99,L,VVS2,FALSE,10700
2025-08-29T05:18:07.411Z,RBC,2,3,3.99,L,VS1,FALSE,10300
2025-08-29T05:18:07.411Z,RBC,2,3,3.99,L,VS2,FALSE,9500
2025-08-29T05:18:07.411Z,RBC,2,3,3.99,L,SI1,FALSE,9000
2025-08-29T05:18:07.411Z,RBC,2,3,3.99,L,SI2,FALSE,8200
2025-08-29T05:18:07.411Z,RBC,2,3,3.99,L,SI3,FALSE,6500
2025-08-29T05:18:07.411Z,RBC,2,3,3.99,L,I1,FALSE,5500
2025-08-29T05:18:07.411Z,RBC,2,3,3.99,L,I2,FALSE,3100
2025-08-29T05:18:07.411Z,RBC,2,3,3.99,L,I3,FALSE,1400
2025-08-29T05:18:07.411Z,RBC,2,3,3.99,M,IF,FALSE,9500
2025-08-29T05:18:07.411Z,RBC,2,3,3.99,M,VVS1,FALSE,9100
2025-08-29T05:18:07.411Z,RBC,2,3,3.99,M,VVS2,FALSE,8700
2025-08-29T05:18:07.411Z,RBC,2,3,3.99,M,VS1,FALSE,8300
2025-08-29T05:18:07.411Z,RBC,2,3,3.99,M,VS2,FALSE,7900
2025-08-29T05:18:07.411Z,RBC,2,3,3.99,M,SI1,FALSE,7500
2025-08-29T05:18:07.411Z,RBC,2,3,3.99,M,SI2,FALSE,6700
2025-08-29T05:18:07.411Z,RBC,2,3,3.99,M,SI3,FALSE,5800
2025-08-29T05:18:07.411Z,RBC,2,3,3.99,M,I1,FALSE,4700
2025-08-29T05:18:07.411Z,RBC,2,3,3.99,M,I2,FALSE,3000
2025-08-29T05:18:07.411Z,RBC,2,3,3.99,M,I3,FALSE,1400
2025-08-29T05:18:07.411Z,RBC,2,4,4.99,D,IF,FALSE,74500
2025-08-29T05:18:07.411Z,RBC,2,4,4.99,D,VVS1,FALSE,64500
2025-08-29T05:18:07.411Z,RBC,2,4,4.99,D,VVS2,FALSE,58500
2025-08-29T05:18:07.411Z,RBC,2,4,4.99,D,VS1,FALSE,49500
2025-08-29T05:18:07.411Z,RBC,2,4,4.99,D,VS2,FALSE,41500
2025-08-29T05:18:07.411Z,RBC,2,4,4.99,D,SI1,FALSE,31500
2025-08-29T05:18:07.411Z,RBC,2,4,4.99,D,SI2,FALSE,25500
2025-08-29T05:18:07.411Z,RBC,2,4,4.99,D,SI3,FALSE,15500
2025-08-29T05:18:07.411Z,RBC,2,4,4.99,D,I1,FALSE,11100
2025-08-29T05:18:07.411Z,RBC,2,4,4.99,D,I2,FALSE,5400
2025-08-29T05:18:07.411Z,RBC,2,4,4.99,D,I3,FALSE,2300
2025-08-29T05:18:07.411Z,RBC,2,4,4.99,E,IF,FALSE,62500
2025-08-29T05:18:07.411Z,RBC,2,4,4.99,E,VVS1,FALSE,58500
2025-08-29T05:18:07.411Z,RBC,2,4,4.99,E,VVS2,FALSE,52500
2025-08-29T05:18:07.411Z,RBC,2,4,4.99,E,VS1,FALSE,45000
2025-08-29T05:18:07.411Z,RBC,2,4,4.99,E,VS2,FALSE,39000
2025-08-29T05:18:07.411Z,RBC,2,4,4.99,E,SI1,FALSE,29500
2025-08-29T05:18:07.411Z,RBC,2,4,4.99,E,SI2,FALSE,24000
2025-08-29T05:18:07.411Z,RBC,2,4,4.99,E,SI3,FALSE,14500
2025-08-29T05:18:07.411Z,RBC,2,4,4.99,E,I1,FALSE,10600
2025-08-29T05:18:07.411Z,RBC,2,4,4.99,E,I2,FALSE,5200
2025-08-29T05:18:07.411Z,RBC,2,4,4.99,E,I3,FALSE,2200
2025-08-29T05:18:07.411Z,RBC,2,4,4.99,F,IF,FALSE,56500
2025-08-29T05:18:07.411Z,RBC,2,4,4.99,F,VVS1,FALSE,52000
2025-08-29T05:18:07.411Z,RBC,2,4,4.99,F,VVS2,FALSE,47500
2025-08-29T05:18:07.411Z,RBC,2,4,4.99,F,VS1,FALSE,41000
2025-08-29T05:18:07.411Z,RBC,2,4,4.99,F,VS2,FALSE,35500
2025-08-29T05:18:07.411Z,RBC,2,4,4.99,F,SI1,FALSE,27500
2025-08-29T05:18:07.411Z,RBC,2,4,4.99,F,SI2,FALSE,22500
2025-08-29T05:18:07.411Z,RBC,2,4,4.99,F,SI3,FALSE,13800
2025-08-29T05:18:07.411Z,RBC,2,4,4.99,F,I1,FALSE,10100
2025-08-29T05:18:07.411Z,RBC,2,4,4.99,F,I2,FALSE,5000
2025-08-29T05:18:07.411Z,RBC,2,4,4.99,F,I3,FALSE,2100
2025-08-29T05:18:07.411Z,RBC,2,4,4.99,G,IF,FALSE,46500
2025-08-29T05:18:07.411Z,RBC,2,4,4.99,G,VVS1,FALSE,43000
2025-08-29T05:18:07.411Z,RBC,2,4,4.99,G,VVS2,FALSE,39500
2025-08-29T05:18:07.411Z,RBC,2,4,4.99,G,VS1,FALSE,36000
2025-08-29T05:18:07.411Z,RBC,2,4,4.99,G,VS2,FALSE,31500
2025-08-29T05:18:07.411Z,RBC,2,4,4.99,G,SI1,FALSE,24500
2025-08-29T05:18:07.411Z,RBC,2,4,4.99,G,SI2,FALSE,20000
2025-08-29T05:18:07.411Z,RBC,2,4,4.99,G,SI3,FALSE,12700
2025-08-29T05:18:07.411Z,RBC,2,4,4.99,G,I1,FALSE,9500
2025-08-29T05:18:07.411Z,RBC,2,4,4.99,G,I2,FALSE,4700
2025-08-29T05:18:07.411Z,RBC,2,4,4.99,G,I3,FALSE,2000
2025-08-29T05:18:07.411Z,RBC,2,4,4.99,H,IF,FALSE,36000
2025-08-29T05:18:07.411Z,RBC,2,4,4.99,H,VVS1,FALSE,33500
2025-08-29T05:18:07.411Z,RBC,2,4,4.99,H,VVS2,FALSE,31500
2025-08-29T05:18:07.411Z,RBC,2,4,4.99,H,VS1,FALSE,29500
2025-08-29T05:18:07.411Z,RBC,2,4,4.99,H,VS2,FALSE,26000
2025-08-29T05:18:07.411Z,RBC,2,4,4.99,H,SI1,FALSE,21500
2025-08-29T05:18:07.411Z,RBC,2,4,4.99,H,SI2,FALSE,18000
2025-08-29T05:18:07.411Z,RBC,2,4,4.99,H,SI3,FALSE,11400
2025-08-29T05:18:07.411Z,RBC,2,4,4.99,H,I1,FALSE,9000
2025-08-29T05:18:07.411Z,RBC,2,4,4.99,H,I2,FALSE,4400
2025-08-29T05:18:07.411Z,RBC,2,4,4.99,H,I3,FALSE,1900
2025-08-29T05:18:07.411Z,RBC,2,4,4.99,I,IF,FALSE,28000
2025-08-29T05:18:07.411Z,RBC,2,4,4.99,I,VVS1,FALSE,26000
2025-08-29T05:18:07.411Z,RBC,2,4,4.99,I,VVS2,FALSE,24500
2025-08-29T05:18:07.411Z,RBC,2,4,4.99,I,VS1,FALSE,23000
2025-08-29T05:18:07.411Z,RBC,2,4,4.99,I,VS2,FALSE,21000
2025-08-29T05:18:07.411Z,RBC,2,4,4.99,I,SI1,FALSE,19000
2025-08-29T05:18:07.411Z,RBC,2,4,4.99,I,SI2,FALSE,16000
2025-08-29T05:18:07.411Z,RBC,2,4,4.99,I,SI3,FALSE,10500
2025-08-29T05:18:07.411Z,RBC,2,4,4.99,I,I1,FALSE,8600
2025-08-29T05:18:07.411Z,RBC,2,4,4.99,I,I2,FALSE,4100
2025-08-29T05:18:07.411Z,RBC,2,4,4.99,I,I3,FALSE,1800
2025-08-29T05:18:07.411Z,RBC,2,4,4.99,J,IF,FALSE,22500
2025-08-29T05:18:07.411Z,RBC,2,4,4.99,J,VVS1,FALSE,21000
2025-08-29T05:18:07.411Z,RBC,2,4,4.99,J,VVS2,FALSE,19500
2025-08-29T05:18:07.411Z,RBC,2,4,4.99,J,VS1,FALSE,18500
2025-08-29T05:18:07.411Z,RBC,2,4,4.99,J,VS2,FALSE,17000
2025-08-29T05:18:07.411Z,RBC,2,4,4.99,J,SI1,FALSE,15500
2025-08-29T05:18:07.411Z,RBC,2,4,4.99,J,SI2,FALSE,14000
2025-08-29T05:18:07.411Z,RBC,2,4,4.99,J,SI3,FALSE,9500
2025-08-29T05:18:07.411Z,RBC,2,4,4.99,J,I1,FALSE,7500
2025-08-29T05:18:07.411Z,RBC,2,4,4.99,J,I2,FALSE,3900
2025-08-29T05:18:07.411Z,RBC,2,4,4.99,J,I3,FALSE,1700
2025-08-29T05:18:07.411Z,RBC,2,4,4.99,K,IF,FALSE,18500
2025-08-29T05:18:07.411Z,RBC,2,4,4.99,K,VVS1,FALSE,17500
2025-08-29T05:18:07.411Z,RBC,2,4,4.99,K,VVS2,FALSE,16000
2025-08-29T05:18:07.411Z,RBC,2,4,4.99,K,VS1,FALSE,15000
2025-08-29T05:18:07.411Z,RBC,2,4,4.99,K,VS2,FALSE,14000
2025-08-29T05:18:07.411Z,RBC,2,4,4.99,K,SI1,FALSE,13000
2025-08-29T05:18:07.411Z,RBC,2,4,4.99,K,SI2,FALSE,12000
2025-08-29T05:18:07.411Z,RBC,2,4,4.99,K,SI3,FALSE,8300
2025-08-29T05:18:07.411Z,RBC,2,4,4.99,K,I1,FALSE,6600
2025-08-29T05:18:07.411Z,RBC,2,4,4.99,K,I2,FALSE,3600
2025-08-29T05:18:07.411Z,RBC,2,4,4.99,K,I3,FALSE,1700
2025-08-29T05:18:07.411Z,RBC,2,4,4.99,L,IF,FALSE,15000
2025-08-29T05:18:07.411Z,RBC,2,4,4.99,L,VVS1,FALSE,14000
2025-08-29T05:18:07.411Z,RBC,2,4,4.99,L,VVS2,FALSE,13000
2025-08-29T05:18:07.411Z,RBC,2,4,4.99,L,VS1,FALSE,12000
2025-08-29T05:18:07.411Z,RBC,2,4,4.99,L,VS2,FALSE,11500
2025-08-29T05:18:07.411Z,RBC,2,4,4.99,L,SI1,FALSE,10500
2025-08-29T05:18:07.411Z,RBC,2,4,4.99,L,SI2,FALSE,10000
2025-08-29T05:18:07.411Z,RBC,2,4,4.99,L,SI3,FALSE,7300
2025-08-29T05:18:07.411Z,RBC,2,4,4.99,L,I1,FALSE,5900
2025-08-29T05:18:07.411Z,RBC,2,4,4.99,L,I2,FALSE,3400
2025-08-29T05:18:07.411Z,RBC,2,4,4.99,L,I3,FALSE,1600
2025-08-29T05:18:07.411Z,RBC,2,4,4.99,M,IF,FALSE,12500
2025-08-29T05:18:07.411Z,RBC,2,4,4.99,M,VVS1,FALSE,11500
2025-08-29T05:18:07.411Z,RBC,2,4,4.99,M,VVS2,FALSE,10500
2025-08-29T05:18:07.411Z,RBC,2,4,4.99,M,VS1,FALSE,10000
2025-08-29T05:18:07.411Z,RBC,2,4,4.99,M,VS2,FALSE,9500
2025-08-29T05:18:07.411Z,RBC,2,4,4.99,M,SI1,FALSE,9000
2025-08-29T05:18:07.411Z,RBC,2,4,4.99,M,SI2,FALSE,8000
2025-08-29T05:18:07.411Z,RBC,2,4,4.99,M,SI3,FALSE,6500
2025-08-29T05:18:07.411Z,RBC,2,4,4.99,M,I1,FALSE,5000
2025-08-29T05:18:07.411Z,RBC,2,4,4.99,M,I2,FALSE,3200
2025-08-29T05:18:07.411Z,RBC,2,4,4.99,M,I3,FALSE,1600
2025-08-29T05:18:07.411Z,RBC,2,5,9.99,D,IF,FALSE,100000
2025-08-29T05:18:07.411Z,RBC,2,5,9.99,D,VVS1,FALSE,85500
2025-08-29T05:18:07.411Z,RBC,2,5,9.99,D,VVS2,FALSE,77000
2025-08-29T05:18:07.411Z,RBC,2,5,9.99,D,VS1,FALSE,69000
2025-08-29T05:18:07.411Z,RBC,2,5,9.99,D,VS2,FALSE,58000
2025-08-29T05:18:07.411Z,RBC,2,5,9.99,D,SI1,FALSE,43000
2025-08-29T05:18:07.411Z,RBC,2,5,9.99,D,SI2,FALSE,31500
2025-08-29T05:18:07.411Z,RBC,2,5,9.99,D,SI3,FALSE,17500
2025-08-29T05:18:07.411Z,RBC,2,5,9.99,D,I1,FALSE,12500
2025-08-29T05:18:07.411Z,RBC,2,5,9.99,D,I2,FALSE,6000
2025-08-29T05:18:07.411Z,RBC,2,5,9.99,D,I3,FALSE,2500
2025-08-29T05:18:07.411Z,RBC,2,5,9.99,E,IF,FALSE,83500
2025-08-29T05:18:07.411Z,RBC,2,5,9.99,E,VVS1,FALSE,75000
2025-08-29T05:18:07.411Z,RBC,2,5,9.99,E,VVS2,FALSE,67000
2025-08-29T05:18:07.411Z,RBC,2,5,9.99,E,VS1,FALSE,59500
2025-08-29T05:18:07.411Z,RBC,2,5,9.99,E,VS2,FALSE,52000
2025-08-29T05:18:07.411Z,RBC,2,5,9.99,E,SI1,FALSE,39500
2025-08-29T05:18:07.411Z,RBC,2,5,9.99,E,SI2,FALSE,29500
2025-08-29T05:18:07.411Z,RBC,2,5,9.99,E,SI3,FALSE,17000
2025-08-29T05:18:07.411Z,RBC,2,5,9.99,E,I1,FALSE,12000
2025-08-29T05:18:07.411Z,RBC,2,5,9.99,E,I2,FALSE,5700
2025-08-29T05:18:07.411Z,RBC,2,5,9.99,E,I3,FALSE,2300
2025-08-29T05:18:07.411Z,RBC,2,5,9.99,F,IF,FALSE,73000
2025-08-29T05:18:07.411Z,RBC,2,5,9.99,F,VVS1,FALSE,67000
2025-08-29T05:18:07.411Z,RBC,2,5,9.99,F,VVS2,FALSE,59500
2025-08-29T05:18:07.411Z,RBC,2,5,9.99,F,VS1,FALSE,54000
2025-08-29T05:18:07.411Z,RBC,2,5,9.99,F,VS2,FALSE,46500
2025-08-29T05:18:07.411Z,RBC,2,5,9.99,F,SI1,FALSE,36000
2025-08-29T05:18:07.411Z,RBC,2,5,9.99,F,SI2,FALSE,28000
2025-08-29T05:18:07.411Z,RBC,2,5,9.99,F,SI3,FALSE,16000
2025-08-29T05:18:07.411Z,RBC,2,5,9.99,F,I1,FALSE,11500
2025-08-29T05:18:07.411Z,RBC,2,5,9.99,F,I2,FALSE,5400
2025-08-29T05:18:07.411Z,RBC,2,5,9.99,F,I3,FALSE,2200
2025-08-29T05:18:07.411Z,RBC,2,5,9.99,G,IF,FALSE,60500
2025-08-29T05:18:07.411Z,RBC,2,5,9.99,G,VVS1,FALSE,55500
2025-08-29T05:18:07.411Z,RBC,2,5,9.99,G,VVS2,FALSE,50500
2025-08-29T05:18:07.411Z,RBC,2,5,9.99,G,VS1,FALSE,46000
2025-08-29T05:18:07.411Z,RBC,2,5,9.99,G,VS2,FALSE,39500
2025-08-29T05:18:07.411Z,RBC,2,5,9.99,G,SI1,FALSE,32000
2025-08-29T05:18:07.411Z,RBC,2,5,9.99,G,SI2,FALSE,26000
2025-08-29T05:18:07.411Z,RBC,2,5,9.99,G,SI3,FALSE,15000
2025-08-29T05:18:07.411Z,RBC,2,5,9.99,G,I1,FALSE,11000
2025-08-29T05:18:07.411Z,RBC,2,5,9.99,G,I2,FALSE,5100
2025-08-29T05:18:07.411Z,RBC,2,5,9.99,G,I3,FALSE,2100
2025-08-29T05:18:07.411Z,RBC,2,5,9.99,H,IF,FALSE,48000
2025-08-29T05:18:07.411Z,RBC,2,5,9.99,H,VVS1,FALSE,44500
2025-08-29T05:18:07.411Z,RBC,2,5,9.99,H,VVS2,FALSE,40000
2025-08-29T05:18:07.411Z,RBC,2,5,9.99,H,VS1,FALSE,36000
2025-08-29T05:18:07.411Z,RBC,2,5,9.99,H,VS2,FALSE,32500
2025-08-29T05:18:07.411Z,RBC,2,5,9.99,H,SI1,FALSE,26500
2025-08-29T05:18:07.411Z,RBC,2,5,9.99,H,SI2,FALSE,22500
2025-08-29T05:18:07.411Z,RBC,2,5,9.99,H,SI3,FALSE,14000
2025-08-29T05:18:07.411Z,RBC,2,5,9.99,H,I1,FALSE,10000
2025-08-29T05:18:07.411Z,RBC,2,5,9.99,H,I2,FALSE,4800
2025-08-29T05:18:07.411Z,RBC,2,5,9.99,H,I3,FALSE,2100
2025-08-29T05:18:07.411Z,RBC,2,5,9.99,I,IF,FALSE,36500
2025-08-29T05:18:07.411Z,RBC,2,5,9.99,I,VVS1,FALSE,34500
2025-08-29T05:18:07.411Z,RBC,2,5,9.99,I,VVS2,FALSE,31500
2025-08-29T05:18:07.411Z,RBC,2,5,9.99,I,VS1,FALSE,29000
2025-08-29T05:18:07.411Z,RBC,2,5,9.99,I,VS2,FALSE,25500
2025-08-29T05:18:07.411Z,RBC,2,5,9.99,I,SI1,FALSE,22500
2025-08-29T05:18:07.411Z,RBC,2,5,9.99,I,SI2,FALSE,19500
2025-08-29T05:18:07.411Z,RBC,2,5,9.99,I,SI3,FALSE,13000
2025-08-29T05:18:07.411Z,RBC,2,5,9.99,I,I1,FALSE,9500
2025-08-29T05:18:07.411Z,RBC,2,5,9.99,I,I2,FALSE,4600
2025-08-29T05:18:07.411Z,RBC,2,5,9.99,I,I3,FALSE,2000
2025-08-29T05:18:07.411Z,RBC,2,5,9.99,J,IF,FALSE,28000
2025-08-29T05:18:07.411Z,RBC,2,5,9.99,J,VVS1,FALSE,26000
2025-08-29T05:18:07.411Z,RBC,2,5,9.99,J,VVS2,FALSE,24000
2025-08-29T05:18:07.411Z,RBC,2,5,9.99,J,VS1,FALSE,22000
2025-08-29T05:18:07.411Z,RBC,2,5,9.99,J,VS2,FALSE,20500
2025-08-29T05:18:07.411Z,RBC,2,5,9.99,J,SI1,FALSE,19500
2025-08-29T05:18:07.411Z,RBC,2,5,9.99,J,SI2,FALSE,17000
2025-08-29T05:18:07.411Z,RBC,2,5,9.99,J,SI3,FALSE,12000
2025-08-29T05:18:07.411Z,RBC,2,5,9.99,J,I1,FALSE,8800
2025-08-29T05:18:07.411Z,RBC,2,5,9.99,J,I2,FALSE,4300
2025-08-29T05:18:07.411Z,RBC,2,5,9.99,J,I3,FALSE,1900
2025-08-29T05:18:07.411Z,RBC,2,5,9.99,K,IF,FALSE,22000
2025-08-29T05:18:07.411Z,RBC,2,5,9.99,K,VVS1,FALSE,21000
2025-08-29T05:18:07.411Z,RBC,2,5,9.99,K,VVS2,FALSE,19500
2025-08-29T05:18:07.411Z,RBC,2,5,9.99,K,VS1,FALSE,18000
2025-08-29T05:18:07.411Z,RBC,2,5,9.99,K,VS2,FALSE,17000
2025-08-29T05:18:07.411Z,RBC,2,5,9.99,K,SI1,FALSE,16500
2025-08-29T05:18:07.411Z,RBC,2,5,9.99,K,SI2,FALSE,15000
2025-08-29T05:18:07.411Z,RBC,2,5,9.99,K,SI3,FALSE,11000
2025-08-29T05:18:07.411Z,RBC,2,5,9.99,K,I1,FALSE,8100
2025-08-29T05:18:07.411Z,RBC,2,5,9.99,K,I2,FALSE,4100
2025-08-29T05:18:07.411Z,RBC,2,5,9.99,K,I3,FALSE,1800
2025-08-29T05:18:07.411Z,RBC,2,5,9.99,L,IF,FALSE,18000
2025-08-29T05:18:07.411Z,RBC,2,5,9.99,L,VVS1,FALSE,16500
2025-08-29T05:18:07.411Z,RBC,2,5,9.99,L,VVS2,FALSE,15500
2025-08-29T05:18:07.411Z,RBC,2,5,9.99,L,VS1,FALSE,15000
2025-08-29T05:18:07.411Z,RBC,2,5,9.99,L,VS2,FALSE,14000
2025-08-29T05:18:07.411Z,RBC,2,5,9.99,L,SI1,FALSE,13500
2025-08-29T05:18:07.411Z,RBC,2,5,9.99,L,SI2,FALSE,12500
2025-08-29T05:18:07.411Z,RBC,2,5,9.99,L,SI3,FALSE,10000
2025-08-29T05:18:07.411Z,RBC,2,5,9.99,L,I1,FALSE,6900
2025-08-29T05:18:07.411Z,RBC,2,5,9.99,L,I2,FALSE,3700
2025-08-29T05:18:07.411Z,RBC,2,5,9.99,L,I3,FALSE,1700
2025-08-29T05:18:07.411Z,RBC,2,5,9.99,M,IF,FALSE,15000
2025-08-29T05:18:07.411Z,RBC,2,5,9.99,M,VVS1,FALSE,14000
2025-08-29T05:18:07.411Z,RBC,2,5,9.99,M,VVS2,FALSE,13000
2025-08-29T05:18:07.411Z,RBC,2,5,9.99,M,VS1,FALSE,12500
2025-08-29T05:18:07.411Z,RBC,2,5,9.99,M,VS2,FALSE,12000
2025-08-29T05:18:07.411Z,RBC,2,5,9.99,M,SI1,FALSE,11000
2025-08-29T05:18:07.411Z,RBC,2,5,9.99,M,SI2,FALSE,10000
2025-08-29T05:18:07.411Z,RBC,2,5,9.99,M,SI3,FALSE,8000
2025-08-29T05:18:07.411Z,RBC,2,5,9.99,M,I1,FALSE,6000
2025-08-29T05:18:07.411Z,RBC,2,5,9.99,M,I2,FALSE,3400
2025-08-29T05:18:07.411Z,RBC,2,5,9.99,M,I3,FALSE,1600
2025-08-29T05:18:07.411Z,RBC,2,10,99,D,IF,FALSE,140000
2025-08-29T05:18:07.411Z,RBC,2,10,99,D,VVS1,FALSE,130000
2025-08-29T05:18:07.411Z,RBC,2,10,99,D,VVS2,FALSE,120000
2025-08-29T05:18:07.411Z,RBC,2,10,99,D,VS1,FALSE,107000
2025-08-29T05:18:07.411Z,RBC,2,10,99,D,VS2,FALSE,90000
2025-08-29T05:18:07.411Z,RBC,2,10,99,D,SI1,FALSE,63500
2025-08-29T05:18:07.411Z,RBC,2,10,99,D,SI2,FALSE,46500
2025-08-29T05:18:07.411Z,RBC,2,10,99,D,SI3,FALSE,25000
2025-08-29T05:18:07.411Z,RBC,2,10,99,D,I1,FALSE,14000
2025-08-29T05:18:07.411Z,RBC,2,10,99,D,I2,FALSE,6600
2025-08-29T05:18:07.411Z,RBC,2,10,99,D,I3,FALSE,2700
2025-08-29T05:18:07.411Z,RBC,2,10,99,E,IF,FALSE,127000
2025-08-29T05:18:07.411Z,RBC,2,10,99,E,VVS1,FALSE,116000
2025-08-29T05:18:07.411Z,RBC,2,10,99,E,VVS2,FALSE,103000
2025-08-29T05:18:07.411Z,RBC,2,10,99,E,VS1,FALSE,93000
2025-08-29T05:18:07.411Z,RBC,2,10,99,E,VS2,FALSE,82000
2025-08-29T05:18:07.411Z,RBC,2,10,99,E,SI1,FALSE,58500
2025-08-29T05:18:07.411Z,RBC,2,10,99,E,SI2,FALSE,43000
2025-08-29T05:18:07.411Z,RBC,2,10,99,E,SI3,FALSE,23500
2025-08-29T05:18:07.411Z,RBC,2,10,99,E,I1,FALSE,13500
2025-08-29T05:18:07.411Z,RBC,2,10,99,E,I2,FALSE,6300
2025-08-29T05:18:07.411Z,RBC,2,10,99,E,I3,FALSE,2600
2025-08-29T05:18:07.411Z,RBC,2,10,99,F,IF,FALSE,111000
2025-08-29T05:18:07.411Z,RBC,2,10,99,F,VVS1,FALSE,104000
2025-08-29T05:18:07.411Z,RBC,2,10,99,F,VVS2,FALSE,93000
2025-08-29T05:18:07.411Z,RBC,2,10,99,F,VS1,FALSE,83500
2025-08-29T05:18:07.411Z,RBC,2,10,99,F,VS2,FALSE,71500
2025-08-29T05:18:07.411Z,RBC,2,10,99,F,SI1,FALSE,53500
2025-08-29T05:18:07.411Z,RBC,2,10,99,F,SI2,FALSE,40000
2025-08-29T05:18:07.411Z,RBC,2,10,99,F,SI3,FALSE,22000
2025-08-29T05:18:07.411Z,RBC,2,10,99,F,I1,FALSE,13000
2025-08-29T05:18:07.411Z,RBC,2,10,99,F,I2,FALSE,6000
2025-08-29T05:18:07.411Z,RBC,2,10,99,F,I3,FALSE,2500
2025-08-29T05:18:07.411Z,RBC,2,10,99,G,IF,FALSE,93000
2025-08-29T05:18:07.411Z,RBC,2,10,99,G,VVS1,FALSE,86500
2025-08-29T05:18:07.411Z,RBC,2,10,99,G,VVS2,FALSE,78500
2025-08-29T05:18:07.411Z,RBC,2,10,99,G,VS1,FALSE,71500
2025-08-29T05:18:07.411Z,RBC,2,10,99,G,VS2,FALSE,61000
2025-08-29T05:18:07.411Z,RBC,2,10,99,G,SI1,FALSE,48500
2025-08-29T05:18:07.411Z,RBC,2,10,99,G,SI2,FALSE,37000
2025-08-29T05:18:07.411Z,RBC,2,10,99,G,SI3,FALSE,20500
2025-08-29T05:18:07.411Z,RBC,2,10,99,G,I1,FALSE,12500
2025-08-29T05:18:07.411Z,RBC,2,10,99,G,I2,FALSE,5700
2025-08-29T05:18:07.411Z,RBC,2,10,99,G,I3,FALSE,2400
2025-08-29T05:18:07.411Z,RBC,2,10,99,H,IF,FALSE,75000
2025-08-29T05:18:07.411Z,RBC,2,10,99,H,VVS1,FALSE,69500
2025-08-29T05:18:07.411Z,RBC,2,10,99,H,VVS2,FALSE,63000
2025-08-29T05:18:07.411Z,RBC,2,10,99,H,VS1,FALSE,56500
2025-08-29T05:18:07.411Z,RBC,2,10,99,H,VS2,FALSE,50000
2025-08-29T05:18:07.411Z,RBC,2,10,99,H,SI1,FALSE,40500
2025-08-29T05:18:07.411Z,RBC,2,10,99,H,SI2,FALSE,32500
2025-08-29T05:18:07.411Z,RBC,2,10,99,H,SI3,FALSE,18500
2025-08-29T05:18:07.411Z,RBC,2,10,99,H,I1,FALSE,12000
2025-08-29T05:18:07.411Z,RBC,2,10,99,H,I2,FALSE,5500
2025-08-29T05:18:07.411Z,RBC,2,10,99,H,I3,FALSE,2300
2025-08-29T05:18:07.411Z,RBC,2,10,99,I,IF,FALSE,57000
2025-08-29T05:18:07.411Z,RBC,2,10,99,I,VVS1,FALSE,53500
2025-08-29T05:18:07.411Z,RBC,2,10,99,I,VVS2,FALSE,49500
2025-08-29T05:18:07.411Z,RBC,2,10,99,I,VS1,FALSE,46000
2025-08-29T05:18:07.411Z,RBC,2,10,99,I,VS2,FALSE,40500
2025-08-29T05:18:07.411Z,RBC,2,10,99,I,SI1,FALSE,34000
2025-08-29T05:18:07.411Z,RBC,2,10,99,I,SI2,FALSE,27500
2025-08-29T05:18:07.411Z,RBC,2,10,99,I,SI3,FALSE,17000
2025-08-29T05:18:07.411Z,RBC,2,10,99,I,I1,FALSE,11500
2025-08-29T05:18:07.411Z,RBC,2,10,99,I,I2,FALSE,5200
2025-08-29T05:18:07.411Z,RBC,2,10,99,I,I3,FALSE,2200
2025-08-29T05:18:07.411Z,RBC,2,10,99,J,IF,FALSE,44000
2025-08-29T05:18:07.411Z,RBC,2,10,99,J,VVS1,FALSE,40500
2025-08-29T05:18:07.411Z,RBC,2,10,99,J,VVS2,FALSE,37500
2025-08-29T05:18:07.411Z,RBC,2,10,99,J,VS1,FALSE,35000
2025-08-29T05:18:07.411Z,RBC,2,10,99,J,VS2,FALSE,32500
2025-08-29T05:18:07.411Z,RBC,2,10,99,J,SI1,FALSE,28500
2025-08-29T05:18:07.411Z,RBC,2,10,99,J,SI2,FALSE,23500
2025-08-29T05:18:07.411Z,RBC,2,10,99,J,SI3,FALSE,15000
2025-08-29T05:18:07.411Z,RBC,2,10,99,J,I1,FALSE,11000
2025-08-29T05:18:07.411Z,RBC,2,10,99,J,I2,FALSE,4900
2025-08-29T05:18:07.411Z,RBC,2,10,99,J,I3,FALSE,2100
2025-08-29T05:18:07.411Z,RBC,2,10,99,K,IF,FALSE,34500
2025-08-29T05:18:07.411Z,RBC,2,10,99,K,VVS1,FALSE,32500
2025-08-29T05:18:07.411Z,RBC,2,10,99,K,VVS2,FALSE,30000
2025-08-29T05:18:07.411Z,RBC,2,10,99,K,VS1,FALSE,27500
2025-08-29T05:18:07.411Z,RBC,2,10,99,K,VS2,FALSE,25500
2025-08-29T05:18:07.411Z,RBC,2,10,99,K,SI1,FALSE,23500
2025-08-29T05:18:07.411Z,RBC,2,10,99,K,SI2,FALSE,20000
2025-08-29T05:18:07.411Z,RBC,2,10,99,K,SI3,FALSE,13500
2025-08-29T05:18:07.411Z,RBC,2,10,99,K,I1,FALSE,10000
2025-08-29T05:18:07.411Z,RBC,2,10,99,K,I2,FALSE,4700
2025-08-29T05:18:07.411Z,RBC,2,10,99,K,I3,FALSE,2000
2025-08-29T05:18:07.411Z,RBC,2,10,99,L,IF,FALSE,27000
2025-08-29T05:18:07.411Z,RBC,2,10,99,L,VVS1,FALSE,25500
2025-08-29T05:18:07.411Z,RBC,2,10,99,L,VVS2,FALSE,24000
2025-08-29T05:18:07.411Z,RBC,2,10,99,L,VS1,FALSE,22500
2025-08-29T05:18:07.411Z,RBC,2,10,99,L,VS2,FALSE,21000
2025-08-29T05:18:07.411Z,RBC,2,10,99,L,SI1,FALSE,19500
2025-08-29T05:18:07.411Z,RBC,2,10,99,L,SI2,FALSE,16500
2025-08-29T05:18:07.411Z,RBC,2,10,99,L,SI3,FALSE,12000
2025-08-29T05:18:07.411Z,RBC,2,10,99,L,I1,FALSE,8500
2025-08-29T05:18:07.411Z,RBC,2,10,99,L,I2,FALSE,4500
2025-08-29T05:18:07.411Z,RBC,2,10,99,L,I3,FALSE,1900
2025-08-29T05:18:07.411Z,RBC,2,10,99,M,IF,FALSE,22500
2025-08-29T05:18:07.411Z,RBC,2,10,99,M,VVS1,FALSE,21000
2025-08-29T05:18:07.411Z,RBC,2,10,99,M,VVS2,FALSE,19500
2025-08-29T05:18:07.411Z,RBC,2,10,99,M,VS1,FALSE,18500
2025-08-29T05:18:07.411Z,RBC,2,10,99,M,VS2,FALSE,17500
2025-08-29T05:18:07.411Z,RBC,2,10,99,M,SI1,FALSE,16500
2025-08-29T05:18:07.411Z,RBC,2,10,99,M,SI2,FALSE,14000
2025-08-29T05:18:07.411Z,RBC,2,10,99,M,SI3,FALSE,10500
2025-08-29T05:18:07.411Z,RBC,2,10,99,M,I1,FALSE,7500
2025-08-29T05:18:07.411Z,RBC,2,10,99,M,I2,FALSE,4300
2025-08-29T05:18:07.411Z,RBC,2,10,99,M,I3,FALSE,1800
2025-08-29T05:18:07.411Z,RBC,2,0.3,0.39,N,IF,FALSE,1000
2025-08-29T05:18:07.411Z,RBC,2,0.3,0.39,N,VVS1,FALSE,900
2025-08-29T05:18:07.411Z,RBC,2,0.3,0.39,N,VVS2,FALSE,900
2025-08-29T05:18:07.411Z,RBC,2,0.3,0.39,N,VS1,FALSE,800
2025-08-29T05:18:07.411Z,RBC,2,0.3,0.39,N,VS2,FALSE,800
2025-08-29T05:18:07.411Z,RBC,2,0.3,0.39,N,SI1,FALSE,800
2025-08-29T05:18:07.411Z,RBC,2,0.3,0.39,N,SI2,FALSE,700
2025-08-29T05:18:07.411Z,RBC,2,0.3,0.39,N,SI3,FALSE,600
2025-08-29T05:18:07.411Z,RBC,2,0.3,0.39,N,I1,FALSE,500
2025-08-29T05:18:07.411Z,RBC,2,0.3,0.39,N,I2,FALSE,400
2025-08-29T05:18:07.411Z,RBC,2,0.3,0.39,N,I3,FALSE,300
2025-08-29T05:18:07.411Z,RBC,2,0.4,0.49,N,IF,FALSE,1200
2025-08-29T05:18:07.411Z,RBC,2,0.4,0.49,N,VVS1,FALSE,1100
2025-08-29T05:18:07.411Z,RBC,2,0.4,0.49,N,VVS2,FALSE,1000
2025-08-29T05:18:07.411Z,RBC,2,0.4,0.49,N,VS1,FALSE,900
2025-08-29T05:18:07.411Z,RBC,2,0.4,0.49,N,VS2,FALSE,900
2025-08-29T05:18:07.411Z,RBC,2,0.4,0.49,N,SI1,FALSE,900
2025-08-29T05:18:07.411Z,RBC,2,0.4,0.49,N,SI2,FALSE,800
2025-08-29T05:18:07.411Z,RBC,2,0.4,0.49,N,SI3,FALSE,700
2025-08-29T05:18:07.411Z,RBC,2,0.4,0.49,N,I1,FALSE,600
2025-08-29T05:18:07.411Z,RBC,2,0.4,0.49,N,I2,FALSE,500
2025-08-29T05:18:07.411Z,RBC,2,0.4,0.49,N,I3,FALSE,400
2025-08-29T05:18:07.411Z,RBC,2,0.5,0.69,N,IF,FALSE,1400
2025-08-29T05:18:07.411Z,RBC,2,0.5,0.69,N,VVS1,FALSE,1300
2025-08-29T05:18:07.411Z,RBC,2,0.5,0.69,N,VVS2,FALSE,1200
2025-08-29T05:18:07.411Z,RBC,2,0.5,0.69,N,VS1,FALSE,1100
2025-08-29T05:18:07.411Z,RBC,2,0.5,0.69,N,VS2,FALSE,1000
2025-08-29T05:18:07.411Z,RBC,2,0.5,0.69,N,SI1,FALSE,1000
2025-08-29T05:18:07.411Z,RBC,2,0.5,0.69,N,SI2,FALSE,900
2025-08-29T05:18:07.411Z,RBC,2,0.5,0.69,N,SI3,FALSE,900
2025-08-29T05:18:07.411Z,RBC,2,0.5,0.69,N,I1,FALSE,900
2025-08-29T05:18:07.411Z,RBC,2,0.5,0.69,N,I2,FALSE,700
2025-08-29T05:18:07.411Z,RBC,2,0.5,0.69,N,I3,FALSE,500
2025-08-29T05:18:07.411Z,RBC,2,0.7,0.89,N,IF,FALSE,1800
2025-08-29T05:18:07.411Z,RBC,2,0.7,0.89,N,VVS1,FALSE,1600
2025-08-29T05:18:07.411Z,RBC,2,0.7,0.89,N,VVS2,FALSE,1400
2025-08-29T05:18:07.411Z,RBC,2,0.7,0.89,N,VS1,FALSE,1300
2025-08-29T05:18:07.411Z,RBC,2,0.7,0.89,N,VS2,FALSE,1200
2025-08-29T05:18:07.411Z,RBC,2,0.7,0.89,N,SI1,FALSE,1200
2025-08-29T05:18:07.411Z,RBC,2,0.7,0.89,N,SI2,FALSE,1100
2025-08-29T05:18:07.411Z,RBC,2,0.7,0.89,N,SI3,FALSE,1100
2025-08-29T05:18:07.411Z,RBC,2,0.7,0.89,N,I1,FALSE,1100
2025-08-29T05:18:07.411Z,RBC,2,0.7,0.89,N,I2,FALSE,800
2025-08-29T05:18:07.411Z,RBC,2,0.7,0.89,N,I3,FALSE,600
2025-08-29T05:18:07.411Z,RBC,2,0.9,0.99,N,IF,FALSE,2400
2025-08-29T05:18:07.411Z,RBC,2,0.9,0.99,N,VVS1,FALSE,2200
2025-08-29T05:18:07.411Z,RBC,2,0.9,0.99,N,VVS2,FALSE,2000
2025-08-29T05:18:07.411Z,RBC,2,0.9,0.99,N,VS1,FALSE,1900
2025-08-29T05:18:07.411Z,RBC,2,0.9,0.99,N,VS2,FALSE,1700
2025-08-29T05:18:07.411Z,RBC,2,0.9,0.99,N,SI1,FALSE,1600
2025-08-29T05:18:07.411Z,RBC,2,0.9,0.99,N,SI2,FALSE,1500
2025-08-29T05:18:07.411Z,RBC,2,0.9,0.99,N,SI3,FALSE,1500
2025-08-29T05:18:07.411Z,RBC,2,0.9,0.99,N,I1,FALSE,1400
2025-08-29T05:18:07.411Z,RBC,2,0.9,0.99,N,I2,FALSE,1100
2025-08-29T05:18:07.411Z,RBC,2,0.9,0.99,N,I3,FALSE,700
2025-08-29T05:18:07.411Z,RBC,2,1,1.49,N,IF,FALSE,2700
2025-08-29T05:18:07.411Z,RBC,2,1,1.49,N,VVS1,FALSE,2500
2025-08-29T05:18:07.411Z,RBC,2,1,1.49,N,VVS2,FALSE,2400
2025-08-29T05:18:07.411Z,RBC,2,1,1.49,N,VS1,FALSE,2300
2025-08-29T05:18:07.411Z,RBC,2,1,1.49,N,VS2,FALSE,2100
2025-08-29T05:18:07.411Z,RBC,2,1,1.49,N,SI1,FALSE,1900
2025-08-29T05:18:07.411Z,RBC,2,1,1.49,N,SI2,FALSE,1800
2025-08-29T05:18:07.411Z,RBC,2,1,1.49,N,SI3,FALSE,1700
2025-08-29T05:18:07.411Z,RBC,2,1,1.49,N,I1,FALSE,1600
2025-08-29T05:18:07.411Z,RBC,2,1,1.49,N,I2,FALSE,1600
2025-08-29T05:18:07.411Z,RBC,2,1,1.49,N,I3,FALSE,1000
2025-08-29T05:18:07.411Z,RBC,2,1.5,1.99,N,IF,FALSE,4600
2025-08-29T05:18:07.411Z,RBC,2,1.5,1.99,N,VVS1,FALSE,4100
2025-08-29T05:18:07.411Z,RBC,2,1.5,1.99,N,VVS2,FALSE,3900
2025-08-29T05:18:07.411Z,RBC,2,1.5,1.99,N,VS1,FALSE,3600
2025-08-29T05:18:07.411Z,RBC,2,1.5,1.99,N,VS2,FALSE,3400
2025-08-29T05:18:07.411Z,RBC,2,1.5,1.99,N,SI1,FALSE,3200
2025-08-29T05:18:07.411Z,RBC,2,1.5,1.99,N,SI2,FALSE,3000
2025-08-29T05:18:07.411Z,RBC,2,1.5,1.99,N,SI3,FALSE,2800
2025-08-29T05:18:07.411Z,RBC,2,1.5,1.99,N,I1,FALSE,2700
2025-08-29T05:18:07.411Z,RBC,2,1.5,1.99,N,I2,FALSE,2200
2025-08-29T05:18:07.411Z,RBC,2,1.5,1.99,N,I3,FALSE,1200
2025-08-29T05:18:07.411Z,RBC,2,2,2.99,N,IF,FALSE,6800
2025-08-29T05:18:07.411Z,RBC,2,2,2.99,N,VVS1,FALSE,6300
2025-08-29T05:18:07.411Z,RBC,2,2,2.99,N,VVS2,FALSE,5700
2025-08-29T05:18:07.411Z,RBC,2,2,2.99,N,VS1,FALSE,5400
2025-08-29T05:18:07.411Z,RBC,2,2,2.99,N,VS2,FALSE,4800
2025-08-29T05:18:07.411Z,RBC,2,2,2.99,N,SI1,FALSE,4500
2025-08-29T05:18:07.411Z,RBC,2,2,2.99,N,SI2,FALSE,4200
2025-08-29T05:18:07.411Z,RBC,2,2,2.99,N,SI3,FALSE,4000
2025-08-29T05:18:07.411Z,RBC,2,2,2.99,N,I1,FALSE,3800
2025-08-29T05:18:07.411Z,RBC,2,2,2.99,N,I2,FALSE,2600
2025-08-29T05:18:07.411Z,RBC,2,2,2.99,N,I3,FALSE,1300
2025-08-29T05:18:07.411Z,RBC,2,3,3.99,N,IF,FALSE,9500
2025-08-29T05:18:07.411Z,RBC,2,3,3.99,N,VVS1,FALSE,9100
2025-08-29T05:18:07.411Z,RBC,2,3,3.99,N,VVS2,FALSE,8700
2025-08-29T05:18:07.411Z,RBC,2,3,3.99,N,VS1,FALSE,8300
2025-08-29T05:18:07.411Z,RBC,2,3,3.99,N,VS2,FALSE,7900
2025-08-29T05:18:07.411Z,RBC,2,3,3.99,N,SI1,FALSE,7500
2025-08-29T05:18:07.411Z,RBC,2,3,3.99,N,SI2,FALSE,6700
2025-08-29T05:18:07.411Z,RBC,2,3,3.99,N,SI3,FALSE,5800
2025-08-29T05:18:07.411Z,RBC,2,3,3.99,N,I1,FALSE,4700
2025-08-29T05:18:07.411Z,RBC,2,3,3.99,N,I2,FALSE,3000
2025-08-29T05:18:07.411Z,RBC,2,3,3.99,N,I3,FALSE,1400
2025-08-29T05:18:07.411Z,RBC,2,4,4.99,N,IF,FALSE,12500
2025-08-29T05:18:07.411Z,RBC,2,4,4.99,N,VVS1,FALSE,11500
2025-08-29T05:18:07.411Z,RBC,2,4,4.99,N,VVS2,FALSE,10500
2025-08-29T05:18:07.411Z,RBC,2,4,4.99,N,VS1,FALSE,10000
2025-08-29T05:18:07.411Z,RBC,2,4,4.99,N,VS2,FALSE,9500
2025-08-29T05:18:07.411Z,RBC,2,4,4.99,N,SI1,FALSE,9000
2025-08-29T05:18:07.411Z,RBC,2,4,4.99,N,SI2,FALSE,8000
2025-08-29T05:18:07.411Z,RBC,2,4,4.99,N,SI3,FALSE,6500
2025-08-29T05:18:07.411Z,RBC,2,4,4.99,N,I1,FALSE,5000
2025-08-29T05:18:07.411Z,RBC,2,4,4.99,N,I2,FALSE,3200
2025-08-29T05:18:07.411Z,RBC,2,4,4.99,N,I3,FALSE,1600
2025-08-29T05:18:07.411Z,RBC,2,5,9.99,N,IF,FALSE,15000
2025-08-29T05:18:07.411Z,RBC,2,5,9.99,N,VVS1,FALSE,14000
2025-08-29T05:18:07.411Z,RBC,2,5,9.99,N,VVS2,FALSE,13000
2025-08-29T05:18:07.411Z,RBC,2,5,9.99,N,VS1,FALSE,12500
2025-08-29T05:18:07.411Z,RBC,2,5,9.99,N,VS2,FALSE,12000
2025-08-29T05:18:07.412Z,RBC,2,5,9.99,N,SI1,FALSE,11000
2025-08-29T05:18:07.412Z,RBC,2,5,9.99,N,SI2,FALSE,10000
2025-08-29T05:18:07.412Z,RBC,2,5,9.99,N,SI3,FALSE,8000
2025-08-29T05:18:07.412Z,RBC,2,5,9.99,N,I1,FALSE,6000
2025-08-29T05:18:07.412Z,RBC,2,5,9.99,N,I2,FALSE,3400
2025-08-29T05:18:07.412Z,RBC,2,5,9.99,N,I3,FALSE,1600
2025-08-29T05:18:07.412Z,RBC,2,10,99,N,IF,FALSE,22500
2025-08-29T05:18:07.412Z,RBC,2,10,99,N,VVS1,FALSE,21000
2025-08-29T05:18:07.412Z,RBC,2,10,99,N,VVS2,FALSE,19500
2025-08-29T05:18:07.412Z,RBC,2,10,99,N,VS1,FALSE,18500
2025-08-29T05:18:07.412Z,RBC,2,10,99,N,VS2,FALSE,17500
2025-08-29T05:18:07.412Z,RBC,2,10,99,N,SI1,FALSE,16500
2025-08-29T05:18:07.412Z,RBC,2,10,99,N,SI2,FALSE,14000
2025-08-29T05:18:07.412Z,RBC,2,10,99,N,SI3,FALSE,10500
2025-08-29T05:18:07.412Z,RBC,2,10,99,N,I1,FALSE,7500
2025-08-29T05:18:07.412Z,RBC,2,10,99,N,I2,FALSE,4300
2025-08-29T05:18:07.412Z,RBC,2,10,99,N,I3,FALSE,1800
2025-08-29T05:18:07.412Z,RBC,2,0.3,0.39,O-P,IF,FALSE,1000
2025-08-29T05:18:07.412Z,RBC,2,0.3,0.39,O-P,VVS1,FALSE,900
2025-08-29T05:18:07.412Z,RBC,2,0.3,0.39,O-P,VVS2,FALSE,900
2025-08-29T05:18:07.412Z,RBC,2,0.3,0.39,O-P,VS1,FALSE,800
2025-08-29T05:18:07.412Z,RBC,2,0.3,0.39,O-P,VS2,FALSE,800
2025-08-29T05:18:07.412Z,RBC,2,0.3,0.39,O-P,SI1,FALSE,800
2025-08-29T05:18:07.412Z,RBC,2,0.3,0.39,O-P,SI2,FALSE,700
2025-08-29T05:18:07.412Z,RBC,2,0.3,0.39,O-P,SI3,FALSE,600
2025-08-29T05:18:07.412Z,RBC,2,0.3,0.39,O-P,I1,FALSE,500
2025-08-29T05:18:07.412Z,RBC,2,0.3,0.39,O-P,I2,FALSE,400
2025-08-29T05:18:07.412Z,RBC,2,0.3,0.39,O-P,I3,FALSE,300
2025-08-29T05:18:07.412Z,RBC,2,0.4,0.49,O-P,IF,FALSE,1200
2025-08-29T05:18:07.412Z,RBC,2,0.4,0.49,O-P,VVS1,FALSE,1100
2025-08-29T05:18:07.412Z,RBC,2,0.4,0.49,O-P,VVS2,FALSE,1000
2025-08-29T05:18:07.412Z,RBC,2,0.4,0.49,O-P,VS1,FALSE,900
2025-08-29T05:18:07.412Z,RBC,2,0.4,0.49,O-P,VS2,FALSE,900
2025-08-29T05:18:07.412Z,RBC,2,0.4,0.49,O-P,SI1,FALSE,900
2025-08-29T05:18:07.412Z,RBC,2,0.4,0.49,O-P,SI2,FALSE,800
2025-08-29T05:18:07.412Z,RBC,2,0.4,0.49,O-P,SI3,FALSE,700
2025-08-29T05:18:07.412Z,RBC,2,0.4,0.49,O-P,I1,FALSE,600
2025-08-29T05:18:07.412Z,RBC,2,0.4,0.49,O-P,I2,FALSE,500
2025-08-29T05:18:07.412Z,RBC,2,0.4,0.49,O-P,I3,FALSE,400
2025-08-29T05:18:07.412Z,RBC,2,0.5,0.69,O-P,IF,FALSE,1400
2025-08-29T05:18:07.412Z,RBC,2,0.5,0.69,O-P,VVS1,FALSE,1300
2025-08-29T05:18:07.412Z,RBC,2,0.5,0.69,O-P,VVS2,FALSE,1200
2025-08-29T05:18:07.412Z,RBC,2,0.5,0.69,O-P,VS1,FALSE,1100
2025-08-29T05:18:07.412Z,RBC,2,0.5,0.69,O-P,VS2,FALSE,1000
2025-08-29T05:18:07.412Z,RBC,2,0.5,0.69,O-P,SI1,FALSE,1000
2025-08-29T05:18:07.412Z,RBC,2,0.5,0.69,O-P,SI2,FALSE,900
2025-08-29T05:18:07.412Z,RBC,2,0.5,0.69,O-P,SI3,FALSE,900
2025-08-29T05:18:07.412Z,RBC,2,0.5,0.69,O-P,I1,FALSE,900
2025-08-29T05:18:07.412Z,RBC,2,0.5,0.69,O-P,I2,FALSE,700
2025-08-29T05:18:07.412Z,RBC,2,0.5,0.69,O-P,I3,FALSE,500
2025-08-29T05:18:07.412Z,RBC,2,0.7,0.89,O-P,IF,FALSE,1800
2025-08-29T05:18:07.412Z,RBC,2,0.7,0.89,O-P,VVS1,FALSE,1600
2025-08-29T05:18:07.412Z,RBC,2,0.7,0.89,O-P,VVS2,FALSE,1400
2025-08-29T05:18:07.412Z,RBC,2,0.7,0.89,O-P,VS1,FALSE,1300
2025-08-29T05:18:07.412Z,RBC,2,0.7,0.89,O-P,VS2,FALSE,1200
2025-08-29T05:18:07.412Z,RBC,2,0.7,0.89,O-P,SI1,FALSE,1200
2025-08-29T05:18:07.412Z,RBC,2,0.7,0.89,O-P,SI2,FALSE,1100
2025-08-29T05:18:07.412Z,RBC,2,0.7,0.89,O-P,SI3,FALSE,1100
2025-08-29T05:18:07.412Z,RBC,2,0.7,0.89,O-P,I1,FALSE,1100
2025-08-29T05:18:07.412Z,RBC,2,0.7,0.89,O-P,I2,FALSE,800
2025-08-29T05:18:07.412Z,RBC,2,0.7,0.89,O-P,I3,FALSE,600
2025-08-29T05:18:07.412Z,RBC,2,0.9,0.99,O-P,IF,FALSE,2400
2025-08-29T05:18:07.412Z,RBC,2,0.9,0.99,O-P,VVS1,FALSE,2200
2025-08-29T05:18:07.412Z,RBC,2,0.9,0.99,O-P,VVS2,FALSE,2000
2025-08-29T05:18:07.412Z,RBC,2,0.9,0.99,O-P,VS1,FALSE,1900
2025-08-29T05:18:07.412Z,RBC,2,0.9,0.99,O-P,VS2,FALSE,1700
2025-08-29T05:18:07.412Z,RBC,2,0.9,0.99,O-P,SI1,FALSE,1600
2025-08-29T05:18:07.412Z,RBC,2,0.9,0.99,O-P,SI2,FALSE,1500
2025-08-29T05:18:07.412Z,RBC,2,0.9,0.99,O-P,SI3,FALSE,1500
2025-08-29T05:18:07.412Z,RBC,2,0.9,0.99,O-P,I1,FALSE,1400
2025-08-29T05:18:07.412Z,RBC,2,0.9,0.99,O-P,I2,FALSE,1100
2025-08-29T05:18:07.412Z,RBC,2,0.9,0.99,O-P,I3,FALSE,700
2025-08-29T05:18:07.412Z,RBC,2,1,1.49,O-P,IF,FALSE,2700
2025-08-29T05:18:07.412Z,RBC,2,1,1.49,O-P,VVS1,FALSE,2500
2025-08-29T05:18:07.412Z,RBC,2,1,1.49,O-P,VVS2,FALSE,2400
2025-08-29T05:18:07.412Z,RBC,2,1,1.49,O-P,VS1,FALSE,2300
2025-08-29T05:18:07.412Z,RBC,2,1,1.49,O-P,VS2,FALSE,2100
2025-08-29T05:18:07.412Z,RBC,2,1,1.49,O-P,SI1,FALSE,1900
2025-08-29T05:18:07.412Z,RBC,2,1,1.49,O-P,SI2,FALSE,1800
2025-08-29T05:18:07.412Z,RBC,2,1,1.49,O-P,SI3,FALSE,1700
2025-08-29T05:18:07.412Z,RBC,2,1,1.49,O-P,I1,FALSE,1600
2025-08-29T05:18:07.412Z,RBC,2,1,1.49,O-P,I2,FALSE,1600
2025-08-29T05:18:07.412Z,RBC,2,1,1.49,O-P,I3,FALSE,1000
2025-08-29T05:18:07.412Z,RBC,2,1.5,1.99,O-P,IF,FALSE,4600
2025-08-29T05:18:07.412Z,RBC,2,1.5,1.99,O-P,VVS1,FALSE,4100
2025-08-29T05:18:07.412Z,RBC,2,1.5,1.99,O-P,VVS2,FALSE,3900
2025-08-29T05:18:07.412Z,RBC,2,1.5,1.99,O-P,VS1,FALSE,3600
2025-08-29T05:18:07.412Z,RBC,2,1.5,1.99,O-P,VS2,FALSE,3400
2025-08-29T05:18:07.412Z,RBC,2,1.5,1.99,O-P,SI1,FALSE,3200
2025-08-29T05:18:07.412Z,RBC,2,1.5,1.99,O-P,SI2,FALSE,3000
2025-08-29T05:18:07.412Z,RBC,2,1.5,1.99,O-P,SI3,FALSE,2800
2025-08-29T05:18:07.412Z,RBC,2,1.5,1.99,O-P,I1,FALSE,2700
2025-08-29T05:18:07.412Z,RBC,2,1.5,1.99,O-P,I2,FALSE,2200
2025-08-29T05:18:07.412Z,RBC,2,1.5,1.99,O-P,I3,FALSE,1200
2025-08-29T05:18:07.412Z,RBC,2,2,2.99,O-P,IF,FALSE,6800
2025-08-29T05:18:07.412Z,RBC,2,2,2.99,O-P,VVS1,FALSE,6300
2025-08-29T05:18:07.412Z,RBC,2,2,2.99,O-P,VVS2,FALSE,5700
2025-08-29T05:18:07.412Z,RBC,2,2,2.99,O-P,VS1,FALSE,5400
2025-08-29T05:18:07.412Z,RBC,2,2,2.99,O-P,VS2,FALSE,4800
2025-08-29T05:18:07.412Z,RBC,2,2,2.99,O-P,SI1,FALSE,4500
2025-08-29T05:18:07.412Z,RBC,2,2,2.99,O-P,SI2,FALSE,4200
2025-08-29T05:18:07.412Z,RBC,2,2,2.99,O-P,SI3,FALSE,4000
2025-08-29T05:18:07.412Z,RBC,2,2,2.99,O-P,I1,FALSE,3800
2025-08-29T05:18:07.412Z,RBC,2,2,2.99,O-P,I2,FALSE,2600
2025-08-29T05:18:07.412Z,RBC,2,2,2.99,O-P,I3,FALSE,1300
2025-08-29T05:18:07.412Z,RBC,2,3,3.99,O-P,IF,FALSE,9500
2025-08-29T05:18:07.412Z,RBC,2,3,3.99,O-P,VVS1,FALSE,9100
2025-08-29T05:18:07.412Z,RBC,2,3,3.99,O-P,VVS2,FALSE,8700
2025-08-29T05:18:07.412Z,RBC,2,3,3.99,O-P,VS1,FALSE,8300
2025-08-29T05:18:07.412Z,RBC,2,3,3.99,O-P,VS2,FALSE,7900
2025-08-29T05:18:07.412Z,RBC,2,3,3.99,O-P,SI1,FALSE,7500
2025-08-29T05:18:07.412Z,RBC,2,3,3.99,O-P,SI2,FALSE,6700
2025-08-29T05:18:07.412Z,RBC,2,3,3.99,O-P,SI3,FALSE,5800
2025-08-29T05:18:07.412Z,RBC,2,3,3.99,O-P,I1,FALSE,4700
2025-08-29T05:18:07.412Z,RBC,2,3,3.99,O-P,I2,FALSE,3000
2025-08-29T05:18:07.412Z,RBC,2,3,3.99,O-P,I3,FALSE,1400
2025-08-29T05:18:07.412Z,RBC,2,4,4.99,O-P,IF,FALSE,12500
2025-08-29T05:18:07.412Z,RBC,2,4,4.99,O-P,VVS1,FALSE,11500
2025-08-29T05:18:07.412Z,RBC,2,4,4.99,O-P,VVS2,FALSE,10500
2025-08-29T05:18:07.412Z,RBC,2,4,4.99,O-P,VS1,FALSE,10000
2025-08-29T05:18:07.412Z,RBC,2,4,4.99,O-P,VS2,FALSE,9500
2025-08-29T05:18:07.412Z,RBC,2,4,4.99,O-P,SI1,FALSE,9000
2025-08-29T05:18:07.412Z,RBC,2,4,4.99,O-P,SI2,FALSE,8000
2025-08-29T05:18:07.412Z,RBC,2,4,4.99,O-P,SI3,FALSE,6500
2025-08-29T05:18:07.412Z,RBC,2,4,4.99,O-P,I1,FALSE,5000
2025-08-29T05:18:07.412Z,RBC,2,4,4.99,O-P,I2,FALSE,3200
2025-08-29T05:18:07.412Z,RBC,2,4,4.99,O-P,I3,FALSE,1600
2025-08-29T05:18:07.412Z,RBC,2,5,9.99,O-P,IF,FALSE,15000
2025-08-29T05:18:07.412Z,RBC,2,5,9.99,O-P,VVS1,FALSE,14000
2025-08-29T05:18:07.412Z,RBC,2,5,9.99,O-P,VVS2,FALSE,13000
2025-08-29T05:18:07.412Z,RBC,2,5,9.99,O-P,VS1,FALSE,12500
2025-08-29T05:18:07.412Z,RBC,2,5,9.99,O-P,VS2,FALSE,12000
2025-08-29T05:18:07.412Z,RBC,2,5,9.99,O-P,SI1,FALSE,11000
2025-08-29T05:18:07.412Z,RBC,2,5,9.99,O-P,SI2,FALSE,10000
2025-08-29T05:18:07.412Z,RBC,2,5,9.99,O-P,SI3,FALSE,8000
2025-08-29T05:18:07.412Z,RBC,2,5,9.99,O-P,I1,FALSE,6000
2025-08-29T05:18:07.412Z,RBC,2,5,9.99,O-P,I2,FALSE,3400
2025-08-29T05:18:07.412Z,RBC,2,5,9.99,O-P,I3,FALSE,1600
2025-08-29T05:18:07.412Z,RBC,2,10,99,O-P,IF,FALSE,22500
2025-08-29T05:18:07.412Z,RBC,2,10,99,O-P,VVS1,FALSE,21000
2025-08-29T05:18:07.412Z,RBC,2,10,99,O-P,VVS2,FALSE,19500
2025-08-29T05:18:07.412Z,RBC,2,10,99,O-P,VS1,FALSE,18500
2025-08-29T05:18:07.412Z,RBC,2,10,99,O-P,VS2,FALSE,17500
2025-08-29T05:18:07.412Z,RBC,2,10,99,O-P,SI1,FALSE,16500
2025-08-29T05:18:07.412Z,RBC,2,10,99,O-P,SI2,FALSE,14000
2025-08-29T05:18:07.412Z,RBC,2,10,99,O-P,SI3,FALSE,10500
2025-08-29T05:18:07.412Z,RBC,2,10,99,O-P,I1,FALSE,7500
2025-08-29T05:18:07.412Z,RBC,2,10,99,O-P,I2,FALSE,4300
2025-08-29T05:18:07.412Z,RBC,2,10,99,O-P,I3,FALSE,1800
2025-08-29T05:18:07.412Z,RBC,2,0.3,0.39,Q-R,IF,FALSE,1000
2025-08-29T05:18:07.412Z,RBC,2,0.3,0.39,Q-R,VVS1,FALSE,900
2025-08-29T05:18:07.412Z,RBC,2,0.3,0.39,Q-R,VVS2,FALSE,900
2025-08-29T05:18:07.412Z,RBC,2,0.3,0.39,Q-R,VS1,FALSE,800
2025-08-29T05:18:07.412Z,RBC,2,0.3,0.39,Q-R,VS2,FALSE,800
2025-08-29T05:18:07.412Z,RBC,2,0.3,0.39,Q-R,SI1,FALSE,800
2025-08-29T05:18:07.412Z,RBC,2,0.3,0.39,Q-R,SI2,FALSE,700
2025-08-29T05:18:07.412Z,RBC,2,0.3,0.39,Q-R,SI3,FALSE,600
2025-08-29T05:18:07.412Z,RBC,2,0.3,0.39,Q-R,I1,FALSE,500
2025-08-29T05:18:07.412Z,RBC,2,0.3,0.39,Q-R,I2,FALSE,400
2025-08-29T05:18:07.412Z,RBC,2,0.3,0.39,Q-R,I3,FALSE,300
2025-08-29T05:18:07.412Z,RBC,2,0.4,0.49,Q-R,IF,FALSE,1200
2025-08-29T05:18:07.412Z,RBC,2,0.4,0.49,Q-R,VVS1,FALSE,1100
2025-08-29T05:18:07.412Z,RBC,2,0.4,0.49,Q-R,VVS2,FALSE,1000
2025-08-29T05:18:07.412Z,RBC,2,0.4,0.49,Q-R,VS1,FALSE,900
2025-08-29T05:18:07.412Z,RBC,2,0.4,0.49,Q-R,VS2,FALSE,900
2025-08-29T05:18:07.412Z,RBC,2,0.4,0.49,Q-R,SI1,FALSE,900
2025-08-29T05:18:07.412Z,RBC,2,0.4,0.49,Q-R,SI2,FALSE,800
2025-08-29T05:18:07.412Z,RBC,2,0.4,0.49,Q-R,SI3,FALSE,700
2025-08-29T05:18:07.412Z,RBC,2,0.4,0.49,Q-R,I1,FALSE,600
2025-08-29T05:18:07.412Z,RBC,2,0.4,0.49,Q-R,I2,FALSE,500
2025-08-29T05:18:07.412Z,RBC,2,0.4,0.49,Q-R,I3,FALSE,400
2025-08-29T05:18:07.412Z,RBC,2,0.5,0.69,Q-R,IF,FALSE,1400
2025-08-29T05:18:07.412Z,RBC,2,0.5,0.69,Q-R,VVS1,FALSE,1300
2025-08-29T05:18:07.412Z,RBC,2,0.5,0.69,Q-R,VVS2,FALSE,1200
2025-08-29T05:18:07.412Z,RBC,2,0.5,0.69,Q-R,VS1,FALSE,1100
2025-08-29T05:18:07.412Z,RBC,2,0.5,0.69,Q-R,VS2,FALSE,1000
2025-08-29T05:18:07.412Z,RBC,2,0.5,0.69,Q-R,SI1,FALSE,1000
2025-08-29T05:18:07.412Z,RBC,2,0.5,0.69,Q-R,SI2,FALSE,900
2025-08-29T05:18:07.412Z,RBC,2,0.5,0.69,Q-R,SI3,FALSE,900
2025-08-29T05:18:07.412Z,RBC,2,0.5,0.69,Q-R,I1,FALSE,900
2025-08-29T05:18:07.412Z,RBC,2,0.5,0.69,Q-R,I2,FALSE,700
2025-08-29T05:18:07.412Z,RBC,2,0.5,0.69,Q-R,I3,FALSE,500
2025-08-29T05:18:07.412Z,RBC,2,0.7,0.89,Q-R,IF,FALSE,1800
2025-08-29T05:18:07.412Z,RBC,2,0.7,0.89,Q-R,VVS1,FALSE,1600
2025-08-29T05:18:07.412Z,RBC,2,0.7,0.89,Q-R,VVS2,FALSE,1400
2025-08-29T05:18:07.412Z,RBC,2,0.7,0.89,Q-R,VS1,FALSE,1300
2025-08-29T05:18:07.412Z,RBC,2,0.7,0.89,Q-R,VS2,FALSE,1200
2025-08-29T05:18:07.412Z,RBC,2,0.7,0.89,Q-R,SI1,FALSE,1200
2025-08-29T05:18:07.412Z,RBC,2,0.7,0.89,Q-R,SI2,FALSE,1100
2025-08-29T05:18:07.412Z,RBC,2,0.7,0.89,Q-R,SI3,FALSE,1100
2025-08-29T05:18:07.412Z,RBC,2,0.7,0.89,Q-R,I1,FALSE,1100
2025-08-29T05:18:07.412Z,RBC,2,0.7,0.89,Q-R,I2,FALSE,800
2025-08-29T05:18:07.412Z,RBC,2,0.7,0.89,Q-R,I3,FALSE,600
2025-08-29T05:18:07.412Z,RBC,2,0.9,0.99,Q-R,IF,FALSE,2400
2025-08-29T05:18:07.412Z,RBC,2,0.9,0.99,Q-R,VVS1,FALSE,2200
2025-08-29T05:18:07.412Z,RBC,2,0.9,0.99,Q-R,VVS2,FALSE,2000
2025-08-29T05:18:07.412Z,RBC,2,0.9,0.99,Q-R,VS1,FALSE,1900
2025-08-29T05:18:07.412Z,RBC,2,0.9,0.99,Q-R,VS2,FALSE,1700
2025-08-29T05:18:07.412Z,RBC,2,0.9,0.99,Q-R,SI1,FALSE,1600
2025-08-29T05:18:07.412Z,RBC,2,0.9,0.99,Q-R,SI2,FALSE,1500
2025-08-29T05:18:07.412Z,RBC,2,0.9,0.99,Q-R,SI3,FALSE,1500
2025-08-29T05:18:07.412Z,RBC,2,0.9,0.99,Q-R,I1,FALSE,1400
2025-08-29T05:18:07.412Z,RBC,2,0.9,0.99,Q-R,I2,FALSE,1100
2025-08-29T05:18:07.412Z,RBC,2,0.9,0.99,Q-R,I3,FALSE,700
2025-08-29T05:18:07.412Z,RBC,2,1,1.49,Q-R,IF,FALSE,2700
2025-08-29T05:18:07.412Z,RBC,2,1,1.49,Q-R,VVS1,FALSE,2500
2025-08-29T05:18:07.412Z,RBC,2,1,1.49,Q-R,VVS2,FALSE,2400
2025-08-29T05:18:07.412Z,RBC,2,1,1.49,Q-R,VS1,FALSE,2300
2025-08-29T05:18:07.412Z,RBC,2,1,1.49,Q-R,VS2,FALSE,2100
2025-08-29T05:18:07.412Z,RBC,2,1,1.49,Q-R,SI1,FALSE,1900
2025-08-29T05:18:07.412Z,RBC,2,1,1.49,Q-R,SI2,FALSE,1800
2025-08-29T05:18:07.412Z,RBC,2,1,1.49,Q-R,SI3,FALSE,1700
2025-08-29T05:18:07.412Z,RBC,2,1,1.49,Q-R,I1,FALSE,1600
2025-08-29T05:18:07.412Z,RBC,2,1,1.49,Q-R,I2,FALSE,1600
2025-08-29T05:18:07.412Z,RBC,2,1,1.49,Q-R,I3,FALSE,1000
2025-08-29T05:18:07.412Z,RBC,2,1.5,1.99,Q-R,IF,FALSE,4600
2025-08-29T05:18:07.412Z,RBC,2,1.5,1.99,Q-R,VVS1,FALSE,4100
2025-08-29T05:18:07.412Z,RBC,2,1.5,1.99,Q-R,VVS2,FALSE,3900
2025-08-29T05:18:07.412Z,RBC,2,1.5,1.99,Q-R,VS1,FALSE,3600
2025-08-29T05:18:07.412Z,RBC,2,1.5,1.99,Q-R,VS2,FALSE,3400
2025-08-29T05:18:07.412Z,RBC,2,1.5,1.99,Q-R,SI1,FALSE,3200
2025-08-29T05:18:07.412Z,RBC,2,1.5,1.99,Q-R,SI2,FALSE,3000
2025-08-29T05:18:07.412Z,RBC,2,1.5,1.99,Q-R,SI3,FALSE,2800
2025-08-29T05:18:07.412Z,RBC,2,1.5,1.99,Q-R,I1,FALSE,2700
2025-08-29T05:18:07.412Z,RBC,2,1.5,1.99,Q-R,I2,FALSE,2200
2025-08-29T05:18:07.412Z,RBC,2,1.5,1.99,Q-R,I3,FALSE,1200
2025-08-29T05:18:07.412Z,RBC,2,2,2.99,Q-R,IF,FALSE,6800
2025-08-29T05:18:07.412Z,RBC,2,2,2.99,Q-R,VVS1,FALSE,6300
2025-08-29T05:18:07.412Z,RBC,2,2,2.99,Q-R,VVS2,FALSE,5700
2025-08-29T05:18:07.412Z,RBC,2,2,2.99,Q-R,VS1,FALSE,5400
2025-08-29T05:18:07.412Z,RBC,2,2,2.99,Q-R,VS2,FALSE,4800
2025-08-29T05:18:07.412Z,RBC,2,2,2.99,Q-R,SI1,FALSE,4500
2025-08-29T05:18:07.412Z,RBC,2,2,2.99,Q-R,SI2,FALSE,4200
2025-08-29T05:18:07.412Z,RBC,2,2,2.99,Q-R,SI3,FALSE,4000
2025-08-29T05:18:07.412Z,RBC,2,2,2.99,Q-R,I1,FALSE,3800
2025-08-29T05:18:07.412Z,RBC,2,2,2.99,Q-R,I2,FALSE,2600
2025-08-29T05:18:07.412Z,RBC,2,2,2.99,Q-R,I3,FALSE,1300
2025-08-29T05:18:07.412Z,RBC,2,3,3.99,Q-R,IF,FALSE,9500
2025-08-29T05:18:07.412Z,RBC,2,3,3.99,Q-R,VVS1,FALSE,9100
2025-08-29T05:18:07.412Z,RBC,2,3,3.99,Q-R,VVS2,FALSE,8700
2025-08-29T05:18:07.412Z,RBC,2,3,3.99,Q-R,VS1,FALSE,8300
2025-08-29T05:18:07.412Z,RBC,2,3,3.99,Q-R,VS2,FALSE,7900
2025-08-29T05:18:07.412Z,RBC,2,3,3.99,Q-R,SI1,FALSE,7500
2025-08-29T05:18:07.412Z,RBC,2,3,3.99,Q-R,SI2,FALSE,6700
2025-08-29T05:18:07.412Z,RBC,2,3,3.99,Q-R,SI3,FALSE,5800
2025-08-29T05:18:07.412Z,RBC,2,3,3.99,Q-R,I1,FALSE,4700
2025-08-29T05:18:07.412Z,RBC,2,3,3.99,Q-R,I2,FALSE,3000
2025-08-29T05:18:07.412Z,RBC,2,3,3.99,Q-R,I3,FALSE,1400
2025-08-29T05:18:07.412Z,RBC,2,4,4.99,Q-R,IF,FALSE,12500
2025-08-29T05:18:07.412Z,RBC,2,4,4.99,Q-R,VVS1,FALSE,11500
2025-08-29T05:18:07.412Z,RBC,2,4,4.99,Q-R,VVS2,FALSE,10500
2025-08-29T05:18:07.412Z,RBC,2,4,4.99,Q-R,VS1,FALSE,10000
2025-08-29T05:18:07.412Z,RBC,2,4,4.99,Q-R,VS2,FALSE,9500
2025-08-29T05:18:07.412Z,RBC,2,4,4.99,Q-R,SI1,FALSE,9000
2025-08-29T05:18:07.412Z,RBC,2,4,4.99,Q-R,SI2,FALSE,8000
2025-08-29T05:18:07.412Z,RBC,2,4,4.99,Q-R,SI3,FALSE,6500
2025-08-29T05:18:07.412Z,RBC,2,4,4.99,Q-R,I1,FALSE,5000
2025-08-29T05:18:07.412Z,RBC,2,4,4.99,Q-R,I2,FALSE,3200
2025-08-29T05:18:07.412Z,RBC,2,4,4.99,Q-R,I3,FALSE,1600
2025-08-29T05:18:07.412Z,RBC,2,5,9.99,Q-R,IF,FALSE,15000
2025-08-29T05:18:07.412Z,RBC,2,5,9.99,Q-R,VVS1,FALSE,14000
2025-08-29T05:18:07.412Z,RBC,2,5,9.99,Q-R,VVS2,FALSE,13000
2025-08-29T05:18:07.412Z,RBC,2,5,9.99,Q-R,VS1,FALSE,12500
2025-08-29T05:18:07.412Z,RBC,2,5,9.99,Q-R,VS2,FALSE,12000
2025-08-29T05:18:07.412Z,RBC,2,5,9.99,Q-R,SI1,FALSE,11000
2025-08-29T05:18:07.412Z,RBC,2,5,9.99,Q-R,SI2,FALSE,10000
2025-08-29T05:18:07.412Z,RBC,2,5,9.99,Q-R,SI3,FALSE,8000
2025-08-29T05:18:07.412Z,RBC,2,5,9.99,Q-R,I1,FALSE,6000
2025-08-29T05:18:07.412Z,RBC,2,5,9.99,Q-R,I2,FALSE,3400
2025-08-29T05:18:07.412Z,RBC,2,5,9.99,Q-R,I3,FALSE,1600
2025-08-29T05:18:07.412Z,RBC,2,10,99,Q-R,IF,FALSE,22500
2025-08-29T05:18:07.412Z,RBC,2,10,99,Q-R,VVS1,FALSE,21000
2025-08-29T05:18:07.412Z,RBC,2,10,99,Q-R,VVS2,FALSE,19500
2025-08-29T05:18:07.412Z,RBC,2,10,99,Q-R,VS1,FALSE,18500
2025-08-29T05:18:07.412Z,RBC,2,10,99,Q-R,VS2,FALSE,17500
2025-08-29T05:18:07.412Z,RBC,2,10,99,Q-R,SI1,FALSE,16500
2025-08-29T05:18:07.412Z,RBC,2,10,99,Q-R,SI2,FALSE,14000
2025-08-29T05:18:07.412Z,RBC,2,10,99,Q-R,SI3,FALSE,10500
2025-08-29T05:18:07.412Z,RBC,2,10,99,Q-R,I1,FALSE,7500
2025-08-29T05:18:07.412Z,RBC,2,10,99,Q-R,I2,FALSE,4300
2025-08-29T05:18:07.412Z,RBC,2,10,99,Q-R,I3,FALSE,1800
2025-08-29T05:18:07.412Z,RBC,2,0.3,0.39,S-T,IF,FALSE,1000
2025-08-29T05:18:07.412Z,RBC,2,0.3,0.39,S-T,VVS1,FALSE,900
2025-08-29T05:18:07.412Z,RBC,2,0.3,0.39,S-T,VVS2,FALSE,900
2025-08-29T05:18:07.412Z,RBC,2,0.3,0.39,S-T,VS1,FALSE,800
2025-08-29T05:18:07.412Z,RBC,2,0.3,0.39,S-T,VS2,FALSE,800
2025-08-29T05:18:07.412Z,RBC,2,0.3,0.39,S-T,SI1,FALSE,800
2025-08-29T05:18:07.412Z,RBC,2,0.3,0.39,S-T,SI2,FALSE,700
2025-08-29T05:18:07.412Z,RBC,2,0.3,0.39,S-T,SI3,FALSE,600
2025-08-29T05:18:07.412Z,RBC,2,0.3,0.39,S-T,I1,FALSE,500
2025-08-29T05:18:07.412Z,RBC,2,0.3,0.39,S-T,I2,FALSE,400
2025-08-29T05:18:07.412Z,RBC,2,0.3,0.39,S-T,I3,FALSE,300
2025-08-29T05:18:07.412Z,RBC,2,0.4,0.49,S-T,IF,FALSE,1200
2025-08-29T05:18:07.412Z,RBC,2,0.4,0.49,S-T,VVS1,FALSE,1100
2025-08-29T05:18:07.412Z,RBC,2,0.4,0.49,S-T,VVS2,FALSE,1000
2025-08-29T05:18:07.412Z,RBC,2,0.4,0.49,S-T,VS1,FALSE,900
2025-08-29T05:18:07.412Z,RBC,2,0.4,0.49,S-T,VS2,FALSE,900
2025-08-29T05:18:07.412Z,RBC,2,0.4,0.49,S-T,SI1,FALSE,900
2025-08-29T05:18:07.412Z,RBC,2,0.4,0.49,S-T,SI2,FALSE,800
2025-08-29T05:18:07.412Z,RBC,2,0.4,0.49,S-T,SI3,FALSE,700
2025-08-29T05:18:07.412Z,RBC,2,0.4,0.49,S-T,I1,FALSE,600
2025-08-29T05:18:07.412Z,RBC,2,0.4,0.49,S-T,I2,FALSE,500
2025-08-29T05:18:07.412Z,RBC,2,0.4,0.49,S-T,I3,FALSE,400
2025-08-29T05:18:07.412Z,RBC,2,0.5,0.69,S-T,IF,FALSE,1400
2025-08-29T05:18:07.412Z,RBC,2,0.5,0.69,S-T,VVS1,FALSE,1300
2025-08-29T05:18:07.412Z,RBC,2,0.5,0.69,S-T,VVS2,FALSE,1200
2025-08-29T05:18:07.412Z,RBC,2,0.5,0.69,S-T,VS1,FALSE,1100
2025-08-29T05:18:07.412Z,RBC,2,0.5,0.69,S-T,VS2,FALSE,1000
2025-08-29T05:18:07.412Z,RBC,2,0.5,0.69,S-T,SI1,FALSE,1000
2025-08-29T05:18:07.412Z,RBC,2,0.5,0.69,S-T,SI2,FALSE,900
2025-08-29T05:18:07.412Z,RBC,2,0.5,0.69,S-T,SI3,FALSE,900
2025-08-29T05:18:07.412Z,RBC,2,0.5,0.69,S-T,I1,FALSE,900
2025-08-29T05:18:07.412Z,RBC,2,0.5,0.69,S-T,I2,FALSE,700
2025-08-29T05:18:07.412Z,RBC,2,0.5,0.69,S-T,I3,FALSE,500
2025-08-29T05:18:07.412Z,RBC,2,0.7,0.89,S-T,IF,FALSE,1800
2025-08-29T05:18:07.412Z,RBC,2,0.7,0.89,S-T,VVS1,FALSE,1600
2025-08-29T05:18:07.412Z,RBC,2,0.7,0.89,S-T,VVS2,FALSE,1400
2025-08-29T05:18:07.412Z,RBC,2,0.7,0.89,S-T,VS1,FALSE,1300
2025-08-29T05:18:07.412Z,RBC,2,0.7,0.89,S-T,VS2,FALSE,1200
2025-08-29T05:18:07.412Z,RBC,2,0.7,0.89,S-T,SI1,FALSE,1200
2025-08-29T05:18:07.412Z,RBC,2,0.7,0.89,S-T,SI2,FALSE,1100
2025-08-29T05:18:07.412Z,RBC,2,0.7,0.89,S-T,SI3,FALSE,1100
2025-08-29T05:18:07.412Z,RBC,2,0.7,0.89,S-T,I1,FALSE,1100
2025-08-29T05:18:07.412Z,RBC,2,0.7,0.89,S-T,I2,FALSE,800
2025-08-29T05:18:07.412Z,RBC,2,0.7,0.89,S-T,I3,FALSE,600
2025-08-29T05:18:07.412Z,RBC,2,0.9,0.99,S-T,IF,FALSE,2400
2025-08-29T05:18:07.412Z,RBC,2,0.9,0.99,S-T,VVS1,FALSE,2200
2025-08-29T05:18:07.412Z,RBC,2,0.9,0.99,S-T,VVS2,FALSE,2000
2025-08-29T05:18:07.412Z,RBC,2,0.9,0.99,S-T,VS1,FALSE,1900
2025-08-29T05:18:07.412Z,RBC,2,0.9,0.99,S-T,VS2,FALSE,1700
2025-08-29T05:18:07.412Z,RBC,2,0.9,0.99,S-T,SI1,FALSE,1600
2025-08-29T05:18:07.412Z,RBC,2,0.9,0.99,S-T,SI2,FALSE,1500
2025-08-29T05:18:07.412Z,RBC,2,0.9,0.99,S-T,SI3,FALSE,1500
2025-08-29T05:18:07.412Z,RBC,2,0.9,0.99,S-T,I1,FALSE,1400
2025-08-29T05:18:07.412Z,RBC,2,0.9,0.99,S-T,I2,FALSE,1100
2025-08-29T05:18:07.412Z,RBC,2,0.9,0.99,S-T,I3,FALSE,700
2025-08-29T05:18:07.412Z,RBC,2,1,1.49,S-T,IF,FALSE,2700
2025-08-29T05:18:07.412Z,RBC,2,1,1.49,S-T,VVS1,FALSE,2500
2025-08-29T05:18:07.412Z,RBC,2,1,1.49,S-T,VVS2,FALSE,2400
2025-08-29T05:18:07.412Z,RBC,2,1,1.49,S-T,VS1,FALSE,2300
2025-08-29T05:18:07.412Z,RBC,2,1,1.49,S-T,VS2,FALSE,2100
2025-08-29T05:18:07.412Z,RBC,2,1,1.49,S-T,SI1,FALSE,1900
2025-08-29T05:18:07.412Z,RBC,2,1,1.49,S-T,SI2,FALSE,1800
2025-08-29T05:18:07.412Z,RBC,2,1,1.49,S-T,SI3,FALSE,1700
2025-08-29T05:18:07.412Z,RBC,2,1,1.49,S-T,I1,FALSE,1600
2025-08-29T05:18:07.412Z,RBC,2,1,1.49,S-T,I2,FALSE,1600
2025-08-29T05:18:07.412Z,RBC,2,1,1.49,S-T,I3,FALSE,1000
2025-08-29T05:18:07.412Z,RBC,2,1.5,1.99,S-T,IF,FALSE,4600
2025-08-29T05:18:07.412Z,RBC,2,1.5,1.99,S-T,VVS1,FALSE,4100
2025-08-29T05:18:07.412Z,RBC,2,1.5,1.99,S-T,VVS2,FALSE,3900
2025-08-29T05:18:07.412Z,RBC,2,1.5,1.99,S-T,VS1,FALSE,3600
2025-08-29T05:18:07.412Z,RBC,2,1.5,1.99,S-T,VS2,FALSE,3400
2025-08-29T05:18:07.412Z,RBC,2,1.5,1.99,S-T,SI1,FALSE,3200
2025-08-29T05:18:07.412Z,RBC,2,1.5,1.99,S-T,SI2,FALSE,3000
2025-08-29T05:18:07.412Z,RBC,2,1.5,1.99,S-T,SI3,FALSE,2800
2025-08-29T05:18:07.412Z,RBC,2,1.5,1.99,S-T,I1,FALSE,2700
2025-08-29T05:18:07.412Z,RBC,2,1.5,1.99,S-T,I2,FALSE,2200
2025-08-29T05:18:07.412Z,RBC,2,1.5,1.99,S-T,I3,FALSE,1200
2025-08-29T05:18:07.412Z,RBC,2,2,2.99,S-T,IF,FALSE,6800
2025-08-29T05:18:07.412Z,RBC,2,2,2.99,S-T,VVS1,FALSE,6300
2025-08-29T05:18:07.412Z,RBC,2,2,2.99,S-T,VVS2,FALSE,5700
2025-08-29T05:18:07.412Z,RBC,2,2,2.99,S-T,VS1,FALSE,5400
2025-08-29T05:18:07.412Z,RBC,2,2,2.99,S-T,VS2,FALSE,4800
2025-08-29T05:18:07.412Z,RBC,2,2,2.99,S-T,SI1,FALSE,4500
2025-08-29T05:18:07.412Z,RBC,2,2,2.99,S-T,SI2,FALSE,4200
2025-08-29T05:18:07.412Z,RBC,2,2,2.99,S-T,SI3,FALSE,4000
2025-08-29T05:18:07.412Z,RBC,2,2,2.99,S-T,I1,FALSE,3800
2025-08-29T05:18:07.412Z,RBC,2,2,2.99,S-T,I2,FALSE,2600
2025-08-29T05:18:07.412Z,RBC,2,2,2.99,S-T,I3,FALSE,1300
2025-08-29T05:18:07.412Z,RBC,2,3,3.99,S-T,IF,FALSE,9500
2025-08-29T05:18:07.412Z,RBC,2,3,3.99,S-T,VVS1,FALSE,9100
2025-08-29T05:18:07.412Z,RBC,2,3,3.99,S-T,VVS2,FALSE,8700
2025-08-29T05:18:07.412Z,RBC,2,3,3.99,S-T,VS1,FALSE,8300
2025-08-29T05:18:07.412Z,RBC,2,3,3.99,S-T,VS2,FALSE,7900
2025-08-29T05:18:07.412Z,RBC,2,3,3.99,S-T,SI1,FALSE,7500
2025-08-29T05:18:07.412Z,RBC,2,3,3.99,S-T,SI2,FALSE,6700
2025-08-29T05:18:07.412Z,RBC,2,3,3.99,S-T,SI3,FALSE,5800
2025-08-29T05:18:07.412Z,RBC,2,3,3.99,S-T,I1,FALSE,4700
2025-08-29T05:18:07.412Z,RBC,2,3,3.99,S-T,I2,FALSE,3000
2025-08-29T05:18:07.412Z,RBC,2,3,3.99,S-T,I3,FALSE,1400
2025-08-29T05:18:07.412Z,RBC,2,4,4.99,S-T,IF,FALSE,12500
2025-08-29T05:18:07.412Z,RBC,2,4,4.99,S-T,VVS1,FALSE,11500
2025-08-29T05:18:07.412Z,RBC,2,4,4.99,S-T,VVS2,FALSE,10500
2025-08-29T05:18:07.412Z,RBC,2,4,4.99,S-T,VS1,FALSE,10000
2025-08-29T05:18:07.412Z,RBC,2,4,4.99,S-T,VS2,FALSE,9500
2025-08-29T05:18:07.412Z,RBC,2,4,4.99,S-T,SI1,FALSE,9000
2025-08-29T05:18:07.412Z,RBC,2,4,4.99,S-T,SI2,FALSE,8000
2025-08-29T05:18:07.412Z,RBC,2,4,4.99,S-T,SI3,FALSE,6500
2025-08-29T05:18:07.412Z,RBC,2,4,4.99,S-T,I1,FALSE,5000
2025-08-29T05:18:07.412Z,RBC,2,4,4.99,S-T,I2,FALSE,3200
2025-08-29T05:18:07.412Z,RBC,2,4,4.99,S-T,I3,FALSE,1600
2025-08-29T05:18:07.412Z,RBC,2,5,9.99,S-T,IF,FALSE,15000
2025-08-29T05:18:07.412Z,RBC,2,5,9.99,S-T,VVS1,FALSE,14000
2025-08-29T05:18:07.412Z,RBC,2,5,9.99,S-T,VVS2,FALSE,13000
2025-08-29T05:18:07.412Z,RBC,2,5,9.99,S-T,VS1,FALSE,12500
2025-08-29T05:18:07.412Z,RBC,2,5,9.99,S-T,VS2,FALSE,12000
2025-08-29T05:18:07.412Z,RBC,2,5,9.99,S-T,SI1,FALSE,11000
2025-08-29T05:18:07.412Z,RBC,2,5,9.99,S-T,SI2,FALSE,10000
2025-08-29T05:18:07.412Z,RBC,2,5,9.99,S-T,SI3,FALSE,8000
2025-08-29T05:18:07.412Z,RBC,2,5,9.99,S-T,I1,FALSE,6000
2025-08-29T05:18:07.412Z,RBC,2,5,9.99,S-T,I2,FALSE,3400
2025-08-29T05:18:07.412Z,RBC,2,5,9.99,S-T,I3,FALSE,1600
2025-08-29T05:18:07.412Z,RBC,2,10,99,S-T,IF,FALSE,22500
2025-08-29T05:18:07.412Z,RBC,2,10,99,S-T,VVS1,FALSE,21000
2025-08-29T05:18:07.412Z,RBC,2,10,99,S-T,VVS2,FALSE,19500
2025-08-29T05:18:07.412Z,RBC,2,10,99,S-T,VS1,FALSE,18500
2025-08-29T05:18:07.412Z,RBC,2,10,99,S-T,VS2,FALSE,17500
2025-08-29T05:18:07.412Z,RBC,2,10,99,S-T,SI1,FALSE,16500
2025-08-29T05:18:07.412Z,RBC,2,10,99,S-T,SI2,FALSE,14000
2025-08-29T05:18:07.412Z,RBC,2,10,99,S-T,SI3,FALSE,10500
2025-08-29T05:18:07.412Z,RBC,2,10,99,S-T,I1,FALSE,7500
2025-08-29T05:18:07.412Z,RBC,2,10,99,S-T,I2,FALSE,4300
2025-08-29T05:18:07.412Z,RBC,2,10,99,S-T,I3,FALSE,1800
2025-08-29T05:18:07.412Z,RBC,2,0.3,0.39,U-V,IF,FALSE,1000
2025-08-29T05:18:07.412Z,RBC,2,0.3,0.39,U-V,VVS1,FALSE,900
2025-08-29T05:18:07.412Z,RBC,2,0.3,0.39,U-V,VVS2,FALSE,900
2025-08-29T05:18:07.412Z,RBC,2,0.3,0.39,U-V,VS1,FALSE,800
2025-08-29T05:18:07.412Z,RBC,2,0.3,0.39,U-V,VS2,FALSE,800
2025-08-29T05:18:07.412Z,RBC,2,0.3,0.39,U-V,SI1,FALSE,800
2025-08-29T05:18:07.412Z,RBC,2,0.3,0.39,U-V,SI2,FALSE,700
2025-08-29T05:18:07.412Z,RBC,2,0.3,0.39,U-V,SI3,FALSE,600
2025-08-29T05:18:07.412Z,RBC,2,0.3,0.39,U-V,I1,FALSE,500
2025-08-29T05:18:07.412Z,RBC,2,0.3,0.39,U-V,I2,FALSE,400
2025-08-29T05:18:07.412Z,RBC,2,0.3,0.39,U-V,I3,FALSE,300
2025-08-29T05:18:07.412Z,RBC,2,0.4,0.49,U-V,IF,FALSE,1200
2025-08-29T05:18:07.412Z,RBC,2,0.4,0.49,U-V,VVS1,FALSE,1100
2025-08-29T05:18:07.412Z,RBC,2,0.4,0.49,U-V,VVS2,FALSE,1000
2025-08-29T05:18:07.412Z,RBC,2,0.4,0.49,U-V,VS1,FALSE,900
2025-08-29T05:18:07.412Z,RBC,2,0.4,0.49,U-V,VS2,FALSE,900
2025-08-29T05:18:07.412Z,RBC,2,0.4,0.49,U-V,SI1,FALSE,900
2025-08-29T05:18:07.412Z,RBC,2,0.4,0.49,U-V,SI2,FALSE,800
2025-08-29T05:18:07.412Z,RBC,2,0.4,0.49,U-V,SI3,FALSE,700
2025-08-29T05:18:07.412Z,RBC,2,0.4,0.49,U-V,I1,FALSE,600
2025-08-29T05:18:07.412Z,RBC,2,0.4,0.49,U-V,I2,FALSE,500
2025-08-29T05:18:07.412Z,RBC,2,0.4,0.49,U-V,I3,FALSE,400
2025-08-29T05:18:07.412Z,RBC,2,0.5,0.69,U-V,IF,FALSE,1400
2025-08-29T05:18:07.412Z,RBC,2,0.5,0.69,U-V,VVS1,FALSE,1300
2025-08-29T05:18:07.412Z,RBC,2,0.5,0.69,U-V,VVS2,FALSE,1200
2025-08-29T05:18:07.412Z,RBC,2,0.5,0.69,U-V,VS1,FALSE,1100
2025-08-29T05:18:07.412Z,RBC,2,0.5,0.69,U-V,VS2,FALSE,1000
2025-08-29T05:18:07.412Z,RBC,2,0.5,0.69,U-V,SI1,FALSE,1000
2025-08-29T05:18:07.412Z,RBC,2,0.5,0.69,U-V,SI2,FALSE,900
2025-08-29T05:18:07.412Z,RBC,2,0.5,0.69,U-V,SI3,FALSE,900
2025-08-29T05:18:07.412Z,RBC,2,0.5,0.69,U-V,I1,FALSE,900
2025-08-29T05:18:07.412Z,RBC,2,0.5,0.69,U-V,I2,FALSE,700
2025-08-29T05:18:07.412Z,RBC,2,0.5,0.69,U-V,I3,FALSE,500
2025-08-29T05:18:07.412Z,RBC,2,0.7,0.89,U-V,IF,FALSE,1800
2025-08-29T05:18:07.412Z,RBC,2,0.7,0.89,U-V,VVS1,FALSE,1600
2025-08-29T05:18:07.412Z,RBC,2,0.7,0.89,U-V,VVS2,FALSE,1400
2025-08-29T05:18:07.412Z,RBC,2,0.7,0.89,U-V,VS1,FALSE,1300
2025-08-29T05:18:07.412Z,RBC,2,0.7,0.89,U-V,VS2,FALSE,1200
2025-08-29T05:18:07.412Z,RBC,2,0.7,0.89,U-V,SI1,FALSE,1200
2025-08-29T05:18:07.412Z,RBC,2,0.7,0.89,U-V,SI2,FALSE,1100
2025-08-29T05:18:07.412Z,RBC,2,0.7,0.89,U-V,SI3,FALSE,1100
2025-08-29T05:18:07.412Z,RBC,2,0.7,0.89,U-V,I1,FALSE,1100
2025-08-29T05:18:07.412Z,RBC,2,0.7,0.89,U-V,I2,FALSE,800
2025-08-29T05:18:07.412Z,RBC,2,0.7,0.89,U-V,I3,FALSE,600
2025-08-29T05:18:07.412Z,RBC,2,0.9,0.99,U-V,IF,FALSE,2400
2025-08-29T05:18:07.412Z,RBC,2,0.9,0.99,U-V,VVS1,FALSE,2200
2025-08-29T05:18:07.412Z,RBC,2,0.9,0.99,U-V,VVS2,FALSE,2000
2025-08-29T05:18:07.412Z,RBC,2,0.9,0.99,U-V,VS1,FALSE,1900
2025-08-29T05:18:07.412Z,RBC,2,0.9,0.99,U-V,VS2,FALSE,1700
2025-08-29T05:18:07.412Z,RBC,2,0.9,0.99,U-V,SI1,FALSE,1600
2025-08-29T05:18:07.412Z,RBC,2,0.9,0.99,U-V,SI2,FALSE,1500
2025-08-29T05:18:07.412Z,RBC,2,0.9,0.99,U-V,SI3,FALSE,1500
2025-08-29T05:18:07.412Z,RBC,2,0.9,0.99,U-V,I1,FALSE,1400
2025-08-29T05:18:07.412Z,RBC,2,0.9,0.99,U-V,I2,FALSE,1100
2025-08-29T05:18:07.412Z,RBC,2,0.9,0.99,U-V,I3,FALSE,700
2025-08-29T05:18:07.412Z,RBC,2,1,1.49,U-V,IF,FALSE,2700
2025-08-29T05:18:07.412Z,RBC,2,1,1.49,U-V,VVS1,FALSE,2500
2025-08-29T05:18:07.412Z,RBC,2,1,1.49,U-V,VVS2,FALSE,2400
2025-08-29T05:18:07.412Z,RBC,2,1,1.49,U-V,VS1,FALSE,2300
2025-08-29T05:18:07.412Z,RBC,2,1,1.49,U-V,VS2,FALSE,2100
2025-08-29T05:18:07.412Z,RBC,2,1,1.49,U-V,SI1,FALSE,1900
2025-08-29T05:18:07.412Z,RBC,2,1,1.49,U-V,SI2,FALSE,1800
2025-08-29T05:18:07.412Z,RBC,2,1,1.49,U-V,SI3,FALSE,1700
2025-08-29T05:18:07.412Z,RBC,2,1,1.49,U-V,I1,FALSE,1600
2025-08-29T05:18:07.412Z,RBC,2,1,1.49,U-V,I2,FALSE,1600
2025-08-29T05:18:07.412Z,RBC,2,1,1.49,U-V,I3,FALSE,1000
2025-08-29T05:18:07.412Z,RBC,2,1.5,1.99,U-V,IF,FALSE,4600
2025-08-29T05:18:07.412Z,RBC,2,1.5,1.99,U-V,VVS1,FALSE,4100
2025-08-29T05:18:07.412Z,RBC,2,1.5,1.99,U-V,VVS2,FALSE,3900
2025-08-29T05:18:07.412Z,RBC,2,1.5,1.99,U-V,VS1,FALSE,3600
2025-08-29T05:18:07.412Z,RBC,2,1.5,1.99,U-V,VS2,FALSE,3400
2025-08-29T05:18:07.412Z,RBC,2,1.5,1.99,U-V,SI1,FALSE,3200
2025-08-29T05:18:07.412Z,RBC,2,1.5,1.99,U-V,SI2,FALSE,3000
2025-08-29T05:18:07.412Z,RBC,2,1.5,1.99,U-V,SI3,FALSE,2800
2025-08-29T05:18:07.412Z,RBC,2,1.5,1.99,U-V,I1,FALSE,2700
2025-08-29T05:18:07.412Z,RBC,2,1.5,1.99,U-V,I2,FALSE,2200
2025-08-29T05:18:07.412Z,RBC,2,1.5,1.99,U-V,I3,FALSE,1200
2025-08-29T05:18:07.412Z,RBC,2,2,2.99,U-V,IF,FALSE,6800
2025-08-29T05:18:07.412Z,RBC,2,2,2.99,U-V,VVS1,FALSE,6300
2025-08-29T05:18:07.412Z,RBC,2,2,2.99,U-V,VVS2,FALSE,5700
2025-08-29T05:18:07.412Z,RBC,2,2,2.99,U-V,VS1,FALSE,5400
2025-08-29T05:18:07.412Z,RBC,2,2,2.99,U-V,VS2,FALSE,4800
2025-08-29T05:18:07.412Z,RBC,2,2,2.99,U-V,SI1,FALSE,4500
2025-08-29T05:18:07.412Z,RBC,2,2,2.99,U-V,SI2,FALSE,4200
2025-08-29T05:18:07.412Z,RBC,2,2,2.99,U-V,SI3,FALSE,4000
2025-08-29T05:18:07.412Z,RBC,2,2,2.99,U-V,I1,FALSE,3800
2025-08-29T05:18:07.412Z,RBC,2,2,2.99,U-V,I2,FALSE,2600
2025-08-29T05:18:07.412Z,RBC,2,2,2.99,U-V,I3,FALSE,1300
2025-08-29T05:18:07.412Z,RBC,2,3,3.99,U-V,IF,FALSE,9500
2025-08-29T05:18:07.412Z,RBC,2,3,3.99,U-V,VVS1,FALSE,9100
2025-08-29T05:18:07.412Z,RBC,2,3,3.99,U-V,VVS2,FALSE,8700
2025-08-29T05:18:07.412Z,RBC,2,3,3.99,U-V,VS1,FALSE,8300
2025-08-29T05:18:07.412Z,RBC,2,3,3.99,U-V,VS2,FALSE,7900
2025-08-29T05:18:07.412Z,RBC,2,3,3.99,U-V,SI1,FALSE,7500
2025-08-29T05:18:07.412Z,RBC,2,3,3.99,U-V,SI2,FALSE,6700
2025-08-29T05:18:07.412Z,RBC,2,3,3.99,U-V,SI3,FALSE,5800
2025-08-29T05:18:07.412Z,RBC,2,3,3.99,U-V,I1,FALSE,4700
2025-08-29T05:18:07.412Z,RBC,2,3,3.99,U-V,I2,FALSE,3000
2025-08-29T05:18:07.412Z,RBC,2,3,3.99,U-V,I3,FALSE,1400
2025-08-29T05:18:07.412Z,RBC,2,4,4.99,U-V,IF,FALSE,12500
2025-08-29T05:18:07.412Z,RBC,2,4,4.99,U-V,VVS1,FALSE,11500
2025-08-29T05:18:07.412Z,RBC,2,4,4.99,U-V,VVS2,FALSE,10500
2025-08-29T05:18:07.412Z,RBC,2,4,4.99,U-V,VS1,FALSE,10000
2025-08-29T05:18:07.412Z,RBC,2,4,4.99,U-V,VS2,FALSE,9500
2025-08-29T05:18:07.412Z,RBC,2,4,4.99,U-V,SI1,FALSE,9000
2025-08-29T05:18:07.412Z,RBC,2,4,4.99,U-V,SI2,FALSE,8000
2025-08-29T05:18:07.412Z,RBC,2,4,4.99,U-V,SI3,FALSE,6500
2025-08-29T05:18:07.412Z,RBC,2,4,4.99,U-V,I1,FALSE,5000
2025-08-29T05:18:07.412Z,RBC,2,4,4.99,U-V,I2,FALSE,3200
2025-08-29T05:18:07.412Z,RBC,2,4,4.99,U-V,I3,FALSE,1600
2025-08-29T05:18:07.412Z,RBC,2,5,9.99,U-V,IF,FALSE,15000
2025-08-29T05:18:07.412Z,RBC,2,5,9.99,U-V,VVS1,FALSE,14000
2025-08-29T05:18:07.412Z,RBC,2,5,9.99,U-V,VVS2,FALSE,13000
2025-08-29T05:18:07.412Z,RBC,2,5,9.99,U-V,VS1,FALSE,12500
2025-08-29T05:18:07.412Z,RBC,2,5,9.99,U-V,VS2,FALSE,12000
2025-08-29T05:18:07.412Z,RBC,2,5,9.99,U-V,SI1,FALSE,11000
2025-08-29T05:18:07.412Z,RBC,2,5,9.99,U-V,SI2,FALSE,10000
2025-08-29T05:18:07.412Z,RBC,2,5,9.99,U-V,SI3,FALSE,8000
2025-08-29T05:18:07.412Z,RBC,2,5,9.99,U-V,I1,FALSE,6000
2025-08-29T05:18:07.412Z,RBC,2,5,9.99,U-V,I2,FALSE,3400
2025-08-29T05:18:07.412Z,RBC,2,5,9.99,U-V,I3,FALSE,1600
2025-08-29T05:18:07.412Z,RBC,2,10,99,U-V,IF,FALSE,22500
2025-08-29T05:18:07.412Z,RBC,2,10,99,U-V,VVS1,FALSE,21000
2025-08-29T05:18:07.412Z,RBC,2,10,99,U-V,VVS2,FALSE,19500
2025-08-29T05:18:07.412Z,RBC,2,10,99,U-V,VS1,FALSE,18500
2025-08-29T05:18:07.412Z,RBC,2,10,99,U-V,VS2,FALSE,17500
2025-08-29T05:18:07.412Z,RBC,2,10,99,U-V,SI1,FALSE,16500
2025-08-29T05:18:07.412Z,RBC,2,10,99,U-V,SI2,FALSE,14000
2025-08-29T05:18:07.412Z,RBC,2,10,99,U-V,SI3,FALSE,10500
2025-08-29T05:18:07.412Z,RBC,2,10,99,U-V,I1,FALSE,7500
2025-08-29T05:18:07.412Z,RBC,2,10,99,U-V,I2,FALSE,4300
2025-08-29T05:18:07.412Z,RBC,2,10,99,U-V,I3,FALSE,1800
2025-08-29T05:18:07.412Z,RBC,2,0.3,0.39,W-X,IF,FALSE,1000
2025-08-29T05:18:07.412Z,RBC,2,0.3,0.39,W-X,VVS1,FALSE,900
2025-08-29T05:18:07.412Z,RBC,2,0.3,0.39,W-X,VVS2,FALSE,900
2025-08-29T05:18:07.412Z,RBC,2,0.3,0.39,W-X,VS1,FALSE,800
2025-08-29T05:18:07.412Z,RBC,2,0.3,0.39,W-X,VS2,FALSE,800
2025-08-29T05:18:07.412Z,RBC,2,0.3,0.39,W-X,SI1,FALSE,800
2025-08-29T05:18:07.412Z,RBC,2,0.3,0.39,W-X,SI2,FALSE,700
2025-08-29T05:18:07.412Z,RBC,2,0.3,0.39,W-X,SI3,FALSE,600
2025-08-29T05:18:07.412Z,RBC,2,0.3,0.39,W-X,I1,FALSE,500
2025-08-29T05:18:07.412Z,RBC,2,0.3,0.39,W-X,I2,FALSE,400
2025-08-29T05:18:07.412Z,RBC,2,0.3,0.39,W-X,I3,FALSE,300
2025-08-29T05:18:07.412Z,RBC,2,0.4,0.49,W-X,IF,FALSE,1200
2025-08-29T05:18:07.412Z,RBC,2,0.4,0.49,W-X,VVS1,FALSE,1100
2025-08-29T05:18:07.412Z,RBC,2,0.4,0.49,W-X,VVS2,FALSE,1000
2025-08-29T05:18:07.412Z,RBC,2,0.4,0.49,W-X,VS1,FALSE,900
2025-08-29T05:18:07.412Z,RBC,2,0.4,0.49,W-X,VS2,FALSE,900
2025-08-29T05:18:07.412Z,RBC,2,0.4,0.49,W-X,SI1,FALSE,900
2025-08-29T05:18:07.412Z,RBC,2,0.4,0.49,W-X,SI2,FALSE,800
2025-08-29T05:18:07.412Z,RBC,2,0.4,0.49,W-X,SI3,FALSE,700
2025-08-29T05:18:07.412Z,RBC,2,0.4,0.49,W-X,I1,FALSE,600
2025-08-29T05:18:07.412Z,RBC,2,0.4,0.49,W-X,I2,FALSE,500
2025-08-29T05:18:07.412Z,RBC,2,0.4,0.49,W-X,I3,FALSE,400
2025-08-29T05:18:07.412Z,RBC,2,0.5,0.69,W-X,IF,FALSE,1400
2025-08-29T05:18:07.412Z,RBC,2,0.5,0.69,W-X,VVS1,FALSE,1300
2025-08-29T05:18:07.412Z,RBC,2,0.5,0.69,W-X,VVS2,FALSE,1200
2025-08-29T05:18:07.412Z,RBC,2,0.5,0.69,W-X,VS1,FALSE,1100
2025-08-29T05:18:07.412Z,RBC,2,0.5,0.69,W-X,VS2,FALSE,1000
2025-08-29T05:18:07.412Z,RBC,2,0.5,0.69,W-X,SI1,FALSE,1000
2025-08-29T05:18:07.412Z,RBC,2,0.5,0.69,W-X,SI2,FALSE,900
2025-08-29T05:18:07.412Z,RBC,2,0.5,0.69,W-X,SI3,FALSE,900
2025-08-29T05:18:07.412Z,RBC,2,0.5,0.69,W-X,I1,FALSE,900
2025-08-29T05:18:07.412Z,RBC,2,0.5,0.69,W-X,I2,FALSE,700
2025-08-29T05:18:07.412Z,RBC,2,0.5,0.69,W-X,I3,FALSE,500
2025-08-29T05:18:07.412Z,RBC,2,0.7,0.89,W-X,IF,FALSE,1800
2025-08-29T05:18:07.412Z,RBC,2,0.7,0.89,W-X,VVS1,FALSE,1600
2025-08-29T05:18:07.412Z,RBC,2,0.7,0.89,W-X,VVS2,FALSE,1400
2025-08-29T05:18:07.412Z,RBC,2,0.7,0.89,W-X,VS1,FALSE,1300
2025-08-29T05:18:07.412Z,RBC,2,0.7,0.89,W-X,VS2,FALSE,1200
2025-08-29T05:18:07.412Z,RBC,2,0.7,0.89,W-X,SI1,FALSE,1200
2025-08-29T05:18:07.412Z,RBC,2,0.7,0.89,W-X,SI2,FALSE,1100
2025-08-29T05:18:07.412Z,RBC,2,0.7,0.89,W-X,SI3,FALSE,1100
2025-08-29T05:18:07.412Z,RBC,2,0.7,0.89,W-X,I1,FALSE,1100
2025-08-29T05:18:07.412Z,RBC,2,0.7,0.89,W-X,I2,FALSE,800
2025-08-29T05:18:07.412Z,RBC,2,0.7,0.89,W-X,I3,FALSE,600
2025-08-29T05:18:07.412Z,RBC,2,0.9,0.99,W-X,IF,FALSE,2400
2025-08-29T05:18:07.412Z,RBC,2,0.9,0.99,W-X,VVS1,FALSE,2200
2025-08-29T05:18:07.412Z,RBC,2,0.9,0.99,W-X,VVS2,FALSE,2000
2025-08-29T05:18:07.412Z,RBC,2,0.9,0.99,W-X,VS1,FALSE,1900
2025-08-29T05:18:07.412Z,RBC,2,0.9,0.99,W-X,VS2,FALSE,1700
2025-08-29T05:18:07.412Z,RBC,2,0.9,0.99,W-X,SI1,FALSE,1600
2025-08-29T05:18:07.412Z,RBC,2,0.9,0.99,W-X,SI2,FALSE,1500
2025-08-29T05:18:07.412Z,RBC,2,0.9,0.99,W-X,SI3,FALSE,1500
2025-08-29T05:18:07.412Z,RBC,2,0.9,0.99,W-X,I1,FALSE,1400
2025-08-29T05:18:07.412Z,RBC,2,0.9,0.99,W-X,I2,FALSE,1100
2025-08-29T05:18:07.412Z,RBC,2,0.9,0.99,W-X,I3,FALSE,700
2025-08-29T05:18:07.412Z,RBC,2,1,1.49,W-X,IF,FALSE,2700
2025-08-29T05:18:07.412Z,RBC,2,1,1.49,W-X,VVS1,FALSE,2500
2025-08-29T05:18:07.412Z,RBC,2,1,1.49,W-X,VVS2,FALSE,2400
2025-08-29T05:18:07.412Z,RBC,2,1,1.49,W-X,VS1,FALSE,2300
2025-08-29T05:18:07.412Z,RBC,2,1,1.49,W-X,VS2,FALSE,2100
2025-08-29T05:18:07.412Z,RBC,2,1,1.49,W-X,SI1,FALSE,1900
2025-08-29T05:18:07.412Z,RBC,2,1,1.49,W-X,SI2,FALSE,1800
2025-08-29T05:18:07.412Z,RBC,2,1,1.49,W-X,SI3,FALSE,1700
2025-08-29T05:18:07.412Z,RBC,2,1,1.49,W-X,I1,FALSE,1600
2025-08-29T05:18:07.412Z,RBC,2,1,1.49,W-X,I2,FALSE,1600
2025-08-29T05:18:07.412Z,RBC,2,1,1.49,W-X,I3,FALSE,1000
2025-08-29T05:18:07.412Z,RBC,2,1.5,1.99,W-X,IF,FALSE,4600
2025-08-29T05:18:07.412Z,RBC,2,1.5,1.99,W-X,VVS1,FALSE,4100
2025-08-29T05:18:07.412Z,RBC,2,1.5,1.99,W-X,VVS2,FALSE,3900
2025-08-29T05:18:07.412Z,RBC,2,1.5,1.99,W-X,VS1,FALSE,3600
2025-08-29T05:18:07.412Z,RBC,2,1.5,1.99,W-X,VS2,FALSE,3400
2025-08-29T05:18:07.412Z,RBC,2,1.5,1.99,W-X,SI1,FALSE,3200
2025-08-29T05:18:07.412Z,RBC,2,1.5,1.99,W-X,SI2,FALSE,3000
2025-08-29T05:18:07.412Z,RBC,2,1.5,1.99,W-X,SI3,FALSE,2800
2025-08-29T05:18:07.412Z,RBC,2,1.5,1.99,W-X,I1,FALSE,2700
2025-08-29T05:18:07.412Z,RBC,2,1.5,1.99,W-X,I2,FALSE,2200
2025-08-29T05:18:07.412Z,RBC,2,1.5,1.99,W-X,I3,FALSE,1200
2025-08-29T05:18:07.412Z,RBC,2,2,2.99,W-X,IF,FALSE,6800
2025-08-29T05:18:07.412Z,RBC,2,2,2.99,W-X,VVS1,FALSE,6300
2025-08-29T05:18:07.412Z,RBC,2,2,2.99,W-X,VVS2,FALSE,5700
2025-08-29T05:18:07.412Z,RBC,2,2,2.99,W-X,VS1,FALSE,5400
2025-08-29T05:18:07.412Z,RBC,2,2,2.99,W-X,VS2,FALSE,4800
2025-08-29T05:18:07.412Z,RBC,2,2,2.99,W-X,SI1,FALSE,4500
2025-08-29T05:18:07.412Z,RBC,2,2,2.99,W-X,SI2,FALSE,4200
2025-08-29T05:18:07.412Z,RBC,2,2,2.99,W-X,SI3,FALSE,4000
2025-08-29T05:18:07.412Z,RBC,2,2,2.99,W-X,I1,FALSE,3800
2025-08-29T05:18:07.412Z,RBC,2,2,2.99,W-X,I2,FALSE,2600
2025-08-29T05:18:07.412Z,RBC,2,2,2.99,W-X,I3,FALSE,1300
2025-08-29T05:18:07.412Z,RBC,2,3,3.99,W-X,IF,FALSE,9500
2025-08-29T05:18:07.412Z,RBC,2,3,3.99,W-X,VVS1,FALSE,9100
2025-08-29T05:18:07.412Z,RBC,2,3,3.99,W-X,VVS2,FALSE,8700
2025-08-29T05:18:07.412Z,RBC,2,3,3.99,W-X,VS1,FALSE,8300
2025-08-29T05:18:07.412Z,RBC,2,3,3.99,W-X,VS2,FALSE,7900
2025-08-29T05:18:07.412Z,RBC,2,3,3.99,W-X,SI1,FALSE,7500
2025-08-29T05:18:07.412Z,RBC,2,3,3.99,W-X,SI2,FALSE,6700
2025-08-29T05:18:07.412Z,RBC,2,3,3.99,W-X,SI3,FALSE,5800
2025-08-29T05:18:07.412Z,RBC,2,3,3.99,W-X,I1,FALSE,4700
2025-08-29T05:18:07.412Z,RBC,2,3,3.99,W-X,I2,FALSE,3000
2025-08-29T05:18:07.412Z,RBC,2,3,3.99,W-X,I3,FALSE,1400
2025-08-29T05:18:07.412Z,RBC,2,4,4.99,W-X,IF,FALSE,12500
2025-08-29T05:18:07.412Z,RBC,2,4,4.99,W-X,VVS1,FALSE,11500
2025-08-29T05:18:07.412Z,RBC,2,4,4.99,W-X,VVS2,FALSE,10500
2025-08-29T05:18:07.412Z,RBC,2,4,4.99,W-X,VS1,FALSE,10000
2025-08-29T05:18:07.412Z,RBC,2,4,4.99,W-X,VS2,FALSE,9500
2025-08-29T05:18:07.412Z,RBC,2,4,4.99,W-X,SI1,FALSE,9000
2025-08-29T05:18:07.412Z,RBC,2,4,4.99,W-X,SI2,FALSE,8000
2025-08-29T05:18:07.412Z,RBC,2,4,4.99,W-X,SI3,FALSE,6500
2025-08-29T05:18:07.412Z,RBC,2,4,4.99,W-X,I1,FALSE,5000
2025-08-29T05:18:07.412Z,RBC,2,4,4.99,W-X,I2,FALSE,3200
2025-08-29T05:18:07.412Z,RBC,2,4,4.99,W-X,I3,FALSE,1600
2025-08-29T05:18:07.412Z,RBC,2,5,9.99,W-X,IF,FALSE,15000
2025-08-29T05:18:07.412Z,RBC,2,5,9.99,W-X,VVS1,FALSE,14000
2025-08-29T05:18:07.412Z,RBC,2,5,9.99,W-X,VVS2,FALSE,13000
2025-08-29T05:18:07.412Z,RBC,2,5,9.99,W-X,VS1,FALSE,12500
2025-08-29T05:18:07.412Z,RBC,2,5,9.99,W-X,VS2,FALSE,12000
2025-08-29T05:18:07.412Z,RBC,2,5,9.99,W-X,SI1,FALSE,11000
2025-08-29T05:18:07.412Z,RBC,2,5,9.99,W-X,SI2,FALSE,10000
2025-08-29T05:18:07.412Z,RBC,2,5,9.99,W-X,SI3,FALSE,8000
2025-08-29T05:18:07.412Z,RBC,2,5,9.99,W-X,I1,FALSE,6000
2025-08-29T05:18:07.412Z,RBC,2,5,9.99,W-X,I2,FALSE,3400
2025-08-29T05:18:07.412Z,RBC,2,5,9.99,W-X,I3,FALSE,1600
2025-08-29T05:18:07.412Z,RBC,2,10,99,W-X,IF,FALSE,22500
2025-08-29T05:18:07.412Z,RBC,2,10,99,W-X,VVS1,FALSE,21000
2025-08-29T05:18:07.412Z,RBC,2,10,99,W-X,VVS2,FALSE,19500
2025-08-29T05:18:07.412Z,RBC,2,10,99,W-X,VS1,FALSE,18500
2025-08-29T05:18:07.412Z,RBC,2,10,99,W-X,VS2,FALSE,17500
2025-08-29T05:18:07.412Z,RBC,2,10,99,W-X,SI1,FALSE,16500
2025-08-29T05:18:07.412Z,RBC,2,10,99,W-X,SI2,FALSE,14000
2025-08-29T05:18:07.412Z,RBC,2,10,99,W-X,SI3,FALSE,10500
2025-08-29T05:18:07.412Z,RBC,2,10,99,W-X,I1,FALSE,7500
2025-08-29T05:18:07.412Z,RBC,2,10,99,W-X,I2,FALSE,4300
2025-08-29T05:18:07.412Z,RBC,2,10,99,W-X,I3,FALSE,1800
2025-08-29T05:18:07.412Z,RBC,2,0.3,0.39,Y-Z,IF,FALSE,1000
2025-08-29T05:18:07.412Z,RBC,2,0.3,0.39,Y-Z,VVS1,FALSE,900
2025-08-29T05:18:07.412Z,RBC,2,0.3,0.39,Y-Z,VVS2,FALSE,900
2025-08-29T05:18:07.412Z,RBC,2,0.3,0.39,Y-Z,VS1,FALSE,800
2025-08-29T05:18:07.412Z,RBC,2,0.3,0.39,Y-Z,VS2,FALSE,800
2025-08-29T05:18:07.412Z,RBC,2,0.3,0.39,Y-Z,SI1,FALSE,800
2025-08-29T05:18:07.412Z,RBC,2,0.3,0.39,Y-Z,SI2,FALSE,700
2025-08-29T05:18:07.412Z,RBC,2,0.3,0.39,Y-Z,SI3,FALSE,600
2025-08-29T05:18:07.412Z,RBC,2,0.3,0.39,Y-Z,I1,FALSE,500
2025-08-29T05:18:07.412Z,RBC,2,0.3,0.39,Y-Z,I2,FALSE,400
2025-08-29T05:18:07.412Z,RBC,2,0.3,0.39,Y-Z,I3,FALSE,300
2025-08-29T05:18:07.412Z,RBC,2,0.4,0.49,Y-Z,IF,FALSE,1200
2025-08-29T05:18:07.412Z,RBC,2,0.4,0.49,Y-Z,VVS1,FALSE,1100
2025-08-29T05:18:07.412Z,RBC,2,0.4,0.49,Y-Z,VVS2,FALSE,1000
2025-08-29T05:18:07.412Z,RBC,2,0.4,0.49,Y-Z,VS1,FALSE,900
2025-08-29T05:18:07.412Z,RBC,2,0.4,0.49,Y-Z,VS2,FALSE,900
2025-08-29T05:18:07.412Z,RBC,2,0.4,0.49,Y-Z,SI1,FALSE,900
2025-08-29T05:18:07.412Z,RBC,2,0.4,0.49,Y-Z,SI2,FALSE,800
2025-08-29T05:18:07.412Z,RBC,2,0.4,0.49,Y-Z,SI3,FALSE,700
2025-08-29T05:18:07.412Z,RBC,2,0.4,0.49,Y-Z,I1,FALSE,600
2025-08-29T05:18:07.412Z,RBC,2,0.4,0.49,Y-Z,I2,FALSE,500
2025-08-29T05:18:07.412Z,RBC,2,0.4,0.49,Y-Z,I3,FALSE,400
2025-08-29T05:18:07.412Z,RBC,2,0.5,0.69,Y-Z,IF,FALSE,1400
2025-08-29T05:18:07.412Z,RBC,2,0.5,0.69,Y-Z,VVS1,FALSE,1300
2025-08-29T05:18:07.412Z,RBC,2,0.5,0.69,Y-Z,VVS2,FALSE,1200
2025-08-29T05:18:07.412Z,RBC,2,0.5,0.69,Y-Z,VS1,FALSE,1100
2025-08-29T05:18:07.412Z,RBC,2,0.5,0.69,Y-Z,VS2,FALSE,1000
2025-08-29T05:18:07.412Z,RBC,2,0.5,0.69,Y-Z,SI1,FALSE,1000
2025-08-29T05:18:07.412Z,RBC,2,0.5,0.69,Y-Z,SI2,FALSE,900
2025-08-29T05:18:07.412Z,RBC,2,0.5,0.69,Y-Z,SI3,FALSE,900
2025-08-29T05:18:07.412Z,RBC,2,0.5,0.69,Y-Z,I1,FALSE,900
2025-08-29T05:18:07.412Z,RBC,2,0.5,0.69,Y-Z,I2,FALSE,700
2025-08-29T05:18:07.412Z,RBC,2,0.5,0.69,Y-Z,I3,FALSE,500
2025-08-29T05:18:07.412Z,RBC,2,0.7,0.89,Y-Z,IF,FALSE,1800
2025-08-29T05:18:07.412Z,RBC,2,0.7,0.89,Y-Z,VVS1,FALSE,1600
2025-08-29T05:18:07.412Z,RBC,2,0.7,0.89,Y-Z,VVS2,FALSE,1400
2025-08-29T05:18:07.412Z,RBC,2,0.7,0.89,Y-Z,VS1,FALSE,1300
2025-08-29T05:18:07.412Z,RBC,2,0.7,0.89,Y-Z,VS2,FALSE,1200
2025-08-29T05:18:07.412Z,RBC,2,0.7,0.89,Y-Z,SI1,FALSE,1200
2025-08-29T05:18:07.412Z,RBC,2,0.7,0.89,Y-Z,SI2,FALSE,1100
2025-08-29T05:18:07.412Z,RBC,2,0.7,0.89,Y-Z,SI3,FALSE,1100
2025-08-29T05:18:07.412Z,RBC,2,0.7,0.89,Y-Z,I1,FALSE,1100
2025-08-29T05:18:07.412Z,RBC,2,0.7,0.89,Y-Z,I2,FALSE,800
2025-08-29T05:18:07.412Z,RBC,2,0.7,0.89,Y-Z,I3,FALSE,600
2025-08-29T05:18:07.412Z,RBC,2,0.9,0.99,Y-Z,IF,FALSE,2400
2025-08-29T05:18:07.412Z,RBC,2,0.9,0.99,Y-Z,VVS1,FALSE,2200
2025-08-29T05:18:07.412Z,RBC,2,0.9,0.99,Y-Z,VVS2,FALSE,2000
2025-08-29T05:18:07.412Z,RBC,2,0.9,0.99,Y-Z,VS1,FALSE,1900
2025-08-29T05:18:07.412Z,RBC,2,0.9,0.99,Y-Z,VS2,FALSE,1700
2025-08-29T05:18:07.412Z,RBC,2,0.9,0.99,Y-Z,SI1,FALSE,1600
2025-08-29T05:18:07.412Z,RBC,2,0.9,0.99,Y-Z,SI2,FALSE,1500
2025-08-29T05:18:07.412Z,RBC,2,0.9,0.99,Y-Z,SI3,FALSE,1500
2025-08-29T05:18:07.412Z,RBC,2,0.9,0.99,Y-Z,I1,FALSE,1400
2025-08-29T05:18:07.412Z,RBC,2,0.9,0.99,Y-Z,I2,FALSE,1100
2025-08-29T05:18:07.412Z,RBC,2,0.9,0.99,Y-Z,I3,FALSE,700
2025-08-29T05:18:07.412Z,RBC,2,1,1.49,Y-Z,IF,FALSE,2700
2025-08-29T05:18:07.412Z,RBC,2,1,1.49,Y-Z,VVS1,FALSE,2500
2025-08-29T05:18:07.412Z,RBC,2,1,1.49,Y-Z,VVS2,FALSE,2400
2025-08-29T05:18:07.412Z,RBC,2,1,1.49,Y-Z,VS1,FALSE,2300
2025-08-29T05:18:07.412Z,RBC,2,1,1.49,Y-Z,VS2,FALSE,2100
2025-08-29T05:18:07.412Z,RBC,2,1,1.49,Y-Z,SI1,FALSE,1900
2025-08-29T05:18:07.412Z,RBC,2,1,1.49,Y-Z,SI2,FALSE,1800
2025-08-29T05:18:07.412Z,RBC,2,1,1.49,Y-Z,SI3,FALSE,1700
2025-08-29T05:18:07.412Z,RBC,2,1,1.49,Y-Z,I1,FALSE,1600
2025-08-29T05:18:07.412Z,RBC,2,1,1.49,Y-Z,I2,FALSE,1600
2025-08-29T05:18:07.412Z,RBC,2,1,1.49,Y-Z,I3,FALSE,1000
2025-08-29T05:18:07.412Z,RBC,2,1.5,1.99,Y-Z,IF,FALSE,4600
2025-08-29T05:18:07.412Z,RBC,2,1.5,1.99,Y-Z,VVS1,FALSE,4100
2025-08-29T05:18:07.412Z,RBC,2,1.5,1.99,Y-Z,VVS2,FALSE,3900
2025-08-29T05:18:07.412Z,RBC,2,1.5,1.99,Y-Z,VS1,FALSE,3600
2025-08-29T05:18:07.412Z,RBC,2,1.5,1.99,Y-Z,VS2,FALSE,3400
2025-08-29T05:18:07.412Z,RBC,2,1.5,1.99,Y-Z,SI1,FALSE,3200
2025-08-29T05:18:07.412Z,RBC,2,1.5,1.99,Y-Z,SI2,FALSE,3000
2025-08-29T05:18:07.412Z,RBC,2,1.5,1.99,Y-Z,SI3,FALSE,2800
2025-08-29T05:18:07.412Z,RBC,2,1.5,1.99,Y-Z,I1,FALSE,2700
2025-08-29T05:18:07.412Z,RBC,2,1.5,1.99,Y-Z,I2,FALSE,2200
2025-08-29T05:18:07.412Z,RBC,2,1.5,1.99,Y-Z,I3,FALSE,1200
2025-08-29T05:18:07.412Z,RBC,2,2,2.99,Y-Z,IF,FALSE,6800
2025-08-29T05:18:07.412Z,RBC,2,2,2.99,Y-Z,VVS1,FALSE,6300
2025-08-29T05:18:07.412Z,RBC,2,2,2.99,Y-Z,VVS2,FALSE,5700
2025-08-29T05:18:07.412Z,RBC,2,2,2.99,Y-Z,VS1,FALSE,5400
2025-08-29T05:18:07.412Z,RBC,2,2,2.99,Y-Z,VS2,FALSE,4800
2025-08-29T05:18:07.412Z,RBC,2,2,2.99,Y-Z,SI1,FALSE,4500
2025-08-29T05:18:07.412Z,RBC,2,2,2.99,Y-Z,SI2,FALSE,4200
2025-08-29T05:18:07.412Z,RBC,2,2,2.99,Y-Z,SI3,FALSE,4000
2025-08-29T05:18:07.412Z,RBC,2,2,2.99,Y-Z,I1,FALSE,3800
2025-08-29T05:18:07.412Z,RBC,2,2,2.99,Y-Z,I2,FALSE,2600
2025-08-29T05:18:07.412Z,RBC,2,2,2.99,Y-Z,I3,FALSE,1300
2025-08-29T05:18:07.412Z,RBC,2,3,3.99,Y-Z,IF,FALSE,9500
2025-08-29T05:18:07.412Z,RBC,2,3,3.99,Y-Z,VVS1,FALSE,9100
2025-08-29T05:18:07.412Z,RBC,2,3,3.99,Y-Z,VVS2,FALSE,8700
2025-08-29T05:18:07.412Z,RBC,2,3,3.99,Y-Z,VS1,FALSE,8300
2025-08-29T05:18:07.412Z,RBC,2,3,3.99,Y-Z,VS2,FALSE,7900
2025-08-29T05:18:07.412Z,RBC,2,3,3.99,Y-Z,SI1,FALSE,7500
2025-08-29T05:18:07.412Z,RBC,2,3,3.99,Y-Z,SI2,FALSE,6700
2025-08-29T05:18:07.412Z,RBC,2,3,3.99,Y-Z,SI3,FALSE,5800
2025-08-29T05:18:07.412Z,RBC,2,3,3.99,Y-Z,I1,FALSE,4700
2025-08-29T05:18:07.412Z,RBC,2,3,3.99,Y-Z,I2,FALSE,3000
2025-08-29T05:18:07.412Z,RBC,2,3,3.99,Y-Z,I3,FALSE,1400
2025-08-29T05:18:07.412Z,RBC,2,4,4.99,Y-Z,IF,FALSE,12500
2025-08-29T05:18:07.412Z,RBC,2,4,4.99,Y-Z,VVS1,FALSE,11500
2025-08-29T05:18:07.412Z,RBC,2,4,4.99,Y-Z,VVS2,FALSE,10500
2025-08-29T05:18:07.412Z,RBC,2,4,4.99,Y-Z,VS1,FALSE,10000
2025-08-29T05:18:07.412Z,RBC,2,4,4.99,Y-Z,VS2,FALSE,9500
2025-08-29T05:18:07.412Z,RBC,2,4,4.99,Y-Z,SI1,FALSE,9000
2025-08-29T05:18:07.412Z,RBC,2,4,4.99,Y-Z,SI2,FALSE,8000
2025-08-29T05:18:07.412Z,RBC,2,4,4.99,Y-Z,SI3,FALSE,6500
2025-08-29T05:18:07.412Z,RBC,2,4,4.99,Y-Z,I1,FALSE,5000
2025-08-29T05:18:07.412Z,RBC,2,4,4.99,Y-Z,I2,FALSE,3200
2025-08-29T05:18:07.412Z,RBC,2,4,4.99,Y-Z,I3,FALSE,1600
2025-08-29T05:18:07.412Z,RBC,2,5,9.99,Y-Z,IF,FALSE,15000
2025-08-29T05:18:07.412Z,RBC,2,5,9.99,Y-Z,VVS1,FALSE,14000
2025-08-29T05:18:07.412Z,RBC,2,5,9.99,Y-Z,VVS2,FALSE,13000
2025-08-29T05:18:07.412Z,RBC,2,5,9.99,Y-Z,VS1,FALSE,12500
2025-08-29T05:18:07.412Z,RBC,2,5,9.99,Y-Z,VS2,FALSE,12000
2025-08-29T05:18:07.412Z,RBC,2,5,9.99,Y-Z,SI1,FALSE,11000
2025-08-29T05:18:07.412Z,RBC,2,5,9.99,Y-Z,SI2,FALSE,10000
2025-08-29T05:18:07.412Z,RBC,2,5,9.99,Y-Z,SI3,FALSE,8000
2025-08-29T05:18:07.412Z,RBC,2,5,9.99,Y-Z,I1,FALSE,6000
2025-08-29T05:18:07.412Z,RBC,2,5,9.99,Y-Z,I2,FALSE,3400
2025-08-29T05:18:07.412Z,RBC,2,5,9.99,Y-Z,I3,FALSE,1600
2025-08-29T05:18:07.412Z,RBC,2,10,99,Y-Z,IF,FALSE,22500
2025-08-29T05:18:07.412Z,RBC,2,10,99,Y-Z,VVS1,FALSE,21000
2025-08-29T05:18:07.412Z,RBC,2,10,99,Y-Z,VVS2,FALSE,19500
2025-08-29T05:18:07.412Z,RBC,2,10,99,Y-Z,VS1,FALSE,18500
2025-08-29T05:18:07.412Z,RBC,2,10,99,Y-Z,VS2,FALSE,17500
2025-08-29T05:18:07.412Z,RBC,2,10,99,Y-Z,SI1,FALSE,16500
2025-08-29T05:18:07.412Z,RBC,2,10,99,Y-Z,SI2,FALSE,14000
2025-08-29T05:18:07.412Z,RBC,2,10,99,Y-Z,SI3,FALSE,10500
2025-08-29T05:18:07.412Z,RBC,2,10,99,Y-Z,I1,FALSE,7500
2025-08-29T05:18:07.412Z,RBC,2,10,99,Y-Z,I2,FALSE,4300
2025-08-29T05:18:07.412Z,RBC,2,10,99,Y-Z,I3,FALSE,1800
2025-08-29T05:18:07.412Z,PB,2,0.18,0.22,D,FL,FALSE,1370
2025-08-29T05:18:07.412Z,PB,2,0.18,0.22,E,FL,FALSE,1370
2025-08-29T05:18:07.412Z,PB,2,0.18,0.22,F,FL,FALSE,1370
2025-08-29T05:18:07.412Z,PB,2,0.18,0.22,G,FL,FALSE,1210
2025-08-29T05:18:07.412Z,PB,2,0.18,0.22,H,FL,FALSE,1210
2025-08-29T05:18:07.412Z,PB,2,0.18,0.22,I,FL,FALSE,1000
2025-08-29T05:18:07.412Z,PB,2,0.18,0.22,J,FL,FALSE,1000
2025-08-29T05:18:07.412Z,PB,2,0.18,0.22,K,FL,FALSE,770
2025-08-29T05:18:07.412Z,PB,2,0.18,0.22,L,FL,FALSE,770
2025-08-29T05:18:07.412Z,PB,2,0.18,0.22,M,FL,FALSE,600
2025-08-29T05:18:07.412Z,PB,2,0.18,0.22,N,FL,FALSE,600
2025-08-29T05:18:07.412Z,PB,2,0.23,0.29,D,FL,FALSE,1610
2025-08-29T05:18:07.412Z,PB,2,0.23,0.29,E,FL,FALSE,1610
2025-08-29T05:18:07.412Z,PB,2,0.23,0.29,F,FL,FALSE,1610
2025-08-29T05:18:07.412Z,PB,2,0.23,0.29,G,FL,FALSE,1410
2025-08-29T05:18:07.412Z,PB,2,0.23,0.29,H,FL,FALSE,1410
2025-08-29T05:18:07.412Z,PB,2,0.23,0.29,I,FL,FALSE,1180
2025-08-29T05:18:07.412Z,PB,2,0.23,0.29,J,FL,FALSE,1180
2025-08-29T05:18:07.412Z,PB,2,0.23,0.29,K,FL,FALSE,940
2025-08-29T05:18:07.412Z,PB,2,0.23,0.29,L,FL,FALSE,940
2025-08-29T05:18:07.412Z,PB,2,0.23,0.29,M,FL,FALSE,780
2025-08-29T05:18:07.412Z,PB,2,0.23,0.29,N,FL,FALSE,780
2025-08-29T05:18:07.412Z,PB,2,0.3,0.39,D,FL,FALSE,2500
2025-08-29T05:18:07.412Z,PB,2,0.3,0.39,E,FL,FALSE,2300
2025-08-29T05:18:07.412Z,PB,2,0.3,0.39,F,FL,FALSE,2100
2025-08-29T05:18:07.412Z,PB,2,0.3,0.39,G,FL,FALSE,1900
2025-08-29T05:18:07.412Z,PB,2,0.3,0.39,H,FL,FALSE,1800
2025-08-29T05:18:07.412Z,PB,2,0.3,0.39,I,FL,FALSE,1600
2025-08-29T05:18:07.412Z,PB,2,0.3,0.39,J,FL,FALSE,1400
2025-08-29T05:18:07.412Z,PB,2,0.3,0.39,K,FL,FALSE,1200
2025-08-29T05:18:07.412Z,PB,2,0.3,0.39,L,FL,FALSE,1000
2025-08-29T05:18:07.412Z,PB,2,0.3,0.39,M,FL,FALSE,900
2025-08-29T05:18:07.412Z,PB,2,0.4,0.49,D,FL,FALSE,2900
2025-08-29T05:18:07.412Z,PB,2,0.4,0.49,E,FL,FALSE,2700
2025-08-29T05:18:07.412Z,PB,2,0.4,0.49,F,FL,FALSE,2500
2025-08-29T05:18:07.412Z,PB,2,0.4,0.49,G,FL,FALSE,2300
2025-08-29T05:18:07.412Z,PB,2,0.4,0.49,H,FL,FALSE,2100
2025-08-29T05:18:07.412Z,PB,2,0.4,0.49,I,FL,FALSE,1900
2025-08-29T05:18:07.412Z,PB,2,0.4,0.49,J,FL,FALSE,1600
2025-08-29T05:18:07.412Z,PB,2,0.4,0.49,K,FL,FALSE,1400
2025-08-29T05:18:07.412Z,PB,2,0.4,0.49,L,FL,FALSE,1300
2025-08-29T05:18:07.412Z,PB,2,0.4,0.49,M,FL,FALSE,1200
2025-08-29T05:18:07.412Z,PB,2,0.5,0.69,D,FL,FALSE,3300
2025-08-29T05:18:07.412Z,PB,2,0.5,0.69,E,FL,FALSE,3000
2025-08-29T05:18:07.412Z,PB,2,0.5,0.69,F,FL,FALSE,2800
2025-08-29T05:18:07.412Z,PB,2,0.5,0.69,G,FL,FALSE,2600
2025-08-29T05:18:07.412Z,PB,2,0.5,0.69,H,FL,FALSE,2400
2025-08-29T05:18:07.412Z,PB,2,0.5,0.69,I,FL,FALSE,2200
2025-08-29T05:18:07.412Z,PB,2,0.5,0.69,J,FL,FALSE,1900
2025-08-29T05:18:07.412Z,PB,2,0.5,0.69,K,FL,FALSE,1700
2025-08-29T05:18:07.412Z,PB,2,0.5,0.69,L,FL,FALSE,1500
2025-08-29T05:18:07.412Z,PB,2,0.5,0.69,M,FL,FALSE,1400
2025-08-29T05:18:07.412Z,PB,2,0.7,0.89,D,FL,FALSE,4700
2025-08-29T05:18:07.412Z,PB,2,0.7,0.89,E,FL,FALSE,4300
2025-08-29T05:18:07.412Z,PB,2,0.7,0.89,F,FL,FALSE,4000
2025-08-29T05:18:07.412Z,PB,2,0.7,0.89,G,FL,FALSE,3700
2025-08-29T05:18:07.412Z,PB,2,0.7,0.89,H,FL,FALSE,3400
2025-08-29T05:18:07.412Z,PB,2,0.7,0.89,I,FL,FALSE,3100
2025-08-29T05:18:07.412Z,PB,2,0.7,0.89,J,FL,FALSE,2600
2025-08-29T05:18:07.412Z,PB,2,0.7,0.89,K,FL,FALSE,2200
2025-08-29T05:18:07.412Z,PB,2,0.7,0.89,L,FL,FALSE,2000
2025-08-29T05:18:07.412Z,PB,2,0.7,0.89,M,FL,FALSE,1800
2025-08-29T05:18:07.412Z,PB,2,0.9,0.99,D,FL,FALSE,6700
2025-08-29T05:18:07.412Z,PB,2,0.9,0.99,E,FL,FALSE,6200
2025-08-29T05:18:07.412Z,PB,2,0.9,0.99,F,FL,FALSE,5500
2025-08-29T05:18:07.412Z,PB,2,0.9,0.99,G,FL,FALSE,5200
2025-08-29T05:18:07.412Z,PB,2,0.9,0.99,H,FL,FALSE,4800
2025-08-29T05:18:07.412Z,PB,2,0.9,0.99,I,FL,FALSE,4100
2025-08-29T05:18:07.412Z,PB,2,0.9,0.99,J,FL,FALSE,3600
2025-08-29T05:18:07.412Z,PB,2,0.9,0.99,K,FL,FALSE,3000
2025-08-29T05:18:07.412Z,PB,2,0.9,0.99,L,FL,FALSE,2400
2025-08-29T05:18:07.412Z,PB,2,0.9,0.99,M,FL,FALSE,2000
2025-08-29T05:18:07.412Z,PB,2,1,1.49,D,FL,FALSE,9300
2025-08-29T05:18:07.412Z,PB,2,1,1.49,E,FL,FALSE,8200
2025-08-29T05:18:07.412Z,PB,2,1,1.49,F,FL,FALSE,7400
2025-08-29T05:18:07.412Z,PB,2,1,1.49,G,FL,FALSE,6600
2025-08-29T05:18:07.412Z,PB,2,1,1.49,H,FL,FALSE,5600
2025-08-29T05:18:07.412Z,PB,2,1,1.49,I,FL,FALSE,4700
2025-08-29T05:18:07.412Z,PB,2,1,1.49,J,FL,FALSE,4000
2025-08-29T05:18:07.412Z,PB,2,1,1.49,K,FL,FALSE,3400
2025-08-29T05:18:07.412Z,PB,2,1,1.49,L,FL,FALSE,2900
2025-08-29T05:18:07.412Z,PB,2,1,1.49,M,FL,FALSE,2500
2025-08-29T05:18:07.412Z,PB,2,1.5,1.99,D,FL,FALSE,14100
2025-08-29T05:18:07.412Z,PB,2,1.5,1.99,E,FL,FALSE,13200
2025-08-29T05:18:07.412Z,PB,2,1.5,1.99,F,FL,FALSE,12300
2025-08-29T05:18:07.412Z,PB,2,1.5,1.99,G,FL,FALSE,10900
2025-08-29T05:18:07.412Z,PB,2,1.5,1.99,H,FL,FALSE,9200
2025-08-29T05:18:07.412Z,PB,2,1.5,1.99,I,FL,FALSE,7900
2025-08-29T05:18:07.412Z,PB,2,1.5,1.99,J,FL,FALSE,6400
2025-08-29T05:18:07.412Z,PB,2,1.5,1.99,K,FL,FALSE,4900
2025-08-29T05:18:07.412Z,PB,2,1.5,1.99,L,FL,FALSE,4100
2025-08-29T05:18:07.412Z,PB,2,1.5,1.99,M,FL,FALSE,3500
2025-08-29T05:18:07.412Z,PB,2,2,2.99,D,FL,FALSE,21500
2025-08-29T05:18:07.412Z,PB,2,2,2.99,E,FL,FALSE,20000
2025-08-29T05:18:07.412Z,PB,2,2,2.99,F,FL,FALSE,18500
2025-08-29T05:18:07.412Z,PB,2,2,2.99,G,FL,FALSE,17000
2025-08-29T05:18:07.412Z,PB,2,2,2.99,H,FL,FALSE,13500
2025-08-29T05:18:07.412Z,PB,2,2,2.99,I,FL,FALSE,10800
2025-08-29T05:18:07.412Z,PB,2,2,2.99,J,FL,FALSE,8800
2025-08-29T05:18:07.412Z,PB,2,2,2.99,K,FL,FALSE,7000
2025-08-29T05:18:07.412Z,PB,2,2,2.99,L,FL,FALSE,5400
2025-08-29T05:18:07.412Z,PB,2,2,2.99,M,FL,FALSE,4500
2025-08-29T05:18:07.412Z,PB,2,3,3.99,D,FL,FALSE,42000
2025-08-29T05:18:07.412Z,PB,2,3,3.99,E,FL,FALSE,36500
2025-08-29T05:18:07.412Z,PB,2,3,3.99,F,FL,FALSE,32500
2025-08-29T05:18:07.412Z,PB,2,3,3.99,G,FL,FALSE,29000
2025-08-29T05:18:07.412Z,PB,2,3,3.99,H,FL,FALSE,24000
2025-08-29T05:18:07.412Z,PB,2,3,3.99,I,FL,FALSE,19500
2025-08-29T05:18:07.412Z,PB,2,3,3.99,J,FL,FALSE,15400
2025-08-29T05:18:07.412Z,PB,2,3,3.99,K,FL,FALSE,11900
2025-08-29T05:18:07.412Z,PB,2,3,3.99,L,FL,FALSE,8900
2025-08-29T05:18:07.412Z,PB,2,3,3.99,M,FL,FALSE,6700
2025-08-29T05:18:07.412Z,PB,2,4,4.99,D,FL,FALSE,53500
2025-08-29T05:18:07.412Z,PB,2,4,4.99,E,FL,FALSE,46000
2025-08-29T05:18:07.412Z,PB,2,4,4.99,F,FL,FALSE,42000
2025-08-29T05:18:07.412Z,PB,2,4,4.99,G,FL,FALSE,37500
2025-08-29T05:18:07.412Z,PB,2,4,4.99,H,FL,FALSE,30500
2025-08-29T05:18:07.412Z,PB,2,4,4.99,I,FL,FALSE,25000
2025-08-29T05:18:07.412Z,PB,2,4,4.99,J,FL,FALSE,19500
2025-08-29T05:18:07.412Z,PB,2,4,4.99,K,FL,FALSE,15800
2025-08-29T05:18:07.412Z,PB,2,4,4.99,L,FL,FALSE,11300
2025-08-29T05:18:07.412Z,PB,2,4,4.99,M,FL,FALSE,8100
2025-08-29T05:18:07.412Z,PB,2,5,9.99,D,FL,FALSE,75000
2025-08-29T05:18:07.412Z,PB,2,5,9.99,E,FL,FALSE,63000
2025-08-29T05:18:07.412Z,PB,2,5,9.99,F,FL,FALSE,56500
2025-08-29T05:18:07.412Z,PB,2,5,9.99,G,FL,FALSE,50000
2025-08-29T05:18:07.412Z,PB,2,5,9.99,H,FL,FALSE,42000
2025-08-29T05:18:07.412Z,PB,2,5,9.99,I,FL,FALSE,32500
2025-08-29T05:18:07.412Z,PB,2,5,9.99,J,FL,FALSE,25000
2025-08-29T05:18:07.412Z,PB,2,5,9.99,K,FL,FALSE,19500
2025-08-29T05:18:07.412Z,PB,2,5,9.99,L,FL,FALSE,15000
2025-08-29T05:18:07.412Z,PB,2,5,9.99,M,FL,FALSE,11500
2025-08-29T05:18:07.412Z,PB,2,10,99,D,FL,FALSE,132000
2025-08-29T05:18:07.412Z,PB,2,10,99,E,FL,FALSE,107000
2025-08-29T05:18:07.412Z,PB,2,10,99,F,FL,FALSE,94500
2025-08-29T05:18:07.412Z,PB,2,10,99,G,FL,FALSE,79000
2025-08-29T05:18:07.412Z,PB,2,10,99,H,FL,FALSE,65500
2025-08-29T05:18:07.412Z,PB,2,10,99,I,FL,FALSE,51000
2025-08-29T05:18:07.412Z,PB,2,10,99,J,FL,FALSE,39500
2025-08-29T05:18:07.412Z,PB,2,10,99,K,FL,FALSE,31500
2025-08-29T05:18:07.412Z,PB,2,10,99,L,FL,FALSE,23000
2025-08-29T05:18:07.412Z,PB,2,10,99,M,FL,FALSE,17500
2025-08-29T05:18:07.412Z,PB,2,0.3,0.39,N,FL,FALSE,900
2025-08-29T05:18:07.412Z,PB,2,0.4,0.49,N,FL,FALSE,1200
2025-08-29T05:18:07.412Z,PB,2,0.5,0.69,N,FL,FALSE,1400
2025-08-29T05:18:07.412Z,PB,2,0.7,0.89,N,FL,FALSE,1800
2025-08-29T05:18:07.412Z,PB,2,0.9,0.99,N,FL,FALSE,2000
2025-08-29T05:18:07.412Z,PB,2,1,1.49,N,FL,FALSE,2500
2025-08-29T05:18:07.412Z,PB,2,1.5,1.99,N,FL,FALSE,3500
2025-08-29T05:18:07.412Z,PB,2,2,2.99,N,FL,FALSE,4500
2025-08-29T05:18:07.412Z,PB,2,3,3.99,N,FL,FALSE,6700
2025-08-29T05:18:07.412Z,PB,2,4,4.99,N,FL,FALSE,8100
2025-08-29T05:18:07.412Z,PB,2,5,9.99,N,FL,FALSE,11500
2025-08-29T05:18:07.412Z,PB,2,10,99,N,FL,FALSE,17500
2025-08-29T05:18:07.412Z,PB,2,0.3,0.39,O-P,FL,FALSE,900
2025-08-29T05:18:07.412Z,PB,2,0.4,0.49,O-P,FL,FALSE,1200
2025-08-29T05:18:07.412Z,PB,2,0.5,0.69,O-P,FL,FALSE,1400
2025-08-29T05:18:07.412Z,PB,2,0.7,0.89,O-P,FL,FALSE,1800
2025-08-29T05:18:07.412Z,PB,2,0.9,0.99,O-P,FL,FALSE,2000
2025-08-29T05:18:07.412Z,PB,2,1,1.49,O-P,FL,FALSE,2500
2025-08-29T05:18:07.412Z,PB,2,1.5,1.99,O-P,FL,FALSE,3500
2025-08-29T05:18:07.412Z,PB,2,2,2.99,O-P,FL,FALSE,4500
2025-08-29T05:18:07.412Z,PB,2,3,3.99,O-P,FL,FALSE,6700
2025-08-29T05:18:07.412Z,PB,2,4,4.99,O-P,FL,FALSE,8100
2025-08-29T05:18:07.412Z,PB,2,5,9.99,O-P,FL,FALSE,11500
2025-08-29T05:18:07.412Z,PB,2,10,99,O-P,FL,FALSE,17500
2025-08-29T05:18:07.412Z,PB,2,0.3,0.39,Q-R,FL,FALSE,900
2025-08-29T05:18:07.412Z,PB,2,0.4,0.49,Q-R,FL,FALSE,1200
2025-08-29T05:18:07.412Z,PB,2,0.5,0.69,Q-R,FL,FALSE,1400
2025-08-29T05:18:07.412Z,PB,2,0.7,0.89,Q-R,FL,FALSE,1800
2025-08-29T05:18:07.412Z,PB,2,0.9,0.99,Q-R,FL,FALSE,2000
2025-08-29T05:18:07.412Z,PB,2,1,1.49,Q-R,FL,FALSE,2500
2025-08-29T05:18:07.412Z,PB,2,1.5,1.99,Q-R,FL,FALSE,3500
2025-08-29T05:18:07.412Z,PB,2,2,2.99,Q-R,FL,FALSE,4500
2025-08-29T05:18:07.412Z,PB,2,3,3.99,Q-R,FL,FALSE,6700
2025-08-29T05:18:07.412Z,PB,2,4,4.99,Q-R,FL,FALSE,8100
2025-08-29T05:18:07.412Z,PB,2,5,9.99,Q-R,FL,FALSE,11500
2025-08-29T05:18:07.412Z,PB,2,10,99,Q-R,FL,FALSE,17500
2025-08-29T05:18:07.412Z,PB,2,0.3,0.39,S-T,FL,FALSE,900
2025-08-29T05:18:07.412Z,PB,2,0.4,0.49,S-T,FL,FALSE,1200
2025-08-29T05:18:07.412Z,PB,2,0.5,0.69,S-T,FL,FALSE,1400
2025-08-29T05:18:07.412Z,PB,2,0.7,0.89,S-T,FL,FALSE,1800
2025-08-29T05:18:07.412Z,PB,2,0.9,0.99,S-T,FL,FALSE,2000
2025-08-29T05:18:07.412Z,PB,2,1,1.49,S-T,FL,FALSE,2500
2025-08-29T05:18:07.412Z,PB,2,1.5,1.99,S-T,FL,FALSE,3500
2025-08-29T05:18:07.412Z,PB,2,2,2.99,S-T,FL,FALSE,4500
2025-08-29T05:18:07.412Z,PB,2,3,3.99,S-T,FL,FALSE,6700
2025-08-29T05:18:07.412Z,PB,2,4,4.99,S-T,FL,FALSE,8100
2025-08-29T05:18:07.412Z,PB,2,5,9.99,S-T,FL,FALSE,11500
2025-08-29T05:18:07.412Z,PB,2,10,99,S-T,FL,FALSE,17500
2025-08-29T05:18:07.412Z,PB,2,0.3,0.39,U-V,FL,FALSE,900
2025-08-29T05:18:07.412Z,PB,2,0.4,0.49,U-V,FL,FALSE,1200
2025-08-29T05:18:07.412Z,PB,2,0.5,0.69,U-V,FL,FALSE,1400
2025-08-29T05:18:07.412Z,PB,2,0.7,0.89,U-V,FL,FALSE,1800
2025-08-29T05:18:07.412Z,PB,2,0.9,0.99,U-V,FL,FALSE,2000
2025-08-29T05:18:07.412Z,PB,2,1,1.49,U-V,FL,FALSE,2500
2025-08-29T05:18:07.412Z,PB,2,1.5,1.99,U-V,FL,FALSE,3500
2025-08-29T05:18:07.412Z,PB,2,2,2.99,U-V,FL,FALSE,4500
2025-08-29T05:18:07.412Z,PB,2,3,3.99,U-V,FL,FALSE,6700
2025-08-29T05:18:07.412Z,PB,2,4,4.99,U-V,FL,FALSE,8100
2025-08-29T05:18:07.412Z,PB,2,5,9.99,U-V,FL,FALSE,11500
2025-08-29T05:18:07.412Z,PB,2,10,99,U-V,FL,FALSE,17500
2025-08-29T05:18:07.412Z,PB,2,0.3,0.39,W-X,FL,FALSE,900
2025-08-29T05:18:07.412Z,PB,2,0.4,0.49,W-X,FL,FALSE,1200
2025-08-29T05:18:07.412Z,PB,2,0.5,0.69,W-X,FL,FALSE,1400
2025-08-29T05:18:07.412Z,PB,2,0.7,0.89,W-X,FL,FALSE,1800
2025-08-29T05:18:07.412Z,PB,2,0.9,0.99,W-X,FL,FALSE,2000
2025-08-29T05:18:07.412Z,PB,2,1,1.49,W-X,FL,FALSE,2500
2025-08-29T05:18:07.412Z,PB,2,1.5,1.99,W-X,FL,FALSE,3500
2025-08-29T05:18:07.412Z,PB,2,2,2.99,W-X,FL,FALSE,4500
2025-08-29T05:18:07.412Z,PB,2,3,3.99,W-X,FL,FALSE,6700
2025-08-29T05:18:07.412Z,PB,2,4,4.99,W-X,FL,FALSE,8100
2025-08-29T05:18:07.412Z,PB,2,5,9.99,W-X,FL,FALSE,11500
2025-08-29T05:18:07.412Z,PB,2,10,99,W-X,FL,FALSE,17500
2025-08-29T05:18:07.412Z,PB,2,0.3,0.39,Y-Z,FL,FALSE,900
2025-08-29T05:18:07.412Z,PB,2,0.4,0.49,Y-Z,FL,FALSE,1200
2025-08-29T05:18:07.412Z,PB,2,0.5,0.69,Y-Z,FL,FALSE,1400
2025-08-29T05:18:07.412Z,PB,2,0.7,0.89,Y-Z,FL,FALSE,1800
2025-08-29T05:18:07.412Z,PB,2,0.9,0.99,Y-Z,FL,FALSE,2000
2025-08-29T05:18:07.412Z,PB,2,1,1.49,Y-Z,FL,FALSE,2500
2025-08-29T05:18:07.412Z,PB,2,1.5,1.99,Y-Z,FL,FALSE,3500
2025-08-29T05:18:07.412Z,PB,2,2,2.99,Y-Z,FL,FALSE,4500
2025-08-29T05:18:07.412Z,PB,2,3,3.99,Y-Z,FL,FALSE,6700
2025-08-29T05:18:07.412Z,PB,2,4,4.99,Y-Z,FL,FALSE,8100
2025-08-29T05:18:07.412Z,PB,2,5,9.99,Y-Z,FL,FALSE,11500
2025-08-29T05:18:07.412Z,PB,2,10,99,Y-Z,FL,FALSE,17500
2025-08-29T05:18:07.412Z,RBC,2,0.01,0.03,D,FL,FALSE,830
2025-08-29T05:18:07.412Z,RBC,2,0.01,0.03,E,FL,FALSE,830
2025-08-29T05:18:07.412Z,RBC,2,0.01,0.03,F,FL,FALSE,830
2025-08-29T05:18:07.412Z,RBC,2,0.01,0.03,G,FL,FALSE,710
2025-08-29T05:18:07.412Z,RBC,2,0.01,0.03,H,FL,FALSE,710
2025-08-29T05:18:07.412Z,RBC,2,0.01,0.03,I,FL,FALSE,610
2025-08-29T05:18:07.412Z,RBC,2,0.01,0.03,J,FL,FALSE,610
2025-08-29T05:18:07.412Z,RBC,2,0.01,0.03,K,FL,FALSE,440
2025-08-29T05:18:07.412Z,RBC,2,0.01,0.03,L,FL,FALSE,440
2025-08-29T05:18:07.412Z,RBC,2,0.01,0.03,M,FL,FALSE,290
2025-08-29T05:18:07.412Z,RBC,2,0.01,0.03,N,FL,FALSE,290
2025-08-29T05:18:07.412Z,RBC,2,0.04,0.07,D,FL,FALSE,900
2025-08-29T05:18:07.412Z,RBC,2,0.04,0.07,E,FL,FALSE,900
2025-08-29T05:18:07.412Z,RBC,2,0.04,0.07,F,FL,FALSE,900
2025-08-29T05:18:07.412Z,RBC,2,0.04,0.07,G,FL,FALSE,770
2025-08-29T05:18:07.412Z,RBC,2,0.04,0.07,H,FL,FALSE,770
2025-08-29T05:18:07.412Z,RBC,2,0.04,0.07,I,FL,FALSE,650
2025-08-29T05:18:07.412Z,RBC,2,0.04,0.07,J,FL,FALSE,650
2025-08-29T05:18:07.412Z,RBC,2,0.04,0.07,K,FL,FALSE,470
2025-08-29T05:18:07.412Z,RBC,2,0.04,0.07,L,FL,FALSE,470
2025-08-29T05:18:07.412Z,RBC,2,0.04,0.07,M,FL,FALSE,310
2025-08-29T05:18:07.412Z,RBC,2,0.04,0.07,N,FL,FALSE,310
2025-08-29T05:18:07.412Z,RBC,2,0.08,0.14,D,FL,FALSE,1060
2025-08-29T05:18:07.412Z,RBC,2,0.08,0.14,E,FL,FALSE,1060
2025-08-29T05:18:07.412Z,RBC,2,0.08,0.14,F,FL,FALSE,1060
2025-08-29T05:18:07.412Z,RBC,2,0.08,0.14,G,FL,FALSE,880
2025-08-29T05:18:07.412Z,RBC,2,0.08,0.14,H,FL,FALSE,880
2025-08-29T05:18:07.412Z,RBC,2,0.08,0.14,I,FL,FALSE,760
2025-08-29T05:18:07.412Z,RBC,2,0.08,0.14,J,FL,FALSE,760
2025-08-29T05:18:07.412Z,RBC,2,0.08,0.14,K,FL,FALSE,630
2025-08-29T05:18:07.412Z,RBC,2,0.08,0.14,L,FL,FALSE,630
2025-08-29T05:18:07.412Z,RBC,2,0.08,0.14,M,FL,FALSE,410
2025-08-29T05:18:07.412Z,RBC,2,0.08,0.14,N,FL,FALSE,410
2025-08-29T05:18:07.412Z,RBC,2,0.15,0.17,D,FL,FALSE,1250
2025-08-29T05:18:07.412Z,RBC,2,0.15,0.17,E,FL,FALSE,1250
2025-08-29T05:18:07.412Z,RBC,2,0.15,0.17,F,FL,FALSE,1250
2025-08-29T05:18:07.412Z,RBC,2,0.15,0.17,G,FL,FALSE,1050
2025-08-29T05:18:07.412Z,RBC,2,0.15,0.17,H,FL,FALSE,1050
2025-08-29T05:18:07.412Z,RBC,2,0.15,0.17,I,FL,FALSE,850
2025-08-29T05:18:07.412Z,RBC,2,0.15,0.17,J,FL,FALSE,850
2025-08-29T05:18:07.412Z,RBC,2,0.15,0.17,K,FL,FALSE,690
2025-08-29T05:18:07.412Z,RBC,2,0.15,0.17,L,FL,FALSE,690
2025-08-29T05:18:07.412Z,RBC,2,0.15,0.17,M,FL,FALSE,500
2025-08-29T05:18:07.412Z,RBC,2,0.15,0.17,N,FL,FALSE,500
2025-08-29T05:18:07.412Z,RBC,2,0.18,0.22,D,FL,FALSE,1400
2025-08-29T05:18:07.412Z,RBC,2,0.18,0.22,E,FL,FALSE,1400
2025-08-29T05:18:07.412Z,RBC,2,0.18,0.22,F,FL,FALSE,1400
2025-08-29T05:18:07.412Z,RBC,2,0.18,0.22,G,FL,FALSE,1200
2025-08-29T05:18:07.412Z,RBC,2,0.18,0.22,H,FL,FALSE,1200
2025-08-29T05:18:07.412Z,RBC,2,0.18,0.22,I,FL,FALSE,980
2025-08-29T05:18:07.412Z,RBC,2,0.18,0.22,J,FL,FALSE,980
2025-08-29T05:18:07.412Z,RBC,2,0.18,0.22,K,FL,FALSE,820
2025-08-29T05:18:07.412Z,RBC,2,0.18,0.22,L,FL,FALSE,820
2025-08-29T05:18:07.412Z,RBC,2,0.18,0.22,M,FL,FALSE,660
2025-08-29T05:18:07.412Z,RBC,2,0.18,0.22,N,FL,FALSE,660
2025-08-29T05:18:07.412Z,RBC,2,0.23,0.29,D,FL,FALSE,1650
2025-08-29T05:18:07.412Z,RBC,2,0.23,0.29,E,FL,FALSE,1650
2025-08-29T05:18:07.412Z,RBC,2,0.23,0.29,F,FL,FALSE,1650
2025-08-29T05:18:07.412Z,RBC,2,0.23,0.29,G,FL,FALSE,1350
2025-08-29T05:18:07.412Z,RBC,2,0.23,0.29,H,FL,FALSE,1350
2025-08-29T05:18:07.412Z,RBC,2,0.23,0.29,I,FL,FALSE,1110
2025-08-29T05:18:07.412Z,RBC,2,0.23,0.29,J,FL,FALSE,1110
2025-08-29T05:18:07.412Z,RBC,2,0.23,0.29,K,FL,FALSE,920
2025-08-29T05:18:07.412Z,RBC,2,0.23,0.29,L,FL,FALSE,920
2025-08-29T05:18:07.412Z,RBC,2,0.23,0.29,M,FL,FALSE,780
2025-08-29T05:18:07.412Z,RBC,2,0.23,0.29,N,FL,FALSE,780
2025-08-29T05:18:07.412Z,RBC,2,0.3,0.39,D,FL,FALSE,3100
2025-08-29T05:18:07.412Z,RBC,2,0.3,0.39,E,FL,FALSE,2600
2025-08-29T05:18:07.412Z,RBC,2,0.3,0.39,F,FL,FALSE,2300
2025-08-29T05:18:07.412Z,RBC,2,0.3,0.39,G,FL,FALSE,2000
2025-08-29T05:18:07.412Z,RBC,2,0.3,0.39,H,FL,FALSE,1700
2025-08-29T05:18:07.412Z,RBC,2,0.3,0.39,I,FL,FALSE,1500
2025-08-29T05:18:07.412Z,RBC,2,0.3,0.39,J,FL,FALSE,1300
2025-08-29T05:18:07.412Z,RBC,2,0.3,0.39,K,FL,FALSE,1200
2025-08-29T05:18:07.412Z,RBC,2,0.3,0.39,L,FL,FALSE,1100
2025-08-29T05:18:07.412Z,RBC,2,0.3,0.39,M,FL,FALSE,1000
2025-08-29T05:18:07.412Z,RBC,2,0.4,0.49,D,FL,FALSE,3500
2025-08-29T05:18:07.412Z,RBC,2,0.4,0.49,E,FL,FALSE,2900
2025-08-29T05:18:07.412Z,RBC,2,0.4,0.49,F,FL,FALSE,2600
2025-08-29T05:18:07.412Z,RBC,2,0.4,0.49,G,FL,FALSE,2300
2025-08-29T05:18:07.412Z,RBC,2,0.4,0.49,H,FL,FALSE,2000
2025-08-29T05:18:07.412Z,RBC,2,0.4,0.49,I,FL,FALSE,1800
2025-08-29T05:18:07.412Z,RBC,2,0.4,0.49,J,FL,FALSE,1600
2025-08-29T05:18:07.412Z,RBC,2,0.4,0.49,K,FL,FALSE,1400
2025-08-29T05:18:07.412Z,RBC,2,0.4,0.49,L,FL,FALSE,1300
2025-08-29T05:18:07.412Z,RBC,2,0.4,0.49,M,FL,FALSE,1200
2025-08-29T05:18:07.412Z,RBC,2,0.5,0.69,D,FL,FALSE,5500
2025-08-29T05:18:07.412Z,RBC,2,0.5,0.69,E,FL,FALSE,4400
2025-08-29T05:18:07.412Z,RBC,2,0.5,0.69,F,FL,FALSE,3800
2025-08-29T05:18:07.412Z,RBC,2,0.5,0.69,G,FL,FALSE,3200
2025-08-29T05:18:07.412Z,RBC,2,0.5,0.69,H,FL,FALSE,2600
2025-08-29T05:18:07.412Z,RBC,2,0.5,0.69,I,FL,FALSE,2300
2025-08-29T05:18:07.412Z,RBC,2,0.5,0.69,J,FL,FALSE,1900
2025-08-29T05:18:07.412Z,RBC,2,0.5,0.69,K,FL,FALSE,1600
2025-08-29T05:18:07.412Z,RBC,2,0.5,0.69,L,FL,FALSE,1500
2025-08-29T05:18:07.412Z,RBC,2,0.5,0.69,M,FL,FALSE,1400
2025-08-29T05:18:07.412Z,RBC,2,0.7,0.89,D,FL,FALSE,7000
2025-08-29T05:18:07.412Z,RBC,2,0.7,0.89,E,FL,FALSE,5700
2025-08-29T05:18:07.412Z,RBC,2,0.7,0.89,F,FL,FALSE,5000
2025-08-29T05:18:07.412Z,RBC,2,0.7,0.89,G,FL,FALSE,4200
2025-08-29T05:18:07.412Z,RBC,2,0.7,0.89,H,FL,FALSE,3400
2025-08-29T05:18:07.412Z,RBC,2,0.7,0.89,I,FL,FALSE,2900
2025-08-29T05:18:07.412Z,RBC,2,0.7,0.89,J,FL,FALSE,2400
2025-08-29T05:18:07.412Z,RBC,2,0.7,0.89,K,FL,FALSE,2200
2025-08-29T05:18:07.412Z,RBC,2,0.7,0.89,L,FL,FALSE,2000
2025-08-29T05:18:07.412Z,RBC,2,0.7,0.89,M,FL,FALSE,1800
2025-08-29T05:18:07.412Z,RBC,2,0.9,0.99,D,FL,FALSE,10400
2025-08-29T05:18:07.412Z,RBC,2,0.9,0.99,E,FL,FALSE,9000
2025-08-29T05:18:07.412Z,RBC,2,0.9,0.99,F,FL,FALSE,8200
2025-08-29T05:18:07.412Z,RBC,2,0.9,0.99,G,FL,FALSE,6500
2025-08-29T05:18:07.412Z,RBC,2,0.9,0.99,H,FL,FALSE,5000
2025-08-29T05:18:07.412Z,RBC,2,0.9,0.99,I,FL,FALSE,4500
2025-08-29T05:18:07.412Z,RBC,2,0.9,0.99,J,FL,FALSE,3700
2025-08-29T05:18:07.412Z,RBC,2,0.9,0.99,K,FL,FALSE,3200
2025-08-29T05:18:07.412Z,RBC,2,0.9,0.99,L,FL,FALSE,2700
2025-08-29T05:18:07.412Z,RBC,2,0.9,0.99,M,FL,FALSE,2400
2025-08-29T05:18:07.412Z,RBC,2,1,1.49,D,FL,FALSE,16000
2025-08-29T05:18:07.412Z,RBC,2,1,1.49,E,FL,FALSE,12500
2025-08-29T05:18:07.412Z,RBC,2,1,1.49,F,FL,FALSE,10700
2025-08-29T05:18:07.412Z,RBC,2,1,1.49,G,FL,FALSE,8200
2025-08-29T05:18:07.412Z,RBC,2,1,1.49,H,FL,FALSE,6100
2025-08-29T05:18:07.412Z,RBC,2,1,1.49,I,FL,FALSE,5200
2025-08-29T05:18:07.412Z,RBC,2,1,1.49,J,FL,FALSE,4300
2025-08-29T05:18:07.412Z,RBC,2,1,1.49,K,FL,FALSE,3600
2025-08-29T05:18:07.412Z,RBC,2,1,1.49,L,FL,FALSE,3100
2025-08-29T05:18:07.412Z,RBC,2,1,1.49,M,FL,FALSE,2700
2025-08-29T05:18:07.412Z,RBC,2,1.5,1.99,D,FL,FALSE,21000
2025-08-29T05:18:07.412Z,RBC,2,1.5,1.99,E,FL,FALSE,18800
2025-08-29T05:18:07.412Z,RBC,2,1.5,1.99,F,FL,FALSE,16400
2025-08-29T05:18:07.412Z,RBC,2,1.5,1.99,G,FL,FALSE,13600
2025-08-29T05:18:07.412Z,RBC,2,1.5,1.99,H,FL,FALSE,10800
2025-08-29T05:18:07.412Z,RBC,2,1.5,1.99,I,FL,FALSE,8700
2025-08-29T05:18:07.412Z,RBC,2,1.5,1.99,J,FL,FALSE,7400
2025-08-29T05:18:07.412Z,RBC,2,1.5,1.99,K,FL,FALSE,6300
2025-08-29T05:18:07.412Z,RBC,2,1.5,1.99,L,FL,FALSE,5300
2025-08-29T05:18:07.412Z,RBC,2,1.5,1.99,M,FL,FALSE,4600
2025-08-29T05:18:07.412Z,RBC,2,2,2.99,D,FL,FALSE,33000
2025-08-29T05:18:07.412Z,RBC,2,2,2.99,E,FL,FALSE,27000
2025-08-29T05:18:07.412Z,RBC,2,2,2.99,F,FL,FALSE,24500
2025-08-29T05:18:07.412Z,RBC,2,2,2.99,G,FL,FALSE,20500
2025-08-29T05:18:07.412Z,RBC,2,2,2.99,H,FL,FALSE,16500
2025-08-29T05:18:07.412Z,RBC,2,2,2.99,I,FL,FALSE,13500
2025-08-29T05:18:07.412Z,RBC,2,2,2.99,J,FL,FALSE,10900
2025-08-29T05:18:07.412Z,RBC,2,2,2.99,K,FL,FALSE,9100
2025-08-29T05:18:07.412Z,RBC,2,2,2.99,L,FL,FALSE,7800
2025-08-29T05:18:07.412Z,RBC,2,2,2.99,M,FL,FALSE,6800
2025-08-29T05:18:07.412Z,RBC,2,3,3.99,D,FL,FALSE,55000
2025-08-29T05:18:07.412Z,RBC,2,3,3.99,E,FL,FALSE,45000
2025-08-29T05:18:07.412Z,RBC,2,3,3.99,F,FL,FALSE,40500
2025-08-29T05:18:07.412Z,RBC,2,3,3.99,G,FL,FALSE,33500
2025-08-29T05:18:07.412Z,RBC,2,3,3.99,H,FL,FALSE,27000
2025-08-29T05:18:07.412Z,RBC,2,3,3.99,I,FL,FALSE,22000
2025-08-29T05:18:07.412Z,RBC,2,3,3.99,J,FL,FALSE,17500
2025-08-29T05:18:07.412Z,RBC,2,3,3.99,K,FL,FALSE,14500
2025-08-29T05:18:07.412Z,RBC,2,3,3.99,L,FL,FALSE,11700
2025-08-29T05:18:07.412Z,RBC,2,3,3.99,M,FL,FALSE,9500
2025-08-29T05:18:07.412Z,RBC,2,4,4.99,D,FL,FALSE,74500
2025-08-29T05:18:07.412Z,RBC,2,4,4.99,E,FL,FALSE,62500
2025-08-29T05:18:07.412Z,RBC,2,4,4.99,F,FL,FALSE,56500
2025-08-29T05:18:07.412Z,RBC,2,4,4.99,G,FL,FALSE,46500
2025-08-29T05:18:07.412Z,RBC,2,4,4.99,H,FL,FALSE,36000
2025-08-29T05:18:07.412Z,RBC,2,4,4.99,I,FL,FALSE,28000
2025-08-29T05:18:07.412Z,RBC,2,4,4.99,J,FL,FALSE,22500
2025-08-29T05:18:07.412Z,RBC,2,4,4.99,K,FL,FALSE,18500
2025-08-29T05:18:07.412Z,RBC,2,4,4.99,L,FL,FALSE,15000
2025-08-29T05:18:07.412Z,RBC,2,4,4.99,M,FL,FALSE,12500
2025-08-29T05:18:07.412Z,RBC,2,5,9.99,D,FL,FALSE,100000
2025-08-29T05:18:07.412Z,RBC,2,5,9.99,E,FL,FALSE,83500
2025-08-29T05:18:07.412Z,RBC,2,5,9.99,F,FL,FALSE,73000
2025-08-29T05:18:07.412Z,RBC,2,5,9.99,G,FL,FALSE,60500
2025-08-29T05:18:07.412Z,RBC,2,5,9.99,H,FL,FALSE,48000
2025-08-29T05:18:07.412Z,RBC,2,5,9.99,I,FL,FALSE,36500
2025-08-29T05:18:07.412Z,RBC,2,5,9.99,J,FL,FALSE,28000
2025-08-29T05:18:07.412Z,RBC,2,5,9.99,K,FL,FALSE,22000
2025-08-29T05:18:07.412Z,RBC,2,5,9.99,L,FL,FALSE,18000
2025-08-29T05:18:07.412Z,RBC,2,5,9.99,M,FL,FALSE,15000
2025-08-29T05:18:07.412Z,RBC,2,10,99,D,FL,FALSE,140000
2025-08-29T05:18:07.412Z,RBC,2,10,99,E,FL,FALSE,127000
2025-08-29T05:18:07.412Z,RBC,2,10,99,F,FL,FALSE,111000
2025-08-29T05:18:07.412Z,RBC,2,10,99,G,FL,FALSE,93000
2025-08-29T05:18:07.412Z,RBC,2,10,99,H,FL,FALSE,75000
2025-08-29T05:18:07.412Z,RBC,2,10,99,I,FL,FALSE,57000
2025-08-29T05:18:07.412Z,RBC,2,10,99,J,FL,FALSE,44000
2025-08-29T05:18:07.412Z,RBC,2,10,99,K,FL,FALSE,34500
2025-08-29T05:18:07.412Z,RBC,2,10,99,L,FL,FALSE,27000
2025-08-29T05:18:07.412Z,RBC,2,10,99,M,FL,FALSE,22500
2025-08-29T05:18:07.412Z,RBC,2,0.3,0.39,N,FL,FALSE,1000
2025-08-29T05:18:07.412Z,RBC,2,0.4,0.49,N,FL,FALSE,1200
2025-08-29T05:18:07.412Z,RBC,2,0.5,0.69,N,FL,FALSE,1400
2025-08-29T05:18:07.412Z,RBC,2,0.7,0.89,N,FL,FALSE,1800
2025-08-29T05:18:07.412Z,RBC,2,0.9,0.99,N,FL,FALSE,2400
2025-08-29T05:18:07.412Z,RBC,2,1,1.49,N,FL,FALSE,2700
2025-08-29T05:18:07.412Z,RBC,2,1.5,1.99,N,FL,FALSE,4600
2025-08-29T05:18:07.412Z,RBC,2,2,2.99,N,FL,FALSE,6800
2025-08-29T05:18:07.412Z,RBC,2,3,3.99,N,FL,FALSE,9500
2025-08-29T05:18:07.412Z,RBC,2,4,4.99,N,FL,FALSE,12500
2025-08-29T05:18:07.412Z,RBC,2,5,9.99,N,FL,FALSE,15000
2025-08-29T05:18:07.412Z,RBC,2,10,99,N,FL,FALSE,22500
2025-08-29T05:18:07.412Z,RBC,2,0.3,0.39,O-P,FL,FALSE,1000
2025-08-29T05:18:07.412Z,RBC,2,0.4,0.49,O-P,FL,FALSE,1200
2025-08-29T05:18:07.412Z,RBC,2,0.5,0.69,O-P,FL,FALSE,1400
2025-08-29T05:18:07.412Z,RBC,2,0.7,0.89,O-P,FL,FALSE,1800
2025-08-29T05:18:07.412Z,RBC,2,0.9,0.99,O-P,FL,FALSE,2400
2025-08-29T05:18:07.412Z,RBC,2,1,1.49,O-P,FL,FALSE,2700
2025-08-29T05:18:07.412Z,RBC,2,1.5,1.99,O-P,FL,FALSE,4600
2025-08-29T05:18:07.412Z,RBC,2,2,2.99,O-P,FL,FALSE,6800
2025-08-29T05:18:07.412Z,RBC,2,3,3.99,O-P,FL,FALSE,9500
2025-08-29T05:18:07.412Z,RBC,2,4,4.99,O-P,FL,FALSE,12500
2025-08-29T05:18:07.412Z,RBC,2,5,9.99,O-P,FL,FALSE,15000
2025-08-29T05:18:07.412Z,RBC,2,10,99,O-P,FL,FALSE,22500
2025-08-29T05:18:07.412Z,RBC,2,0.3,0.39,Q-R,FL,FALSE,1000
2025-08-29T05:18:07.412Z,RBC,2,0.4,0.49,Q-R,FL,FALSE,1200
2025-08-29T05:18:07.412Z,RBC,2,0.5,0.69,Q-R,FL,FALSE,1400
2025-08-29T05:18:07.412Z,RBC,2,0.7,0.89,Q-R,FL,FALSE,1800
2025-08-29T05:18:07.412Z,RBC,2,0.9,0.99,Q-R,FL,FALSE,2400
2025-08-29T05:18:07.412Z,RBC,2,1,1.49,Q-R,FL,FALSE,2700
2025-08-29T05:18:07.412Z,RBC,2,1.5,1.99,Q-R,FL,FALSE,4600
2025-08-29T05:18:07.412Z,RBC,2,2,2.99,Q-R,FL,FALSE,6800
2025-08-29T05:18:07.412Z,RBC,2,3,3.99,Q-R,FL,FALSE,9500
2025-08-29T05:18:07.412Z,RBC,2,4,4.99,Q-R,FL,FALSE,12500
2025-08-29T05:18:07.412Z,RBC,2,5,9.99,Q-R,FL,FALSE,15000
2025-08-29T05:18:07.412Z,RBC,2,10,99,Q-R,FL,FALSE,22500
2025-08-29T05:18:07.412Z,RBC,2,0.3,0.39,S-T,FL,FALSE,1000
2025-08-29T05:18:07.412Z,RBC,2,0.4,0.49,S-T,FL,FALSE,1200
2025-08-29T05:18:07.412Z,RBC,2,0.5,0.69,S-T,FL,FALSE,1400
2025-08-29T05:18:07.412Z,RBC,2,0.7,0.89,S-T,FL,FALSE,1800
2025-08-29T05:18:07.412Z,RBC,2,0.9,0.99,S-T,FL,FALSE,2400
2025-08-29T05:18:07.412Z,RBC,2,1,1.49,S-T,FL,FALSE,2700
2025-08-29T05:18:07.412Z,RBC,2,1.5,1.99,S-T,FL,FALSE,4600
2025-08-29T05:18:07.412Z,RBC,2,2,2.99,S-T,FL,FALSE,6800
2025-08-29T05:18:07.412Z,RBC,2,3,3.99,S-T,FL,FALSE,9500
2025-08-29T05:18:07.412Z,RBC,2,4,4.99,S-T,FL,FALSE,12500
2025-08-29T05:18:07.412Z,RBC,2,5,9.99,S-T,FL,FALSE,15000
2025-08-29T05:18:07.412Z,RBC,2,10,99,S-T,FL,FALSE,22500
2025-08-29T05:18:07.412Z,RBC,2,0.3,0.39,U-V,FL,FALSE,1000
2025-08-29T05:18:07.412Z,RBC,2,0.4,0.49,U-V,FL,FALSE,1200
2025-08-29T05:18:07.412Z,RBC,2,0.5,0.69,U-V,FL,FALSE,1400
2025-08-29T05:18:07.412Z,RBC,2,0.7,0.89,U-V,FL,FALSE,1800
2025-08-29T05:18:07.412Z,RBC,2,0.9,0.99,U-V,FL,FALSE,2400
2025-08-29T05:18:07.412Z,RBC,2,1,1.49,U-V,FL,FALSE,2700
2025-08-29T05:18:07.412Z,RBC,2,1.5,1.99,U-V,FL,FALSE,4600
2025-08-29T05:18:07.412Z,RBC,2,2,2.99,U-V,FL,FALSE,6800
2025-08-29T05:18:07.412Z,RBC,2,3,3.99,U-V,FL,FALSE,9500
2025-08-29T05:18:07.412Z,RBC,2,4,4.99,U-V,FL,FALSE,12500
2025-08-29T05:18:07.412Z,RBC,2,5,9.99,U-V,FL,FALSE,15000
2025-08-29T05:18:07.412Z,RBC,2,10,99,U-V,FL,FALSE,22500
2025-08-29T05:18:07.412Z,RBC,2,0.3,0.39,W-X,FL,FALSE,1000
2025-08-29T05:18:07.412Z,RBC,2,0.4,0.49,W-X,FL,FALSE,1200
2025-08-29T05:18:07.412Z,RBC,2,0.5,0.69,W-X,FL,FALSE,1400
2025-08-29T05:18:07.412Z,RBC,2,0.7,0.89,W-X,FL,FALSE,1800
2025-08-29T05:18:07.412Z,RBC,2,0.9,0.99,W-X,FL,FALSE,2400
2025-08-29T05:18:07.412Z,RBC,2,1,1.49,W-X,FL,FALSE,2700
2025-08-29T05:18:07.412Z,RBC,2,1.5,1.99,W-X,FL,FALSE,4600
2025-08-29T05:18:07.412Z,RBC,2,2,2.99,W-X,FL,FALSE,6800
2025-08-29T05:18:07.412Z,RBC,2,3,3.99,W-X,FL,FALSE,9500
2025-08-29T05:18:07.412Z,RBC,2,4,4.99,W-X,FL,FALSE,12500
2025-08-29T05:18:07.412Z,RBC,2,5,9.99,W-X,FL,FALSE,15000
2025-08-29T05:18:07.412Z,RBC,2,10,99,W-X,FL,FALSE,22500
2025-08-29T05:18:07.412Z,RBC,2,0.3,0.39,Y-Z,FL,FALSE,1000
2025-08-29T05:18:07.412Z,RBC,2,0.4,0.49,Y-Z,FL,FALSE,1200
2025-08-29T05:18:07.412Z,RBC,2,0.5,0.69,Y-Z,FL,FALSE,1400
2025-08-29T05:18:07.412Z,RBC,2,0.7,0.89,Y-Z,FL,FALSE,1800
2025-08-29T05:18:07.412Z,RBC,2,0.9,0.99,Y-Z,FL,FALSE,2400
2025-08-29T05:18:07.412Z,RBC,2,1,1.49,Y-Z,FL,FALSE,2700
2025-08-29T05:18:07.412Z,RBC,2,1.5,1.99,Y-Z,FL,FALSE,4600
2025-08-29T05:18:07.412Z,RBC,2,2,2.99,Y-Z,FL,FALSE,6800
2025-08-29T05:18:07.412Z,RBC,2,3,3.99,Y-Z,FL,FALSE,9500
2025-08-29T05:18:07.412Z,RBC,2,4,4.99,Y-Z,FL,FALSE,12500
2025-08-29T05:18:07.412Z,RBC,2,5,9.99,Y-Z,FL,FALSE,15000
2025-08-29T05:18:07.412Z,RBC,2,10,99,Y-Z,FL,FALSE,22500
2026-03-20T06:44:34.471Z,RBC,3,0.01,0.03,D,SI2,FALSE,560
2026-03-20T06:44:34.471Z,RBC,3,0.01,0.03,D,I1,FALSE,430
2026-03-20T06:44:34.471Z,RBC,3,0.01,0.03,D,I2,FALSE,350
2026-03-20T06:44:34.471Z,RBC,3,0.01,0.03,E,VS1,FALSE,730
2026-03-20T06:44:34.471Z,RBC,3,0.01,0.03,E,SI2,FALSE,560
2026-03-20T06:44:34.471Z,RBC,3,0.01,0.03,E,I1,FALSE,430
2026-03-20T06:44:34.471Z,RBC,3,0.01,0.03,F,IF,FALSE,830
2026-03-20T06:44:34.471Z,RBC,3,0.01,0.03,F,VVS1,FALSE,830
2026-03-20T06:44:34.471Z,RBC,3,0.01,0.03,F,VVS2,FALSE,830
2026-03-20T06:44:34.471Z,RBC,3,0.01,0.03,F,SI2,FALSE,560
2026-03-20T06:44:34.471Z,RBC,3,0.01,0.03,F,SI3,FALSE,490
2026-03-20T06:44:34.471Z,RBC,3,0.01,0.03,F,I3,FALSE,280
2026-03-20T06:44:34.471Z,RBC,3,0.01,0.03,G,VVS1,FALSE,710
2026-03-20T06:44:34.471Z,RBC,3,0.01,0.03,G,SI2,FALSE,500
2026-03-20T06:44:34.471Z,RBC,3,0.01,0.03,G,I1,FALSE,380
2026-03-20T06:44:34.471Z,RBC,3,0.01,0.03,H,VVS2,FALSE,710
2026-03-20T06:44:34.471Z,RBC,3,0.01,0.03,H,SI1,FALSE,570
2026-03-20T06:44:34.471Z,RBC,3,0.01,0.03,H,SI2,FALSE,500
2026-03-20T06:44:34.471Z,RBC,3,0.01,0.03,H,I2,FALSE,310
2026-03-20T06:44:34.471Z,RBC,3,0.01,0.03,I,VS1,FALSE,550
2026-03-20T06:44:34.471Z,RBC,3,0.01,0.03,I,VS2,FALSE,550
2026-03-20T06:44:34.471Z,RBC,3,0.01,0.03,I,SI1,FALSE,490
2026-03-20T06:44:34.471Z,RBC,3,0.01,0.03,J,IF,FALSE,610
2026-03-20T06:44:34.471Z,RBC,3,0.01,0.03,J,SI2,FALSE,440
2026-03-20T06:44:34.471Z,RBC,3,0.01,0.03,J,SI3,FALSE,400
2026-03-20T06:44:34.471Z,RBC,3,0.01,0.03,J,I3,FALSE,240
2026-03-20T06:44:34.471Z,RBC,3,0.01,0.03,K,SI1,FALSE,340
2026-03-20T06:44:34.471Z,RBC,3,0.01,0.03,K,SI2,FALSE,310
2026-03-20T06:44:34.471Z,RBC,3,0.01,0.03,K,SI3,FALSE,280
2026-03-20T06:44:34.471Z,RBC,3,0.01,0.03,L,VVS1,FALSE,440
2026-03-20T06:44:34.471Z,RBC,3,0.01,0.03,L,VS2,FALSE,390
2026-03-20T06:44:34.471Z,RBC,3,0.01,0.03,M,SI3,FALSE,180
2026-03-20T06:44:34.471Z,RBC,3,0.01,0.03,M,I1,FALSE,160
2026-03-20T06:44:34.471Z,RBC,3,0.01,0.03,N,VVS2,FALSE,290
2026-03-20T06:44:34.471Z,RBC,3,0.01,0.03,N,VS1,FALSE,260
2026-03-20T06:44:34.471Z,RBC,3,0.01,0.03,N,I1,FALSE,160
2026-03-20T06:44:34.471Z,RBC,3,0.01,0.03,N,I3,FALSE,120
2026-03-20T06:44:34.471Z,RBC,3,0.04,0.07,D,I3,FALSE,310
2026-03-20T06:44:34.471Z,RBC,3,0.04,0.07,E,VVS2,FALSE,900
2026-03-20T06:44:34.471Z,RBC,3,0.04,0.07,E,I3,FALSE,310
2026-03-20T06:44:34.471Z,RBC,3,0.04,0.07,F,IF,FALSE,900
2026-03-20T06:44:34.471Z,RBC,3,0.04,0.07,F,SI2,FALSE,600
2026-03-20T06:44:34.471Z,RBC,3,0.04,0.07,G,IF,FALSE,770
2026-03-20T06:44:34.471Z,RBC,3,0.04,0.07,H,IF,FALSE,770
2026-03-20T06:44:34.471Z,RBC,3,0.04,0.07,H,SI1,FALSE,620
2026-03-20T06:44:34.471Z,RBC,3,0.04,0.07,H,SI2,FALSE,550
2026-03-20T06:44:34.471Z,RBC,3,0.04,0.07,H,I3,FALSE,280
2026-03-20T06:44:34.471Z,RBC,3,0.04,0.07,I,IF,FALSE,650
2026-03-20T06:44:34.471Z,RBC,3,0.04,0.07,I,VS1,FALSE,590
2026-03-20T06:44:34.471Z,RBC,3,0.04,0.07,I,SI1,FALSE,540
2026-03-20T06:44:34.471Z,RBC,3,0.04,0.07,I,I3,FALSE,260
2026-03-20T06:44:34.471Z,RBC,3,0.04,0.07,J,SI3,FALSE,440
2026-03-20T06:44:34.471Z,RBC,3,0.04,0.07,J,I2,FALSE,320
2026-03-20T06:44:34.471Z,RBC,3,0.04,0.07,J,I3,FALSE,260
2026-03-20T06:44:34.471Z,RBC,3,0.04,0.07,K,IF,FALSE,470
2026-03-20T06:44:34.471Z,RBC,3,0.04,0.07,K,VS1,FALSE,420
2026-03-20T06:44:34.471Z,RBC,3,0.04,0.07,K,SI1,FALSE,380
2026-03-20T06:44:34.471Z,RBC,3,0.04,0.07,L,VVS2,FALSE,470
2026-03-20T06:44:34.472Z,RBC,3,0.04,0.07,L,I1,FALSE,270
2026-03-20T06:44:34.472Z,RBC,3,0.04,0.07,M,IF,FALSE,310
2026-03-20T06:44:34.472Z,RBC,3,0.04,0.07,M,SI1,FALSE,240
2026-03-20T06:44:34.472Z,RBC,3,0.04,0.07,M,I3,FALSE,130
2026-03-20T06:44:34.472Z,RBC,3,0.04,0.07,N,IF,FALSE,310
2026-03-20T06:44:34.472Z,RBC,3,0.04,0.07,N,VVS2,FALSE,310
2026-03-20T06:44:34.471Z,RBC,3,0.01,0.03,D,VVS1,FALSE,830
2026-03-20T06:44:34.471Z,RBC,3,0.01,0.03,D,VS1,FALSE,730
2026-03-20T06:44:34.471Z,RBC,3,0.01,0.03,D,VS2,FALSE,730
2026-03-20T06:44:34.471Z,RBC,3,0.01,0.03,D,SI3,FALSE,490
2026-03-20T06:44:34.471Z,RBC,3,0.01,0.03,D,I3,FALSE,280
2026-03-20T06:44:34.471Z,RBC,3,0.01,0.03,E,IF,FALSE,830
2026-03-20T06:44:34.471Z,RBC,3,0.01,0.03,E,VVS1,FALSE,830
2026-03-20T06:44:34.471Z,RBC,3,0.01,0.03,E,SI3,FALSE,490
2026-03-20T06:44:34.471Z,RBC,3,0.01,0.03,E,I2,FALSE,350
2026-03-20T06:44:34.471Z,RBC,3,0.01,0.03,G,VS1,FALSE,640
2026-03-20T06:44:34.471Z,RBC,3,0.01,0.03,G,SI3,FALSE,440
2026-03-20T06:44:34.471Z,RBC,3,0.01,0.03,G,I3,FALSE,260
2026-03-20T06:44:34.471Z,RBC,3,0.01,0.03,H,VVS1,FALSE,710
2026-03-20T06:44:34.471Z,RBC,3,0.01,0.03,H,VS2,FALSE,640
2026-03-20T06:44:34.471Z,RBC,3,0.01,0.03,H,I3,FALSE,260
2026-03-20T06:44:34.471Z,RBC,3,0.01,0.03,I,IF,FALSE,610
2026-03-20T06:44:34.471Z,RBC,3,0.01,0.03,I,VVS2,FALSE,610
2026-03-20T06:44:34.471Z,RBC,3,0.01,0.03,I,SI2,FALSE,440
2026-03-20T06:44:34.471Z,RBC,3,0.01,0.03,I,SI3,FALSE,400
2026-03-20T06:44:34.471Z,RBC,3,0.01,0.03,J,VVS2,FALSE,610
2026-03-20T06:44:34.471Z,RBC,3,0.01,0.03,J,VS1,FALSE,550
2026-03-20T06:44:34.471Z,RBC,3,0.01,0.03,J,SI1,FALSE,490
2026-03-20T06:44:34.471Z,RBC,3,0.01,0.03,J,I2,FALSE,280
2026-03-20T06:44:34.471Z,RBC,3,0.01,0.03,K,IF,FALSE,440
2026-03-20T06:44:34.471Z,RBC,3,0.01,0.03,K,VVS2,FALSE,440
2026-03-20T06:44:34.471Z,RBC,3,0.01,0.03,K,VS1,FALSE,390
2026-03-20T06:44:34.471Z,RBC,3,0.01,0.03,L,IF,FALSE,440
2026-03-20T06:44:34.471Z,RBC,3,0.01,0.03,L,VS1,FALSE,390
2026-03-20T06:44:34.471Z,RBC,3,0.01,0.03,L,I3,FALSE,160
2026-03-20T06:44:34.471Z,RBC,3,0.01,0.03,M,VVS1,FALSE,290
2026-03-20T06:44:34.471Z,RBC,3,0.01,0.03,M,SI1,FALSE,230
2026-03-20T06:44:34.471Z,RBC,3,0.01,0.03,N,IF,FALSE,290
2026-03-20T06:44:34.471Z,RBC,3,0.01,0.03,N,SI3,FALSE,180
2026-03-20T06:44:34.471Z,RBC,3,0.01,0.03,N,I2,FALSE,140
2026-03-20T06:44:34.471Z,RBC,3,0.04,0.07,D,VVS1,FALSE,900
2026-03-20T06:44:34.471Z,RBC,3,0.04,0.07,D,VVS2,FALSE,900
2026-03-20T06:44:34.471Z,RBC,3,0.04,0.07,E,IF,FALSE,900
2026-03-20T06:44:34.471Z,RBC,3,0.04,0.07,E,VS1,FALSE,790
2026-03-20T06:44:34.471Z,RBC,3,0.04,0.07,E,VS2,FALSE,790
2026-03-20T06:44:34.471Z,RBC,3,0.04,0.07,E,SI1,FALSE,680
2026-03-20T06:44:34.471Z,RBC,3,0.04,0.07,F,VVS1,FALSE,900
2026-03-20T06:44:34.471Z,RBC,3,0.04,0.07,F,VS1,FALSE,790
2026-03-20T06:44:34.471Z,RBC,3,0.04,0.07,F,I2,FALSE,400
2026-03-20T06:44:34.471Z,RBC,3,0.04,0.07,F,I3,FALSE,310
2026-03-20T06:44:34.471Z,RBC,3,0.04,0.07,G,VVS1,FALSE,770
2026-03-20T06:44:34.471Z,RBC,3,0.04,0.07,G,VS1,FALSE,690
2026-03-20T06:44:34.471Z,RBC,3,0.04,0.07,G,VS2,FALSE,690
2026-03-20T06:44:34.471Z,RBC,3,0.04,0.07,G,SI1,FALSE,620
2026-03-20T06:44:34.471Z,RBC,3,0.04,0.07,G,I2,FALSE,360
2026-03-20T06:44:34.471Z,RBC,3,0.04,0.07,H,VVS2,FALSE,770
2026-03-20T06:44:34.471Z,RBC,3,0.04,0.07,H,VS1,FALSE,690
2026-03-20T06:44:34.471Z,RBC,3,0.04,0.07,H,VS2,FALSE,690
2026-03-20T06:44:34.471Z,RBC,3,0.04,0.07,I,VS2,FALSE,590
2026-03-20T06:44:34.471Z,RBC,3,0.04,0.07,J,IF,FALSE,650
2026-03-20T06:44:34.471Z,RBC,3,0.04,0.07,J,I1,FALSE,400
2026-03-20T06:44:34.471Z,RBC,3,0.04,0.07,K,VVS2,FALSE,470
2026-03-20T06:44:34.471Z,RBC,3,0.04,0.07,K,VS2,FALSE,420
2026-03-20T06:44:34.471Z,RBC,3,0.04,0.07,K,SI2,FALSE,340
2026-03-20T06:44:34.471Z,RBC,3,0.04,0.07,K,I2,FALSE,220
2026-03-20T06:44:34.471Z,RBC,3,0.04,0.07,K,I3,FALSE,170
2026-03-20T06:44:34.471Z,RBC,3,0.04,0.07,L,IF,FALSE,470
2026-03-20T06:44:34.471Z,RBC,3,0.04,0.07,L,VVS1,FALSE,470
2026-03-20T06:44:34.472Z,RBC,3,0.04,0.07,L,SI1,FALSE,380
2026-03-20T06:44:34.472Z,RBC,3,0.04,0.07,N,SI3,FALSE,190
2026-03-20T06:44:34.471Z,RBC,3,0.01,0.03,D,VVS2,FALSE,830
2026-03-20T06:44:34.471Z,RBC,3,0.01,0.03,D,SI1,FALSE,640
2026-03-20T06:44:34.471Z,RBC,3,0.01,0.03,E,VVS2,FALSE,830
2026-03-20T06:44:34.471Z,RBC,3,0.01,0.03,E,VS2,FALSE,730
2026-03-20T06:44:34.471Z,RBC,3,0.01,0.03,F,VS1,FALSE,730
2026-03-20T06:44:34.471Z,RBC,3,0.01,0.03,G,IF,FALSE,710
2026-03-20T06:44:34.471Z,RBC,3,0.01,0.03,G,VVS2,FALSE,710
2026-03-20T06:44:34.471Z,RBC,3,0.01,0.03,G,VS2,FALSE,640
2026-03-20T06:44:34.471Z,RBC,3,0.01,0.03,G,SI1,FALSE,570
2026-03-20T06:44:34.471Z,RBC,3,0.01,0.03,G,I2,FALSE,310
2026-03-20T06:44:34.471Z,RBC,3,0.01,0.03,H,IF,FALSE,710
2026-03-20T06:44:34.471Z,RBC,3,0.01,0.03,H,VS1,FALSE,640
2026-03-20T06:44:34.471Z,RBC,3,0.01,0.03,H,SI3,FALSE,440
2026-03-20T06:44:34.471Z,RBC,3,0.01,0.03,I,VVS1,FALSE,610
2026-03-20T06:44:34.471Z,RBC,3,0.01,0.03,I,I3,FALSE,240
2026-03-20T06:44:34.471Z,RBC,3,0.01,0.03,J,VVS1,FALSE,610
2026-03-20T06:44:34.471Z,RBC,3,0.01,0.03,J,VS2,FALSE,550
2026-03-20T06:44:34.471Z,RBC,3,0.01,0.03,K,I1,FALSE,250
2026-03-20T06:44:34.471Z,RBC,3,0.01,0.03,K,I3,FALSE,160
2026-03-20T06:44:34.471Z,RBC,3,0.01,0.03,L,VVS2,FALSE,440
2026-03-20T06:44:34.471Z,RBC,3,0.01,0.03,L,SI3,FALSE,280
2026-03-20T06:44:34.471Z,RBC,3,0.01,0.03,L,I1,FALSE,250
2026-03-20T06:44:34.471Z,RBC,3,0.01,0.03,L,I2,FALSE,200
2026-03-20T06:44:34.471Z,RBC,3,0.01,0.03,M,IF,FALSE,290
2026-03-20T06:44:34.471Z,RBC,3,0.01,0.03,M,VS2,FALSE,260
2026-03-20T06:44:34.471Z,RBC,3,0.01,0.03,M,SI2,FALSE,200
2026-03-20T06:44:34.471Z,RBC,3,0.01,0.03,M,I3,FALSE,120
2026-03-20T06:44:34.471Z,RBC,3,0.01,0.03,N,VVS1,FALSE,290
2026-03-20T06:44:34.471Z,RBC,3,0.01,0.03,N,VS2,FALSE,260
2026-03-20T06:44:34.471Z,RBC,3,0.01,0.03,N,SI1,FALSE,230
2026-03-20T06:44:34.471Z,RBC,3,0.01,0.03,N,SI2,FALSE,200
2026-03-20T06:44:34.471Z,RBC,3,0.04,0.07,D,VS1,FALSE,790
2026-03-20T06:44:34.471Z,RBC,3,0.04,0.07,D,VS2,FALSE,790
2026-03-20T06:44:34.471Z,RBC,3,0.04,0.07,D,SI1,FALSE,680
2026-03-20T06:44:34.471Z,RBC,3,0.04,0.07,D,SI2,FALSE,600
2026-03-20T06:44:34.471Z,RBC,3,0.04,0.07,D,I2,FALSE,400
2026-03-20T06:44:34.471Z,RBC,3,0.04,0.07,E,VVS1,FALSE,900
2026-03-20T06:44:34.471Z,RBC,3,0.04,0.07,E,I2,FALSE,400
2026-03-20T06:44:34.471Z,RBC,3,0.04,0.07,F,VVS2,FALSE,900
2026-03-20T06:44:34.471Z,RBC,3,0.04,0.07,F,SI3,FALSE,530
2026-03-20T06:44:34.471Z,RBC,3,0.04,0.07,G,VVS2,FALSE,770
2026-03-20T06:44:34.471Z,RBC,3,0.04,0.07,G,I1,FALSE,440
2026-03-20T06:44:34.471Z,RBC,3,0.04,0.07,G,I3,FALSE,280
2026-03-20T06:44:34.471Z,RBC,3,0.04,0.07,H,I1,FALSE,440
2026-03-20T06:44:34.471Z,RBC,3,0.04,0.07,H,I2,FALSE,360
2026-03-20T06:44:34.471Z,RBC,3,0.04,0.07,I,VVS1,FALSE,650
2026-03-20T06:44:34.471Z,RBC,3,0.04,0.07,I,VVS2,FALSE,650
2026-03-20T06:44:34.471Z,RBC,3,0.04,0.07,I,SI2,FALSE,480
2026-03-20T06:44:34.471Z,RBC,3,0.04,0.07,I,I1,FALSE,400
2026-03-20T06:44:34.471Z,RBC,3,0.04,0.07,J,VVS1,FALSE,650
2026-03-20T06:44:34.471Z,RBC,3,0.04,0.07,J,VVS2,FALSE,650
2026-03-20T06:44:34.471Z,RBC,3,0.04,0.07,J,SI2,FALSE,480
2026-03-20T06:44:34.471Z,RBC,3,0.04,0.07,K,SI3,FALSE,310
2026-03-20T06:44:34.471Z,RBC,3,0.04,0.07,K,I1,FALSE,270
2026-03-20T06:44:34.472Z,RBC,3,0.04,0.07,L,VS1,FALSE,420
2026-03-20T06:44:34.472Z,RBC,3,0.04,0.07,L,SI3,FALSE,310
2026-03-20T06:44:34.472Z,RBC,3,0.04,0.07,M,VVS2,FALSE,310
2026-03-20T06:44:34.472Z,RBC,3,0.04,0.07,M,VS1,FALSE,280
2026-03-20T06:44:34.472Z,RBC,3,0.04,0.07,M,SI2,FALSE,210
2026-03-20T06:44:34.472Z,RBC,3,0.04,0.07,M,I1,FALSE,170
2026-03-20T06:44:34.472Z,RBC,3,0.04,0.07,M,I2,FALSE,150
2026-03-20T06:44:34.472Z,RBC,3,0.04,0.07,N,VVS1,FALSE,310
2026-03-20T06:44:34.472Z,RBC,3,0.04,0.07,N,VS2,FALSE,280
2026-03-20T06:44:34.472Z,RBC,3,0.04,0.07,N,SI2,FALSE,210
2026-03-20T06:44:34.471Z,RBC,3,0.01,0.03,D,IF,FALSE,830
2026-03-20T06:44:34.471Z,RBC,3,0.01,0.03,E,SI1,FALSE,640
2026-03-20T06:44:34.471Z,RBC,3,0.01,0.03,E,I3,FALSE,280
2026-03-20T06:44:34.471Z,RBC,3,0.01,0.03,F,VS2,FALSE,730
2026-03-20T06:44:34.471Z,RBC,3,0.01,0.03,F,SI1,FALSE,640
2026-03-20T06:44:34.471Z,RBC,3,0.01,0.03,F,I1,FALSE,430
2026-03-20T06:44:34.471Z,RBC,3,0.01,0.03,F,I2,FALSE,350
2026-03-20T06:44:34.471Z,RBC,3,0.01,0.03,H,I1,FALSE,380
2026-03-20T06:44:34.471Z,RBC,3,0.01,0.03,I,I1,FALSE,340
2026-03-20T06:44:34.471Z,RBC,3,0.01,0.03,I,I2,FALSE,280
2026-03-20T06:44:34.471Z,RBC,3,0.01,0.03,J,I1,FALSE,340
2026-03-20T06:44:34.471Z,RBC,3,0.01,0.03,K,VVS1,FALSE,440
2026-03-20T06:44:34.471Z,RBC,3,0.01,0.03,K,VS2,FALSE,390
2026-03-20T06:44:34.471Z,RBC,3,0.01,0.03,K,I2,FALSE,200
2026-03-20T06:44:34.471Z,RBC,3,0.01,0.03,L,SI1,FALSE,340
2026-03-20T06:44:34.471Z,RBC,3,0.01,0.03,L,SI2,FALSE,310
2026-03-20T06:44:34.471Z,RBC,3,0.01,0.03,M,VVS2,FALSE,290
2026-03-20T06:44:34.471Z,RBC,3,0.01,0.03,M,VS1,FALSE,260
2026-03-20T06:44:34.471Z,RBC,3,0.01,0.03,M,I2,FALSE,140
2026-03-20T06:44:34.471Z,RBC,3,0.04,0.07,D,IF,FALSE,900
2026-03-20T06:44:34.471Z,RBC,3,0.04,0.07,D,SI3,FALSE,530
2026-03-20T06:44:34.471Z,RBC,3,0.04,0.07,D,I1,FALSE,480
2026-03-20T06:44:34.471Z,RBC,3,0.04,0.07,E,SI2,FALSE,600
2026-03-20T06:44:34.471Z,RBC,3,0.04,0.07,E,SI3,FALSE,530
2026-03-20T06:44:34.471Z,RBC,3,0.04,0.07,E,I1,FALSE,480
2026-03-20T06:44:34.471Z,RBC,3,0.04,0.07,F,VS2,FALSE,790
2026-03-20T06:44:34.471Z,RBC,3,0.04,0.07,F,SI1,FALSE,680
2026-03-20T06:44:34.471Z,RBC,3,0.04,0.07,F,I1,FALSE,480
2026-03-20T06:44:34.471Z,RBC,3,0.04,0.07,G,SI2,FALSE,550
2026-03-20T06:44:34.471Z,RBC,3,0.04,0.07,G,SI3,FALSE,490
2026-03-20T06:44:34.471Z,RBC,3,0.04,0.07,H,VVS1,FALSE,770
2026-03-20T06:44:34.471Z,RBC,3,0.04,0.07,H,SI3,FALSE,490
2026-03-20T06:44:34.471Z,RBC,3,0.04,0.07,I,SI3,FALSE,440
2026-03-20T06:44:34.471Z,RBC,3,0.04,0.07,I,I2,FALSE,320
2026-03-20T06:44:34.471Z,RBC,3,0.04,0.07,J,VS1,FALSE,590
2026-03-20T06:44:34.471Z,RBC,3,0.04,0.07,J,VS2,FALSE,590
2026-03-20T06:44:34.471Z,RBC,3,0.04,0.07,J,SI1,FALSE,540
2026-03-20T06:44:34.471Z,RBC,3,0.04,0.07,K,VVS1,FALSE,470
2026-03-20T06:44:34.472Z,RBC,3,0.04,0.07,L,VS2,FALSE,420
2026-03-20T06:44:34.472Z,RBC,3,0.04,0.07,L,SI2,FALSE,340
2026-03-20T06:44:34.472Z,RBC,3,0.04,0.07,L,I2,FALSE,220
2026-03-20T06:44:34.472Z,RBC,3,0.04,0.07,L,I3,FALSE,170
2026-03-20T06:44:34.472Z,RBC,3,0.04,0.07,M,VVS1,FALSE,310
2026-03-20T06:44:34.472Z,RBC,3,0.04,0.07,M,VS2,FALSE,280
2026-03-20T06:44:34.472Z,RBC,3,0.04,0.07,M,SI3,FALSE,190
2026-03-20T06:44:34.472Z,RBC,3,0.04,0.07,N,VS1,FALSE,280
2026-03-20T06:44:34.472Z,RBC,3,0.04,0.07,N,SI1,FALSE,240
2026-03-20T06:44:34.472Z,RBC,3,0.08,0.14,D,VVS1,FALSE,1060
2026-03-20T06:44:34.472Z,RBC,3,0.08,0.14,D,VS1,FALSE,960
2026-03-20T06:44:34.472Z,RBC,3,0.08,0.14,E,IF,FALSE,1060
2026-03-20T06:44:34.472Z,RBC,3,0.08,0.14,E,VVS1,FALSE,1060
2026-03-20T06:44:34.472Z,RBC,3,0.08,0.14,E,SI1,FALSE,850
2026-03-20T06:44:34.472Z,RBC,3,0.08,0.14,E,I3,FALSE,400
2026-03-20T06:44:34.472Z,RBC,3,0.08,0.14,F,IF,FALSE,1060
2026-03-20T06:44:34.472Z,RBC,3,0.08,0.14,F,VVS1,FALSE,1060
2026-03-20T06:44:34.472Z,RBC,3,0.08,0.14,F,SI1,FALSE,850
2026-03-20T06:44:34.472Z,RBC,3,0.08,0.14,F,I2,FALSE,480
2026-03-20T06:44:34.472Z,RBC,3,0.08,0.14,G,SI1,FALSE,770
2026-03-20T06:44:34.472Z,RBC,3,0.08,0.14,G,I1,FALSE,520
2026-03-20T06:44:34.472Z,RBC,3,0.08,0.14,H,IF,FALSE,880
2026-03-20T06:44:34.472Z,RBC,3,0.08,0.14,H,SI3,FALSE,620
2026-03-20T06:44:34.472Z,RBC,3,0.08,0.14,H,I1,FALSE,520
2026-03-20T06:44:34.472Z,RBC,3,0.08,0.14,H,I2,FALSE,430
2026-03-20T06:44:34.472Z,RBC,3,0.08,0.14,I,IF,FALSE,760
2026-03-20T06:44:34.472Z,RBC,3,0.04,0.07,N,I1,FALSE,170
2026-03-20T06:44:34.472Z,RBC,3,0.08,0.14,D,SI3,FALSE,680
2026-03-20T06:44:34.472Z,RBC,3,0.08,0.14,E,VS1,FALSE,960
2026-03-20T06:44:34.472Z,RBC,3,0.08,0.14,E,SI2,FALSE,760
2026-03-20T06:44:34.472Z,RBC,3,0.08,0.14,F,VVS2,FALSE,1060
2026-03-20T06:44:34.472Z,RBC,3,0.08,0.14,F,SI2,FALSE,760
2026-03-20T06:44:34.472Z,RBC,3,0.08,0.14,G,VVS2,FALSE,880
2026-03-20T06:44:34.472Z,RBC,3,0.08,0.14,G,VS2,FALSE,820
2026-03-20T06:44:34.472Z,RBC,3,0.08,0.14,G,I3,FALSE,360
2026-03-20T06:44:34.472Z,RBC,3,0.08,0.14,H,VVS1,FALSE,880
2026-03-20T06:44:34.472Z,RBC,3,0.08,0.14,H,VS1,FALSE,820
2026-03-20T06:44:34.472Z,RBC,3,0.08,0.14,H,SI1,FALSE,770
2026-03-20T06:44:34.472Z,RBC,3,0.08,0.14,I,VS1,FALSE,700
2026-03-20T06:44:34.472Z,RBC,3,0.08,0.14,I,SI2,FALSE,580
2026-03-20T06:44:34.472Z,RBC,3,0.08,0.14,I,I1,FALSE,450
2026-03-20T06:44:34.472Z,RBC,3,0.08,0.14,I,I2,FALSE,370
2026-03-20T06:44:34.472Z,RBC,3,0.08,0.14,I,I3,FALSE,320
2026-03-20T06:44:34.472Z,RBC,3,0.08,0.14,J,IF,FALSE,760
2026-03-20T06:44:34.472Z,RBC,3,0.08,0.14,J,VS1,FALSE,700
2026-03-20T06:44:34.472Z,RBC,3,0.08,0.14,J,VS2,FALSE,700
2026-03-20T06:44:34.472Z,RBC,3,0.08,0.14,J,I1,FALSE,450
2026-03-20T06:44:34.472Z,RBC,3,0.08,0.14,J,I3,FALSE,320
2026-03-20T06:44:34.472Z,RBC,3,0.08,0.14,K,VVS2,FALSE,630
2026-03-20T06:44:34.472Z,RBC,3,0.08,0.14,K,VS1,FALSE,560
2026-03-20T06:44:34.472Z,RBC,3,0.08,0.14,L,IF,FALSE,630
2026-03-20T06:44:34.472Z,RBC,3,0.08,0.14,L,SI1,FALSE,500
2026-03-20T06:44:34.472Z,RBC,3,0.08,0.14,M,VS1,FALSE,370
2026-03-20T06:44:34.472Z,RBC,3,0.08,0.14,M,I1,FALSE,220
2026-03-20T06:44:34.472Z,RBC,3,0.08,0.14,N,SI1,FALSE,330
2026-03-20T06:44:34.472Z,RBC,3,0.08,0.14,N,SI2,FALSE,290
2026-03-20T06:44:34.472Z,RBC,3,0.15,0.17,D,VS2,FALSE,1110
2026-03-20T06:44:34.472Z,RBC,3,0.15,0.17,D,I2,FALSE,520
2026-03-20T06:44:34.472Z,RBC,3,0.15,0.17,D,I3,FALSE,440
2026-03-20T06:44:34.472Z,RBC,3,0.15,0.17,E,VVS2,FALSE,1250
2026-03-20T06:44:34.472Z,RBC,3,0.15,0.17,E,VS2,FALSE,1110
2026-03-20T06:44:34.472Z,RBC,3,0.15,0.17,F,SI1,FALSE,980
2026-03-20T06:44:34.472Z,RBC,3,0.15,0.17,F,SI2,FALSE,850
2026-03-20T06:44:34.472Z,RBC,3,0.15,0.17,G,VS2,FALSE,960
2026-03-20T06:44:34.472Z,RBC,3,0.15,0.17,G,SI1,FALSE,850
2026-03-20T06:44:34.472Z,RBC,3,0.15,0.17,G,SI3,FALSE,670
2026-03-20T06:44:34.472Z,RBC,3,0.15,0.17,H,VVS1,FALSE,1050
2026-03-20T06:44:34.472Z,RBC,3,0.15,0.17,H,VS1,FALSE,960
2026-03-20T06:44:34.472Z,RBC,3,0.15,0.17,H,VS2,FALSE,960
2026-03-20T06:44:34.472Z,RBC,3,0.15,0.17,H,SI2,FALSE,750
2026-03-20T06:44:34.472Z,RBC,3,0.15,0.17,H,I1,FALSE,570
2026-03-20T06:44:34.472Z,RBC,3,0.15,0.17,I,VS2,FALSE,770
2026-03-20T06:44:34.472Z,RBC,3,0.15,0.17,I,SI1,FALSE,700
2026-03-20T06:44:34.472Z,RBC,3,0.15,0.17,I,SI2,FALSE,620
2026-03-20T06:44:34.472Z,RBC,3,0.15,0.17,I,I1,FALSE,480
2026-03-20T06:44:34.472Z,RBC,3,0.15,0.17,J,VVS1,FALSE,850
2026-03-20T06:44:34.472Z,RBC,3,0.15,0.17,J,VS1,FALSE,770
2026-03-20T06:44:34.472Z,RBC,3,0.15,0.17,K,IF,FALSE,690
2026-03-20T06:44:34.472Z,RBC,3,0.15,0.17,K,I1,FALSE,370
2026-03-20T06:44:34.472Z,RBC,3,0.15,0.17,K,I2,FALSE,310
2026-03-20T06:44:34.472Z,RBC,3,0.15,0.17,K,I3,FALSE,260
2026-03-20T06:44:34.472Z,RBC,3,0.15,0.17,L,VS2,FALSE,620
2026-03-20T06:44:34.472Z,RBC,3,0.15,0.17,M,VVS1,FALSE,500
2026-03-20T06:44:34.472Z,RBC,3,0.15,0.17,M,VS2,FALSE,450
2026-03-20T06:44:34.472Z,RBC,3,0.15,0.17,M,SI2,FALSE,350
2026-03-20T06:44:34.472Z,RBC,3,0.15,0.17,N,VVS1,FALSE,500
2026-03-20T06:44:34.472Z,RBC,3,0.15,0.17,N,SI3,FALSE,310
2026-03-20T06:44:34.472Z,RBC,3,0.15,0.17,N,I2,FALSE,220
2026-03-20T06:44:34.472Z,RBC,3,0.15,0.17,N,I3,FALSE,180
2026-03-20T06:44:34.472Z,RBC,3,0.18,0.22,D,I3,TRUE,480
2026-03-20T06:44:34.472Z,RBC,3,0.04,0.07,N,I2,FALSE,150
2026-03-20T06:44:34.472Z,RBC,3,0.04,0.07,N,I3,FALSE,130
2026-03-20T06:44:34.472Z,RBC,3,0.08,0.14,D,VS2,FALSE,960
2026-03-20T06:44:34.472Z,RBC,3,0.08,0.14,D,I2,FALSE,480
2026-03-20T06:44:34.472Z,RBC,3,0.08,0.14,D,I3,FALSE,400
2026-03-20T06:44:34.472Z,RBC,3,0.08,0.14,E,I1,FALSE,570
2026-03-20T06:44:34.472Z,RBC,3,0.08,0.14,E,I2,FALSE,480
2026-03-20T06:44:34.472Z,RBC,3,0.08,0.14,F,SI3,FALSE,680
2026-03-20T06:44:34.472Z,RBC,3,0.08,0.14,F,I3,FALSE,400
2026-03-20T06:44:34.472Z,RBC,3,0.08,0.14,G,I2,FALSE,430
2026-03-20T06:44:34.472Z,RBC,3,0.08,0.14,H,I3,FALSE,360
2026-03-20T06:44:34.472Z,RBC,3,0.08,0.14,I,VVS1,FALSE,760
2026-03-20T06:44:34.472Z,RBC,3,0.08,0.14,I,VS2,FALSE,700
2026-03-20T06:44:34.472Z,RBC,3,0.08,0.14,J,SI2,FALSE,580
2026-03-20T06:44:34.472Z,RBC,3,0.08,0.14,J,I2,FALSE,370
2026-03-20T06:44:34.472Z,RBC,3,0.08,0.14,K,SI2,FALSE,430
2026-03-20T06:44:34.472Z,RBC,3,0.08,0.14,K,SI3,FALSE,380
2026-03-20T06:44:34.472Z,RBC,3,0.08,0.14,L,I1,FALSE,340
2026-03-20T06:44:34.472Z,RBC,3,0.08,0.14,L,I3,FALSE,230
2026-03-20T06:44:34.472Z,RBC,3,0.08,0.14,M,VVS2,FALSE,410
2026-03-20T06:44:34.472Z,RBC,3,0.08,0.14,M,SI1,FALSE,330
2026-03-20T06:44:34.472Z,RBC,3,0.08,0.14,M,SI3,FALSE,260
2026-03-20T06:44:34.472Z,RBC,3,0.08,0.14,N,VVS1,FALSE,410
2026-03-20T06:44:34.472Z,RBC,3,0.08,0.14,N,VS1,FALSE,370
2026-03-20T06:44:34.472Z,RBC,3,0.08,0.14,N,SI3,FALSE,260
2026-03-20T06:44:34.472Z,RBC,3,0.08,0.14,N,I3,FALSE,160
2026-03-20T06:44:34.472Z,RBC,3,0.15,0.17,D,IF,FALSE,1250
2026-03-20T06:44:34.472Z,RBC,3,0.15,0.17,D,VVS2,FALSE,1250
2026-03-20T06:44:34.472Z,RBC,3,0.15,0.17,E,VS1,FALSE,1110
2026-03-20T06:44:34.472Z,RBC,3,0.15,0.17,E,SI3,FALSE,760
2026-03-20T06:44:34.472Z,RBC,3,0.15,0.17,F,IF,FALSE,1250
2026-03-20T06:44:34.472Z,RBC,3,0.15,0.17,F,I1,FALSE,640
2026-03-20T06:44:34.472Z,RBC,3,0.15,0.17,F,I2,FALSE,520
2026-03-20T06:44:34.472Z,RBC,3,0.15,0.17,G,IF,FALSE,1050
2026-03-20T06:44:34.472Z,RBC,3,0.15,0.17,G,VVS1,FALSE,1050
2026-03-20T06:44:34.472Z,RBC,3,0.15,0.17,G,SI2,FALSE,750
2026-03-20T06:44:34.472Z,RBC,3,0.15,0.17,H,VVS2,FALSE,1050
2026-03-20T06:44:34.472Z,RBC,3,0.15,0.17,H,SI3,FALSE,670
2026-03-20T06:44:34.472Z,RBC,3,0.15,0.17,H,I3,FALSE,400
2026-03-20T06:44:34.472Z,RBC,3,0.15,0.17,I,VVS1,FALSE,850
2026-03-20T06:44:34.472Z,RBC,3,0.15,0.17,I,I3,FALSE,360
2026-03-20T06:44:34.472Z,RBC,3,0.15,0.17,J,VVS2,FALSE,850
2026-03-20T06:44:34.472Z,RBC,3,0.15,0.17,J,SI3,FALSE,540
2026-03-20T06:44:34.472Z,RBC,3,0.15,0.17,J,I1,FALSE,480
2026-03-20T06:44:34.472Z,RBC,3,0.15,0.17,K,VS1,FALSE,620
2026-03-20T06:44:34.472Z,RBC,3,0.15,0.17,K,SI2,FALSE,460
2026-03-20T06:44:34.472Z,RBC,3,0.15,0.17,L,VS1,FALSE,620
2026-03-20T06:44:34.472Z,RBC,3,0.15,0.17,L,I3,FALSE,260
2026-03-20T06:44:34.472Z,RBC,3,0.15,0.17,M,VVS2,FALSE,500
2026-03-20T06:44:34.472Z,RBC,3,0.15,0.17,N,IF,FALSE,500
2026-03-20T06:44:34.472Z,RBC,3,0.15,0.17,N,VS1,FALSE,450
2026-03-20T06:44:34.472Z,RBC,3,0.15,0.17,N,VS2,FALSE,450
2026-03-20T06:44:34.472Z,RBC,3,0.18,0.22,D,VVS1,TRUE,1340
2026-03-20T06:44:34.472Z,RBC,3,0.18,0.22,E,VVS1,TRUE,1340
2026-03-20T06:44:34.472Z,RBC,3,0.18,0.22,E,VS2,TRUE,1210
2026-03-20T06:44:34.472Z,RBC,3,0.08,0.14,D,IF,FALSE,1060
2026-03-20T06:44:34.472Z,RBC,3,0.08,0.14,D,VVS2,FALSE,1060
2026-03-20T06:44:34.472Z,RBC,3,0.08,0.14,D,SI1,FALSE,850
2026-03-20T06:44:34.472Z,RBC,3,0.08,0.14,D,SI2,FALSE,760
2026-03-20T06:44:34.472Z,RBC,3,0.08,0.14,D,I1,FALSE,570
2026-03-20T06:44:34.472Z,RBC,3,0.08,0.14,E,VVS2,FALSE,1060
2026-03-20T06:44:34.472Z,RBC,3,0.08,0.14,E,VS2,FALSE,960
2026-03-20T06:44:34.472Z,RBC,3,0.08,0.14,E,SI3,FALSE,680
2026-03-20T06:44:34.472Z,RBC,3,0.08,0.14,F,VS1,FALSE,960
2026-03-20T06:44:34.472Z,RBC,3,0.08,0.14,F,VS2,FALSE,960
2026-03-20T06:44:34.472Z,RBC,3,0.08,0.14,F,I1,FALSE,570
2026-03-20T06:44:34.472Z,RBC,3,0.08,0.14,G,IF,FALSE,880
2026-03-20T06:44:34.472Z,RBC,3,0.08,0.14,G,VVS1,FALSE,880
2026-03-20T06:44:34.472Z,RBC,3,0.08,0.14,G,VS1,FALSE,820
2026-03-20T06:44:34.472Z,RBC,3,0.08,0.14,G,SI2,FALSE,690
2026-03-20T06:44:34.472Z,RBC,3,0.08,0.14,G,SI3,FALSE,620
2026-03-20T06:44:34.472Z,RBC,3,0.08,0.14,H,VVS2,FALSE,880
2026-03-20T06:44:34.472Z,RBC,3,0.08,0.14,H,VS2,FALSE,820
2026-03-20T06:44:34.472Z,RBC,3,0.08,0.14,H,SI2,FALSE,690
2026-03-20T06:44:34.472Z,RBC,3,0.08,0.14,I,VVS2,FALSE,760
2026-03-20T06:44:34.472Z,RBC,3,0.08,0.14,I,SI3,FALSE,510
2026-03-20T06:44:34.472Z,RBC,3,0.08,0.14,J,VVS2,FALSE,760
2026-03-20T06:44:34.472Z,RBC,3,0.08,0.14,J,SI1,FALSE,650
2026-03-20T06:44:34.472Z,RBC,3,0.08,0.14,K,VS2,FALSE,560
2026-03-20T06:44:34.472Z,RBC,3,0.08,0.14,K,I1,FALSE,340
2026-03-20T06:44:34.472Z,RBC,3,0.08,0.14,K,I2,FALSE,280
2026-03-20T06:44:34.472Z,RBC,3,0.08,0.14,K,I3,FALSE,230
2026-03-20T06:44:34.472Z,RBC,3,0.08,0.14,L,VVS1,FALSE,630
2026-03-20T06:44:34.472Z,RBC,3,0.08,0.14,L,VVS2,FALSE,630
2026-03-20T06:44:34.472Z,RBC,3,0.08,0.14,L,VS1,FALSE,560
2026-03-20T06:44:34.472Z,RBC,3,0.08,0.14,L,SI2,FALSE,430
2026-03-20T06:44:34.472Z,RBC,3,0.08,0.14,L,I2,FALSE,280
2026-03-20T06:44:34.472Z,RBC,3,0.08,0.14,M,VS2,FALSE,370
2026-03-20T06:44:34.472Z,RBC,3,0.08,0.14,N,VVS2,FALSE,410
2026-03-20T06:44:34.472Z,RBC,3,0.08,0.14,N,I1,FALSE,220
2026-03-20T06:44:34.472Z,RBC,3,0.15,0.17,D,SI2,FALSE,850
2026-03-20T06:44:34.472Z,RBC,3,0.15,0.17,E,SI1,FALSE,980
2026-03-20T06:44:34.472Z,RBC,3,0.15,0.17,E,I1,FALSE,640
2026-03-20T06:44:34.472Z,RBC,3,0.15,0.17,E,I2,FALSE,520
2026-03-20T06:44:34.472Z,RBC,3,0.15,0.17,F,VVS1,FALSE,1250
2026-03-20T06:44:34.472Z,RBC,3,0.15,0.17,F,VVS2,FALSE,1250
2026-03-20T06:44:34.472Z,RBC,3,0.15,0.17,F,VS1,FALSE,1110
2026-03-20T06:44:34.472Z,RBC,3,0.15,0.17,F,VS2,FALSE,1110
2026-03-20T06:44:34.472Z,RBC,3,0.15,0.17,F,SI3,FALSE,760
2026-03-20T06:44:34.472Z,RBC,3,0.15,0.17,F,I3,FALSE,440
2026-03-20T06:44:34.472Z,RBC,3,0.15,0.17,G,VVS2,FALSE,1050
2026-03-20T06:44:34.472Z,RBC,3,0.15,0.17,G,VS1,FALSE,960
2026-03-20T06:44:34.472Z,RBC,3,0.15,0.17,H,IF,FALSE,1050
2026-03-20T06:44:34.472Z,RBC,3,0.15,0.17,I,VVS2,FALSE,850
2026-03-20T06:44:34.472Z,RBC,3,0.15,0.17,I,SI3,FALSE,540
2026-03-20T06:44:34.472Z,RBC,3,0.15,0.17,I,I2,FALSE,400
2026-03-20T06:44:34.472Z,RBC,3,0.15,0.17,J,IF,FALSE,850
2026-03-20T06:44:34.472Z,RBC,3,0.15,0.17,K,VS2,FALSE,620
2026-03-20T06:44:34.472Z,RBC,3,0.15,0.17,K,SI1,FALSE,530
2026-03-20T06:44:34.472Z,RBC,3,0.15,0.17,L,VVS2,FALSE,690
2026-03-20T06:44:34.472Z,RBC,3,0.15,0.17,L,SI3,FALSE,410
2026-03-20T06:44:34.472Z,RBC,3,0.15,0.17,L,I1,FALSE,370
2026-03-20T06:44:34.472Z,RBC,3,0.15,0.17,L,I2,FALSE,310
2026-03-20T06:44:34.472Z,RBC,3,0.15,0.17,M,VS1,FALSE,450
2026-03-20T06:44:34.472Z,RBC,3,0.15,0.17,M,SI3,FALSE,310
2026-03-20T06:44:34.472Z,RBC,3,0.15,0.17,N,VVS2,FALSE,500
2026-03-20T06:44:34.472Z,RBC,3,0.15,0.17,N,SI1,FALSE,390
2026-03-20T06:44:34.472Z,RBC,3,0.15,0.17,N,SI2,FALSE,350
2026-03-20T06:44:34.472Z,RBC,3,0.15,0.17,N,I1,FALSE,260
2026-03-20T06:44:34.472Z,RBC,3,0.18,0.22,D,IF,TRUE,1340
2026-03-20T06:44:34.472Z,RBC,3,0.18,0.22,D,VS1,TRUE,1210
2026-03-20T06:44:34.472Z,RBC,3,0.18,0.22,D,SI1,TRUE,1070
2026-03-20T06:44:34.472Z,RBC,3,0.18,0.22,D,SI2,TRUE,920
2026-03-20T06:44:34.472Z,RBC,3,0.18,0.22,D,SI3,TRUE,820
2026-03-20T06:44:34.472Z,RBC,3,0.18,0.22,D,I2,TRUE,560
2026-03-20T06:44:34.472Z,RBC,3,0.08,0.14,I,SI1,FALSE,650
2026-03-20T06:44:34.472Z,RBC,3,0.08,0.14,J,VVS1,FALSE,760
2026-03-20T06:44:34.472Z,RBC,3,0.08,0.14,J,SI3,FALSE,510
2026-03-20T06:44:34.472Z,RBC,3,0.08,0.14,K,IF,FALSE,630
2026-03-20T06:44:34.472Z,RBC,3,0.08,0.14,K,VVS1,FALSE,630
2026-03-20T06:44:34.472Z,RBC,3,0.08,0.14,K,SI1,FALSE,500
2026-03-20T06:44:34.472Z,RBC,3,0.08,0.14,L,VS2,FALSE,560
2026-03-20T06:44:34.472Z,RBC,3,0.08,0.14,L,SI3,FALSE,380
2026-03-20T06:44:34.472Z,RBC,3,0.08,0.14,M,IF,FALSE,410
2026-03-20T06:44:34.472Z,RBC,3,0.08,0.14,M,VVS1,FALSE,410
2026-03-20T06:44:34.472Z,RBC,3,0.08,0.14,M,SI2,FALSE,290
2026-03-20T06:44:34.472Z,RBC,3,0.08,0.14,M,I2,FALSE,190
2026-03-20T06:44:34.472Z,RBC,3,0.08,0.14,M,I3,FALSE,160
2026-03-20T06:44:34.472Z,RBC,3,0.08,0.14,N,IF,FALSE,410
2026-03-20T06:44:34.472Z,RBC,3,0.08,0.14,N,VS2,FALSE,370
2026-03-20T06:44:34.472Z,RBC,3,0.08,0.14,N,I2,FALSE,190
2026-03-20T06:44:34.472Z,RBC,3,0.15,0.17,D,VVS1,FALSE,1250
2026-03-20T06:44:34.472Z,RBC,3,0.15,0.17,D,VS1,FALSE,1110
2026-03-20T06:44:34.472Z,RBC,3,0.15,0.17,D,SI1,FALSE,980
2026-03-20T06:44:34.472Z,RBC,3,0.15,0.17,D,SI3,FALSE,760
2026-03-20T06:44:34.472Z,RBC,3,0.15,0.17,D,I1,FALSE,640
2026-03-20T06:44:34.472Z,RBC,3,0.15,0.17,E,IF,FALSE,1250
2026-03-20T06:44:34.472Z,RBC,3,0.15,0.17,E,VVS1,FALSE,1250
2026-03-20T06:44:34.472Z,RBC,3,0.15,0.17,E,SI2,FALSE,850
2026-03-20T06:44:34.472Z,RBC,3,0.15,0.17,E,I3,FALSE,440
2026-03-20T06:44:34.472Z,RBC,3,0.15,0.17,G,I1,FALSE,570
2026-03-20T06:44:34.472Z,RBC,3,0.15,0.17,G,I2,FALSE,470
2026-03-20T06:44:34.472Z,RBC,3,0.15,0.17,G,I3,FALSE,400
2026-03-20T06:44:34.472Z,RBC,3,0.15,0.17,H,SI1,FALSE,850
2026-03-20T06:44:34.472Z,RBC,3,0.15,0.17,H,I2,FALSE,470
2026-03-20T06:44:34.472Z,RBC,3,0.15,0.17,I,IF,FALSE,850
2026-03-20T06:44:34.472Z,RBC,3,0.15,0.17,I,VS1,FALSE,770
2026-03-20T06:44:34.472Z,RBC,3,0.15,0.17,J,VS2,FALSE,770
2026-03-20T06:44:34.472Z,RBC,3,0.15,0.17,J,SI1,FALSE,700
2026-03-20T06:44:34.472Z,RBC,3,0.15,0.17,J,SI2,FALSE,620
2026-03-20T06:44:34.472Z,RBC,3,0.15,0.17,J,I2,FALSE,400
2026-03-20T06:44:34.472Z,RBC,3,0.15,0.17,J,I3,FALSE,360
2026-03-20T06:44:34.472Z,RBC,3,0.15,0.17,K,VVS1,FALSE,690
2026-03-20T06:44:34.472Z,RBC,3,0.15,0.17,K,VVS2,FALSE,690
2026-03-20T06:44:34.472Z,RBC,3,0.15,0.17,K,SI3,FALSE,410
2026-03-20T06:44:34.472Z,RBC,3,0.15,0.17,L,IF,FALSE,690
2026-03-20T06:44:34.472Z,RBC,3,0.15,0.17,L,VVS1,FALSE,690
2026-03-20T06:44:34.472Z,RBC,3,0.15,0.17,L,SI1,FALSE,530
2026-03-20T06:44:34.472Z,RBC,3,0.15,0.17,L,SI2,FALSE,460
2026-03-20T06:44:34.472Z,RBC,3,0.15,0.17,M,IF,FALSE,500
2026-03-20T06:44:34.472Z,RBC,3,0.15,0.17,M,SI1,FALSE,390
2026-03-20T06:44:34.472Z,RBC,3,0.15,0.17,M,I1,FALSE,260
2026-03-20T06:44:34.472Z,RBC,3,0.15,0.17,M,I2,FALSE,220
2026-03-20T06:44:34.472Z,RBC,3,0.15,0.17,M,I3,FALSE,180
2026-03-20T06:44:34.472Z,RBC,3,0.18,0.22,D,VVS2,TRUE,1340
2026-03-20T06:44:34.472Z,RBC,3,0.18,0.22,D,VS2,TRUE,1210
2026-03-20T06:44:34.472Z,RBC,3,0.18,0.22,D,I1,TRUE,690
2026-03-20T06:44:34.472Z,RBC,3,0.18,0.22,E,IF,TRUE,1340
2026-03-20T06:44:34.472Z,RBC,3,0.18,0.22,E,VVS2,TRUE,1340
2026-03-20T06:44:34.472Z,RBC,3,0.18,0.22,E,VS1,TRUE,1210
2026-03-20T06:44:34.472Z,RBC,3,0.18,0.22,E,SI1,TRUE,1070
2026-03-20T06:44:34.472Z,RBC,3,0.18,0.22,E,SI3,TRUE,820
2026-03-20T06:44:34.472Z,RBC,3,0.18,0.22,E,I3,TRUE,480
2026-03-20T06:44:34.472Z,RBC,3,0.18,0.22,F,VVS2,TRUE,1340
2026-03-20T06:44:34.472Z,RBC,3,0.18,0.22,F,VS2,TRUE,1210
2026-03-20T06:44:34.472Z,RBC,3,0.18,0.22,F,SI1,TRUE,1070
2026-03-20T06:44:34.472Z,RBC,3,0.18,0.22,F,SI2,TRUE,920
2026-03-20T06:44:34.472Z,RBC,3,0.18,0.22,G,SI1,TRUE,930
2026-03-20T06:44:34.472Z,RBC,3,0.18,0.22,G,I2,TRUE,510
2026-03-20T06:44:34.472Z,RBC,3,0.18,0.22,H,VS2,TRUE,1040
2026-03-20T06:44:34.472Z,RBC,3,0.18,0.22,H,SI3,TRUE,730
2026-03-20T06:44:34.472Z,RBC,3,0.18,0.22,H,I2,TRUE,510
2026-03-20T06:44:34.472Z,RBC,3,0.18,0.22,H,I3,TRUE,430
2026-03-20T06:44:34.472Z,RBC,3,0.18,0.22,I,IF,TRUE,970
2026-03-20T06:44:34.472Z,RBC,3,0.18,0.22,I,VS2,TRUE,840
2026-03-20T06:44:34.472Z,RBC,3,0.18,0.22,I,SI3,TRUE,590
2026-03-20T06:44:34.472Z,RBC,3,0.18,0.22,I,I3,TRUE,390
2026-03-20T06:44:34.472Z,RBC,3,0.18,0.22,J,VVS2,TRUE,970
2026-03-20T06:44:34.472Z,RBC,3,0.18,0.22,J,VS2,TRUE,840
2026-03-20T06:44:34.472Z,RBC,3,0.18,0.22,K,VVS2,TRUE,820
2026-03-20T06:44:34.472Z,RBC,3,0.18,0.22,K,VS1,TRUE,700
2026-03-20T06:44:34.472Z,RBC,3,0.18,0.22,K,SI1,TRUE,620
2026-03-20T06:44:34.472Z,RBC,3,0.18,0.22,K,SI2,TRUE,520
2026-03-20T06:44:34.472Z,RBC,3,0.18,0.22,K,I3,TRUE,280
2026-03-20T06:44:34.472Z,RBC,3,0.18,0.22,L,VVS1,TRUE,820
2026-03-20T06:44:34.472Z,RBC,3,0.18,0.22,L,VVS2,TRUE,820
2026-03-20T06:44:34.472Z,RBC,3,0.18,0.22,L,I1,TRUE,400
2026-03-20T06:44:34.472Z,RBC,3,0.18,0.22,L,I3,TRUE,280
2026-03-20T06:44:34.472Z,RBC,3,0.18,0.22,M,SI1,TRUE,480
2026-03-20T06:44:34.472Z,RBC,3,0.18,0.22,M,SI3,TRUE,360
2026-03-20T06:44:34.472Z,RBC,3,0.18,0.22,N,VS2,TRUE,560
2026-03-20T06:44:34.472Z,RBC,3,0.18,0.22,N,SI1,TRUE,480
2026-03-20T06:44:34.472Z,RBC,3,0.18,0.22,N,SI2,TRUE,410
2026-03-20T06:44:34.472Z,RBC,3,0.18,0.22,N,I1,TRUE,290
2026-03-20T06:44:34.472Z,RBC,3,0.23,0.29,D,VVS1,TRUE,1600
2026-03-20T06:44:34.472Z,RBC,3,0.23,0.29,D,SI1,TRUE,1200
2026-03-20T06:44:34.472Z,RBC,3,0.23,0.29,D,I2,TRUE,600
2026-03-20T06:44:34.472Z,RBC,3,0.23,0.29,E,VVS2,TRUE,1600
2026-03-20T06:44:34.472Z,RBC,3,0.23,0.29,E,SI2,TRUE,1010
2026-03-20T06:44:34.472Z,RBC,3,0.23,0.29,F,IF,TRUE,1600
2026-03-20T06:44:34.472Z,RBC,3,0.23,0.29,F,VVS2,TRUE,1600
2026-03-20T06:44:34.472Z,RBC,3,0.23,0.29,F,VS2,TRUE,1440
2026-03-20T06:44:34.472Z,RBC,3,0.23,0.29,F,I1,TRUE,760
2026-03-20T06:44:34.472Z,RBC,3,0.23,0.29,G,VS1,TRUE,1170
2026-03-20T06:44:34.472Z,RBC,3,0.23,0.29,H,VVS1,TRUE,1310
2026-03-20T06:44:34.472Z,RBC,3,0.23,0.29,H,I3,TRUE,460
2026-03-20T06:44:34.472Z,RBC,3,0.23,0.29,I,VS1,TRUE,980
2026-03-20T06:44:34.472Z,RBC,3,0.23,0.29,I,I2,TRUE,470
2026-03-20T06:44:34.472Z,RBC,3,0.23,0.29,J,VVS1,TRUE,1090
2026-03-20T06:44:34.472Z,RBC,3,0.23,0.29,J,VVS2,TRUE,1090
2026-03-20T06:44:34.472Z,RBC,3,0.23,0.29,K,I2,TRUE,370
2026-03-20T06:44:34.472Z,RBC,3,0.23,0.29,K,I3,TRUE,300
2026-03-20T06:44:34.472Z,RBC,3,0.23,0.29,L,SI2,TRUE,610
2026-03-20T06:44:34.472Z,RBC,3,0.23,0.29,M,VS1,TRUE,670
2026-03-20T06:44:34.472Z,RBC,3,0.23,0.29,M,VS2,TRUE,670
2026-03-20T06:44:34.472Z,RBC,3,0.23,0.29,M,SI1,TRUE,560
2026-03-20T06:44:34.472Z,RBC,3,0.23,0.29,M,I1,TRUE,360
2026-03-20T06:44:34.472Z,RBC,3,0.23,0.29,N,SI3,TRUE,440
2026-03-20T06:44:34.472Z,RBC,3,0.23,0.29,N,I1,TRUE,360
2026-03-20T06:44:34.472Z,RBC,3,0.23,0.29,N,I3,TRUE,220
2026-03-20T06:44:34.472Z,RBC,3,0.3,0.39,D,IF,TRUE,3100
2026-03-20T06:44:34.472Z,RBC,3,0.3,0.39,D,VVS1,TRUE,2400
2026-03-20T06:44:34.472Z,RBC,3,0.3,0.39,D,SI1,TRUE,1500
2026-03-20T06:44:34.472Z,RBC,3,0.3,0.39,D,SI2,TRUE,1400
2026-03-20T06:44:34.472Z,RBC,3,0.18,0.22,E,I2,TRUE,560
2026-03-20T06:44:34.472Z,RBC,3,0.18,0.22,F,I1,TRUE,690
2026-03-20T06:44:34.472Z,RBC,3,0.18,0.22,G,VS1,TRUE,1040
2026-03-20T06:44:34.472Z,RBC,3,0.18,0.22,G,VS2,TRUE,1040
2026-03-20T06:44:34.472Z,RBC,3,0.18,0.22,H,SI2,TRUE,820
2026-03-20T06:44:34.472Z,RBC,3,0.18,0.22,I,VVS1,TRUE,970
2026-03-20T06:44:34.472Z,RBC,3,0.18,0.22,I,SI2,TRUE,670
2026-03-20T06:44:34.472Z,RBC,3,0.18,0.22,J,IF,TRUE,970
2026-03-20T06:44:34.472Z,RBC,3,0.18,0.22,J,VS1,TRUE,840
2026-03-20T06:44:34.472Z,RBC,3,0.18,0.22,K,VVS1,TRUE,820
2026-03-20T06:44:34.472Z,RBC,3,0.18,0.22,L,IF,TRUE,820
2026-03-20T06:44:34.472Z,RBC,3,0.18,0.22,L,VS2,TRUE,700
2026-03-20T06:44:34.472Z,RBC,3,0.18,0.22,L,SI3,TRUE,460
2026-03-20T06:44:34.472Z,RBC,3,0.18,0.22,M,VVS1,TRUE,660
2026-03-20T06:44:34.472Z,RBC,3,0.18,0.22,M,VS1,TRUE,560
2026-03-20T06:44:34.472Z,RBC,3,0.18,0.22,M,I1,TRUE,290
2026-03-20T06:44:34.472Z,RBC,3,0.18,0.22,M,I3,TRUE,200
2026-03-20T06:44:34.472Z,RBC,3,0.18,0.22,N,VVS1,TRUE,660
2026-03-20T06:44:34.472Z,RBC,3,0.18,0.22,N,VVS2,TRUE,660
2026-03-20T06:44:34.472Z,RBC,3,0.18,0.22,N,SI3,TRUE,360
2026-03-20T06:44:34.472Z,RBC,3,0.18,0.22,N,I2,TRUE,240
2026-03-20T06:44:34.472Z,RBC,3,0.23,0.29,D,VS2,TRUE,1440
2026-03-20T06:44:34.472Z,RBC,3,0.23,0.29,D,SI3,TRUE,880
2026-03-20T06:44:34.472Z,RBC,3,0.23,0.29,E,IF,TRUE,1600
2026-03-20T06:44:34.472Z,RBC,3,0.23,0.29,E,VVS1,TRUE,1600
2026-03-20T06:44:34.472Z,RBC,3,0.23,0.29,E,I1,TRUE,760
2026-03-20T06:44:34.472Z,RBC,3,0.23,0.29,F,VVS1,TRUE,1600
2026-03-20T06:44:34.472Z,RBC,3,0.23,0.29,F,VS1,TRUE,1440
2026-03-20T06:44:34.472Z,RBC,3,0.23,0.29,F,SI1,TRUE,1200
2026-03-20T06:44:34.472Z,RBC,3,0.23,0.29,F,SI2,TRUE,1010
2026-03-20T06:44:34.472Z,RBC,3,0.23,0.29,F,I2,TRUE,600
2026-03-20T06:44:34.472Z,RBC,3,0.23,0.29,G,SI1,TRUE,1030
2026-03-20T06:44:34.472Z,RBC,3,0.23,0.29,G,SI2,TRUE,890
2026-03-20T06:44:34.472Z,RBC,3,0.23,0.29,H,I1,TRUE,690
2026-03-20T06:44:34.472Z,RBC,3,0.23,0.29,I,SI3,TRUE,650
2026-03-20T06:44:34.472Z,RBC,3,0.23,0.29,I,I1,TRUE,560
2026-03-20T06:44:34.472Z,RBC,3,0.23,0.29,J,SI3,TRUE,650
2026-03-20T06:44:34.472Z,RBC,3,0.23,0.29,K,IF,TRUE,920
2026-03-20T06:44:34.472Z,RBC,3,0.23,0.29,K,VVS1,TRUE,920
2026-03-20T06:44:34.472Z,RBC,3,0.23,0.29,L,IF,TRUE,920
2026-03-20T06:44:34.472Z,RBC,3,0.23,0.29,L,VVS2,TRUE,920
2026-03-20T06:44:34.472Z,RBC,3,0.23,0.29,L,VS1,TRUE,800
2026-03-20T06:44:34.472Z,RBC,3,0.23,0.29,L,SI1,TRUE,700
2026-03-20T06:44:34.472Z,RBC,3,0.23,0.29,L,I2,TRUE,370
2026-03-20T06:44:34.472Z,RBC,3,0.23,0.29,M,I3,TRUE,220
2026-03-20T06:44:34.472Z,RBC,3,0.23,0.29,N,VVS2,TRUE,780
2026-03-20T06:44:34.472Z,RBC,3,0.23,0.29,N,VS2,TRUE,670
2026-03-20T06:44:34.472Z,RBC,3,0.23,0.29,N,SI2,TRUE,490
2026-03-20T06:44:34.472Z,RBC,3,0.23,0.29,N,I2,TRUE,280
2026-03-20T06:44:34.472Z,RBC,3,0.3,0.39,D,I1,TRUE,1200
2026-03-20T06:44:34.472Z,RBC,3,0.3,0.39,D,I2,TRUE,1100
2026-03-20T06:44:34.472Z,RBC,3,0.3,0.39,E,VS1,TRUE,1700
2026-03-20T06:44:34.472Z,RBC,3,0.3,0.39,E,VS2,TRUE,1600
2026-03-20T06:44:34.472Z,RBC,3,0.3,0.39,E,SI2,TRUE,1300
2026-03-20T06:44:34.472Z,RBC,3,0.3,0.39,F,VVS1,TRUE,2000
2026-03-20T06:44:34.472Z,RBC,3,0.3,0.39,F,I1,TRUE,1100
2026-03-20T06:44:34.472Z,RBC,3,0.3,0.39,F,I2,TRUE,1000
2026-03-20T06:44:34.472Z,RBC,3,0.3,0.39,G,IF,TRUE,2000
2026-03-20T06:44:34.472Z,RBC,3,0.3,0.39,G,VS2,TRUE,1400
2026-03-20T06:44:34.472Z,RBC,3,0.3,0.39,J,VVS1,TRUE,1200
2026-03-20T06:44:34.472Z,RBC,3,0.3,0.39,J,VS1,TRUE,1100
2026-03-20T06:44:34.472Z,RBC,3,0.3,0.39,J,VS2,TRUE,1000
2026-03-20T06:44:34.472Z,RBC,3,0.3,0.39,J,I3,FALSE,400
2026-03-20T06:44:34.472Z,RBC,3,0.3,0.39,K,VS1,FALSE,900
2026-03-20T06:44:34.472Z,RBC,3,0.3,0.39,K,I3,FALSE,400
2026-03-20T06:44:34.472Z,RBC,3,0.3,0.39,L,SI2,TRUE,800
2026-03-20T06:44:34.472Z,RBC,3,0.3,0.39,L,I1,TRUE,600
2026-03-20T06:44:34.472Z,RBC,3,0.3,0.39,M,VVS1,TRUE,900
2026-03-20T06:44:34.472Z,RBC,3,0.3,0.39,M,VVS2,TRUE,900
2026-03-20T06:44:34.472Z,RBC,3,0.4,0.49,D,I1,TRUE,1400
2026-03-20T06:44:34.472Z,RBC,3,0.4,0.49,E,IF,TRUE,2900
2026-03-20T06:44:34.472Z,RBC,3,0.4,0.49,E,I2,TRUE,1100
2026-03-20T06:44:34.472Z,RBC,3,0.4,0.49,G,VS1,TRUE,1800
2026-03-20T06:44:34.472Z,RBC,3,0.4,0.49,G,SI1,TRUE,1500
2026-03-20T06:44:34.472Z,RBC,3,0.4,0.49,G,SI3,TRUE,1200
2026-03-20T06:44:34.472Z,RBC,3,0.4,0.49,H,IF,TRUE,2000
2026-03-20T06:44:34.472Z,RBC,3,0.4,0.49,H,VS2,TRUE,1500
2026-03-20T06:44:34.472Z,RBC,3,0.4,0.49,H,SI2,TRUE,1200
2026-03-20T06:44:34.472Z,RBC,3,0.4,0.49,H,I3,FALSE,600
2026-03-20T06:44:34.472Z,RBC,3,0.4,0.49,I,SI2,TRUE,1100
2026-03-20T06:44:34.472Z,RBC,3,0.4,0.49,J,IF,TRUE,1600
2026-03-20T06:44:34.472Z,RBC,3,0.4,0.49,K,IF,TRUE,1400
2026-03-20T06:44:34.472Z,RBC,3,0.4,0.49,K,VS2,TRUE,1100
2026-03-20T06:44:34.472Z,RBC,3,0.4,0.49,K,SI2,TRUE,1000
2026-03-20T06:44:34.472Z,RBC,3,0.4,0.49,L,VS1,TRUE,1000
2026-03-20T06:44:34.472Z,RBC,3,0.4,0.49,L,SI2,TRUE,900
2026-03-20T06:44:34.472Z,RBC,3,0.4,0.49,M,VVS2,TRUE,1000
2026-03-20T06:44:34.472Z,RBC,3,0.4,0.49,M,VS2,TRUE,900
2026-03-20T06:44:34.472Z,RBC,3,0.4,0.49,M,SI1,TRUE,900
2026-03-20T06:44:34.472Z,RBC,3,0.5,0.69,D,SI1,TRUE,2200
2026-03-20T06:44:34.472Z,RBC,3,0.5,0.69,D,I1,TRUE,1500
2026-03-20T06:44:34.472Z,RBC,3,0.5,0.69,D,I2,TRUE,1400
2026-03-20T06:44:34.472Z,RBC,3,0.5,0.69,E,VVS1,TRUE,3800
2026-03-20T06:44:34.472Z,RBC,3,0.5,0.69,E,VVS2,TRUE,3100
2026-03-20T06:44:34.472Z,RBC,3,0.5,0.69,F,SI2,TRUE,1600
2026-03-20T06:44:34.472Z,RBC,3,0.5,0.69,G,VS2,TRUE,2100
2026-03-20T06:44:34.472Z,RBC,3,0.5,0.69,G,I3,FALSE,900
2026-03-20T06:44:34.472Z,RBC,3,0.5,0.69,H,VVS2,TRUE,2200
2026-03-20T06:44:34.472Z,RBC,3,0.5,0.69,H,SI3,TRUE,1200
2026-03-20T06:44:34.472Z,RBC,3,0.5,0.69,H,I2,TRUE,1100
2026-03-20T06:44:34.472Z,RBC,3,0.3,0.39,E,IF,TRUE,2600
2026-03-20T06:44:34.472Z,RBC,3,0.3,0.39,E,SI3,TRUE,1200
2026-03-20T06:44:34.472Z,RBC,3,0.3,0.39,E,I2,TRUE,1000
2026-03-20T06:44:34.472Z,RBC,3,0.3,0.39,F,SI3,TRUE,1100
2026-03-20T06:44:34.472Z,RBC,3,0.3,0.39,G,SI1,TRUE,1300
2026-03-20T06:44:34.472Z,RBC,3,0.3,0.39,G,SI3,TRUE,1100
2026-03-20T06:44:34.472Z,RBC,3,0.3,0.39,H,VVS2,TRUE,1500
2026-03-20T06:44:34.472Z,RBC,3,0.3,0.39,H,VS1,TRUE,1400
2026-03-20T06:44:34.472Z,RBC,3,0.3,0.39,H,VS2,TRUE,1300
2026-03-20T06:44:34.472Z,RBC,3,0.3,0.39,H,SI2,TRUE,1100
2026-03-20T06:44:34.472Z,RBC,3,0.3,0.39,H,I3,FALSE,500
2026-03-20T06:44:34.472Z,RBC,3,0.3,0.39,I,IF,TRUE,1500
2026-03-20T06:44:34.472Z,RBC,3,0.3,0.39,I,VVS2,TRUE,1300
2026-03-20T06:44:34.472Z,RBC,3,0.3,0.39,I,VS2,TRUE,1100
2026-03-20T06:44:34.472Z,RBC,3,0.3,0.39,I,SI2,TRUE,1000
2026-03-20T06:44:34.472Z,RBC,3,0.3,0.39,I,I3,FALSE,500
2026-03-20T06:44:34.472Z,RBC,3,0.3,0.39,J,VVS2,TRUE,1100
2026-03-20T06:44:34.472Z,RBC,3,0.3,0.39,J,I1,TRUE,800
2026-03-20T06:44:34.472Z,RBC,3,0.3,0.39,J,I2,TRUE,700
2026-03-20T06:44:34.472Z,RBC,3,0.3,0.39,K,VVS1,TRUE,1100
2026-03-20T06:44:34.472Z,RBC,3,0.3,0.39,K,VS2,TRUE,900
2026-03-20T06:44:34.472Z,RBC,3,0.3,0.39,L,IF,TRUE,1100
2026-03-20T06:44:34.472Z,RBC,3,0.3,0.39,L,VVS2,TRUE,900
2026-03-20T06:44:34.472Z,RBC,3,0.3,0.39,L,VS1,FALSE,800
2026-03-20T06:44:34.472Z,RBC,3,0.3,0.39,L,I3,FALSE,300
2026-03-20T06:44:34.472Z,RBC,3,0.3,0.39,M,IF,TRUE,1000
2026-03-20T06:44:34.472Z,RBC,3,0.3,0.39,M,SI3,TRUE,600
2026-03-20T06:44:34.472Z,RBC,3,0.3,0.39,M,I3,FALSE,300
2026-03-20T06:44:34.472Z,RBC,3,0.4,0.49,D,IF,TRUE,3500
2026-03-20T06:44:34.472Z,RBC,3,0.4,0.49,D,VVS2,TRUE,2400
2026-03-20T06:44:34.472Z,RBC,3,0.4,0.49,D,VS2,TRUE,2000
2026-03-20T06:44:34.472Z,RBC,3,0.4,0.49,D,SI1,TRUE,1800
2026-03-20T06:44:34.472Z,RBC,3,0.4,0.49,D,SI3,TRUE,1500
2026-03-20T06:44:34.472Z,RBC,3,0.4,0.49,D,I2,TRUE,1200
2026-03-20T06:44:34.472Z,RBC,3,0.4,0.49,E,VVS2,TRUE,2200
2026-03-20T06:44:34.472Z,RBC,3,0.4,0.49,E,VS1,TRUE,2000
2026-03-20T06:44:34.472Z,RBC,3,0.4,0.49,E,VS2,TRUE,1900
2026-03-20T06:44:34.472Z,RBC,3,0.4,0.49,E,SI3,TRUE,1400
2026-03-20T06:44:34.472Z,RBC,3,0.4,0.49,E,I1,TRUE,1300
2026-03-20T06:44:34.472Z,RBC,3,0.4,0.49,F,VVS2,TRUE,2100
2026-03-20T06:44:34.472Z,RBC,3,0.4,0.49,F,VS1,TRUE,1900
2026-03-20T06:44:34.472Z,RBC,3,0.4,0.49,F,VS2,TRUE,1800
2026-03-20T06:44:34.472Z,RBC,3,0.4,0.49,F,SI1,TRUE,1600
2026-03-20T06:44:34.472Z,RBC,3,0.4,0.49,F,SI2,TRUE,1400
2026-03-20T06:44:34.472Z,RBC,3,0.4,0.49,F,I1,TRUE,1200
2026-03-20T06:44:34.472Z,RBC,3,0.4,0.49,F,I2,TRUE,1100
2026-03-20T06:44:34.472Z,RBC,3,0.4,0.49,F,I3,FALSE,700
2026-03-20T06:44:34.472Z,RBC,3,0.4,0.49,G,IF,TRUE,2300
2026-03-20T06:44:34.472Z,RBC,3,0.4,0.49,G,VS2,TRUE,1700
2026-03-20T06:44:34.472Z,RBC,3,0.4,0.49,G,SI2,TRUE,1300
2026-03-20T06:44:34.472Z,RBC,3,0.4,0.49,H,VVS2,TRUE,1700
2026-03-20T06:44:34.472Z,RBC,3,0.4,0.49,H,SI1,TRUE,1400
2026-03-20T06:44:34.472Z,RBC,3,0.4,0.49,H,SI3,TRUE,1100
2026-03-20T06:44:34.472Z,RBC,3,0.4,0.49,I,VS1,TRUE,1400
2026-03-20T06:44:34.472Z,RBC,3,0.4,0.49,I,SI3,TRUE,1000
2026-03-20T06:44:34.472Z,RBC,3,0.4,0.49,I,I3,FALSE,600
2026-03-20T06:44:34.472Z,RBC,3,0.4,0.49,J,VVS1,TRUE,1400
2026-03-20T06:44:34.472Z,RBC,3,0.4,0.49,J,VVS2,TRUE,1300
2026-03-20T06:44:34.472Z,RBC,3,0.4,0.49,J,SI3,TRUE,1000
2026-03-20T06:44:34.472Z,RBC,3,0.4,0.49,J,I1,TRUE,900
2026-03-20T06:44:34.472Z,RBC,3,0.4,0.49,J,I2,TRUE,800
2026-03-20T06:44:34.472Z,RBC,3,0.4,0.49,L,IF,TRUE,1300
2026-03-20T06:44:34.472Z,RBC,3,0.4,0.49,L,VS2,TRUE,1000
2026-03-20T06:44:34.472Z,RBC,3,0.4,0.49,L,SI1,TRUE,900
2026-03-20T06:44:34.472Z,RBC,3,0.18,0.22,F,VVS1,TRUE,1340
2026-03-20T06:44:34.472Z,RBC,3,0.18,0.22,F,VS1,TRUE,1210
2026-03-20T06:44:34.472Z,RBC,3,0.18,0.22,F,I3,TRUE,480
2026-03-20T06:44:34.472Z,RBC,3,0.18,0.22,G,IF,TRUE,1150
2026-03-20T06:44:34.472Z,RBC,3,0.18,0.22,G,SI2,TRUE,820
2026-03-20T06:44:34.472Z,RBC,3,0.18,0.22,G,I1,TRUE,630
2026-03-20T06:44:34.472Z,RBC,3,0.18,0.22,G,I3,TRUE,430
2026-03-20T06:44:34.472Z,RBC,3,0.18,0.22,H,IF,TRUE,1150
2026-03-20T06:44:34.472Z,RBC,3,0.18,0.22,H,VVS1,TRUE,1150
2026-03-20T06:44:34.472Z,RBC,3,0.18,0.22,H,VS1,TRUE,1040
2026-03-20T06:44:34.472Z,RBC,3,0.18,0.22,H,SI1,TRUE,930
2026-03-20T06:44:34.472Z,RBC,3,0.18,0.22,I,VVS2,TRUE,970
2026-03-20T06:44:34.472Z,RBC,3,0.18,0.22,I,SI1,TRUE,760
2026-03-20T06:44:34.472Z,RBC,3,0.18,0.22,I,I1,TRUE,520
2026-03-20T06:44:34.472Z,RBC,3,0.18,0.22,J,VVS1,TRUE,970
2026-03-20T06:44:34.472Z,RBC,3,0.18,0.22,J,SI2,TRUE,670
2026-03-20T06:44:34.472Z,RBC,3,0.18,0.22,J,I2,TRUE,430
2026-03-20T06:44:34.472Z,RBC,3,0.18,0.22,K,IF,TRUE,820
2026-03-20T06:44:34.472Z,RBC,3,0.18,0.22,K,VS2,TRUE,700
2026-03-20T06:44:34.472Z,RBC,3,0.18,0.22,K,SI3,TRUE,460
2026-03-20T06:44:34.472Z,RBC,3,0.18,0.22,K,I1,TRUE,400
2026-03-20T06:44:34.472Z,RBC,3,0.18,0.22,K,I2,TRUE,340
2026-03-20T06:44:34.472Z,RBC,3,0.18,0.22,L,SI2,TRUE,520
2026-03-20T06:44:34.472Z,RBC,3,0.18,0.22,L,I2,TRUE,340
2026-03-20T06:44:34.472Z,RBC,3,0.18,0.22,M,VVS2,TRUE,660
2026-03-20T06:44:34.472Z,RBC,3,0.18,0.22,M,SI2,TRUE,410
2026-03-20T06:44:34.472Z,RBC,3,0.18,0.22,M,I2,TRUE,240
2026-03-20T06:44:34.472Z,RBC,3,0.18,0.22,N,VS1,TRUE,560
2026-03-20T06:44:34.472Z,RBC,3,0.23,0.29,D,VS1,TRUE,1440
2026-03-20T06:44:34.472Z,RBC,3,0.23,0.29,D,SI2,TRUE,1010
2026-03-20T06:44:34.472Z,RBC,3,0.23,0.29,D,I3,TRUE,510
2026-03-20T06:44:34.472Z,RBC,3,0.23,0.29,E,VS1,TRUE,1440
2026-03-20T06:44:34.472Z,RBC,3,0.23,0.29,E,VS2,TRUE,1440
2026-03-20T06:44:34.472Z,RBC,3,0.23,0.29,E,SI1,TRUE,1200
2026-03-20T06:44:34.472Z,RBC,3,0.23,0.29,E,I3,TRUE,510
2026-03-20T06:44:34.472Z,RBC,3,0.23,0.29,F,SI3,TRUE,880
2026-03-20T06:44:34.472Z,RBC,3,0.23,0.29,G,IF,TRUE,1310
2026-03-20T06:44:34.472Z,RBC,3,0.23,0.29,G,VVS1,TRUE,1310
2026-03-20T06:44:34.472Z,RBC,3,0.23,0.29,G,VVS2,TRUE,1310
2026-03-20T06:44:34.472Z,RBC,3,0.23,0.29,G,SI3,TRUE,780
2026-03-20T06:44:34.472Z,RBC,3,0.23,0.29,G,I2,TRUE,550
2026-03-20T06:44:34.472Z,RBC,3,0.23,0.29,G,I3,TRUE,460
2026-03-20T06:44:34.472Z,RBC,3,0.23,0.29,H,IF,TRUE,1310
2026-03-20T06:44:34.472Z,RBC,3,0.23,0.29,H,VS1,TRUE,1170
2026-03-20T06:44:34.472Z,RBC,3,0.23,0.29,H,VS2,TRUE,1170
2026-03-20T06:44:34.472Z,RBC,3,0.23,0.29,I,IF,TRUE,1090
2026-03-20T06:44:34.472Z,RBC,3,0.23,0.29,I,VVS2,TRUE,1090
2026-03-20T06:44:34.472Z,RBC,3,0.23,0.29,I,SI1,TRUE,880
2026-03-20T06:44:34.472Z,RBC,3,0.23,0.29,J,I1,TRUE,560
2026-03-20T06:44:34.472Z,RBC,3,0.23,0.29,J,I2,TRUE,470
2026-03-20T06:44:34.472Z,RBC,3,0.23,0.29,J,I3,TRUE,420
2026-03-20T06:44:34.472Z,RBC,3,0.23,0.29,K,VS2,TRUE,800
2026-03-20T06:44:34.472Z,RBC,3,0.23,0.29,K,SI2,TRUE,610
2026-03-20T06:44:34.472Z,RBC,3,0.23,0.29,L,VVS1,TRUE,920
2026-03-20T06:44:34.472Z,RBC,3,0.23,0.29,L,SI3,TRUE,540
2026-03-20T06:44:34.472Z,RBC,3,0.23,0.29,L,I1,TRUE,440
2026-03-20T06:44:34.472Z,RBC,3,0.23,0.29,M,VVS2,TRUE,780
2026-03-20T06:44:34.472Z,RBC,3,0.23,0.29,M,SI3,TRUE,440
2026-03-20T06:44:34.472Z,RBC,3,0.23,0.29,N,IF,TRUE,780
2026-03-20T06:44:34.472Z,RBC,3,0.23,0.29,N,VVS1,TRUE,780
2026-03-20T06:44:34.472Z,RBC,3,0.3,0.39,D,VVS2,TRUE,2100
2026-03-20T06:44:34.472Z,RBC,3,0.3,0.39,D,VS2,TRUE,1700
2026-03-20T06:44:34.472Z,RBC,3,0.3,0.39,D,I3,FALSE,700
2026-03-20T06:44:34.472Z,RBC,3,0.3,0.39,E,VVS1,TRUE,2200
2026-03-20T06:44:34.472Z,RBC,3,0.4,0.49,M,VS1,TRUE,900
2026-03-20T06:44:34.472Z,RBC,3,0.5,0.69,D,VVS1,TRUE,4400
2026-03-20T06:44:34.472Z,RBC,3,0.5,0.69,D,VS1,TRUE,2800
2026-03-20T06:44:34.472Z,RBC,3,0.5,0.69,D,SI3,TRUE,1600
2026-03-20T06:44:34.472Z,RBC,3,0.5,0.69,F,VS1,TRUE,2400
2026-03-20T06:44:34.472Z,RBC,3,0.5,0.69,F,VS2,TRUE,2200
2026-03-20T06:44:34.472Z,RBC,3,0.5,0.69,F,SI3,TRUE,1400
2026-03-20T06:44:34.472Z,RBC,3,0.5,0.69,F,I1,TRUE,1300
2026-03-20T06:44:34.472Z,RBC,3,0.5,0.69,G,IF,TRUE,3200
2026-03-20T06:44:34.472Z,RBC,3,0.5,0.69,G,VVS2,TRUE,2500
2026-03-20T06:44:34.472Z,RBC,3,0.5,0.69,G,VS1,TRUE,2300
2026-03-20T06:44:34.472Z,RBC,3,0.5,0.69,H,SI1,TRUE,1700
2026-03-20T06:44:34.472Z,RBC,3,0.5,0.69,H,SI2,TRUE,1400
2026-03-20T06:44:34.472Z,RBC,3,0.5,0.69,H,I1,TRUE,1100
2026-03-20T06:44:34.472Z,RBC,3,0.3,0.39,E,VVS2,TRUE,1900
2026-03-20T06:44:34.472Z,RBC,3,0.3,0.39,F,I3,FALSE,600
2026-03-20T06:44:34.472Z,RBC,3,0.3,0.39,G,VVS1,TRUE,1800
2026-03-20T06:44:34.472Z,RBC,3,0.3,0.39,G,I2,TRUE,900
2026-03-20T06:44:34.472Z,RBC,3,0.3,0.39,H,VVS1,TRUE,1600
2026-03-20T06:44:34.472Z,RBC,3,0.3,0.39,H,SI1,TRUE,1200
2026-03-20T06:44:34.472Z,RBC,3,0.3,0.39,J,SI1,TRUE,1000
2026-03-20T06:44:34.472Z,RBC,3,0.3,0.39,J,SI3,TRUE,900
2026-03-20T06:44:34.472Z,RBC,3,0.3,0.39,K,IF,TRUE,1200
2026-03-20T06:44:34.472Z,RBC,3,0.3,0.39,K,SI2,TRUE,900
2026-03-20T06:44:34.472Z,RBC,3,0.3,0.39,K,SI3,TRUE,800
2026-03-20T06:44:34.472Z,RBC,3,0.3,0.39,K,I2,TRUE,600
2026-03-20T06:44:34.472Z,RBC,3,0.3,0.39,L,SI1,TRUE,800
2026-03-20T06:44:34.472Z,RBC,3,0.3,0.39,L,SI3,TRUE,700
2026-03-20T06:44:34.472Z,RBC,3,0.3,0.39,M,VS1,TRUE,800
2026-03-20T06:44:34.472Z,RBC,3,0.3,0.39,M,SI1,TRUE,800
2026-03-20T06:44:34.472Z,RBC,3,0.3,0.39,M,I1,FALSE,500
2026-03-20T06:44:34.472Z,RBC,3,0.4,0.49,D,VVS1,TRUE,2800
2026-03-20T06:44:34.472Z,RBC,3,0.4,0.49,D,VS1,TRUE,2200
2026-03-20T06:44:34.472Z,RBC,3,0.4,0.49,E,SI2,TRUE,1500
2026-03-20T06:44:34.472Z,RBC,3,0.4,0.49,F,SI3,TRUE,1300
2026-03-20T06:44:34.472Z,RBC,3,0.4,0.49,G,VVS2,TRUE,1900
2026-03-20T06:44:34.472Z,RBC,3,0.4,0.49,G,I3,FALSE,600
2026-03-20T06:44:34.472Z,RBC,3,0.4,0.49,H,VVS1,TRUE,1800
2026-03-20T06:44:34.472Z,RBC,3,0.4,0.49,H,I1,TRUE,1000
2026-03-20T06:44:34.472Z,RBC,3,0.4,0.49,H,I2,TRUE,900
2026-03-20T06:44:34.472Z,RBC,3,0.4,0.49,I,IF,TRUE,1800
2026-03-20T06:44:34.472Z,RBC,3,0.4,0.49,I,VVS1,TRUE,1600
2026-03-20T06:44:34.472Z,RBC,3,0.4,0.49,I,VS2,TRUE,1300
2026-03-20T06:44:34.472Z,RBC,3,0.4,0.49,I,SI1,TRUE,1200
2026-03-20T06:44:34.472Z,RBC,3,0.4,0.49,K,VVS1,TRUE,1300
2026-03-20T06:44:34.472Z,RBC,3,0.4,0.49,K,VS1,TRUE,1100
2026-03-20T06:44:34.472Z,RBC,3,0.4,0.49,K,SI1,TRUE,1000
2026-03-20T06:44:34.472Z,RBC,3,0.4,0.49,K,SI3,TRUE,900
2026-03-20T06:44:34.472Z,RBC,3,0.4,0.49,K,I2,TRUE,700
2026-03-20T06:44:34.472Z,RBC,3,0.4,0.49,K,I3,FALSE,500
2026-03-20T06:44:34.472Z,RBC,3,0.4,0.49,L,SI3,TRUE,800
2026-03-20T06:44:34.472Z,RBC,3,0.4,0.49,L,I2,TRUE,600
2026-03-20T06:44:34.472Z,RBC,3,0.4,0.49,L,I3,FALSE,400
2026-03-20T06:44:34.472Z,RBC,3,0.4,0.49,M,SI2,TRUE,800
2026-03-20T06:44:34.472Z,RBC,3,0.4,0.49,M,SI3,TRUE,700
2026-03-20T06:44:34.472Z,RBC,3,0.4,0.49,M,I2,FALSE,500
2026-03-20T06:44:34.472Z,RBC,3,0.4,0.49,M,I3,FALSE,400
2026-03-20T06:44:34.472Z,RBC,3,0.5,0.69,D,VS2,TRUE,2500
2026-03-20T06:44:34.472Z,RBC,3,0.5,0.69,D,I3,FALSE,1100
2026-03-20T06:44:34.472Z,RBC,3,0.5,0.69,E,VS1,TRUE,2600
2026-03-20T06:44:34.472Z,RBC,3,0.5,0.69,E,VS2,TRUE,2300
2026-03-20T06:44:34.472Z,RBC,3,0.5,0.69,E,SI2,TRUE,1700
2026-03-20T06:44:34.472Z,RBC,3,0.5,0.69,E,SI3,TRUE,1500
2026-03-20T06:44:34.472Z,RBC,3,0.5,0.69,F,VVS1,TRUE,3300
2026-03-20T06:44:34.472Z,RBC,3,0.5,0.69,F,VVS2,TRUE,2800
2026-03-20T06:44:34.472Z,RBC,3,0.5,0.69,F,SI1,TRUE,1900
2026-03-20T06:44:34.472Z,RBC,3,0.5,0.69,F,I2,TRUE,1200
2026-03-20T06:44:34.472Z,RBC,3,0.5,0.69,G,VVS1,TRUE,2800
2026-03-20T06:44:34.472Z,RBC,3,0.5,0.69,G,SI1,TRUE,1800
2026-03-20T06:44:34.472Z,RBC,3,0.5,0.69,G,SI2,TRUE,1500
2026-03-20T06:44:34.472Z,RBC,3,0.5,0.69,G,SI3,TRUE,1300
2026-03-20T06:44:34.472Z,RBC,3,0.5,0.69,G,I1,TRUE,1200
2026-03-20T06:44:34.472Z,RBC,3,0.5,0.69,H,VS1,TRUE,2100
2026-03-20T06:44:34.472Z,RBC,3,0.18,0.22,E,SI2,TRUE,920
2026-03-20T06:44:34.472Z,RBC,3,0.18,0.22,E,I1,TRUE,690
2026-03-20T06:44:34.472Z,RBC,3,0.18,0.22,F,IF,TRUE,1340
2026-03-20T06:44:34.472Z,RBC,3,0.18,0.22,F,SI3,TRUE,820
2026-03-20T06:44:34.472Z,RBC,3,0.18,0.22,F,I2,TRUE,560
2026-03-20T06:44:34.472Z,RBC,3,0.18,0.22,G,VVS1,TRUE,1150
2026-03-20T06:44:34.472Z,RBC,3,0.18,0.22,G,VVS2,TRUE,1150
2026-03-20T06:44:34.472Z,RBC,3,0.18,0.22,G,SI3,TRUE,730
2026-03-20T06:44:34.472Z,RBC,3,0.18,0.22,H,VVS2,TRUE,1150
2026-03-20T06:44:34.472Z,RBC,3,0.18,0.22,H,I1,TRUE,630
2026-03-20T06:44:34.472Z,RBC,3,0.18,0.22,I,VS1,TRUE,840
2026-03-20T06:44:34.472Z,RBC,3,0.18,0.22,I,I2,TRUE,430
2026-03-20T06:44:34.472Z,RBC,3,0.18,0.22,J,SI1,TRUE,760
2026-03-20T06:44:34.472Z,RBC,3,0.18,0.22,J,SI3,TRUE,590
2026-03-20T06:44:34.472Z,RBC,3,0.18,0.22,J,I1,TRUE,520
2026-03-20T06:44:34.472Z,RBC,3,0.18,0.22,J,I3,TRUE,390
2026-03-20T06:44:34.472Z,RBC,3,0.18,0.22,L,VS1,TRUE,700
2026-03-20T06:44:34.472Z,RBC,3,0.18,0.22,L,SI1,TRUE,620
2026-03-20T06:44:34.472Z,RBC,3,0.18,0.22,M,IF,TRUE,660
2026-03-20T06:44:34.472Z,RBC,3,0.18,0.22,M,VS2,TRUE,560
2026-03-20T06:44:34.472Z,RBC,3,0.18,0.22,N,IF,TRUE,660
2026-03-20T06:44:34.472Z,RBC,3,0.18,0.22,N,I3,TRUE,200
2026-03-20T06:44:34.472Z,RBC,3,0.23,0.29,D,IF,TRUE,1600
2026-03-20T06:44:34.472Z,RBC,3,0.23,0.29,D,VVS2,TRUE,1600
2026-03-20T06:44:34.472Z,RBC,3,0.23,0.29,D,I1,TRUE,760
2026-03-20T06:44:34.472Z,RBC,3,0.23,0.29,E,SI3,TRUE,880
2026-03-20T06:44:34.472Z,RBC,3,0.23,0.29,E,I2,TRUE,600
2026-03-20T06:44:34.472Z,RBC,3,0.23,0.29,F,I3,TRUE,510
2026-03-20T06:44:34.472Z,RBC,3,0.23,0.29,G,VS2,TRUE,1170
2026-03-20T06:44:34.472Z,RBC,3,0.23,0.29,G,I1,TRUE,690
2026-03-20T06:44:34.472Z,RBC,3,0.23,0.29,H,VVS2,TRUE,1310
2026-03-20T06:44:34.472Z,RBC,3,0.23,0.29,H,SI1,TRUE,1030
2026-03-20T06:44:34.472Z,RBC,3,0.23,0.29,H,SI2,TRUE,890
2026-03-20T06:44:34.472Z,RBC,3,0.23,0.29,H,SI3,TRUE,780
2026-03-20T06:44:34.472Z,RBC,3,0.23,0.29,H,I2,TRUE,550
2026-03-20T06:44:34.472Z,RBC,3,0.23,0.29,I,VVS1,TRUE,1090
2026-03-20T06:44:34.472Z,RBC,3,0.23,0.29,I,VS2,TRUE,980
2026-03-20T06:44:34.472Z,RBC,3,0.23,0.29,I,SI2,TRUE,750
2026-03-20T06:44:34.472Z,RBC,3,0.23,0.29,I,I3,TRUE,420
2026-03-20T06:44:34.472Z,RBC,3,0.23,0.29,J,IF,TRUE,1090
2026-03-20T06:44:34.472Z,RBC,3,0.23,0.29,J,VS1,TRUE,980
2026-03-20T06:44:34.472Z,RBC,3,0.23,0.29,J,VS2,TRUE,980
2026-03-20T06:44:34.472Z,RBC,3,0.23,0.29,J,SI1,TRUE,880
2026-03-20T06:44:34.472Z,RBC,3,0.23,0.29,J,SI2,TRUE,750
2026-03-20T06:44:34.472Z,RBC,3,0.23,0.29,K,VVS2,TRUE,920
2026-03-20T06:44:34.472Z,RBC,3,0.23,0.29,K,VS1,TRUE,800
2026-03-20T06:44:34.472Z,RBC,3,0.23,0.29,K,SI1,TRUE,700
2026-03-20T06:44:34.472Z,RBC,3,0.23,0.29,K,SI3,TRUE,540
2026-03-20T06:44:34.472Z,RBC,3,0.23,0.29,K,I1,TRUE,440
2026-03-20T06:44:34.472Z,RBC,3,0.23,0.29,L,VS2,TRUE,800
2026-03-20T06:44:34.472Z,RBC,3,0.23,0.29,L,I3,TRUE,300
2026-03-20T06:44:34.472Z,RBC,3,0.23,0.29,M,IF,TRUE,780
2026-03-20T06:44:34.472Z,RBC,3,0.23,0.29,M,VVS1,TRUE,780
2026-03-20T06:44:34.472Z,RBC,3,0.23,0.29,M,SI2,TRUE,490
2026-03-20T06:44:34.472Z,RBC,3,0.23,0.29,M,I2,TRUE,280
2026-03-20T06:44:34.472Z,RBC,3,0.23,0.29,N,VS1,TRUE,670
2026-03-20T06:44:34.472Z,RBC,3,0.23,0.29,N,SI1,TRUE,560
2026-03-20T06:44:34.472Z,RBC,3,0.3,0.39,D,VS1,TRUE,1900
2026-03-20T06:44:34.472Z,RBC,3,0.3,0.39,D,SI3,TRUE,1300
2026-03-20T06:44:34.472Z,RBC,3,0.3,0.39,E,SI1,TRUE,1400
2026-03-20T06:44:34.472Z,RBC,3,0.3,0.39,E,I1,TRUE,1100
2026-03-20T06:44:34.472Z,RBC,3,0.3,0.39,E,I3,FALSE,600
2026-03-20T06:44:34.472Z,RBC,3,0.3,0.39,F,IF,TRUE,2300
2026-03-20T06:44:34.472Z,RBC,3,0.3,0.39,F,VVS2,TRUE,1800
2026-03-20T06:44:34.472Z,RBC,3,0.3,0.39,F,VS1,TRUE,1600
2026-03-20T06:44:34.472Z,RBC,3,0.3,0.39,F,VS2,TRUE,1500
2026-03-20T06:44:34.472Z,RBC,3,0.3,0.39,F,SI1,TRUE,1300
2026-03-20T06:44:34.472Z,RBC,3,0.3,0.39,F,SI2,TRUE,1200
2026-03-20T06:44:34.472Z,RBC,3,0.3,0.39,G,VVS2,TRUE,1600
2026-03-20T06:44:34.472Z,RBC,3,0.3,0.39,G,VS1,TRUE,1500
2026-03-20T06:44:34.472Z,RBC,3,0.3,0.39,G,SI2,TRUE,1200
2026-03-20T06:44:34.472Z,RBC,3,0.3,0.39,G,I1,TRUE,1000
2026-03-20T06:44:34.472Z,RBC,3,0.3,0.39,G,I3,FALSE,500
2026-03-20T06:44:34.472Z,RBC,3,0.3,0.39,H,IF,TRUE,1700
2026-03-20T06:44:34.472Z,RBC,3,0.3,0.39,H,SI3,TRUE,1000
2026-03-20T06:44:34.472Z,RBC,3,0.3,0.39,H,I1,TRUE,900
2026-03-20T06:44:34.472Z,RBC,3,0.3,0.39,H,I2,TRUE,800
2026-03-20T06:44:34.472Z,RBC,3,0.3,0.39,I,VVS1,TRUE,1400
2026-03-20T06:44:34.472Z,RBC,3,0.3,0.39,I,VS1,TRUE,1200
2026-03-20T06:44:34.472Z,RBC,3,0.3,0.39,I,SI1,TRUE,1100
2026-03-20T06:44:34.472Z,RBC,3,0.3,0.39,I,SI3,TRUE,900
2026-03-20T06:44:34.472Z,RBC,3,0.3,0.39,I,I1,TRUE,800
2026-03-20T06:44:34.472Z,RBC,3,0.3,0.39,I,I2,TRUE,700
2026-03-20T06:44:34.472Z,RBC,3,0.3,0.39,J,IF,TRUE,1300
2026-03-20T06:44:34.472Z,RBC,3,0.3,0.39,J,SI2,TRUE,1000
2026-03-20T06:44:34.472Z,RBC,3,0.3,0.39,K,VVS2,TRUE,1000
2026-03-20T06:44:34.472Z,RBC,3,0.3,0.39,K,SI1,TRUE,900
2026-03-20T06:44:34.472Z,RBC,3,0.3,0.39,K,I1,TRUE,700
2026-03-20T06:44:34.472Z,RBC,3,0.3,0.39,L,VVS1,TRUE,1000
2026-03-20T06:44:34.472Z,RBC,3,0.3,0.39,L,VS2,TRUE,800
2026-03-20T06:44:34.472Z,RBC,3,0.3,0.39,L,I2,FALSE,500
2026-03-20T06:44:34.472Z,RBC,3,0.3,0.39,M,VS2,TRUE,800
2026-03-20T06:44:34.472Z,RBC,3,0.3,0.39,M,SI2,TRUE,700
2026-03-20T06:44:34.472Z,RBC,3,0.3,0.39,M,I2,FALSE,400
2026-03-20T06:44:34.472Z,RBC,3,0.4,0.49,D,SI2,TRUE,1600
2026-03-20T06:44:34.472Z,RBC,3,0.4,0.49,D,I3,FALSE,800
2026-03-20T06:44:34.472Z,RBC,3,0.4,0.49,E,VVS1,TRUE,2500
2026-03-20T06:44:34.472Z,RBC,3,0.4,0.49,E,SI1,TRUE,1700
2026-03-20T06:44:34.472Z,RBC,3,0.4,0.49,E,I3,FALSE,700
2026-03-20T06:44:34.472Z,RBC,3,0.4,0.49,F,IF,TRUE,2600
2026-03-20T06:44:34.472Z,RBC,3,0.4,0.49,F,VVS1,TRUE,2300
2026-03-20T06:44:34.472Z,RBC,3,0.4,0.49,G,VVS1,TRUE,2000
2026-03-20T06:44:34.472Z,RBC,3,0.4,0.49,G,I1,TRUE,1100
2026-03-20T06:44:34.472Z,RBC,3,0.4,0.49,G,I2,TRUE,1000
2026-03-20T06:44:34.472Z,RBC,3,0.4,0.49,H,VS1,TRUE,1600
2026-03-20T06:44:34.472Z,RBC,3,0.4,0.49,I,VVS2,TRUE,1500
2026-03-20T06:44:34.472Z,RBC,3,0.4,0.49,I,I1,TRUE,900
2026-03-20T06:44:34.472Z,RBC,3,0.4,0.49,I,I2,TRUE,800
2026-03-20T06:44:34.472Z,RBC,3,0.4,0.49,J,VS1,TRUE,1300
2026-03-20T06:44:34.472Z,RBC,3,0.4,0.49,J,VS2,TRUE,1200
2026-03-20T06:44:34.472Z,RBC,3,0.4,0.49,J,SI1,TRUE,1100
2026-03-20T06:44:34.472Z,RBC,3,0.4,0.49,J,SI2,TRUE,1100
2026-03-20T06:44:34.472Z,RBC,3,0.4,0.49,J,I3,FALSE,500
2026-03-20T06:44:34.472Z,RBC,3,0.4,0.49,K,VVS2,TRUE,1200
2026-03-20T06:44:34.472Z,RBC,3,0.4,0.49,K,I1,TRUE,800
2026-03-20T06:44:34.472Z,RBC,3,0.4,0.49,L,VVS1,TRUE,1200
2026-03-20T06:44:34.472Z,RBC,3,0.4,0.49,L,VVS2,TRUE,1100
2026-03-20T06:44:34.472Z,RBC,3,0.4,0.49,L,I1,TRUE,700
2026-03-20T06:44:34.472Z,RBC,3,0.4,0.49,M,IF,TRUE,1200
2026-03-20T06:44:34.472Z,RBC,3,0.4,0.49,M,VVS1,TRUE,1100
2026-03-20T06:44:34.472Z,RBC,3,0.4,0.49,M,I1,TRUE,600
2026-03-20T06:44:34.472Z,RBC,3,0.5,0.69,D,IF,TRUE,5500
2026-03-20T06:44:34.472Z,RBC,3,0.5,0.69,D,VVS2,TRUE,3400
2026-03-20T06:44:34.472Z,RBC,3,0.5,0.69,D,SI2,TRUE,1800
2026-03-20T06:44:34.472Z,RBC,3,0.5,0.69,E,IF,TRUE,4400
2026-03-20T06:44:34.472Z,RBC,3,0.5,0.69,E,SI1,TRUE,2000
2026-03-20T06:44:34.472Z,RBC,3,0.5,0.69,E,I1,TRUE,1400
2026-03-20T06:44:34.472Z,RBC,3,0.5,0.69,E,I2,TRUE,1300
2026-03-20T06:44:34.472Z,RBC,3,0.5,0.69,E,I3,FALSE,1000
2026-03-20T06:44:34.472Z,RBC,3,0.5,0.69,F,IF,TRUE,3800
2026-03-20T06:44:34.472Z,RBC,3,0.5,0.69,F,I3,FALSE,1000
2026-03-20T06:44:34.472Z,RBC,3,0.5,0.69,G,I2,TRUE,1100
2026-03-20T06:44:34.472Z,RBC,3,0.5,0.69,H,IF,TRUE,2600
2026-03-20T06:44:34.472Z,RBC,3,0.5,0.69,H,VVS1,TRUE,2300
2026-03-20T06:44:34.472Z,RBC,3,0.5,0.69,H,VS2,TRUE,2000
2026-03-20T06:44:34.472Z,RBC,3,0.5,0.69,I,VS1,TRUE,1800
2026-03-20T06:44:34.472Z,RBC,3,0.5,0.69,I,I1,TRUE,1000
2026-03-20T06:44:34.472Z,RBC,3,0.5,0.69,J,IF,TRUE,1900
2026-03-20T06:44:34.472Z,RBC,3,0.5,0.69,J,VVS1,TRUE,1700
2026-03-20T06:44:34.472Z,RBC,3,0.5,0.69,J,VVS2,TRUE,1600
2026-03-20T06:44:34.472Z,RBC,3,0.5,0.69,J,SI3,TRUE,1100
2026-03-20T06:44:34.472Z,RBC,3,0.5,0.69,J,I3,FALSE,700
2026-03-20T06:44:34.472Z,RBC,3,0.5,0.69,K,VVS2,TRUE,1400
2026-03-20T06:44:34.472Z,RBC,3,0.5,0.69,K,VS2,TRUE,1200
2026-03-20T06:44:34.472Z,RBC,3,0.5,0.69,L,I2,TRUE,800
2026-03-20T06:44:34.472Z,RBC,3,0.5,0.69,M,VVS1,TRUE,1300
2026-03-20T06:44:34.472Z,RBC,3,0.5,0.69,M,I1,TRUE,900
2026-03-20T06:44:34.472Z,RBC,3,0.5,0.69,M,I2,TRUE,700
2026-03-20T06:44:34.472Z,RBC,3,0.5,0.69,M,I3,FALSE,500
2026-03-20T06:44:34.472Z,RBC,3,0.7,0.89,D,VS2,TRUE,3300
2026-03-20T06:44:34.472Z,RBC,3,0.7,0.89,E,I1,TRUE,1900
2026-03-20T06:44:34.472Z,RBC,3,0.7,0.89,F,VVS2,TRUE,3900
2026-03-20T06:44:34.472Z,RBC,3,0.7,0.89,F,SI1,TRUE,2500
2026-03-20T06:44:34.472Z,RBC,3,0.7,0.89,F,SI2,TRUE,2100
2026-03-20T06:44:34.472Z,RBC,3,0.7,0.89,F,SI3,TRUE,1900
2026-03-20T06:44:34.472Z,RBC,3,0.7,0.89,F,I3,FALSE,1100
2026-03-20T06:44:34.472Z,RBC,3,0.7,0.89,G,SI2,TRUE,2000
2026-03-20T06:44:34.472Z,RBC,3,0.7,0.89,G,I1,TRUE,1700
2026-03-20T06:44:34.472Z,RBC,3,0.7,0.89,G,I2,TRUE,1600
2026-03-20T06:44:34.472Z,RBC,3,0.7,0.89,I,IF,TRUE,2900
2026-03-20T06:44:34.472Z,RBC,3,0.7,0.89,I,VVS1,TRUE,2600
2026-03-20T06:44:34.472Z,RBC,3,0.7,0.89,I,SI1,TRUE,1800
2026-03-20T06:44:34.472Z,RBC,3,0.7,0.89,I,SI3,TRUE,1500
2026-03-20T06:44:34.472Z,RBC,3,0.7,0.89,I,I1,TRUE,1400
2026-03-20T06:44:34.472Z,RBC,3,0.7,0.89,I,I3,FALSE,900
2026-03-20T06:44:34.472Z,RBC,3,0.7,0.89,J,VVS1,TRUE,2200
2026-03-20T06:44:34.472Z,RBC,3,0.7,0.89,J,VS1,TRUE,1900
2026-03-20T06:44:34.472Z,RBC,3,0.7,0.89,J,SI2,TRUE,1500
2026-03-20T06:44:34.472Z,RBC,3,0.7,0.89,J,I3,FALSE,800
2026-03-20T06:44:34.472Z,RBC,3,0.7,0.89,L,IF,TRUE,2000
2026-03-20T06:44:34.472Z,RBC,3,0.7,0.89,L,VS2,TRUE,1400
2026-03-20T06:44:34.472Z,RBC,3,0.7,0.89,L,I3,FALSE,700
2026-03-20T06:44:34.472Z,RBC,3,0.7,0.89,M,IF,TRUE,1800
2026-03-20T06:44:34.472Z,RBC,3,0.7,0.89,M,VS1,TRUE,1300
2026-03-20T06:44:34.472Z,RBC,3,0.7,0.89,M,SI3,TRUE,1100
2026-03-20T06:44:34.472Z,RBC,3,0.7,0.89,M,I2,TRUE,800
2026-03-20T06:44:34.472Z,RBC,3,0.9,0.99,D,SI1,TRUE,4000
2026-03-20T06:44:34.472Z,RBC,3,0.9,0.99,D,I3,FALSE,1500
2026-03-20T06:44:34.472Z,RBC,3,0.9,0.99,E,SI1,TRUE,3600
2026-03-20T06:44:34.472Z,RBC,3,0.9,0.99,E,SI2,TRUE,2900
2026-03-20T06:44:34.472Z,RBC,3,0.9,0.99,F,VVS1,TRUE,7100
2026-03-20T06:44:34.472Z,RBC,3,0.9,0.99,G,IF,TRUE,6500
2026-03-20T06:44:34.472Z,RBC,3,0.9,0.99,G,VVS2,TRUE,4900
2026-03-20T06:44:34.472Z,RBC,3,0.9,0.99,H,I2,TRUE,1800
2026-03-20T06:44:34.472Z,RBC,3,0.9,0.99,I,VVS2,TRUE,3700
2026-03-20T06:44:34.472Z,RBC,3,0.9,0.99,J,VVS2,TRUE,3100
2026-03-20T06:44:34.472Z,RBC,3,0.9,0.99,J,VS2,TRUE,2600
2026-03-20T06:44:34.472Z,RBC,3,0.9,0.99,J,SI2,TRUE,2100
2026-03-20T06:44:34.472Z,RBC,3,0.9,0.99,K,IF,TRUE,3200
2026-03-20T06:44:34.472Z,RBC,3,0.9,0.99,K,VS1,TRUE,2500
2026-03-20T06:44:34.472Z,RBC,3,0.9,0.99,L,I1,TRUE,1600
2026-03-20T06:44:34.472Z,RBC,3,0.9,0.99,L,I3,FALSE,800
2026-03-20T06:44:34.472Z,RBC,3,0.9,0.99,M,IF,TRUE,2400
2026-03-20T06:44:34.472Z,RBC,3,0.9,0.99,M,VVS2,TRUE,2000
2026-03-20T06:44:34.472Z,RBC,3,0.9,0.99,M,VS2,TRUE,1700
2026-03-20T06:44:34.472Z,RBC,3,0.9,0.99,M,SI1,TRUE,1600
2026-03-20T06:44:34.472Z,RBC,3,0.9,0.99,M,SI2,TRUE,1500
2026-03-20T06:44:34.472Z,RBC,3,0.9,0.99,M,SI3,TRUE,1500
2026-03-20T06:44:34.472Z,RBC,3,0.9,0.99,M,I2,TRUE,1100
2026-03-20T06:44:34.472Z,RBC,3,0.9,0.99,M,I3,FALSE,700
2026-03-20T06:44:34.472Z,RBC,3,1,1.49,D,IF,TRUE,16000
2026-03-20T06:44:34.472Z,RBC,3,1,1.49,D,VVS1,TRUE,12800
2026-03-20T06:44:34.472Z,RBC,3,1,1.49,E,SI3,TRUE,3300
2026-03-20T06:44:34.472Z,RBC,3,1,1.49,F,SI3,TRUE,3100
2026-03-20T06:44:34.472Z,RBC,3,1,1.49,F,I3,FALSE,1400
2026-03-20T06:44:34.472Z,RBC,3,1,1.49,G,SI1,TRUE,4100
2026-03-20T06:44:34.472Z,RBC,3,1,1.49,G,I1,TRUE,2700
2026-03-20T06:44:34.472Z,RBC,3,1,1.49,H,IF,TRUE,6100
2026-03-20T06:44:34.472Z,RBC,3,1,1.49,H,VVS2,TRUE,5200
2026-03-20T06:44:34.472Z,RBC,3,1,1.49,H,VS1,TRUE,4900
2026-03-20T06:44:34.472Z,RBC,3,1,1.49,H,I1,TRUE,2600
2026-03-20T06:44:34.472Z,RBC,3,1,1.49,H,I3,FALSE,1300
2026-03-20T06:44:34.472Z,RBC,3,1,1.49,I,VVS1,TRUE,4700
2026-03-20T06:44:34.472Z,RBC,3,1,1.49,I,SI3,TRUE,2600
2026-03-20T06:44:34.472Z,RBC,3,1,1.49,K,SI1,TRUE,2500
2026-03-20T06:44:34.472Z,RBC,3,1,1.49,K,I1,TRUE,2100
2026-03-20T06:44:34.472Z,RBC,3,1,1.49,L,VS1,TRUE,2500
2026-03-20T06:44:34.472Z,RBC,3,1,1.49,L,VS2,TRUE,2300
2026-03-20T06:44:34.472Z,RBC,3,1,1.49,L,SI3,TRUE,1900
2026-03-20T06:44:34.472Z,RBC,3,1,1.49,L,I1,TRUE,1800
2026-03-20T06:44:34.472Z,RBC,3,1,1.49,M,I2,TRUE,1600
2026-03-20T06:44:34.472Z,RBC,3,1.5,1.99,D,VVS1,TRUE,18700
2026-03-20T06:44:34.472Z,RBC,3,1.5,1.99,D,I1,TRUE,5500
2026-03-20T06:44:34.472Z,RBC,3,1.5,1.99,D,I2,TRUE,3500
2026-03-20T06:44:34.472Z,RBC,3,1.5,1.99,D,I3,FALSE,1800
2026-03-20T06:44:34.472Z,RBC,3,1.5,1.99,E,VVS2,TRUE,14300
2026-03-20T06:44:34.472Z,RBC,3,1.5,1.99,E,VS2,TRUE,11000
2026-03-20T06:44:34.472Z,RBC,3,1.5,1.99,E,SI1,TRUE,8600
2026-03-20T06:44:34.472Z,RBC,3,1.5,1.99,F,I1,TRUE,4900
2026-03-20T06:44:34.472Z,RBC,3,1.5,1.99,F,I2,TRUE,3200
2026-03-20T06:44:34.472Z,RBC,3,1.5,1.99,F,I3,FALSE,1600
2026-03-20T06:44:34.472Z,RBC,3,1.5,1.99,G,SI1,TRUE,7500
2026-03-20T06:44:34.472Z,RBC,3,1.5,1.99,H,VVS1,TRUE,10000
2026-03-20T06:44:34.472Z,RBC,3,1.5,1.99,H,VVS2,TRUE,9100
2026-03-20T06:44:34.472Z,RBC,3,1.5,1.99,H,VS2,TRUE,7400
2026-03-20T06:44:34.472Z,RBC,3,1.5,1.99,H,SI2,TRUE,5500
2026-03-20T06:44:34.472Z,RBC,3,1.5,1.99,I,VVS1,TRUE,8100
2026-03-20T06:44:34.472Z,RBC,3,1.5,1.99,I,I1,TRUE,3900
2026-03-20T06:44:34.472Z,RBC,3,1.5,1.99,I,I2,TRUE,2700
2026-03-20T06:44:34.472Z,RBC,3,1.5,1.99,L,IF,TRUE,5300
2026-03-20T06:44:34.472Z,RBC,3,1.5,1.99,L,SI1,TRUE,3500
2026-03-20T06:44:34.472Z,RBC,3,1.5,1.99,L,I2,TRUE,2300
2026-03-20T06:44:34.472Z,RBC,3,1.5,1.99,M,VVS1,TRUE,4100
2026-03-20T06:44:34.472Z,RBC,3,1.5,1.99,M,VVS2,TRUE,3900
2026-03-20T06:44:34.472Z,RBC,3,1.5,1.99,M,I2,TRUE,2200
2026-03-20T06:44:34.472Z,RBC,3,0.5,0.69,I,VVS1,TRUE,2000
2026-03-20T06:44:34.472Z,RBC,3,0.5,0.69,I,VS2,TRUE,1700
2026-03-20T06:44:34.472Z,RBC,3,0.5,0.69,I,I2,TRUE,1000
2026-03-20T06:44:34.472Z,RBC,3,0.5,0.69,J,VS2,TRUE,1400
2026-03-20T06:44:34.472Z,RBC,3,0.5,0.69,J,SI2,TRUE,1200
2026-03-20T06:44:34.472Z,RBC,3,0.5,0.69,J,I1,TRUE,1000
2026-03-20T06:44:34.472Z,RBC,3,0.5,0.69,L,SI1,TRUE,1100
2026-03-20T06:44:34.472Z,RBC,3,0.5,0.69,M,SI2,TRUE,900
2026-03-20T06:44:34.472Z,RBC,3,0.5,0.69,M,SI3,TRUE,900
2026-03-20T06:44:34.472Z,RBC,3,0.7,0.89,D,IF,TRUE,7000
2026-03-20T06:44:34.472Z,RBC,3,0.7,0.89,D,SI1,TRUE,2900
2026-03-20T06:44:34.472Z,RBC,3,0.7,0.89,D,SI3,TRUE,2300
2026-03-20T06:44:34.472Z,RBC,3,0.7,0.89,E,IF,TRUE,5700
2026-03-20T06:44:34.472Z,RBC,3,0.7,0.89,E,SI2,TRUE,2300
2026-03-20T06:44:34.472Z,RBC,3,0.7,0.89,E,I3,FALSE,1100
2026-03-20T06:44:34.472Z,RBC,3,0.7,0.89,F,VS1,TRUE,3400
2026-03-20T06:44:34.472Z,RBC,3,0.7,0.89,F,I1,TRUE,1800
2026-03-20T06:44:34.472Z,RBC,3,0.7,0.89,F,I2,TRUE,1700
2026-03-20T06:44:34.472Z,RBC,3,0.7,0.89,G,VS1,TRUE,3100
2026-03-20T06:44:34.472Z,RBC,3,0.7,0.89,G,SI3,TRUE,1800
2026-03-20T06:44:34.472Z,RBC,3,0.7,0.89,G,I3,FALSE,1000
2026-03-20T06:44:34.472Z,RBC,3,0.7,0.89,H,VS1,TRUE,2600
2026-03-20T06:44:34.472Z,RBC,3,0.7,0.89,H,VS2,TRUE,2400
2026-03-20T06:44:34.472Z,RBC,3,0.7,0.89,H,SI2,TRUE,1800
2026-03-20T06:44:34.472Z,RBC,3,0.7,0.89,I,VVS2,TRUE,2400
2026-03-20T06:44:34.472Z,RBC,3,0.7,0.89,I,VS2,TRUE,2100
2026-03-20T06:44:34.472Z,RBC,3,0.7,0.89,I,SI2,TRUE,1600
2026-03-20T06:44:34.472Z,RBC,3,0.7,0.89,I,I2,TRUE,1400
2026-03-20T06:44:34.472Z,RBC,3,0.7,0.89,J,VVS2,TRUE,2000
2026-03-20T06:44:34.472Z,RBC,3,0.7,0.89,J,I1,TRUE,1300
2026-03-20T06:44:34.472Z,RBC,3,0.7,0.89,K,I1,TRUE,1200
2026-03-20T06:44:34.472Z,RBC,3,0.7,0.89,K,I2,TRUE,1100
2026-03-20T06:44:34.472Z,RBC,3,0.7,0.89,L,SI2,TRUE,1200
2026-03-20T06:44:34.472Z,RBC,3,0.7,0.89,L,SI3,TRUE,1200
2026-03-20T06:44:34.472Z,RBC,3,0.7,0.89,L,I2,TRUE,900
2026-03-20T06:44:34.472Z,RBC,3,0.7,0.89,M,SI1,TRUE,1200
2026-03-20T06:44:34.472Z,RBC,3,0.9,0.99,D,IF,TRUE,10400
2026-03-20T06:44:34.472Z,RBC,3,0.9,0.99,D,VS1,TRUE,5700
2026-03-20T06:44:34.472Z,RBC,3,0.9,0.99,E,SI3,TRUE,2600
2026-03-20T06:44:34.472Z,RBC,3,0.9,0.99,E,I1,TRUE,2500
2026-03-20T06:44:34.472Z,RBC,3,0.9,0.99,E,I3,FALSE,1400
2026-03-20T06:44:34.472Z,RBC,3,0.9,0.99,F,IF,TRUE,8200
2026-03-20T06:44:34.472Z,RBC,3,0.9,0.99,F,SI1,TRUE,3400
2026-03-20T06:44:34.472Z,RBC,3,0.9,0.99,F,SI3,TRUE,2400
2026-03-20T06:44:34.472Z,RBC,3,0.9,0.99,G,I3,FALSE,1200
2026-03-20T06:44:34.472Z,RBC,3,0.9,0.99,H,VVS1,TRUE,4600
2026-03-20T06:44:34.472Z,RBC,3,0.9,0.99,H,SI1,TRUE,2900
2026-03-20T06:44:34.472Z,RBC,3,0.9,0.99,H,SI2,TRUE,2400
2026-03-20T06:44:34.472Z,RBC,3,0.9,0.99,H,I1,TRUE,2200
2026-03-20T06:44:34.472Z,RBC,3,0.9,0.99,I,IF,TRUE,4500
2026-03-20T06:44:34.472Z,RBC,3,0.9,0.99,J,VVS1,TRUE,3400
2026-03-20T06:44:34.472Z,RBC,3,0.9,0.99,J,VS1,TRUE,2800
2026-03-20T06:44:34.472Z,RBC,3,0.9,0.99,J,I2,TRUE,1600
2026-03-20T06:44:34.472Z,RBC,3,0.9,0.99,K,SI2,TRUE,1900
2026-03-20T06:44:34.472Z,RBC,3,0.9,0.99,K,I3,FALSE,900
2026-03-20T06:44:34.472Z,RBC,3,0.9,0.99,L,IF,TRUE,2700
2026-03-20T06:44:34.472Z,RBC,3,0.9,0.99,L,VS2,TRUE,1900
2026-03-20T06:44:34.472Z,RBC,3,0.9,0.99,L,SI3,TRUE,1700
2026-03-20T06:44:34.472Z,RBC,3,0.9,0.99,M,VVS1,TRUE,2200
2026-03-20T06:44:34.472Z,RBC,3,0.9,0.99,M,VS1,TRUE,1900
2026-03-20T06:44:34.472Z,RBC,3,0.9,0.99,M,I1,TRUE,1400
2026-03-20T06:44:34.472Z,RBC,3,1,1.49,D,VVS2,TRUE,9700
2026-03-20T06:44:34.472Z,RBC,3,1,1.49,D,VS2,TRUE,6900
2026-03-20T06:44:34.472Z,RBC,3,1,1.49,D,SI2,TRUE,4100
2026-03-20T06:44:34.472Z,RBC,3,1,1.49,D,I1,TRUE,3300
2026-03-20T06:44:34.472Z,RBC,3,1,1.49,E,VVS2,TRUE,8800
2026-03-20T06:44:34.472Z,RBC,3,1,1.49,E,SI1,TRUE,4800
2026-03-20T06:44:34.472Z,RBC,3,1,1.49,E,SI2,TRUE,3800
2026-03-20T06:44:34.472Z,RBC,3,1,1.49,E,I3,FALSE,1500
2026-03-20T06:44:34.472Z,RBC,3,1,1.49,F,IF,TRUE,10700
2026-03-20T06:44:34.472Z,RBC,3,1,1.49,F,VVS1,TRUE,9700
2026-03-20T06:44:34.472Z,RBC,3,1,1.49,F,VVS2,TRUE,8000
2026-03-20T06:44:34.472Z,RBC,3,1,1.49,F,I2,TRUE,2300
2026-03-20T06:44:34.472Z,RBC,3,1,1.49,G,VS2,TRUE,5100
2026-03-20T06:44:34.472Z,RBC,3,1,1.49,G,I2,TRUE,2200
2026-03-20T06:44:34.472Z,RBC,3,1,1.49,H,SI2,TRUE,3100
2026-03-20T06:44:34.472Z,RBC,3,1,1.49,H,SI3,TRUE,2800
2026-03-20T06:44:34.472Z,RBC,3,1,1.49,J,IF,TRUE,4300
2026-03-20T06:44:34.472Z,RBC,3,1,1.49,J,I1,TRUE,2200
2026-03-20T06:44:34.472Z,RBC,3,1,1.49,J,I2,TRUE,1900
2026-03-20T06:44:34.472Z,RBC,3,1,1.49,J,I3,FALSE,1200
2026-03-20T06:44:34.472Z,RBC,3,1,1.49,K,VVS2,TRUE,3100
2026-03-20T06:44:34.472Z,RBC,3,1,1.49,K,I3,FALSE,1100
2026-03-20T06:44:34.472Z,RBC,3,1,1.49,L,SI2,TRUE,2000
2026-03-20T06:44:34.472Z,RBC,3,1,1.49,L,I2,TRUE,1700
2026-03-20T06:44:34.472Z,RBC,3,1,1.49,M,IF,TRUE,2700
2026-03-20T06:44:34.472Z,RBC,3,1,1.49,M,SI1,TRUE,1900
2026-03-20T06:44:34.472Z,RBC,3,1.5,1.99,D,IF,TRUE,21000
2026-03-20T06:44:34.472Z,RBC,3,1.5,1.99,D,VVS2,TRUE,15400
2026-03-20T06:44:34.472Z,RBC,3,1.5,1.99,E,I2,TRUE,3300
2026-03-20T06:44:34.472Z,RBC,3,1.5,1.99,E,I3,FALSE,1700
2026-03-20T06:44:34.472Z,RBC,3,1.5,1.99,F,IF,TRUE,16400
2026-03-20T06:44:34.472Z,RBC,3,1.5,1.99,F,VVS1,TRUE,15300
2026-03-20T06:44:34.472Z,RBC,3,1.5,1.99,F,VVS2,TRUE,13200
2026-03-20T06:44:34.472Z,RBC,3,1.5,1.99,F,VS2,TRUE,10300
2026-03-20T06:44:34.472Z,RBC,3,1.5,1.99,F,SI1,TRUE,8100
2026-03-20T06:44:34.472Z,RBC,3,1.5,1.99,F,SI3,TRUE,5700
2026-03-20T06:44:34.472Z,RBC,3,1.5,1.99,G,VVS2,TRUE,11400
2026-03-20T06:44:34.472Z,RBC,3,1.5,1.99,G,VS2,TRUE,8900
2026-03-20T06:44:34.472Z,RBC,3,1.5,1.99,G,SI3,TRUE,5400
2026-03-20T06:44:34.472Z,RBC,3,1.5,1.99,G,I2,TRUE,3000
2026-03-20T06:44:34.472Z,RBC,3,1.5,1.99,H,VS1,TRUE,8100
2026-03-20T06:44:34.472Z,RBC,3,1.5,1.99,H,I1,TRUE,4200
2026-03-20T06:44:34.472Z,RBC,3,1.5,1.99,H,I3,FALSE,1500
2026-03-20T06:44:34.472Z,RBC,3,1.5,1.99,I,SI1,TRUE,5600
2026-03-20T06:44:34.472Z,RBC,3,1.5,1.99,J,IF,TRUE,7400
2026-03-20T06:44:34.472Z,RBC,3,1.5,1.99,J,VVS1,TRUE,6700
2026-03-20T06:44:34.472Z,RBC,3,1.5,1.99,J,VS1,TRUE,5700
2026-03-20T06:44:34.472Z,RBC,3,1.5,1.99,J,I1,TRUE,3500
2026-03-20T06:44:34.472Z,RBC,3,1.5,1.99,J,I3,FALSE,1400
2026-03-20T06:44:34.472Z,RBC,3,1.5,1.99,K,SI1,TRUE,4000
2026-03-20T06:44:34.472Z,RBC,3,1.5,1.99,K,SI3,TRUE,3400
2026-03-20T06:44:34.472Z,RBC,3,1.5,1.99,K,I1,TRUE,3100
2026-03-20T06:44:34.472Z,RBC,3,1.5,1.99,K,I2,TRUE,2400
2026-03-20T06:44:34.472Z,RBC,3,1.5,1.99,L,VS1,TRUE,4000
2026-03-20T06:44:34.472Z,RBC,3,1.5,1.99,L,SI3,TRUE,3100
2026-03-20T06:44:34.472Z,RBC,3,1.5,1.99,L,I1,TRUE,2900
2026-03-20T06:44:34.472Z,RBC,3,1.5,1.99,L,I3,FALSE,1200
2026-03-20T06:44:34.472Z,RBC,3,1.5,1.99,M,SI1,TRUE,3200
2026-03-20T06:44:34.472Z,RBC,3,1.5,1.99,M,SI3,TRUE,2800
2026-03-20T06:44:34.472Z,RBC,3,2,2.99,D,IF,FALSE,33000
2026-03-20T06:44:34.472Z,RBC,3,2,2.99,D,VVS1,FALSE,27500
2026-03-20T06:44:34.472Z,RBC,3,2,2.99,D,VS1,FALSE,20500
2026-03-20T06:44:34.472Z,RBC,3,0.5,0.69,I,SI1,TRUE,1500
2026-03-20T06:44:34.472Z,RBC,3,0.5,0.69,I,SI2,TRUE,1300
2026-03-20T06:44:34.472Z,RBC,3,0.5,0.69,I,I3,FALSE,800
2026-03-20T06:44:34.472Z,RBC,3,0.5,0.69,J,VS1,TRUE,1500
2026-03-20T06:44:34.472Z,RBC,3,0.5,0.69,J,SI1,TRUE,1300
2026-03-20T06:44:34.472Z,RBC,3,0.5,0.69,K,IF,TRUE,1600
2026-03-20T06:44:34.472Z,RBC,3,0.5,0.69,K,SI1,TRUE,1200
2026-03-20T06:44:34.472Z,RBC,3,0.5,0.69,K,SI2,TRUE,1100
2026-03-20T06:44:34.472Z,RBC,3,0.5,0.69,K,I3,FALSE,700
2026-03-20T06:44:34.472Z,RBC,3,0.5,0.69,L,IF,TRUE,1500
2026-03-20T06:44:34.472Z,RBC,3,0.5,0.69,L,VVS1,TRUE,1400
2026-03-20T06:44:34.472Z,RBC,3,0.5,0.69,L,VVS2,TRUE,1300
2026-03-20T06:44:34.472Z,RBC,3,0.5,0.69,L,VS2,TRUE,1100
2026-03-20T06:44:34.472Z,RBC,3,0.5,0.69,L,SI2,TRUE,1000
2026-03-20T06:44:34.472Z,RBC,3,0.5,0.69,L,I1,TRUE,900
2026-03-20T06:44:34.472Z,RBC,3,0.5,0.69,M,VS1,TRUE,1100
2026-03-20T06:44:34.472Z,RBC,3,0.7,0.89,D,VVS1,TRUE,5600
2026-03-20T06:44:34.472Z,RBC,3,0.7,0.89,D,VVS2,TRUE,4400
2026-03-20T06:44:34.472Z,RBC,3,0.7,0.89,D,VS1,TRUE,3800
2026-03-20T06:44:34.472Z,RBC,3,0.7,0.89,D,SI2,TRUE,2500
2026-03-20T06:44:34.472Z,RBC,3,0.7,0.89,D,I1,TRUE,2100
2026-03-20T06:44:34.472Z,RBC,3,0.7,0.89,D,I2,TRUE,1900
2026-03-20T06:44:34.472Z,RBC,3,0.7,0.89,D,I3,FALSE,1200
2026-03-20T06:44:34.472Z,RBC,3,0.7,0.89,E,VS1,TRUE,3600
2026-03-20T06:44:34.472Z,RBC,3,0.7,0.89,E,VS2,TRUE,3100
2026-03-20T06:44:34.472Z,RBC,3,0.7,0.89,E,SI3,TRUE,2100
2026-03-20T06:44:34.472Z,RBC,3,0.7,0.89,G,IF,TRUE,4200
2026-03-20T06:44:34.472Z,RBC,3,0.7,0.89,G,VVS1,TRUE,3700
2026-03-20T06:44:34.472Z,RBC,3,0.7,0.89,G,VVS2,TRUE,3400
2026-03-20T06:44:34.472Z,RBC,3,0.7,0.89,G,VS2,TRUE,2700
2026-03-20T06:44:34.472Z,RBC,3,0.7,0.89,H,VVS2,TRUE,2800
2026-03-20T06:44:34.472Z,RBC,3,0.7,0.89,H,SI3,TRUE,1700
2026-03-20T06:44:34.472Z,RBC,3,0.7,0.89,H,I3,FALSE,900
2026-03-20T06:44:34.472Z,RBC,3,0.7,0.89,J,IF,TRUE,2400
2026-03-20T06:44:34.472Z,RBC,3,0.7,0.89,J,VS2,TRUE,1800
2026-03-20T06:44:34.472Z,RBC,3,0.7,0.89,J,SI1,TRUE,1700
2026-03-20T06:44:34.472Z,RBC,3,0.7,0.89,J,I2,TRUE,1300
2026-03-20T06:44:34.472Z,RBC,3,0.7,0.89,K,IF,TRUE,2200
2026-03-20T06:44:34.472Z,RBC,3,0.7,0.89,K,VVS1,TRUE,2000
2026-03-20T06:44:34.472Z,RBC,3,0.7,0.89,K,VS1,TRUE,1700
2026-03-20T06:44:34.472Z,RBC,3,0.7,0.89,K,SI1,TRUE,1500
2026-03-20T06:44:34.472Z,RBC,3,0.7,0.89,L,VVS1,TRUE,1800
2026-03-20T06:44:34.472Z,RBC,3,0.7,0.89,M,VVS1,TRUE,1600
2026-03-20T06:44:34.472Z,RBC,3,0.7,0.89,M,VVS2,TRUE,1400
2026-03-20T06:44:34.472Z,RBC,3,0.7,0.89,M,VS2,TRUE,1200
2026-03-20T06:44:34.472Z,RBC,3,0.7,0.89,M,SI2,TRUE,1100
2026-03-20T06:44:34.472Z,RBC,3,0.7,0.89,M,I3,FALSE,600
2026-03-20T06:44:34.472Z,RBC,3,0.9,0.99,D,VVS1,TRUE,8900
2026-03-20T06:44:34.472Z,RBC,3,0.9,0.99,D,SI2,TRUE,3200
2026-03-20T06:44:34.472Z,RBC,3,0.9,0.99,D,I2,TRUE,2200
2026-03-20T06:44:34.472Z,RBC,3,0.9,0.99,E,VVS1,TRUE,7700
2026-03-20T06:44:34.472Z,RBC,3,0.9,0.99,E,VS2,TRUE,4500
2026-03-20T06:44:34.472Z,RBC,3,0.9,0.99,F,VS2,TRUE,4200
2026-03-20T06:44:34.472Z,RBC,3,0.9,0.99,F,SI2,TRUE,2600
2026-03-20T06:44:34.472Z,RBC,3,0.9,0.99,G,VVS1,TRUE,5700
2026-03-20T06:44:34.472Z,RBC,3,0.9,0.99,G,VS2,TRUE,3900
2026-03-20T06:44:34.472Z,RBC,3,0.9,0.99,H,IF,TRUE,5000
2026-03-20T06:44:34.472Z,RBC,3,0.9,0.99,H,VVS2,TRUE,4200
2026-03-20T06:44:34.472Z,RBC,3,0.9,0.99,H,SI3,TRUE,2300
2026-03-20T06:44:34.472Z,RBC,3,0.9,0.99,I,VVS1,TRUE,4100
2026-03-20T06:44:34.472Z,RBC,3,0.9,0.99,I,VS2,TRUE,3000
2026-03-20T06:44:34.472Z,RBC,3,0.9,0.99,I,I1,TRUE,2000
2026-03-20T06:44:34.472Z,RBC,3,0.9,0.99,I,I2,TRUE,1700
2026-03-20T06:44:34.472Z,RBC,3,0.9,0.99,I,I3,FALSE,1100
2026-03-20T06:44:34.472Z,RBC,3,0.5,0.69,H,I3,FALSE,800
2026-03-20T06:44:34.472Z,RBC,3,0.5,0.69,I,IF,TRUE,2300
2026-03-20T06:44:34.472Z,RBC,3,0.5,0.69,I,VVS2,TRUE,1900
2026-03-20T06:44:34.472Z,RBC,3,0.5,0.69,I,SI3,TRUE,1100
2026-03-20T06:44:34.472Z,RBC,3,0.5,0.69,J,I2,TRUE,1000
2026-03-20T06:44:34.472Z,RBC,3,0.5,0.69,K,VVS1,TRUE,1500
2026-03-20T06:44:34.472Z,RBC,3,0.5,0.69,K,VS1,TRUE,1300
2026-03-20T06:44:34.472Z,RBC,3,0.5,0.69,K,SI3,TRUE,1000
2026-03-20T06:44:34.472Z,RBC,3,0.5,0.69,K,I1,TRUE,900
2026-03-20T06:44:34.472Z,RBC,3,0.5,0.69,K,I2,TRUE,900
2026-03-20T06:44:34.472Z,RBC,3,0.5,0.69,L,VS1,TRUE,1200
2026-03-20T06:44:34.472Z,RBC,3,0.5,0.69,L,SI3,TRUE,1000
2026-03-20T06:44:34.472Z,RBC,3,0.5,0.69,L,I3,FALSE,600
2026-03-20T06:44:34.472Z,RBC,3,0.5,0.69,M,IF,TRUE,1400
2026-03-20T06:44:34.472Z,RBC,3,0.5,0.69,M,VVS2,TRUE,1200
2026-03-20T06:44:34.472Z,RBC,3,0.5,0.69,M,VS2,TRUE,1000
2026-03-20T06:44:34.472Z,RBC,3,0.5,0.69,M,SI1,TRUE,1000
2026-03-20T06:44:34.472Z,RBC,3,0.7,0.89,E,VVS1,TRUE,4900
2026-03-20T06:44:34.472Z,RBC,3,0.7,0.89,E,VVS2,TRUE,4100
2026-03-20T06:44:34.472Z,RBC,3,0.7,0.89,E,SI1,TRUE,2700
2026-03-20T06:44:34.472Z,RBC,3,0.7,0.89,E,I2,TRUE,1800
2026-03-20T06:44:34.472Z,RBC,3,0.7,0.89,F,IF,TRUE,5000
2026-03-20T06:44:34.472Z,RBC,3,0.7,0.89,F,VVS1,TRUE,4400
2026-03-20T06:44:34.472Z,RBC,3,0.7,0.89,F,VS2,TRUE,2900
2026-03-20T06:44:34.472Z,RBC,3,0.7,0.89,G,SI1,TRUE,2300
2026-03-20T06:44:34.472Z,RBC,3,0.7,0.89,H,IF,TRUE,3400
2026-03-20T06:44:34.472Z,RBC,3,0.7,0.89,H,VVS1,TRUE,3000
2026-03-20T06:44:34.472Z,RBC,3,0.7,0.89,H,SI1,TRUE,2100
2026-03-20T06:44:34.472Z,RBC,3,0.7,0.89,H,I1,TRUE,1600
2026-03-20T06:44:34.472Z,RBC,3,0.7,0.89,H,I2,TRUE,1500
2026-03-20T06:44:34.472Z,RBC,3,0.7,0.89,I,VS1,TRUE,2300
2026-03-20T06:44:34.472Z,RBC,3,0.7,0.89,J,SI3,TRUE,1400
2026-03-20T06:44:34.472Z,RBC,3,0.7,0.89,K,VVS2,TRUE,1800
2026-03-20T06:44:34.472Z,RBC,3,0.7,0.89,K,VS2,TRUE,1600
2026-03-20T06:44:34.472Z,RBC,3,0.7,0.89,K,SI2,TRUE,1400
2026-03-20T06:44:34.472Z,RBC,3,0.7,0.89,K,SI3,TRUE,1300
2026-03-20T06:44:34.472Z,RBC,3,0.7,0.89,K,I3,FALSE,800
2026-03-20T06:44:34.472Z,RBC,3,0.7,0.89,L,VVS2,TRUE,1600
2026-03-20T06:44:34.472Z,RBC,3,0.7,0.89,L,VS1,TRUE,1500
2026-03-20T06:44:34.472Z,RBC,3,0.7,0.89,L,SI1,TRUE,1300
2026-03-20T06:44:34.472Z,RBC,3,0.7,0.89,L,I1,TRUE,1200
2026-03-20T06:44:34.472Z,RBC,3,0.7,0.89,M,I1,TRUE,1100
2026-03-20T06:44:34.472Z,RBC,3,0.9,0.99,D,VVS2,TRUE,6700
2026-03-20T06:44:34.472Z,RBC,3,0.9,0.99,D,VS2,TRUE,4900
2026-03-20T06:44:34.472Z,RBC,3,0.9,0.99,D,SI3,TRUE,2800
2026-03-20T06:44:34.472Z,RBC,3,0.9,0.99,D,I1,TRUE,2700
2026-03-20T06:44:34.472Z,RBC,3,0.9,0.99,E,IF,TRUE,9000
2026-03-20T06:44:34.472Z,RBC,3,0.9,0.99,E,VVS2,TRUE,6200
2026-03-20T06:44:34.472Z,RBC,3,0.9,0.99,E,VS1,TRUE,5200
2026-03-20T06:44:34.472Z,RBC,3,0.9,0.99,E,I2,TRUE,2100
2026-03-20T06:44:34.472Z,RBC,3,0.9,0.99,F,VVS2,TRUE,5700
2026-03-20T06:44:34.472Z,RBC,3,0.9,0.99,F,VS1,TRUE,4800
2026-03-20T06:44:34.472Z,RBC,3,0.9,0.99,F,I1,TRUE,2300
2026-03-20T06:44:34.472Z,RBC,3,0.9,0.99,F,I2,TRUE,2000
2026-03-20T06:44:34.472Z,RBC,3,0.9,0.99,F,I3,FALSE,1300
2026-03-20T06:44:34.472Z,RBC,3,0.9,0.99,G,VS1,TRUE,4300
2026-03-20T06:44:34.472Z,RBC,3,0.9,0.99,G,SI1,TRUE,3100
2026-03-20T06:44:34.472Z,RBC,3,0.9,0.99,G,SI2,TRUE,2500
2026-03-20T06:44:34.472Z,RBC,3,0.9,0.99,G,SI3,TRUE,2300
2026-03-20T06:44:34.472Z,RBC,3,0.9,0.99,G,I1,TRUE,2200
2026-03-20T06:44:34.472Z,RBC,3,0.9,0.99,G,I2,TRUE,1900
2026-03-20T06:44:34.472Z,RBC,3,0.9,0.99,H,VS1,TRUE,3700
2026-03-20T06:44:34.472Z,RBC,3,0.9,0.99,H,VS2,TRUE,3400
2026-03-20T06:44:34.472Z,RBC,3,0.9,0.99,H,I3,FALSE,1200
2026-03-20T06:44:34.472Z,RBC,3,0.9,0.99,J,IF,TRUE,3700
2026-03-20T06:44:34.472Z,RBC,3,0.9,0.99,J,SI1,TRUE,2300
2026-03-20T06:44:34.472Z,RBC,3,0.9,0.99,J,SI3,TRUE,2000
2026-03-20T06:44:34.472Z,RBC,3,0.9,0.99,L,SI1,TRUE,1800
2026-03-20T06:44:34.472Z,RBC,3,1,1.49,D,VS1,TRUE,8300
2026-03-20T06:44:34.472Z,RBC,3,1,1.49,D,SI1,TRUE,5200
2026-03-20T06:44:34.472Z,RBC,3,1,1.49,D,SI3,TRUE,3600
2026-03-20T06:44:34.472Z,RBC,3,1,1.49,D,I2,TRUE,2500
2026-03-20T06:44:34.472Z,RBC,3,1,1.49,D,I3,FALSE,1600
2026-03-20T06:44:34.472Z,RBC,3,1,1.49,E,VVS1,TRUE,11100
2026-03-20T06:44:34.472Z,RBC,3,1,1.49,E,VS1,TRUE,7500
2026-03-20T06:44:34.472Z,RBC,3,1,1.49,E,VS2,TRUE,6200
2026-03-20T06:44:34.472Z,RBC,3,1,1.49,F,VS2,TRUE,5600
2026-03-20T06:44:34.472Z,RBC,3,1,1.49,F,SI2,TRUE,3500
2026-03-20T06:44:34.472Z,RBC,3,1,1.49,G,VVS1,TRUE,7400
2026-03-20T06:44:34.472Z,RBC,3,1,1.49,G,VVS2,TRUE,6700
2026-03-20T06:44:34.472Z,RBC,3,1,1.49,G,SI3,TRUE,2900
2026-03-20T06:44:34.472Z,RBC,3,1,1.49,G,I3,FALSE,1300
2026-03-20T06:44:34.472Z,RBC,3,1,1.49,H,VS2,TRUE,4600
2026-03-20T06:44:34.472Z,RBC,3,1,1.49,I,VVS2,TRUE,4400
2026-03-20T06:44:34.472Z,RBC,3,1,1.49,I,VS2,TRUE,3800
2026-03-20T06:44:34.472Z,RBC,3,1,1.49,I,I1,TRUE,2400
2026-03-20T06:44:34.472Z,RBC,3,1,1.49,I,I3,FALSE,1200
2026-03-20T06:44:34.472Z,RBC,3,1,1.49,J,VVS1,TRUE,3900
2026-03-20T06:44:34.472Z,RBC,3,1,1.49,J,SI2,TRUE,2500
2026-03-20T06:44:34.472Z,RBC,3,1,1.49,J,SI3,TRUE,2300
2026-03-20T06:44:34.472Z,RBC,3,1,1.49,K,VVS1,TRUE,3300
2026-03-20T06:44:34.472Z,RBC,3,1,1.49,K,VS2,TRUE,2700
2026-03-20T06:44:34.472Z,RBC,3,1,1.49,K,I2,TRUE,1800
2026-03-20T06:44:34.472Z,RBC,3,1,1.49,L,VVS1,TRUE,2800
2026-03-20T06:44:34.472Z,RBC,3,1,1.49,L,I3,FALSE,1000
2026-03-20T06:44:34.472Z,RBC,3,1,1.49,M,VS2,TRUE,2100
2026-03-20T06:44:34.472Z,RBC,3,1,1.49,M,SI3,TRUE,1700
2026-03-20T06:44:34.472Z,RBC,3,1.5,1.99,D,VS1,TRUE,13400
2026-03-20T06:44:34.472Z,RBC,3,1.5,1.99,D,VS2,TRUE,12000
2026-03-20T06:44:34.472Z,RBC,3,1.5,1.99,E,IF,TRUE,18800
2026-03-20T06:44:34.472Z,RBC,3,1.5,1.99,E,SI2,TRUE,6800
2026-03-20T06:44:34.472Z,RBC,3,1.5,1.99,E,SI3,TRUE,6000
2026-03-20T06:44:34.472Z,RBC,3,1.5,1.99,G,IF,TRUE,13600
2026-03-20T06:44:34.472Z,RBC,3,1.5,1.99,G,VS1,TRUE,9900
2026-03-20T06:44:34.472Z,RBC,3,1.5,1.99,G,I3,FALSE,1500
2026-03-20T06:44:34.472Z,RBC,3,1.5,1.99,H,IF,TRUE,10800
2026-03-20T06:44:34.472Z,RBC,3,1.5,1.99,H,SI3,TRUE,5000
2026-03-20T06:44:34.472Z,RBC,3,1.5,1.99,H,I2,TRUE,2900
2026-03-20T06:44:34.472Z,RBC,3,1.5,1.99,I,VVS2,TRUE,7300
2026-03-20T06:44:34.472Z,RBC,3,1.5,1.99,I,VS1,TRUE,6800
2026-03-20T06:44:34.472Z,RBC,3,1.5,1.99,I,VS2,TRUE,6300
2026-03-20T06:44:34.472Z,RBC,3,1.5,1.99,K,IF,TRUE,6300
2026-03-20T06:44:34.472Z,RBC,3,1.5,1.99,K,VVS1,TRUE,5600
2026-03-20T06:44:34.472Z,RBC,3,1.5,1.99,L,VVS1,TRUE,4700
2026-03-20T06:44:34.472Z,RBC,3,1.5,1.99,L,SI2,TRUE,3300
2026-03-20T06:44:34.472Z,RBC,3,1.5,1.99,M,IF,TRUE,4600
2026-03-20T06:44:34.472Z,RBC,3,1.5,1.99,M,VS2,TRUE,3400
2026-03-20T06:44:34.472Z,RBC,3,1.5,1.99,M,I1,TRUE,2700
2026-03-20T06:44:34.472Z,RBC,3,2,2.99,D,VVS2,FALSE,23500
2026-03-20T06:44:34.472Z,RBC,3,0.9,0.99,I,VS1,TRUE,3300
2026-03-20T06:44:34.472Z,RBC,3,0.9,0.99,I,SI1,TRUE,2600
2026-03-20T06:44:34.472Z,RBC,3,0.9,0.99,I,SI2,TRUE,2200
2026-03-20T06:44:34.472Z,RBC,3,0.9,0.99,I,SI3,TRUE,2100
2026-03-20T06:44:34.472Z,RBC,3,0.9,0.99,J,I1,TRUE,1900
2026-03-20T06:44:34.472Z,RBC,3,0.9,0.99,J,I3,FALSE,1000
2026-03-20T06:44:34.472Z,RBC,3,0.9,0.99,K,VVS1,TRUE,3000
2026-03-20T06:44:34.472Z,RBC,3,0.9,0.99,K,VVS2,TRUE,2800
2026-03-20T06:44:34.472Z,RBC,3,0.9,0.99,K,VS2,TRUE,2300
2026-03-20T06:44:34.472Z,RBC,3,0.9,0.99,K,SI1,TRUE,2100
2026-03-20T06:44:34.472Z,RBC,3,0.9,0.99,K,SI3,TRUE,1800
2026-03-20T06:44:34.472Z,RBC,3,0.9,0.99,K,I1,TRUE,1700
2026-03-20T06:44:34.472Z,RBC,3,0.9,0.99,K,I2,TRUE,1500
2026-03-20T06:44:34.472Z,RBC,3,0.9,0.99,L,VVS1,TRUE,2500
2026-03-20T06:44:34.472Z,RBC,3,0.9,0.99,L,VVS2,TRUE,2300
2026-03-20T06:44:34.472Z,RBC,3,0.9,0.99,L,VS1,TRUE,2100
2026-03-20T06:44:34.472Z,RBC,3,0.9,0.99,L,SI2,TRUE,1700
2026-03-20T06:44:34.472Z,RBC,3,0.9,0.99,L,I2,TRUE,1300
2026-03-20T06:44:34.472Z,RBC,3,1,1.49,E,IF,TRUE,12500
2026-03-20T06:44:34.472Z,RBC,3,1,1.49,E,I1,TRUE,3100
2026-03-20T06:44:34.472Z,RBC,3,1,1.49,E,I2,TRUE,2400
2026-03-20T06:44:34.472Z,RBC,3,1,1.49,F,VS1,TRUE,6800
2026-03-20T06:44:34.472Z,RBC,3,1,1.49,F,SI1,TRUE,4500
2026-03-20T06:44:34.472Z,RBC,3,1,1.49,F,I1,TRUE,2900
2026-03-20T06:44:34.472Z,RBC,3,1,1.49,G,IF,TRUE,8200
2026-03-20T06:44:34.472Z,RBC,3,1,1.49,G,VS1,TRUE,5900
2026-03-20T06:44:34.472Z,RBC,3,1,1.49,G,SI2,TRUE,3300
2026-03-20T06:44:34.472Z,RBC,3,1,1.49,H,VVS1,TRUE,5600
2026-03-20T06:44:34.472Z,RBC,3,1,1.49,H,SI1,TRUE,3800
2026-03-20T06:44:34.472Z,RBC,3,1,1.49,H,I2,TRUE,2100
2026-03-20T06:44:34.472Z,RBC,3,1,1.49,I,IF,TRUE,5200
2026-03-20T06:44:34.472Z,RBC,3,1,1.49,I,VS1,TRUE,4100
2026-03-20T06:44:34.472Z,RBC,3,1,1.49,I,SI1,TRUE,3400
2026-03-20T06:44:34.472Z,RBC,3,1,1.49,I,SI2,TRUE,2900
2026-03-20T06:44:34.472Z,RBC,3,1,1.49,I,I2,TRUE,2000
2026-03-20T06:44:34.472Z,RBC,3,1,1.49,J,VVS2,TRUE,3600
2026-03-20T06:44:34.472Z,RBC,3,1,1.49,J,VS1,TRUE,3300
2026-03-20T06:44:34.472Z,RBC,3,1,1.49,J,VS2,TRUE,3100
2026-03-20T06:44:34.472Z,RBC,3,1,1.49,J,SI1,TRUE,2800
2026-03-20T06:44:34.472Z,RBC,3,1,1.49,K,IF,TRUE,3600
2026-03-20T06:44:34.472Z,RBC,3,1,1.49,K,VS1,TRUE,2900
2026-03-20T06:44:34.472Z,RBC,3,1,1.49,K,SI2,TRUE,2300
2026-03-20T06:44:34.472Z,RBC,3,1,1.49,K,SI3,TRUE,2200
2026-03-20T06:44:34.472Z,RBC,3,1,1.49,L,IF,TRUE,3100
2026-03-20T06:44:34.472Z,RBC,3,1,1.49,L,VVS2,TRUE,2600
2026-03-20T06:44:34.472Z,RBC,3,1,1.49,L,SI1,TRUE,2100
2026-03-20T06:44:34.472Z,RBC,3,1,1.49,M,VVS1,TRUE,2500
2026-03-20T06:44:34.472Z,RBC,3,1,1.49,M,VVS2,TRUE,2400
2026-03-20T06:44:34.472Z,RBC,3,1,1.49,M,VS1,TRUE,2300
2026-03-20T06:44:34.472Z,RBC,3,1,1.49,M,SI2,TRUE,1800
2026-03-20T06:44:34.472Z,RBC,3,1,1.49,M,I1,TRUE,1600
2026-03-20T06:44:34.472Z,RBC,3,1,1.49,M,I3,FALSE,1000
2026-03-20T06:44:34.472Z,RBC,3,1.5,1.99,D,SI1,TRUE,9300
2026-03-20T06:44:34.472Z,RBC,3,1.5,1.99,D,SI2,TRUE,7500
2026-03-20T06:44:34.472Z,RBC,3,1.5,1.99,D,SI3,TRUE,6600
2026-03-20T06:44:34.472Z,RBC,3,1.5,1.99,E,VVS1,TRUE,17300
2026-03-20T06:44:34.472Z,RBC,3,1.5,1.99,E,VS1,TRUE,12200
2026-03-20T06:44:34.472Z,RBC,3,1.5,1.99,E,I1,TRUE,5200
2026-03-20T06:44:34.472Z,RBC,3,1.5,1.99,F,VS1,TRUE,11400
2026-03-20T06:44:34.472Z,RBC,3,1.5,1.99,F,SI2,TRUE,6400
2026-03-20T06:44:34.472Z,RBC,3,1.5,1.99,G,VVS1,TRUE,12600
2026-03-20T06:44:34.472Z,RBC,3,1.5,1.99,G,SI2,TRUE,6000
2026-03-20T06:44:34.472Z,RBC,3,1.5,1.99,G,I1,TRUE,4600
2026-03-20T06:44:34.472Z,RBC,3,1.5,1.99,H,SI1,TRUE,6600
2026-03-20T06:44:34.472Z,RBC,3,1.5,1.99,I,IF,TRUE,8700
2026-03-20T06:44:34.472Z,RBC,3,1.5,1.99,I,SI2,TRUE,5100
2026-03-20T06:44:34.472Z,RBC,3,1.5,1.99,I,SI3,TRUE,4600
2026-03-20T06:44:34.472Z,RBC,3,1.5,1.99,I,I3,FALSE,1400
2026-03-20T06:44:34.472Z,RBC,3,1.5,1.99,J,VVS2,TRUE,6100
2026-03-20T06:44:34.472Z,RBC,3,1.5,1.99,J,VS2,TRUE,5300
2026-03-20T06:44:34.472Z,RBC,3,1.5,1.99,J,SI1,TRUE,4800
2026-03-20T06:44:34.472Z,RBC,3,1.5,1.99,J,SI2,TRUE,4300
2026-03-20T06:44:34.472Z,RBC,3,1.5,1.99,J,SI3,TRUE,3900
2026-03-20T06:44:34.472Z,RBC,3,1.5,1.99,J,I2,TRUE,2600
2026-03-20T06:44:34.472Z,RBC,3,1.5,1.99,K,VVS2,TRUE,5100
2026-03-20T06:44:34.472Z,RBC,3,1.5,1.99,K,VS1,TRUE,4700
2026-03-20T06:44:34.472Z,RBC,3,1.5,1.99,K,VS2,TRUE,4400
2026-03-20T06:44:34.472Z,RBC,3,1.5,1.99,K,SI2,TRUE,3700
2026-03-20T06:44:34.472Z,RBC,3,1.5,1.99,K,I3,FALSE,1300
2026-03-20T06:44:34.472Z,RBC,3,1.5,1.99,L,VVS2,TRUE,4300
2026-03-20T06:44:34.472Z,RBC,3,1.5,1.99,L,VS2,TRUE,3800
2026-03-20T06:44:34.472Z,RBC,3,1.5,1.99,M,VS1,TRUE,3600
2026-03-20T06:44:34.472Z,RBC,3,1.5,1.99,M,SI2,TRUE,3000
2026-03-20T06:44:34.472Z,RBC,3,1.5,1.99,M,I3,FALSE,1200
2026-03-20T06:44:34.472Z,RBC,3,2,2.99,D,VS2,FALSE,17500
2026-03-20T06:44:34.472Z,RBC,3,2,2.99,D,SI2,FALSE,11300
2026-03-20T06:44:34.472Z,RBC,3,2,2.99,D,I3,FALSE,1900
2026-03-20T06:44:34.472Z,RBC,3,2,2.99,E,VVS1,FALSE,24500
2026-03-20T06:44:34.472Z,RBC,3,2,2.99,E,SI2,FALSE,10500
2026-03-20T06:44:34.472Z,RBC,3,2,2.99,E,I2,FALSE,3900
2026-03-20T06:44:34.472Z,RBC,3,2,2.99,F,SI2,FALSE,9800
2026-03-20T06:44:34.472Z,RBC,3,2,2.99,F,SI3,FALSE,8300
2026-03-20T06:44:34.472Z,RBC,3,2,2.99,G,VVS1,FALSE,18500
2026-03-20T06:44:34.472Z,RBC,3,2,2.99,G,SI2,FALSE,9200
2026-03-20T06:44:34.472Z,RBC,3,2,2.99,G,I2,FALSE,3500
2026-03-20T06:44:34.472Z,RBC,3,2,2.99,G,I3,FALSE,1600
2026-03-20T06:44:34.472Z,RBC,3,2,2.99,H,IF,FALSE,16500
2026-03-20T06:44:34.472Z,RBC,3,2,2.99,H,VS1,FALSE,12500
2026-03-20T06:44:34.472Z,RBC,3,2,2.99,H,I3,FALSE,1500
2026-03-20T06:44:34.472Z,RBC,3,2,2.99,I,IF,FALSE,13500
2026-03-20T06:44:34.472Z,RBC,3,2,2.99,I,I1,FALSE,6100
2026-03-20T06:44:34.472Z,RBC,3,2,2.99,I,I2,FALSE,3100
2026-03-20T06:44:34.472Z,RBC,3,2,2.99,J,I3,FALSE,1400
2026-03-20T06:44:34.472Z,RBC,3,2,2.99,K,VVS2,FALSE,7600
2026-03-20T06:44:34.472Z,RBC,3,2,2.99,K,VS1,FALSE,7000
2026-03-20T06:44:34.472Z,RBC,3,2,2.99,K,SI3,FALSE,5000
2026-03-20T06:44:34.472Z,RBC,3,2,2.99,K,I1,FALSE,4700
2026-03-20T06:44:34.472Z,RBC,3,2,2.99,K,I2,FALSE,2800
2026-03-20T06:44:34.472Z,RBC,3,2,2.99,K,I3,FALSE,1400
2026-03-20T06:44:34.472Z,RBC,3,2,2.99,L,SI3,FALSE,4300
2026-03-20T06:44:34.472Z,RBC,3,2,2.99,L,I3,FALSE,1300
2026-03-20T06:44:34.472Z,RBC,3,2,2.99,M,SI1,FALSE,4500
2026-03-20T06:44:34.472Z,RBC,3,2,2.99,M,SI3,FALSE,4000
2026-03-20T06:44:34.472Z,RBC,3,3,3.99,E,VS1,FALSE,32000
2026-03-20T06:44:34.472Z,RBC,3,3,3.99,E,I2,FALSE,4700
2026-03-20T06:44:34.472Z,RBC,3,3,3.99,F,VS1,FALSE,29500
2026-03-20T06:44:34.472Z,RBC,3,3,3.99,F,I3,FALSE,1900
2026-03-20T06:44:34.472Z,RBC,3,3,3.99,G,VVS2,FALSE,28000
2026-03-20T06:44:34.472Z,RBC,3,3,3.99,G,VS2,FALSE,21000
2026-03-20T06:44:34.472Z,RBC,3,3,3.99,G,I2,FALSE,4300
2026-03-20T06:44:34.472Z,RBC,3,3,3.99,G,I3,FALSE,1800
2026-03-20T06:44:34.472Z,RBC,3,3,3.99,H,VS2,FALSE,18500
2026-03-20T06:44:34.472Z,RBC,3,3,3.99,H,SI2,FALSE,13500
2026-03-20T06:44:34.472Z,RBC,3,3,3.99,I,IF,FALSE,22000
2026-03-20T06:44:34.472Z,RBC,3,3,3.99,I,SI3,FALSE,9200
2026-03-20T06:44:34.472Z,RBC,3,3,3.99,I,I1,FALSE,7700
2026-03-20T06:44:34.472Z,RBC,3,3,3.99,J,VVS1,FALSE,16500
2026-03-20T06:44:34.472Z,RBC,3,3,3.99,J,SI1,FALSE,12000
2026-03-20T06:44:34.472Z,RBC,3,3,3.99,J,SI2,FALSE,11000
2026-03-20T06:44:34.472Z,RBC,3,3,3.99,K,IF,FALSE,14500
2026-03-20T06:44:34.472Z,RBC,3,3,3.99,K,VVS1,FALSE,13500
2026-03-20T06:44:34.472Z,RBC,3,3,3.99,K,I2,FALSE,3300
2026-03-20T06:44:34.472Z,RBC,3,4,4.99,D,IF,FALSE,74500
2026-03-20T06:44:34.472Z,RBC,3,4,4.99,D,VVS1,FALSE,64500
2026-03-20T06:44:34.472Z,RBC,3,4,4.99,D,VS1,FALSE,49500
2026-03-20T06:44:34.472Z,RBC,3,4,4.99,D,VS2,FALSE,41500
2026-03-20T06:44:34.472Z,RBC,3,4,4.99,D,SI1,FALSE,31500
2026-03-20T06:44:34.472Z,RBC,3,4,4.99,E,VS1,FALSE,45000
2026-03-20T06:44:34.472Z,RBC,3,4,4.99,E,I1,FALSE,10600
2026-03-20T06:44:34.472Z,RBC,3,4,4.99,F,SI3,FALSE,13800
2026-03-20T06:44:34.472Z,RBC,3,4,4.99,G,IF,FALSE,46500
2026-03-20T06:44:34.472Z,RBC,3,4,4.99,G,VVS1,FALSE,43000
2026-03-20T06:44:34.472Z,RBC,3,4,4.99,G,SI2,FALSE,20000
2026-03-20T06:44:34.472Z,RBC,3,4,4.99,G,SI3,FALSE,12700
2026-03-20T06:44:34.472Z,RBC,3,4,4.99,H,VVS1,FALSE,33500
2026-03-20T06:44:34.472Z,RBC,3,4,4.99,H,VVS2,FALSE,31500
2026-03-20T06:44:34.472Z,RBC,3,4,4.99,I,VS2,FALSE,21000
2026-03-20T06:44:34.472Z,RBC,3,4,4.99,I,I1,FALSE,8600
2026-03-20T06:44:34.472Z,RBC,3,2,2.99,D,SI1,FALSE,14100
2026-03-20T06:44:34.472Z,RBC,3,2,2.99,D,SI3,FALSE,9500
2026-03-20T06:44:34.472Z,RBC,3,2,2.99,D,I1,FALSE,8000
2026-03-20T06:44:34.472Z,RBC,3,2,2.99,D,I2,FALSE,4100
2026-03-20T06:44:34.472Z,RBC,3,2,2.99,E,VVS2,FALSE,21000
2026-03-20T06:44:34.472Z,RBC,3,2,2.99,E,VS1,FALSE,19000
2026-03-20T06:44:34.472Z,RBC,3,2,2.99,E,SI1,FALSE,13200
2026-03-20T06:44:34.472Z,RBC,3,2,2.99,F,VVS2,FALSE,19500
2026-03-20T06:44:34.472Z,RBC,3,2,2.99,F,VS1,FALSE,17500
2026-03-20T06:44:34.472Z,RBC,3,2,2.99,F,I2,FALSE,3700
2026-03-20T06:44:34.472Z,RBC,3,2,2.99,G,VS1,FALSE,15000
2026-03-20T06:44:34.472Z,RBC,3,2,2.99,G,SI1,FALSE,11200
2026-03-20T06:44:34.472Z,RBC,3,2,2.99,G,SI3,FALSE,7700
2026-03-20T06:44:34.472Z,RBC,3,2,2.99,H,VVS1,FALSE,15000
2026-03-20T06:44:34.472Z,RBC,3,2,2.99,H,SI3,FALSE,7100
2026-03-20T06:44:34.472Z,RBC,3,2,2.99,I,VVS2,FALSE,11000
2026-03-20T06:44:34.472Z,RBC,3,2,2.99,I,VS2,FALSE,9300
2026-03-20T06:44:34.472Z,RBC,3,2,2.99,I,SI2,FALSE,7800
2026-03-20T06:44:34.472Z,RBC,3,2,2.99,I,SI3,FALSE,6600
2026-03-20T06:44:34.472Z,RBC,3,2,2.99,J,VVS1,FALSE,9900
2026-03-20T06:44:34.472Z,RBC,3,2,2.99,J,VS1,FALSE,8400
2026-03-20T06:44:34.472Z,RBC,3,2,2.99,J,SI1,FALSE,6900
2026-03-20T06:44:34.472Z,RBC,3,2,2.99,J,I2,FALSE,2900
2026-03-20T06:44:34.472Z,RBC,3,2,2.99,K,IF,FALSE,9100
2026-03-20T06:44:34.472Z,RBC,3,2,2.99,L,IF,FALSE,7800
2026-03-20T06:44:34.472Z,RBC,3,2,2.99,L,VVS2,FALSE,6600
2026-03-20T06:44:34.472Z,RBC,3,2,2.99,L,VS1,FALSE,6100
2026-03-20T06:44:34.472Z,RBC,3,2,2.99,L,SI1,FALSE,5000
2026-03-20T06:44:34.472Z,RBC,3,2,2.99,M,IF,FALSE,6800
2026-03-20T06:44:34.472Z,RBC,3,2,2.99,M,VVS1,FALSE,6300
2026-03-20T06:44:34.472Z,RBC,3,2,2.99,M,VVS2,FALSE,5700
2026-03-20T06:44:34.472Z,RBC,3,2,2.99,M,VS1,FALSE,5400
2026-03-20T06:44:34.472Z,RBC,3,3,3.99,D,I1,FALSE,10300
2026-03-20T06:44:34.472Z,RBC,3,3,3.99,E,I1,FALSE,9800
2026-03-20T06:44:34.472Z,RBC,3,3,3.99,E,I3,FALSE,2000
2026-03-20T06:44:34.472Z,RBC,3,3,3.99,F,IF,FALSE,40500
2026-03-20T06:44:34.472Z,RBC,3,3,3.99,G,VVS1,FALSE,31500
2026-03-20T06:44:34.472Z,RBC,3,3,3.99,G,SI2,FALSE,15500
2026-03-20T06:44:34.472Z,RBC,3,3,3.99,H,I1,FALSE,8200
2026-03-20T06:44:34.472Z,RBC,3,3,3.99,H,I3,FALSE,1700
2026-03-20T06:44:34.472Z,RBC,3,3,3.99,I,VS1,FALSE,17500
2026-03-20T06:44:34.472Z,RBC,3,3,3.99,J,I3,FALSE,1500
2026-03-20T06:44:34.472Z,RBC,3,3,3.99,K,VS2,FALSE,11000
2026-03-20T06:44:34.472Z,RBC,3,3,3.99,K,SI2,FALSE,9700
2026-03-20T06:44:34.472Z,RBC,3,3,3.99,L,VS2,FALSE,9500
2026-03-20T06:44:34.472Z,RBC,3,3,3.99,L,SI1,FALSE,9000
2026-03-20T06:44:34.472Z,RBC,3,3,3.99,L,I2,FALSE,3100
2026-03-20T06:44:34.472Z,RBC,3,3,3.99,M,IF,FALSE,9500
2026-03-20T06:44:34.472Z,RBC,3,3,3.99,M,VVS1,FALSE,9100
2026-03-20T06:44:34.472Z,RBC,3,3,3.99,M,VS2,FALSE,7900
2026-03-20T06:44:34.472Z,RBC,3,3,3.99,M,SI1,FALSE,7500
2026-03-20T06:44:34.472Z,RBC,3,3,3.99,M,I3,FALSE,1400
2026-03-20T06:44:34.472Z,RBC,3,4,4.99,D,SI3,FALSE,15500
2026-03-20T06:44:34.472Z,RBC,3,4,4.99,D,I2,FALSE,5400
2026-03-20T06:44:34.472Z,RBC,3,4,4.99,E,VVS2,FALSE,52500
2026-03-20T06:44:34.472Z,RBC,3,4,4.99,F,VVS1,FALSE,52000
2026-03-20T06:44:34.472Z,RBC,3,4,4.99,F,VS1,FALSE,41000
2026-03-20T06:44:34.472Z,RBC,3,4,4.99,F,VS2,FALSE,35500
2026-03-20T06:44:34.472Z,RBC,3,4,4.99,F,SI2,FALSE,22500
2026-03-20T06:44:34.472Z,RBC,3,4,4.99,F,I3,FALSE,2100
2026-03-20T06:44:34.472Z,RBC,3,4,4.99,G,VVS2,FALSE,39500
2026-03-20T06:44:34.472Z,RBC,3,4,4.99,G,VS2,FALSE,31500
2026-03-20T06:44:34.472Z,RBC,3,4,4.99,G,I1,FALSE,9500
2026-03-20T06:44:34.472Z,RBC,3,4,4.99,G,I3,FALSE,2000
2026-03-20T06:44:34.472Z,RBC,3,4,4.99,H,VS1,FALSE,29500
2026-03-20T06:44:34.472Z,RBC,3,4,4.99,H,SI1,FALSE,21500
2026-03-20T06:44:34.472Z,RBC,3,4,4.99,H,SI3,FALSE,11400
2026-03-20T06:44:34.472Z,RBC,3,4,4.99,H,I3,FALSE,1900
2026-03-20T06:44:34.472Z,RBC,3,4,4.99,I,IF,FALSE,28000
2026-03-20T06:44:34.472Z,RBC,3,4,4.99,I,VS1,FALSE,23000
2026-03-20T06:44:34.472Z,RBC,3,4,4.99,I,SI1,FALSE,19000
2026-03-20T06:44:34.472Z,RBC,3,4,4.99,J,VVS1,FALSE,21000
2026-03-20T06:44:34.472Z,RBC,3,4,4.99,J,SI1,FALSE,15500
2026-03-20T06:44:34.472Z,RBC,3,4,4.99,J,I1,FALSE,7500
2026-03-20T06:44:34.472Z,RBC,3,4,4.99,K,I1,FALSE,6600
2026-03-20T06:44:34.472Z,RBC,3,4,4.99,K,I2,FALSE,3600
2026-03-20T06:44:34.472Z,RBC,3,4,4.99,L,SI2,FALSE,10000
2026-03-20T06:44:34.472Z,RBC,3,4,4.99,L,SI3,FALSE,7300
2026-03-20T06:44:34.472Z,RBC,3,4,4.99,L,I1,FALSE,5900
2026-03-20T06:44:34.472Z,RBC,3,4,4.99,M,IF,FALSE,12500
2026-03-20T06:44:34.472Z,RBC,3,4,4.99,M,SI3,FALSE,6500
2026-03-20T06:44:34.472Z,RBC,3,5,9.99,D,IF,FALSE,100000
2026-03-20T06:44:34.472Z,RBC,3,5,9.99,D,VS1,FALSE,69000
2026-03-20T06:44:34.472Z,RBC,3,5,9.99,D,SI2,FALSE,31500
2026-03-20T06:44:34.472Z,RBC,3,5,9.99,D,SI3,FALSE,17500
2026-03-20T06:44:34.472Z,RBC,3,5,9.99,D,I2,FALSE,6000
2026-03-20T06:44:34.472Z,RBC,3,5,9.99,E,VVS1,FALSE,75000
2026-03-20T06:44:34.472Z,RBC,3,5,9.99,F,VVS2,FALSE,59500
2026-03-20T06:44:34.472Z,RBC,3,5,9.99,F,VS2,FALSE,46500
2026-03-20T06:44:34.472Z,RBC,3,5,9.99,F,SI2,FALSE,28000
2026-03-20T06:44:34.472Z,RBC,3,5,9.99,G,VS1,FALSE,46000
2026-03-20T06:44:34.472Z,RBC,3,5,9.99,G,VS2,FALSE,39500
2026-03-20T06:44:34.472Z,RBC,3,5,9.99,G,SI1,FALSE,32000
2026-03-20T06:44:34.472Z,RBC,3,5,9.99,G,SI2,FALSE,26000
2026-03-20T06:44:34.472Z,RBC,3,5,9.99,H,VVS2,FALSE,40000
2026-03-20T06:44:34.472Z,RBC,3,5,9.99,H,VS2,FALSE,32500
2026-03-20T06:44:34.472Z,RBC,3,5,9.99,H,SI1,FALSE,26500
2026-03-20T06:44:34.472Z,RBC,3,5,9.99,H,SI2,FALSE,22500
2026-03-20T06:44:34.472Z,RBC,3,5,9.99,H,SI3,FALSE,14000
2026-03-20T06:44:34.472Z,RBC,3,5,9.99,I,VS1,FALSE,29000
2026-03-20T06:44:34.472Z,RBC,3,5,9.99,I,I1,FALSE,9500
2026-03-20T06:44:34.472Z,RBC,3,5,9.99,I,I3,FALSE,2000
2026-03-20T06:44:34.472Z,RBC,3,5,9.99,J,VVS2,FALSE,24000
2026-03-20T06:44:34.472Z,RBC,3,5,9.99,K,VVS1,FALSE,21000
2026-03-20T06:44:34.472Z,RBC,3,5,9.99,K,VS2,FALSE,17000
2026-03-20T06:44:34.472Z,RBC,3,5,9.99,K,SI1,FALSE,16500
2026-03-20T06:44:34.472Z,RBC,3,5,9.99,K,I2,FALSE,4100
2026-03-20T06:44:34.472Z,RBC,3,5,9.99,L,SI1,FALSE,13500
2026-03-20T06:44:34.472Z,RBC,3,5,9.99,M,IF,FALSE,15000
2026-03-20T06:44:34.472Z,RBC,3,10,99,D,VS1,FALSE,107000
2026-03-20T06:44:34.472Z,RBC,3,10,99,E,I1,FALSE,13500
2026-03-20T06:44:34.472Z,RBC,3,10,99,F,SI1,FALSE,53500
2026-03-20T06:44:34.472Z,RBC,3,10,99,F,SI2,FALSE,40000
2026-03-20T06:44:34.472Z,RBC,3,10,99,G,IF,FALSE,93000
2026-03-20T06:44:34.472Z,RBC,3,10,99,G,VVS2,FALSE,78500
2026-03-20T06:44:34.472Z,RBC,3,10,99,H,VVS1,FALSE,69500
2026-03-20T06:44:34.472Z,RBC,3,10,99,H,VVS2,FALSE,63000
2026-03-20T06:44:34.472Z,RBC,3,10,99,H,SI1,FALSE,40500
2026-03-20T06:44:34.472Z,RBC,3,10,99,I,VVS2,FALSE,49500
2026-03-20T06:44:34.472Z,RBC,3,10,99,I,VS1,FALSE,46000
2026-03-20T06:44:34.472Z,RBC,3,10,99,I,SI1,FALSE,34000
2026-03-20T06:44:34.472Z,RBC,3,10,99,I,SI3,FALSE,17000
2026-03-20T06:44:34.472Z,RBC,3,10,99,I,I3,FALSE,2200
2026-03-20T06:44:34.472Z,RBC,3,10,99,J,VS1,FALSE,35000
2026-03-20T06:44:34.472Z,RBC,3,10,99,J,SI1,FALSE,28500
2026-03-20T06:44:34.472Z,RBC,3,10,99,K,SI1,FALSE,23500
2026-03-20T06:44:34.472Z,RBC,3,10,99,L,VVS2,FALSE,24000
2026-03-20T06:44:34.472Z,RBC,3,10,99,L,SI2,FALSE,16500
2026-03-20T06:44:34.472Z,RBC,3,4,4.99,I,I3,FALSE,1800
2026-03-20T06:44:34.472Z,RBC,3,4,4.99,J,VVS2,FALSE,19500
2026-03-20T06:44:34.472Z,RBC,3,4,4.99,K,IF,FALSE,18500
2026-03-20T06:44:34.472Z,RBC,3,4,4.99,L,IF,FALSE,15000
2026-03-20T06:44:34.472Z,RBC,3,4,4.99,L,VVS1,FALSE,14000
2026-03-20T06:44:34.472Z,RBC,3,4,4.99,L,VVS2,FALSE,13000
2026-03-20T06:44:34.472Z,RBC,3,4,4.99,L,I3,FALSE,1600
2026-03-20T06:44:34.472Z,RBC,3,4,4.99,M,VVS1,FALSE,11500
2026-03-20T06:44:34.472Z,RBC,3,4,4.99,M,VVS2,FALSE,10500
2026-03-20T06:44:34.472Z,RBC,3,4,4.99,M,VS1,FALSE,10000
2026-03-20T06:44:34.472Z,RBC,3,4,4.99,M,VS2,FALSE,9500
2026-03-20T06:44:34.472Z,RBC,3,4,4.99,M,I3,FALSE,1600
2026-03-20T06:44:34.472Z,RBC,3,5,9.99,D,I3,FALSE,2500
2026-03-20T06:44:34.472Z,RBC,3,5,9.99,E,IF,FALSE,83500
2026-03-20T06:44:34.472Z,RBC,3,5,9.99,E,VS2,FALSE,52000
2026-03-20T06:44:34.472Z,RBC,3,5,9.99,E,SI2,FALSE,29500
2026-03-20T06:44:34.472Z,RBC,3,5,9.99,E,I1,FALSE,12000
2026-03-20T06:44:34.472Z,RBC,3,5,9.99,F,VVS1,FALSE,67000
2026-03-20T06:44:34.472Z,RBC,3,5,9.99,F,I2,FALSE,5400
2026-03-20T06:44:34.472Z,RBC,3,5,9.99,G,IF,FALSE,60500
2026-03-20T06:44:34.472Z,RBC,3,5,9.99,G,VVS1,FALSE,55500
2026-03-20T06:44:34.472Z,RBC,3,5,9.99,G,SI3,FALSE,15000
2026-03-20T06:44:34.472Z,RBC,3,5,9.99,G,I2,FALSE,5100
2026-03-20T06:44:34.472Z,RBC,3,5,9.99,H,IF,FALSE,48000
2026-03-20T06:44:34.472Z,RBC,3,5,9.99,H,VS1,FALSE,36000
2026-03-20T06:44:34.472Z,RBC,3,5,9.99,H,I2,FALSE,4800
2026-03-20T06:44:34.472Z,RBC,3,5,9.99,J,VS1,FALSE,22000
2026-03-20T06:44:34.472Z,RBC,3,5,9.99,J,SI3,FALSE,12000
2026-03-20T06:44:34.472Z,RBC,3,5,9.99,J,I1,FALSE,8800
2026-03-20T06:44:34.472Z,RBC,3,5,9.99,J,I3,FALSE,1900
2026-03-20T06:44:34.472Z,RBC,3,5,9.99,K,IF,FALSE,22000
2026-03-20T06:44:34.472Z,RBC,3,5,9.99,K,SI3,FALSE,11000
2026-03-20T06:44:34.472Z,RBC,3,5,9.99,K,I1,FALSE,8100
2026-03-20T06:44:34.472Z,RBC,3,5,9.99,L,VS1,FALSE,15000
2026-03-20T06:44:34.472Z,RBC,3,5,9.99,L,SI3,FALSE,10000
2026-03-20T06:44:34.472Z,RBC,3,5,9.99,L,I3,FALSE,1700
2026-03-20T06:44:34.472Z,RBC,3,5,9.99,M,VVS1,FALSE,14000
2026-03-20T06:44:34.472Z,RBC,3,5,9.99,M,SI3,FALSE,8000
2026-03-20T06:44:34.472Z,RBC,3,5,9.99,M,I2,FALSE,3400
2026-03-20T06:44:34.472Z,RBC,3,5,9.99,M,I3,FALSE,1600
2026-03-20T06:44:34.472Z,RBC,3,10,99,D,VVS1,FALSE,130000
2026-03-20T06:44:34.472Z,RBC,3,10,99,D,VS2,FALSE,90000
2026-03-20T06:44:34.472Z,RBC,3,10,99,D,SI1,FALSE,63500
2026-03-20T06:44:34.472Z,RBC,3,10,99,D,I1,FALSE,14000
2026-03-20T06:44:34.472Z,RBC,3,10,99,E,VVS2,FALSE,103000
2026-03-20T06:44:34.472Z,RBC,3,10,99,E,VS1,FALSE,93000
2026-03-20T06:44:34.472Z,RBC,3,10,99,E,VS2,FALSE,82000
2026-03-20T06:44:34.472Z,RBC,3,10,99,F,VVS1,FALSE,104000
2026-03-20T06:44:34.472Z,RBC,3,10,99,F,I1,FALSE,13000
2026-03-20T06:44:34.472Z,RBC,3,10,99,G,VVS1,FALSE,86500
2026-03-20T06:44:34.472Z,RBC,3,10,99,G,VS1,FALSE,71500
2026-03-20T06:44:34.472Z,RBC,3,10,99,G,I1,FALSE,12500
2026-03-20T06:44:34.472Z,RBC,3,10,99,G,I2,FALSE,5700
2026-03-20T06:44:34.472Z,RBC,3,10,99,H,IF,FALSE,75000
2026-03-20T06:44:34.472Z,RBC,3,10,99,H,I3,FALSE,2300
2026-03-20T06:44:34.472Z,RBC,3,10,99,I,IF,FALSE,57000
2026-03-20T06:44:34.472Z,RBC,3,10,99,I,VVS1,FALSE,53500
2026-03-20T06:44:34.472Z,RBC,3,10,99,I,SI2,FALSE,27500
2026-03-20T06:44:34.472Z,RBC,3,10,99,J,IF,FALSE,44000
2026-03-20T06:44:34.472Z,RBC,3,10,99,J,SI3,FALSE,15000
2026-03-20T06:44:34.472Z,RBC,3,10,99,J,I1,FALSE,11000
2026-03-20T06:44:34.472Z,RBC,3,10,99,J,I2,FALSE,4900
2026-03-20T06:44:34.472Z,RBC,3,10,99,J,I3,FALSE,2100
2026-03-20T06:44:34.472Z,RBC,3,10,99,K,VVS1,FALSE,32500
2026-03-20T06:44:34.472Z,RBC,3,10,99,M,SI1,FALSE,16500
2026-03-20T06:44:34.472Z,RBC,3,10,99,M,SI2,FALSE,14000
2026-03-20T06:44:34.472Z,RBC,3,10,99,M,I1,FALSE,7500
2026-03-20T06:44:34.472Z,RBC,3,0.3,0.39,N,VVS1,TRUE,900
2026-03-20T06:44:34.472Z,RBC,3,0.3,0.39,N,VS2,TRUE,800
2026-03-20T06:44:34.472Z,RBC,3,0.3,0.39,N,SI2,TRUE,700
2026-03-20T06:44:34.472Z,RBC,3,0.3,0.39,N,SI3,TRUE,600
2026-03-20T06:44:34.472Z,RBC,3,0.3,0.39,N,I1,FALSE,500
2026-03-20T06:44:34.472Z,RBC,3,0.3,0.39,N,I2,FALSE,400
2026-03-20T06:44:34.472Z,RBC,3,0.4,0.49,N,VVS1,TRUE,1100
2026-03-20T06:44:34.472Z,RBC,3,0.4,0.49,N,VVS2,TRUE,1000
2026-03-20T06:44:34.472Z,RBC,3,0.4,0.49,N,VS2,TRUE,900
2026-03-20T06:44:34.472Z,RBC,3,0.4,0.49,N,I2,FALSE,500
2026-03-20T06:44:34.472Z,RBC,3,0.4,0.49,N,I3,FALSE,400
2026-03-20T06:44:34.472Z,RBC,3,0.7,0.89,N,VS2,TRUE,1200
2026-03-20T06:44:34.472Z,RBC,3,0.9,0.99,N,VS2,TRUE,1700
2026-03-20T06:44:34.472Z,RBC,3,0.9,0.99,N,SI1,TRUE,1600
2026-03-20T06:44:34.472Z,RBC,3,0.9,0.99,N,SI2,TRUE,1500
2026-03-20T06:44:34.472Z,RBC,3,0.9,0.99,N,I2,TRUE,1100
2026-03-20T06:44:34.472Z,RBC,3,1,1.49,N,VVS1,TRUE,2500
2026-03-20T06:44:34.472Z,RBC,3,1,1.49,N,SI1,TRUE,1900
2026-03-20T06:44:34.472Z,RBC,3,1,1.49,N,SI3,TRUE,1700
2026-03-20T06:44:34.472Z,RBC,3,1,1.49,N,I3,FALSE,1000
2026-03-20T06:44:34.472Z,RBC,3,1.5,1.99,N,VS1,TRUE,3600
2026-03-20T06:44:34.472Z,RBC,3,1.5,1.99,N,SI3,TRUE,2800
2026-03-20T06:44:34.472Z,RBC,3,2,2.99,N,IF,FALSE,6800
2026-03-20T06:44:34.472Z,RBC,3,4,4.99,N,I2,FALSE,3200
2026-03-20T06:44:34.472Z,RBC,3,5,9.99,N,I2,FALSE,3400
2026-03-20T06:44:34.472Z,RBC,3,10,99,N,I1,FALSE,7500
2026-03-20T06:44:34.472Z,RBC,3,10,99,N,I3,FALSE,1800
2026-03-20T06:44:34.472Z,RBC,3,0.3,0.39,O-P,IF,FALSE,1000
2026-03-20T06:44:34.472Z,RBC,3,0.3,0.39,O-P,VVS2,FALSE,900
2026-03-20T06:44:34.472Z,RBC,3,0.3,0.39,O-P,I2,FALSE,400
2026-03-20T06:44:34.472Z,RBC,3,0.3,0.39,O-P,I3,FALSE,300
2026-03-20T06:44:34.472Z,RBC,3,0.4,0.49,O-P,VS1,FALSE,900
2026-03-20T06:44:34.472Z,RBC,3,0.4,0.49,O-P,VS2,FALSE,900
2026-03-20T06:44:34.472Z,RBC,3,0.5,0.69,O-P,VVS1,FALSE,1300
2026-03-20T06:44:34.472Z,RBC,3,0.5,0.69,O-P,VVS2,FALSE,1200
2026-03-20T06:44:34.472Z,RBC,3,0.5,0.69,O-P,SI1,FALSE,1000
2026-03-20T06:44:34.472Z,RBC,3,0.5,0.69,O-P,SI3,FALSE,900
2026-03-20T06:44:34.472Z,RBC,3,0.5,0.69,O-P,I2,FALSE,700
2026-03-20T06:44:34.472Z,RBC,3,0.7,0.89,O-P,SI1,FALSE,1200
2026-03-20T06:44:34.472Z,RBC,3,0.7,0.89,O-P,SI2,FALSE,1100
2026-03-20T06:44:34.472Z,RBC,3,0.9,0.99,O-P,IF,FALSE,2400
2026-03-20T06:44:34.472Z,RBC,3,0.9,0.99,O-P,VVS2,FALSE,2000
2026-03-20T06:44:34.472Z,RBC,3,0.9,0.99,O-P,SI2,FALSE,1500
2026-03-20T06:44:34.472Z,RBC,3,0.9,0.99,O-P,I1,FALSE,1400
2026-03-20T06:44:34.472Z,RBC,3,0.9,0.99,O-P,I2,FALSE,1100
2026-03-20T06:44:34.472Z,RBC,3,1,1.49,O-P,SI2,FALSE,1800
2026-03-20T06:44:34.472Z,RBC,3,2,2.99,O-P,I1,FALSE,3800
2026-03-20T06:44:34.472Z,RBC,3,2,2.99,O-P,I2,FALSE,2600
2026-03-20T06:44:34.472Z,RBC,3,2,2.99,O-P,I3,FALSE,1300
2026-03-20T06:44:34.472Z,RBC,3,3,3.99,O-P,VVS2,FALSE,8700
2026-03-20T06:44:34.472Z,RBC,3,3,3.99,O-P,VS1,FALSE,8300
2026-03-20T06:44:34.472Z,RBC,3,3,3.99,O-P,I1,FALSE,4700
2026-03-20T06:44:34.472Z,RBC,3,4,4.99,O-P,VS2,FALSE,9500
2026-03-20T06:44:34.472Z,RBC,3,4,4.99,O-P,SI1,FALSE,9000
2026-03-20T06:44:34.472Z,RBC,3,4,4.99,O-P,SI2,FALSE,8000
2026-03-20T06:44:34.472Z,RBC,3,4,4.99,O-P,I1,FALSE,5000
2026-03-20T06:44:34.472Z,RBC,3,4,4.99,O-P,I2,FALSE,3200
2026-03-20T06:44:34.472Z,RBC,3,5,9.99,O-P,VVS2,FALSE,13000
2026-03-20T06:44:34.472Z,RBC,3,5,9.99,O-P,VS1,FALSE,12500
2026-03-20T06:44:34.472Z,RBC,3,5,9.99,O-P,SI1,FALSE,11000
2026-03-20T06:44:34.472Z,RBC,3,5,9.99,O-P,I1,FALSE,6000
2026-03-20T06:44:34.472Z,RBC,3,10,99,K,VVS2,FALSE,30000
2026-03-20T06:44:34.472Z,RBC,3,10,99,K,VS2,FALSE,25500
2026-03-20T06:44:34.472Z,RBC,3,10,99,K,SI2,FALSE,20000
2026-03-20T06:44:34.472Z,RBC,3,10,99,K,I2,FALSE,4700
2026-03-20T06:44:34.472Z,RBC,3,10,99,L,IF,FALSE,27000
2026-03-20T06:44:34.472Z,RBC,3,10,99,L,VVS1,FALSE,25500
2026-03-20T06:44:34.472Z,RBC,3,10,99,L,VS1,FALSE,22500
2026-03-20T06:44:34.472Z,RBC,3,10,99,L,VS2,FALSE,21000
2026-03-20T06:44:34.472Z,RBC,3,10,99,L,I2,FALSE,4500
2026-03-20T06:44:34.472Z,RBC,3,10,99,L,I3,FALSE,1900
2026-03-20T06:44:34.472Z,RBC,3,10,99,M,I3,FALSE,1800
2026-03-20T06:44:34.472Z,RBC,3,0.3,0.39,N,SI1,TRUE,800
2026-03-20T06:44:34.472Z,RBC,3,0.4,0.49,N,VS1,TRUE,900
2026-03-20T06:44:34.472Z,RBC,3,0.4,0.49,N,SI1,TRUE,900
2026-03-20T06:44:34.472Z,RBC,3,0.4,0.49,N,SI2,TRUE,800
2026-03-20T06:44:34.472Z,RBC,3,0.5,0.69,N,IF,TRUE,1400
2026-03-20T06:44:34.472Z,RBC,3,0.5,0.69,N,VS2,TRUE,1000
2026-03-20T06:44:34.472Z,RBC,3,0.5,0.69,N,SI1,TRUE,1000
2026-03-20T06:44:34.472Z,RBC,3,0.5,0.69,N,SI2,TRUE,900
2026-03-20T06:44:34.472Z,RBC,3,0.5,0.69,N,I1,TRUE,900
2026-03-20T06:44:34.472Z,RBC,3,0.5,0.69,N,I2,TRUE,700
2026-03-20T06:44:34.472Z,RBC,3,0.7,0.89,N,IF,TRUE,1800
2026-03-20T06:44:34.472Z,RBC,3,0.7,0.89,N,SI1,TRUE,1200
2026-03-20T06:44:34.472Z,RBC,3,0.7,0.89,N,I2,TRUE,800
2026-03-20T06:44:34.472Z,RBC,3,0.9,0.99,N,VVS2,TRUE,2000
2026-03-20T06:44:34.472Z,RBC,3,0.9,0.99,N,VS1,TRUE,1900
2026-03-20T06:44:34.472Z,RBC,3,0.9,0.99,N,I3,FALSE,700
2026-03-20T06:44:34.472Z,RBC,3,1,1.49,N,VVS2,TRUE,2400
2026-03-20T06:44:34.472Z,RBC,3,1,1.49,N,I1,TRUE,1600
2026-03-20T06:44:34.472Z,RBC,3,1.5,1.99,N,VS2,TRUE,3400
2026-03-20T06:44:34.472Z,RBC,3,1.5,1.99,N,I2,TRUE,2200
2026-03-20T06:44:34.472Z,RBC,3,2,2.99,N,VVS2,FALSE,5700
2026-03-20T06:44:34.472Z,RBC,3,2,2.99,N,SI1,FALSE,4500
2026-03-20T06:44:34.472Z,RBC,3,2,2.99,N,SI3,FALSE,4000
2026-03-20T06:44:34.472Z,RBC,3,2,2.99,N,I3,FALSE,1300
2026-03-20T06:44:34.472Z,RBC,3,3,3.99,N,IF,FALSE,9500
2026-03-20T06:44:34.472Z,RBC,3,3,3.99,N,VVS1,FALSE,9100
2026-03-20T06:44:34.472Z,RBC,3,3,3.99,N,VS2,FALSE,7900
2026-03-20T06:44:34.472Z,RBC,3,3,3.99,N,SI3,FALSE,5800
2026-03-20T06:44:34.472Z,RBC,3,4,4.99,N,VVS1,FALSE,11500
2026-03-20T06:44:34.472Z,RBC,3,4,4.99,N,SI1,FALSE,9000
2026-03-20T06:44:34.472Z,RBC,3,5,9.99,N,VVS1,FALSE,14000
2026-03-20T06:44:34.472Z,RBC,3,5,9.99,N,SI2,FALSE,10000
2026-03-20T06:44:34.472Z,RBC,3,5,9.99,N,SI3,FALSE,8000
2026-03-20T06:44:34.472Z,RBC,3,10,99,N,SI1,FALSE,16500
2026-03-20T06:44:34.472Z,RBC,3,10,99,N,SI2,FALSE,14000
2026-03-20T06:44:34.472Z,RBC,3,10,99,N,I2,FALSE,4300
2026-03-20T06:44:34.472Z,RBC,3,0.3,0.39,O-P,VS2,FALSE,800
2026-03-20T06:44:34.472Z,RBC,3,0.3,0.39,O-P,SI2,FALSE,700
2026-03-20T06:44:34.472Z,RBC,3,0.3,0.39,O-P,SI3,FALSE,600
2026-03-20T06:44:34.472Z,RBC,3,0.4,0.49,O-P,VVS1,FALSE,1100
2026-03-20T06:44:34.472Z,RBC,3,0.4,0.49,O-P,SI1,FALSE,900
2026-03-20T06:44:34.472Z,RBC,3,0.4,0.49,O-P,SI2,FALSE,800
2026-03-20T06:44:34.472Z,RBC,3,0.7,0.89,O-P,IF,FALSE,1800
2026-03-20T06:44:34.472Z,RBC,3,0.7,0.89,O-P,VS1,FALSE,1300
2026-03-20T06:44:34.472Z,RBC,3,0.7,0.89,O-P,VS2,FALSE,1200
2026-03-20T06:44:34.472Z,RBC,3,0.7,0.89,O-P,SI3,FALSE,1100
2026-03-20T06:44:34.472Z,RBC,3,0.7,0.89,O-P,I3,FALSE,600
2026-03-20T06:44:34.472Z,RBC,3,0.9,0.99,O-P,VVS1,FALSE,2200
2026-03-20T06:44:34.472Z,RBC,3,0.9,0.99,O-P,SI1,FALSE,1600
2026-03-20T06:44:34.472Z,RBC,3,1,1.49,O-P,VVS2,FALSE,2400
2026-03-20T06:44:34.472Z,RBC,3,1,1.49,O-P,SI3,FALSE,1700
2026-03-20T06:44:34.472Z,RBC,3,1,1.49,O-P,I1,FALSE,1600
2026-03-20T06:44:34.472Z,RBC,3,1,1.49,O-P,I3,FALSE,1000
2026-03-20T06:44:34.472Z,RBC,3,5,9.99,O-P,I2,FALSE,3400
2026-03-20T06:44:34.472Z,RBC,3,10,99,O-P,VVS1,FALSE,21000
2026-03-20T06:44:34.472Z,RBC,3,10,99,O-P,I3,FALSE,1800
2026-03-20T06:44:34.472Z,RBC,3,0.3,0.39,Q-R,IF,FALSE,1000
2026-03-20T06:44:34.472Z,RBC,3,0.3,0.39,Q-R,VVS1,FALSE,900
2026-03-20T06:44:34.472Z,RBC,3,0.3,0.39,Q-R,SI1,FALSE,800
2026-03-20T06:44:34.472Z,RBC,3,0.3,0.39,Q-R,SI2,FALSE,700
2026-03-20T06:44:34.472Z,RBC,3,0.3,0.39,Q-R,I1,FALSE,500
2026-03-20T06:44:34.472Z,RBC,3,0.4,0.49,Q-R,VVS1,FALSE,1100
2026-03-20T06:44:34.472Z,RBC,3,0.4,0.49,Q-R,I2,FALSE,500
2026-03-20T06:44:34.472Z,RBC,3,0.5,0.69,Q-R,VVS2,FALSE,1200
2026-03-20T06:44:34.472Z,RBC,3,0.5,0.69,Q-R,I3,FALSE,500
2026-03-20T06:44:34.472Z,RBC,3,0.7,0.89,Q-R,VVS1,FALSE,1600
2026-03-20T06:44:34.472Z,RBC,3,0.7,0.89,Q-R,VS2,FALSE,1200
2026-03-20T06:44:34.472Z,RBC,3,0.7,0.89,Q-R,SI3,FALSE,1100
2026-03-20T06:44:34.472Z,RBC,3,0.7,0.89,Q-R,I1,FALSE,1100
2026-03-20T06:44:34.472Z,RBC,3,0.7,0.89,Q-R,I2,FALSE,800
2026-03-20T06:44:34.472Z,RBC,3,0.9,0.99,Q-R,VVS1,FALSE,2200
2026-03-20T06:44:34.472Z,RBC,3,0.9,0.99,Q-R,VVS2,FALSE,2000
2026-03-20T06:44:34.472Z,RBC,3,0.9,0.99,Q-R,VS2,FALSE,1700
2026-03-20T06:44:34.472Z,RBC,3,0.9,0.99,Q-R,I1,FALSE,1400
2026-03-20T06:44:34.472Z,RBC,3,0.9,0.99,Q-R,I2,FALSE,1100
2026-03-20T06:44:34.472Z,RBC,3,1,1.49,Q-R,VS1,FALSE,2300
2026-03-20T06:44:34.472Z,RBC,3,1.5,1.99,Q-R,VVS1,FALSE,4100
2026-03-20T06:44:34.472Z,RBC,3,1.5,1.99,Q-R,VVS2,FALSE,3900
2026-03-20T06:44:34.472Z,RBC,3,1.5,1.99,Q-R,SI3,FALSE,2800
2026-03-20T06:44:34.472Z,RBC,3,1.5,1.99,Q-R,I1,FALSE,2700
2026-03-20T06:44:34.472Z,RBC,3,2,2.99,Q-R,SI1,FALSE,4500
2026-03-20T06:44:34.472Z,RBC,3,2,2.99,Q-R,I3,FALSE,1300
2026-03-20T06:44:34.472Z,RBC,3,3,3.99,Q-R,VS1,FALSE,8300
2026-03-20T06:44:34.472Z,RBC,3,3,3.99,Q-R,I3,FALSE,1400
2026-03-20T06:44:34.472Z,RBC,3,4,4.99,Q-R,IF,FALSE,12500
2026-03-20T06:44:34.472Z,RBC,3,4,4.99,Q-R,VS1,FALSE,10000
2026-03-20T06:44:34.472Z,RBC,3,4,4.99,Q-R,VS2,FALSE,9500
2026-03-20T06:44:34.472Z,RBC,3,4,4.99,Q-R,I1,FALSE,5000
2026-03-20T06:44:34.472Z,RBC,3,5,9.99,Q-R,VVS1,FALSE,14000
2026-03-20T06:44:34.472Z,RBC,3,5,9.99,Q-R,VS2,FALSE,12000
2026-03-20T06:44:34.472Z,RBC,3,5,9.99,Q-R,SI1,FALSE,11000
2026-03-20T06:44:34.472Z,RBC,3,10,99,Q-R,VS1,FALSE,18500
2026-03-20T06:44:34.472Z,RBC,3,10,99,Q-R,I3,FALSE,1800
2026-03-20T06:44:34.472Z,RBC,3,0.3,0.39,S-T,VS1,FALSE,800
2026-03-20T06:44:34.472Z,RBC,3,0.3,0.39,S-T,SI2,FALSE,700
2026-03-20T06:44:34.472Z,RBC,3,0.4,0.49,S-T,IF,FALSE,1200
2026-03-20T06:44:34.472Z,RBC,3,0.4,0.49,S-T,SI1,FALSE,900
2026-03-20T06:44:34.472Z,RBC,3,0.5,0.69,S-T,IF,FALSE,1400
2026-03-20T06:44:34.472Z,RBC,3,0.5,0.69,S-T,VVS1,FALSE,1300
2026-03-20T06:44:34.472Z,RBC,3,0.5,0.69,S-T,VS1,FALSE,1100
2026-03-20T06:44:34.472Z,RBC,3,0.7,0.89,S-T,VVS2,FALSE,1400
2026-03-20T06:44:34.472Z,RBC,3,0.7,0.89,S-T,VS1,FALSE,1300
2026-03-20T06:44:34.472Z,RBC,3,0.7,0.89,S-T,SI1,FALSE,1200
2026-03-20T06:44:34.472Z,RBC,3,0.7,0.89,S-T,I2,FALSE,800
2026-03-20T06:44:34.472Z,RBC,3,0.9,0.99,S-T,VS1,FALSE,1900
2026-03-20T06:44:34.472Z,RBC,3,0.9,0.99,S-T,VS2,FALSE,1700
2026-03-20T06:44:34.472Z,RBC,3,0.9,0.99,S-T,I1,FALSE,1400
2026-03-20T06:44:34.472Z,RBC,3,1,1.49,S-T,IF,FALSE,2700
2026-03-20T06:44:34.472Z,RBC,3,1,1.49,S-T,VS2,FALSE,2100
2026-03-20T06:44:34.472Z,RBC,3,1,1.49,S-T,I1,FALSE,1600
2026-03-20T06:44:34.472Z,RBC,3,1,1.49,S-T,I2,FALSE,1600
2026-03-20T06:44:34.472Z,RBC,3,1.5,1.99,S-T,SI2,FALSE,3000
2026-03-20T06:44:34.472Z,RBC,3,1.5,1.99,S-T,I2,FALSE,2200
2026-03-20T06:44:34.472Z,RBC,3,1.5,1.99,S-T,I3,FALSE,1200
2026-03-20T06:44:34.472Z,RBC,3,2,2.99,S-T,VVS1,FALSE,6300
2026-03-20T06:44:34.472Z,RBC,3,2,2.99,S-T,I2,FALSE,2600
2026-03-20T06:44:34.472Z,RBC,3,3,3.99,S-T,VVS2,FALSE,8700
2026-03-20T06:44:34.472Z,RBC,3,3,3.99,S-T,I2,FALSE,3000
2026-03-20T06:44:34.472Z,RBC,3,4,4.99,S-T,VS2,FALSE,9500
2026-03-20T06:44:34.472Z,RBC,3,4,4.99,S-T,SI2,FALSE,8000
2026-03-20T06:44:34.472Z,RBC,3,4,4.99,S-T,I3,FALSE,1600
2026-03-20T06:44:34.472Z,RBC,3,5,9.99,S-T,VVS1,FALSE,14000
2026-03-20T06:44:34.472Z,RBC,3,5,9.99,S-T,VS1,FALSE,12500
2026-03-20T06:44:34.472Z,RBC,3,5,9.99,S-T,VS2,FALSE,12000
2026-03-20T06:44:34.472Z,RBC,3,10,99,S-T,VVS1,FALSE,21000
2026-03-20T06:44:34.472Z,RBC,3,10,99,S-T,VS2,FALSE,17500
2026-03-20T06:44:34.472Z,RBC,3,10,99,S-T,SI1,FALSE,16500
2026-03-20T06:44:34.472Z,RBC,3,10,99,S-T,SI3,FALSE,10500
2026-03-20T06:44:34.472Z,RBC,3,0.3,0.39,U-V,IF,FALSE,1000
2026-03-20T06:44:34.472Z,RBC,3,0.3,0.39,U-V,VS1,FALSE,800
2026-03-20T06:44:34.472Z,RBC,3,0.3,0.39,U-V,SI3,FALSE,600
2026-03-20T06:44:34.472Z,RBC,3,0.3,0.39,U-V,I1,FALSE,500
2026-03-20T06:44:34.472Z,RBC,3,0.4,0.49,U-V,SI3,FALSE,700
2026-03-20T06:44:34.472Z,RBC,3,0.5,0.69,U-V,VVS1,FALSE,1300
2026-03-20T06:44:34.472Z,RBC,3,0.5,0.69,U-V,VS1,FALSE,1100
2026-03-20T06:44:34.472Z,RBC,3,0.5,0.69,U-V,SI1,FALSE,1000
2026-03-20T06:44:34.472Z,RBC,3,0.5,0.69,U-V,SI3,FALSE,900
2026-03-20T06:44:34.472Z,RBC,3,0.5,0.69,U-V,I3,FALSE,500
2026-03-20T06:44:34.472Z,RBC,3,0.7,0.89,U-V,VS2,FALSE,1200
2026-03-20T06:44:34.472Z,RBC,3,1,1.49,U-V,IF,FALSE,2700
2026-03-20T06:44:34.472Z,RBC,3,1,1.49,U-V,VVS2,FALSE,2400
2026-03-20T06:44:34.472Z,RBC,3,1,1.49,U-V,VS1,FALSE,2300
2026-03-20T06:44:34.472Z,RBC,3,1,1.49,U-V,VS2,FALSE,2100
2026-03-20T06:44:34.472Z,RBC,3,1,1.49,U-V,SI2,FALSE,1800
2026-03-20T06:44:34.472Z,RBC,3,1,1.49,U-V,I3,FALSE,1000
2026-03-20T06:44:34.472Z,RBC,3,1.5,1.99,U-V,IF,FALSE,4600
2026-03-20T06:44:34.472Z,RBC,3,1.5,1.99,U-V,VVS2,FALSE,3900
2026-03-20T06:44:34.472Z,RBC,3,1.5,1.99,U-V,VS2,FALSE,3400
2026-03-20T06:44:34.472Z,RBC,3,2,2.99,U-V,IF,FALSE,6800
2026-03-20T06:44:34.472Z,RBC,3,2,2.99,U-V,VVS2,FALSE,5700
2026-03-20T06:44:34.472Z,RBC,3,3,3.99,U-V,VVS2,FALSE,8700
2026-03-20T06:44:34.472Z,RBC,3,3,3.99,U-V,SI1,FALSE,7500
2026-03-20T06:44:34.472Z,RBC,3,3,3.99,U-V,SI2,FALSE,6700
2026-03-20T06:44:34.472Z,RBC,3,4,4.99,U-V,IF,FALSE,12500
2026-03-20T06:44:34.472Z,RBC,3,5,9.99,U-V,IF,FALSE,15000
2026-03-20T06:44:34.472Z,RBC,3,5,9.99,U-V,VVS1,FALSE,14000
2026-03-20T06:44:34.472Z,RBC,3,5,9.99,U-V,SI2,FALSE,10000
2026-03-20T06:44:34.472Z,RBC,3,5,9.99,U-V,SI3,FALSE,8000
2026-03-20T06:44:34.472Z,RBC,3,10,99,U-V,VVS2,FALSE,19500
2026-03-20T06:44:34.472Z,RBC,3,10,99,U-V,SI1,FALSE,16500
2026-03-20T06:44:34.472Z,RBC,3,10,99,U-V,I2,FALSE,4300
2026-03-20T06:44:34.472Z,RBC,3,0.3,0.39,W-X,IF,FALSE,1000
2026-03-20T06:44:34.472Z,RBC,3,0.3,0.39,W-X,VVS1,FALSE,900
2026-03-20T06:44:34.472Z,RBC,3,0.3,0.39,W-X,I2,FALSE,400
2026-03-20T06:44:34.472Z,RBC,3,0.4,0.49,W-X,SI1,FALSE,900
2026-03-20T06:44:34.472Z,RBC,3,0.4,0.49,W-X,SI2,FALSE,800
2026-03-20T06:44:34.472Z,RBC,3,0.4,0.49,W-X,SI3,FALSE,700
2026-03-20T06:44:34.472Z,RBC,3,0.4,0.49,W-X,I1,FALSE,600
2026-03-20T06:44:34.472Z,RBC,3,0.4,0.49,W-X,I2,FALSE,500
2026-03-20T06:44:34.472Z,RBC,3,0.5,0.69,W-X,I1,FALSE,900
2026-03-20T06:44:34.472Z,RBC,3,0.5,0.69,W-X,I2,FALSE,700
2026-03-20T06:44:34.472Z,RBC,3,0.7,0.89,W-X,VVS1,FALSE,1600
2026-03-20T06:44:34.472Z,RBC,3,0.9,0.99,W-X,VVS1,FALSE,2200
2026-03-20T06:44:34.472Z,RBC,3,0.9,0.99,W-X,VVS2,FALSE,2000
2026-03-20T06:44:34.472Z,RBC,3,1,1.49,W-X,IF,FALSE,2700
2026-03-20T06:44:34.472Z,RBC,3,1,1.49,W-X,VVS2,FALSE,2400
2026-03-20T06:44:34.472Z,RBC,3,1,1.49,W-X,SI3,FALSE,1700
2026-03-20T06:44:34.472Z,RBC,3,1,1.49,W-X,I3,FALSE,1000
2026-03-20T06:44:34.472Z,RBC,3,1.5,1.99,W-X,I2,FALSE,2200
2026-03-20T06:44:34.472Z,RBC,3,2,2.99,W-X,SI2,FALSE,4200
2026-03-20T06:44:34.472Z,RBC,3,2,2.99,W-X,I1,FALSE,3800
2026-03-20T06:44:34.472Z,RBC,3,1.5,1.99,O-P,IF,FALSE,4600
2026-03-20T06:44:34.472Z,RBC,3,1.5,1.99,O-P,VS2,FALSE,3400
2026-03-20T06:44:34.472Z,RBC,3,1.5,1.99,O-P,SI2,FALSE,3000
2026-03-20T06:44:34.472Z,RBC,3,1.5,1.99,O-P,I1,FALSE,2700
2026-03-20T06:44:34.472Z,RBC,3,1.5,1.99,O-P,I2,FALSE,2200
2026-03-20T06:44:34.472Z,RBC,3,2,2.99,O-P,VVS1,FALSE,6300
2026-03-20T06:44:34.472Z,RBC,3,2,2.99,O-P,VVS2,FALSE,5700
2026-03-20T06:44:34.472Z,RBC,3,2,2.99,O-P,SI3,FALSE,4000
2026-03-20T06:44:34.472Z,RBC,3,3,3.99,O-P,I2,FALSE,3000
2026-03-20T06:44:34.472Z,RBC,3,3,3.99,O-P,I3,FALSE,1400
2026-03-20T06:44:34.472Z,RBC,3,0.3,0.39,Q-R,VS1,FALSE,800
2026-03-20T06:44:34.472Z,RBC,3,0.3,0.39,Q-R,I2,FALSE,400
2026-03-20T06:44:34.472Z,RBC,3,0.3,0.39,Q-R,I3,FALSE,300
2026-03-20T06:44:34.472Z,RBC,3,0.4,0.49,Q-R,IF,FALSE,1200
2026-03-20T06:44:34.472Z,RBC,3,0.4,0.49,Q-R,VVS2,FALSE,1000
2026-03-20T06:44:34.472Z,RBC,3,0.4,0.49,Q-R,VS2,FALSE,900
2026-03-20T06:44:34.472Z,RBC,3,0.4,0.49,Q-R,SI3,FALSE,700
2026-03-20T06:44:34.472Z,RBC,3,0.5,0.69,Q-R,VVS1,FALSE,1300
2026-03-20T06:44:34.472Z,RBC,3,0.5,0.69,Q-R,VS1,FALSE,1100
2026-03-20T06:44:34.472Z,RBC,3,0.5,0.69,Q-R,VS2,FALSE,1000
2026-03-20T06:44:34.472Z,RBC,3,0.5,0.69,Q-R,I1,FALSE,900
2026-03-20T06:44:34.472Z,RBC,3,0.5,0.69,Q-R,I2,FALSE,700
2026-03-20T06:44:34.472Z,RBC,3,0.9,0.99,Q-R,VS1,FALSE,1900
2026-03-20T06:44:34.472Z,RBC,3,1,1.49,Q-R,VVS2,FALSE,2400
2026-03-20T06:44:34.472Z,RBC,3,1,1.49,Q-R,I2,FALSE,1600
2026-03-20T06:44:34.472Z,RBC,3,1,1.49,Q-R,I3,FALSE,1000
2026-03-20T06:44:34.472Z,RBC,3,1.5,1.99,Q-R,VS2,FALSE,3400
2026-03-20T06:44:34.472Z,RBC,3,1.5,1.99,Q-R,SI2,FALSE,3000
2026-03-20T06:44:34.472Z,RBC,3,2,2.99,Q-R,VS1,FALSE,5400
2026-03-20T06:44:34.472Z,RBC,3,3,3.99,Q-R,VVS2,FALSE,8700
2026-03-20T06:44:34.472Z,RBC,3,3,3.99,Q-R,VS2,FALSE,7900
2026-03-20T06:44:34.472Z,RBC,3,3,3.99,Q-R,I1,FALSE,4700
2026-03-20T06:44:34.472Z,RBC,3,4,4.99,Q-R,SI3,FALSE,6500
2026-03-20T06:44:34.472Z,RBC,3,4,4.99,Q-R,I2,FALSE,3200
2026-03-20T06:44:34.472Z,RBC,3,5,9.99,Q-R,VVS2,FALSE,13000
2026-03-20T06:44:34.472Z,RBC,3,5,9.99,Q-R,VS1,FALSE,12500
2026-03-20T06:44:34.472Z,RBC,3,5,9.99,Q-R,I1,FALSE,6000
2026-03-20T06:44:34.472Z,RBC,3,10,99,Q-R,VVS1,FALSE,21000
2026-03-20T06:44:34.472Z,RBC,3,10,99,Q-R,VS2,FALSE,17500
2026-03-20T06:44:34.472Z,RBC,3,10,99,Q-R,SI1,FALSE,16500
2026-03-20T06:44:34.472Z,RBC,3,0.3,0.39,S-T,VVS1,FALSE,900
2026-03-20T06:44:34.472Z,RBC,3,0.3,0.39,S-T,VS2,FALSE,800
2026-03-20T06:44:34.472Z,RBC,3,0.3,0.39,S-T,SI3,FALSE,600
2026-03-20T06:44:34.472Z,RBC,3,0.3,0.39,S-T,I1,FALSE,500
2026-03-20T06:44:34.472Z,RBC,3,0.3,0.39,S-T,I2,FALSE,400
2026-03-20T06:44:34.472Z,RBC,3,0.4,0.49,S-T,VS2,FALSE,900
2026-03-20T06:44:34.472Z,RBC,3,0.4,0.49,S-T,SI3,FALSE,700
2026-03-20T06:44:34.472Z,RBC,3,0.4,0.49,S-T,I1,FALSE,600
2026-03-20T06:44:34.472Z,RBC,3,0.5,0.69,S-T,VS2,FALSE,1000
2026-03-20T06:44:34.472Z,RBC,3,0.5,0.69,S-T,SI2,FALSE,900
2026-03-20T06:44:34.472Z,RBC,3,0.5,0.69,S-T,I1,FALSE,900
2026-03-20T06:44:34.472Z,RBC,3,0.5,0.69,S-T,I2,FALSE,700
2026-03-20T06:44:34.472Z,RBC,3,0.5,0.69,S-T,I3,FALSE,500
2026-03-20T06:44:34.472Z,RBC,3,0.7,0.89,S-T,I1,FALSE,1100
2026-03-20T06:44:34.472Z,RBC,3,0.9,0.99,S-T,VVS1,FALSE,2200
2026-03-20T06:44:34.472Z,RBC,3,0.9,0.99,S-T,VVS2,FALSE,2000
2026-03-20T06:44:34.472Z,RBC,3,0.9,0.99,S-T,SI1,FALSE,1600
2026-03-20T06:44:34.472Z,RBC,3,0.9,0.99,S-T,I2,FALSE,1100
2026-03-20T06:44:34.472Z,RBC,3,1,1.49,S-T,SI1,FALSE,1900
2026-03-20T06:44:34.472Z,RBC,3,1,1.49,S-T,SI2,FALSE,1800
2026-03-20T06:44:34.472Z,RBC,3,1.5,1.99,S-T,VVS1,FALSE,4100
2026-03-20T06:44:34.472Z,RBC,3,1.5,1.99,S-T,VVS2,FALSE,3900
2026-03-20T06:44:34.472Z,RBC,3,1.5,1.99,S-T,VS1,FALSE,3600
2026-03-20T06:44:34.472Z,RBC,3,2,2.99,S-T,VVS2,FALSE,5700
2026-03-20T06:44:34.472Z,RBC,3,2,2.99,W-X,I2,FALSE,2600
2026-03-20T06:44:34.472Z,RBC,3,3,3.99,W-X,VVS1,FALSE,9100
2026-03-20T06:44:34.472Z,RBC,3,3,3.99,W-X,VS1,FALSE,8300
2026-03-20T06:44:34.472Z,RBC,3,3,3.99,W-X,SI3,FALSE,5800
2026-03-20T06:44:34.472Z,RBC,3,3,3.99,W-X,I3,FALSE,1400
2026-03-20T06:44:34.472Z,RBC,3,4,4.99,W-X,VVS1,FALSE,11500
2026-03-20T06:44:34.472Z,RBC,3,4,4.99,W-X,I1,FALSE,5000
2026-03-20T06:44:34.472Z,RBC,3,5,9.99,W-X,IF,FALSE,15000
2026-03-20T06:44:34.472Z,RBC,3,5,9.99,W-X,VS1,FALSE,12500
2026-03-20T06:44:34.472Z,RBC,3,5,9.99,W-X,SI3,FALSE,8000
2026-03-20T06:44:34.472Z,RBC,3,5,9.99,W-X,I2,FALSE,3400
2026-03-20T06:44:34.472Z,RBC,3,10,99,W-X,VS2,FALSE,17500
2026-03-20T06:44:34.472Z,RBC,3,10,99,W-X,SI1,FALSE,16500
2026-03-20T06:44:34.472Z,RBC,3,0.3,0.39,Y-Z,SI3,FALSE,600
2026-03-20T06:44:34.472Z,RBC,3,0.3,0.39,Y-Z,I1,FALSE,500
2026-03-20T06:44:34.472Z,RBC,3,0.3,0.39,Y-Z,I3,FALSE,300
2026-03-20T06:44:34.472Z,RBC,3,0.4,0.49,Y-Z,VS1,FALSE,900
2026-03-20T06:44:34.472Z,RBC,3,0.5,0.69,Y-Z,IF,FALSE,1400
2026-03-20T06:44:34.472Z,RBC,3,0.5,0.69,Y-Z,I1,FALSE,900
2026-03-20T06:44:34.472Z,RBC,3,0.7,0.89,Y-Z,IF,FALSE,1800
2026-03-20T06:44:34.472Z,RBC,3,0.7,0.89,Y-Z,VVS2,FALSE,1400
2026-03-20T06:44:34.472Z,RBC,3,0.7,0.89,Y-Z,SI1,FALSE,1200
2026-03-20T06:44:34.472Z,RBC,3,0.7,0.89,Y-Z,SI3,FALSE,1100
2026-03-20T06:44:34.472Z,RBC,3,0.7,0.89,Y-Z,I1,FALSE,1100
2026-03-20T06:44:34.472Z,RBC,3,0.9,0.99,Y-Z,VS2,FALSE,1700
2026-03-20T06:44:34.472Z,RBC,3,0.9,0.99,Y-Z,I1,FALSE,1400
2026-03-20T06:44:34.472Z,RBC,3,0.9,0.99,Y-Z,I3,FALSE,700
2026-03-20T06:44:34.472Z,RBC,3,1,1.49,Y-Z,VVS1,FALSE,2500
2026-03-20T06:44:34.472Z,RBC,3,1.5,1.99,Y-Z,IF,FALSE,4600
2026-03-20T06:44:34.472Z,RBC,3,1.5,1.99,Y-Z,VS2,FALSE,3400
2026-03-20T06:44:34.472Z,RBC,3,1.5,1.99,Y-Z,I2,FALSE,2200
2026-03-20T06:44:34.472Z,RBC,3,2,2.99,Y-Z,I2,FALSE,2600
2026-03-20T06:44:34.472Z,RBC,3,3,3.99,Y-Z,IF,FALSE,9500
2026-03-20T06:44:34.472Z,RBC,3,3,3.99,Y-Z,VVS2,FALSE,8700
2026-03-20T06:44:34.472Z,RBC,3,4,4.99,Y-Z,VVS2,FALSE,10500
2026-03-20T06:44:34.472Z,RBC,3,4,4.99,Y-Z,SI1,FALSE,9000
2026-03-20T06:44:34.472Z,RBC,3,5,9.99,Y-Z,SI2,FALSE,10000
2026-03-20T06:44:34.472Z,RBC,3,5,9.99,Y-Z,I1,FALSE,6000
2026-03-20T06:44:34.472Z,RBC,3,10,99,Y-Z,VS1,FALSE,18500
2026-03-20T06:44:34.472Z,RBC,3,10,99,Y-Z,SI1,FALSE,16500
2026-03-20T06:44:34.472Z,RBC,3,10,99,Y-Z,SI3,FALSE,10500
2026-03-20T06:44:34.472Z,RBC,3,10,99,Y-Z,I1,FALSE,7500
2026-03-20T06:44:34.472Z,RBC,3,10,99,Y-Z,I2,FALSE,4300
2026-03-20T06:44:34.472Z,PB,3,0.18,0.22,D,IF,TRUE,1370
2026-03-20T06:44:34.472Z,PB,3,0.18,0.22,D,SI1,TRUE,1000
2026-03-20T06:44:34.472Z,PB,3,0.18,0.22,D,I3,TRUE,360
2026-03-20T06:44:34.472Z,PB,3,0.18,0.22,E,VVS2,TRUE,1370
2026-03-20T06:44:34.472Z,PB,3,0.18,0.22,E,SI2,TRUE,850
2026-03-20T06:44:34.472Z,PB,3,0.18,0.22,E,I1,TRUE,600
2026-03-20T06:44:34.472Z,PB,3,0.18,0.22,F,VS2,TRUE,1160
2026-03-20T06:44:34.472Z,PB,3,0.18,0.22,F,SI1,TRUE,1000
2026-03-20T06:44:34.472Z,PB,3,0.18,0.22,F,I1,TRUE,600
2026-03-20T06:44:34.472Z,PB,3,0.18,0.22,F,I3,TRUE,360
2026-03-20T06:44:34.472Z,PB,3,0.18,0.22,G,IF,TRUE,1210
2026-03-20T06:44:34.472Z,PB,3,0.18,0.22,G,VVS2,TRUE,1210
2026-03-20T06:44:34.472Z,PB,3,0.18,0.22,H,VVS1,TRUE,1210
2026-03-20T06:44:34.472Z,PB,3,0.18,0.22,H,VVS2,TRUE,1210
2026-03-20T06:44:34.472Z,PB,3,0.18,0.22,H,SI1,TRUE,880
2026-03-20T06:44:34.472Z,PB,3,0.18,0.22,H,SI2,TRUE,750
2026-03-20T06:44:34.472Z,PB,3,0.18,0.22,H,I1,TRUE,520
2026-03-20T06:44:34.472Z,PB,3,0.18,0.22,H,I2,TRUE,400
2026-03-20T06:44:34.472Z,PB,3,0.18,0.22,I,VVS1,TRUE,1000
2026-03-20T06:44:34.472Z,PB,3,0.18,0.22,I,VVS2,TRUE,1000
2026-03-20T06:44:34.472Z,PB,3,0.18,0.22,I,SI2,TRUE,650
2026-03-20T06:44:34.472Z,RBC,3,2,2.99,S-T,VS2,FALSE,4800
2026-03-20T06:44:34.472Z,RBC,3,2,2.99,S-T,SI1,FALSE,4500
2026-03-20T06:44:34.472Z,RBC,3,2,2.99,S-T,I1,FALSE,3800
2026-03-20T06:44:34.472Z,RBC,3,2,2.99,S-T,I3,FALSE,1300
2026-03-20T06:44:34.472Z,RBC,3,3,3.99,S-T,IF,FALSE,9500
2026-03-20T06:44:34.472Z,RBC,3,3,3.99,S-T,I1,FALSE,4700
2026-03-20T06:44:34.472Z,RBC,3,4,4.99,S-T,VS1,FALSE,10000
2026-03-20T06:44:34.472Z,RBC,3,4,4.99,S-T,SI1,FALSE,9000
2026-03-20T06:44:34.472Z,RBC,3,5,9.99,S-T,SI2,FALSE,10000
2026-03-20T06:44:34.472Z,RBC,3,5,9.99,S-T,SI3,FALSE,8000
2026-03-20T06:44:34.472Z,RBC,3,5,9.99,S-T,I1,FALSE,6000
2026-03-20T06:44:34.472Z,RBC,3,5,9.99,S-T,I3,FALSE,1600
2026-03-20T06:44:34.472Z,RBC,3,10,99,S-T,VVS2,FALSE,19500
2026-03-20T06:44:34.472Z,RBC,3,10,99,S-T,I1,FALSE,7500
2026-03-20T06:44:34.472Z,RBC,3,0.3,0.39,U-V,SI2,FALSE,700
2026-03-20T06:44:34.472Z,RBC,3,0.3,0.39,U-V,I3,FALSE,300
2026-03-20T06:44:34.472Z,RBC,3,0.4,0.49,U-V,VS1,FALSE,900
2026-03-20T06:44:34.472Z,RBC,3,0.4,0.49,U-V,VS2,FALSE,900
2026-03-20T06:44:34.472Z,RBC,3,0.4,0.49,U-V,SI2,FALSE,800
2026-03-20T06:44:34.472Z,RBC,3,0.5,0.69,U-V,VVS2,FALSE,1200
2026-03-20T06:44:34.472Z,RBC,3,0.7,0.89,U-V,VVS2,FALSE,1400
2026-03-20T06:44:34.472Z,RBC,3,0.7,0.89,U-V,VS1,FALSE,1300
2026-03-20T06:44:34.472Z,RBC,3,0.7,0.89,U-V,SI3,FALSE,1100
2026-03-20T06:44:34.472Z,RBC,3,0.7,0.89,U-V,I3,FALSE,600
2026-03-20T06:44:34.472Z,RBC,3,0.9,0.99,U-V,VVS1,FALSE,2200
2026-03-20T06:44:34.472Z,RBC,3,0.9,0.99,U-V,SI1,FALSE,1600
2026-03-20T06:44:34.472Z,RBC,3,0.9,0.99,U-V,SI3,FALSE,1500
2026-03-20T06:44:34.472Z,RBC,3,0.9,0.99,U-V,I1,FALSE,1400
2026-03-20T06:44:34.472Z,RBC,3,0.9,0.99,U-V,I2,FALSE,1100
2026-03-20T06:44:34.472Z,RBC,3,1.5,1.99,U-V,I3,FALSE,1200
2026-03-20T06:44:34.472Z,RBC,3,2,2.99,U-V,VS2,FALSE,4800
2026-03-20T06:44:34.472Z,RBC,3,2,2.99,U-V,I2,FALSE,2600
2026-03-20T06:44:34.472Z,RBC,3,3,3.99,U-V,VVS1,FALSE,9100
2026-03-20T06:44:34.472Z,RBC,3,4,4.99,U-V,VVS2,FALSE,10500
2026-03-20T06:44:34.472Z,RBC,3,4,4.99,U-V,I1,FALSE,5000
2026-03-20T06:44:34.472Z,RBC,3,5,9.99,U-V,SI1,FALSE,11000
2026-03-20T06:44:34.472Z,RBC,3,5,9.99,U-V,I1,FALSE,6000
2026-03-20T06:44:34.472Z,RBC,3,10,99,U-V,IF,FALSE,22500
2026-03-20T06:44:34.472Z,RBC,3,10,99,U-V,VS2,FALSE,17500
2026-03-20T06:44:34.472Z,RBC,3,10,99,U-V,SI3,FALSE,10500
2026-03-20T06:44:34.472Z,RBC,3,0.3,0.39,W-X,I1,FALSE,500
2026-03-20T06:44:34.472Z,RBC,3,0.4,0.49,W-X,IF,FALSE,1200
2026-03-20T06:44:34.472Z,RBC,3,0.4,0.49,W-X,VVS1,FALSE,1100
2026-03-20T06:44:34.472Z,RBC,3,0.4,0.49,W-X,VVS2,FALSE,1000
2026-03-20T06:44:34.472Z,RBC,3,0.4,0.49,W-X,VS1,FALSE,900
2026-03-20T06:44:34.472Z,RBC,3,0.4,0.49,W-X,VS2,FALSE,900
2026-03-20T06:44:34.472Z,RBC,3,0.4,0.49,W-X,I3,FALSE,400
2026-03-20T06:44:34.472Z,RBC,3,0.7,0.89,W-X,VS1,FALSE,1300
2026-03-20T06:44:34.472Z,RBC,3,0.7,0.89,W-X,SI2,FALSE,1100
2026-03-20T06:44:34.472Z,RBC,3,0.7,0.89,W-X,I3,FALSE,600
2026-03-20T06:44:34.472Z,RBC,3,0.9,0.99,W-X,SI1,FALSE,1600
2026-03-20T06:44:34.472Z,RBC,3,0.9,0.99,W-X,I2,FALSE,1100
2026-03-20T06:44:34.472Z,RBC,3,1,1.49,W-X,VS2,FALSE,2100
2026-03-20T06:44:34.472Z,RBC,3,1.5,1.99,W-X,VVS1,FALSE,4100
2026-03-20T06:44:34.472Z,RBC,3,1.5,1.99,W-X,VVS2,FALSE,3900
2026-03-20T06:44:34.472Z,RBC,3,1.5,1.99,W-X,SI1,FALSE,3200
2026-03-20T06:44:34.472Z,RBC,3,1.5,1.99,W-X,SI3,FALSE,2800
2026-03-20T06:44:34.472Z,RBC,3,1.5,1.99,W-X,I1,FALSE,2700
2026-03-20T06:44:34.472Z,RBC,3,2,2.99,W-X,IF,FALSE,6800
2026-03-20T06:44:34.472Z,RBC,3,2,2.99,W-X,VS1,FALSE,5400
2026-03-20T06:44:34.472Z,RBC,3,2,2.99,W-X,VS2,FALSE,4800
2026-03-20T06:44:34.472Z,RBC,3,2,2.99,W-X,I3,FALSE,1300
2026-03-20T06:44:34.472Z,RBC,3,3,3.99,W-X,VVS2,FALSE,8700
2026-03-20T06:44:34.472Z,RBC,3,4,4.99,W-X,IF,FALSE,12500
2026-03-20T06:44:34.472Z,PB,3,0.18,0.22,K,I1,TRUE,350
2026-03-20T06:44:34.472Z,PB,3,0.18,0.22,K,I3,TRUE,210
2026-03-20T06:44:34.472Z,PB,3,0.18,0.22,L,VVS2,TRUE,770
2026-03-20T06:44:34.472Z,PB,3,0.18,0.22,M,SI2,TRUE,370
2026-03-20T06:44:34.472Z,PB,3,0.18,0.22,M,I1,TRUE,260
2026-03-20T06:44:34.472Z,PB,3,0.18,0.22,M,I2,TRUE,200
2026-03-20T06:44:34.472Z,PB,3,0.18,0.22,M,I3,TRUE,150
2026-03-20T06:44:34.472Z,PB,3,0.18,0.22,N,IF,TRUE,600
2026-03-20T06:44:34.472Z,PB,3,0.18,0.22,N,SI2,TRUE,370
2026-03-20T06:44:34.472Z,PB,3,0.18,0.22,N,I1,TRUE,260
2026-03-20T06:44:34.472Z,PB,3,0.18,0.22,N,I3,TRUE,150
2026-03-20T06:44:34.472Z,PB,3,0.23,0.29,D,SI1,TRUE,1130
2026-03-20T06:44:34.472Z,PB,3,0.23,0.29,D,I2,FALSE,510
2026-03-20T06:44:34.472Z,PB,3,0.23,0.29,E,VVS1,TRUE,1610
2026-03-20T06:44:34.472Z,PB,3,0.23,0.29,E,VS2,TRUE,1400
2026-03-20T06:44:34.472Z,PB,3,0.23,0.29,F,VS2,TRUE,1400
2026-03-20T06:44:34.472Z,PB,3,0.23,0.29,F,SI2,TRUE,970
2026-03-20T06:44:34.472Z,PB,3,0.23,0.29,F,I1,FALSE,660
2026-03-20T06:44:34.472Z,PB,3,0.23,0.29,G,IF,TRUE,1410
2026-03-20T06:44:34.472Z,PB,3,0.23,0.29,G,VVS1,TRUE,1410
2026-03-20T06:44:34.472Z,PB,3,0.23,0.29,G,VVS2,TRUE,1410
2026-03-20T06:44:34.472Z,PB,3,0.23,0.29,G,SI2,TRUE,840
2026-03-20T06:44:34.472Z,PB,3,0.23,0.29,G,I3,FALSE,350
2026-03-20T06:44:34.472Z,PB,3,0.23,0.29,H,SI1,TRUE,990
2026-03-20T06:44:34.472Z,PB,3,0.23,0.29,H,SI3,FALSE,720
2026-03-20T06:44:34.472Z,PB,3,0.23,0.29,I,VVS1,TRUE,1180
2026-03-20T06:44:34.472Z,PB,3,0.23,0.29,I,SI2,TRUE,720
2026-03-20T06:44:34.472Z,PB,3,0.23,0.29,J,IF,TRUE,1180
2026-03-20T06:44:34.472Z,PB,3,0.23,0.29,J,VVS1,TRUE,1180
2026-03-20T06:44:34.472Z,PB,3,0.23,0.29,J,SI1,TRUE,840
2026-03-20T06:44:34.472Z,PB,3,0.23,0.29,K,I2,FALSE,310
2026-03-20T06:44:34.472Z,PB,3,0.23,0.29,L,IF,FALSE,940
2026-03-20T06:44:34.472Z,PB,3,0.23,0.29,L,VVS1,FALSE,940
2026-03-20T06:44:34.472Z,PB,3,0.23,0.29,L,I1,FALSE,390
2026-03-20T06:44:34.472Z,PB,3,0.23,0.29,L,I2,FALSE,310
2026-03-20T06:44:34.472Z,PB,3,0.23,0.29,L,I3,FALSE,230
2026-03-20T06:44:34.472Z,PB,3,0.23,0.29,M,VS1,FALSE,660
2026-03-20T06:44:34.472Z,PB,3,0.23,0.29,M,VS2,FALSE,660
2026-03-20T06:44:34.472Z,PB,3,0.23,0.29,M,SI3,FALSE,420
2026-03-20T06:44:34.472Z,PB,3,0.23,0.29,M,I3,FALSE,170
2026-03-20T06:44:34.472Z,PB,3,0.23,0.29,N,IF,FALSE,780
2026-03-20T06:44:34.472Z,PB,3,0.23,0.29,N,SI1,FALSE,550
2026-03-20T06:44:34.472Z,PB,3,0.3,0.39,D,VVS1,TRUE,2300
2026-03-20T06:44:34.472Z,PB,3,0.3,0.39,D,VVS2,TRUE,2100
2026-03-20T06:44:34.472Z,PB,3,0.3,0.39,D,SI1,TRUE,1600
2026-03-20T06:44:34.472Z,PB,3,0.3,0.39,D,I3,FALSE,600
2026-03-20T06:44:34.472Z,PB,3,0.3,0.39,E,IF,TRUE,2300
2026-03-20T06:44:34.472Z,PB,3,0.3,0.39,E,I3,FALSE,500
2026-03-20T06:44:34.472Z,PB,3,0.3,0.39,F,VS1,TRUE,1700
2026-03-20T06:44:34.472Z,PB,3,0.3,0.39,F,VS2,TRUE,1600
2026-03-20T06:44:34.472Z,PB,3,0.3,0.39,F,I1,TRUE,800
2026-03-20T06:44:34.472Z,PB,3,0.3,0.39,F,I2,TRUE,700
2026-03-20T06:44:34.472Z,PB,3,0.3,0.39,G,VVS1,TRUE,1800
2026-03-20T06:44:34.472Z,PB,3,0.3,0.39,G,VS2,TRUE,1500
2026-03-20T06:44:34.472Z,PB,3,0.3,0.39,G,I3,FALSE,400
2026-03-20T06:44:34.472Z,PB,3,0.3,0.39,H,VVS2,TRUE,1600
2026-03-20T06:44:34.472Z,PB,3,0.3,0.39,H,VS1,TRUE,1500
2026-03-20T06:44:34.472Z,PB,3,0.3,0.39,H,VS2,TRUE,1400
2026-03-20T06:44:34.472Z,PB,3,0.3,0.39,H,SI2,TRUE,1000
2026-03-20T06:44:34.472Z,PB,3,0.3,0.39,H,I1,TRUE,700
2026-03-20T06:44:34.472Z,PB,3,0.3,0.39,I,VS2,TRUE,1200
2026-03-20T06:44:34.472Z,PB,3,0.3,0.39,J,VVS2,TRUE,1200
2026-03-20T06:44:34.472Z,PB,3,0.3,0.39,J,SI2,TRUE,800
2026-03-20T06:44:34.472Z,PB,3,0.3,0.39,J,I2,FALSE,500
2026-03-20T06:44:34.472Z,RBC,3,4,4.99,W-X,VS2,FALSE,9500
2026-03-20T06:44:34.472Z,RBC,3,4,4.99,W-X,SI2,FALSE,8000
2026-03-20T06:44:34.472Z,RBC,3,4,4.99,W-X,I2,FALSE,3200
2026-03-20T06:44:34.472Z,RBC,3,4,4.99,W-X,I3,FALSE,1600
2026-03-20T06:44:34.472Z,RBC,3,5,9.99,W-X,VVS1,FALSE,14000
2026-03-20T06:44:34.472Z,RBC,3,5,9.99,W-X,I3,FALSE,1600
2026-03-20T06:44:34.472Z,RBC,3,10,99,W-X,IF,FALSE,22500
2026-03-20T06:44:34.472Z,RBC,3,10,99,W-X,VVS2,FALSE,19500
2026-03-20T06:44:34.472Z,RBC,3,10,99,W-X,SI2,FALSE,14000
2026-03-20T06:44:34.472Z,RBC,3,10,99,W-X,SI3,FALSE,10500
2026-03-20T06:44:34.472Z,RBC,3,10,99,W-X,I1,FALSE,7500
2026-03-20T06:44:34.472Z,RBC,3,10,99,W-X,I3,FALSE,1800
2026-03-20T06:44:34.472Z,RBC,3,0.4,0.49,Y-Z,SI3,FALSE,700
2026-03-20T06:44:34.472Z,RBC,3,0.5,0.69,Y-Z,VVS2,FALSE,1200
2026-03-20T06:44:34.472Z,RBC,3,0.5,0.69,Y-Z,VS1,FALSE,1100
2026-03-20T06:44:34.472Z,RBC,3,0.5,0.69,Y-Z,SI1,FALSE,1000
2026-03-20T06:44:34.472Z,RBC,3,0.5,0.69,Y-Z,I3,FALSE,500
2026-03-20T06:44:34.472Z,RBC,3,0.7,0.89,Y-Z,VS1,FALSE,1300
2026-03-20T06:44:34.472Z,RBC,3,0.7,0.89,Y-Z,VS2,FALSE,1200
2026-03-20T06:44:34.472Z,RBC,3,0.7,0.89,Y-Z,I2,FALSE,800
2026-03-20T06:44:34.472Z,RBC,3,0.9,0.99,Y-Z,SI3,FALSE,1500
2026-03-20T06:44:34.472Z,RBC,3,1,1.49,Y-Z,IF,FALSE,2700
2026-03-20T06:44:34.472Z,RBC,3,1,1.49,Y-Z,VS2,FALSE,2100
2026-03-20T06:44:34.472Z,RBC,3,1.5,1.99,Y-Z,SI2,FALSE,3000
2026-03-20T06:44:34.472Z,RBC,3,2,2.99,Y-Z,I1,FALSE,3800
2026-03-20T06:44:34.472Z,RBC,3,3,3.99,Y-Z,VS1,FALSE,8300
2026-03-20T06:44:34.472Z,RBC,3,3,3.99,Y-Z,SI2,FALSE,6700
2026-03-20T06:44:34.472Z,RBC,3,3,3.99,Y-Z,SI3,FALSE,5800
2026-03-20T06:44:34.472Z,RBC,3,3,3.99,Y-Z,I2,FALSE,3000
2026-03-20T06:44:34.472Z,RBC,3,3,3.99,Y-Z,I3,FALSE,1400
2026-03-20T06:44:34.472Z,RBC,3,4,4.99,Y-Z,VS1,FALSE,10000
2026-03-20T06:44:34.472Z,RBC,3,4,4.99,Y-Z,I1,FALSE,5000
2026-03-20T06:44:34.472Z,RBC,3,4,4.99,Y-Z,I2,FALSE,3200
2026-03-20T06:44:34.472Z,RBC,3,4,4.99,Y-Z,I3,FALSE,1600
2026-03-20T06:44:34.472Z,RBC,3,5,9.99,Y-Z,IF,FALSE,15000
2026-03-20T06:44:34.472Z,RBC,3,5,9.99,Y-Z,VVS2,FALSE,13000
2026-03-20T06:44:34.472Z,RBC,3,10,99,Y-Z,IF,FALSE,22500
2026-03-20T06:44:34.472Z,RBC,3,10,99,Y-Z,VVS2,FALSE,19500
2026-03-20T06:44:34.472Z,PB,3,0.18,0.22,D,SI3,TRUE,710
2026-03-20T06:44:34.472Z,PB,3,0.18,0.22,D,I1,TRUE,600
2026-03-20T06:44:34.472Z,PB,3,0.18,0.22,E,SI3,TRUE,710
2026-03-20T06:44:34.472Z,PB,3,0.18,0.22,F,VS1,TRUE,1160
2026-03-20T06:44:34.472Z,PB,3,0.18,0.22,F,I2,TRUE,450
2026-03-20T06:44:34.472Z,PB,3,0.18,0.22,G,VVS1,TRUE,1210
2026-03-20T06:44:34.472Z,PB,3,0.18,0.22,G,VS2,TRUE,1020
2026-03-20T06:44:34.472Z,PB,3,0.18,0.22,G,I1,TRUE,520
2026-03-20T06:44:34.472Z,PB,3,0.18,0.22,H,VS1,TRUE,1020
2026-03-20T06:44:34.472Z,PB,3,0.18,0.22,H,VS2,TRUE,1020
2026-03-20T06:44:34.472Z,PB,3,0.18,0.22,H,SI3,TRUE,630
2026-03-20T06:44:34.472Z,PB,3,0.18,0.22,I,IF,TRUE,1000
2026-03-20T06:44:34.472Z,PB,3,0.18,0.22,I,SI1,TRUE,750
2026-03-20T06:44:34.472Z,PB,3,0.18,0.22,I,I2,TRUE,350
2026-03-20T06:44:34.472Z,PB,3,0.18,0.22,I,I3,TRUE,270
2026-03-20T06:44:34.472Z,PB,3,0.18,0.22,J,VVS1,TRUE,1000
2026-03-20T06:44:34.472Z,PB,3,0.18,0.22,J,VVS2,TRUE,1000
2026-03-20T06:44:34.472Z,PB,3,0.18,0.22,J,I3,TRUE,270
2026-03-20T06:44:34.472Z,PB,3,0.18,0.22,K,VS1,TRUE,650
2026-03-20T06:44:34.472Z,PB,3,0.18,0.22,K,SI1,TRUE,570
2026-03-20T06:44:34.472Z,PB,3,0.18,0.22,K,I2,TRUE,270
2026-03-20T06:44:34.472Z,PB,3,0.18,0.22,L,IF,TRUE,770
2026-03-20T06:44:34.472Z,PB,3,0.18,0.22,L,VVS1,TRUE,770
2026-03-20T06:44:34.472Z,PB,3,0.18,0.22,L,VS1,TRUE,650
2026-03-20T06:44:34.472Z,PB,3,0.18,0.22,L,SI2,TRUE,490
2026-03-20T06:44:34.472Z,PB,3,0.18,0.22,L,I1,TRUE,350
2026-03-20T06:44:34.472Z,PB,3,0.3,0.39,K,IF,TRUE,1200
2026-03-20T06:44:34.472Z,PB,3,0.3,0.39,K,VS1,TRUE,900
2026-03-20T06:44:34.472Z,PB,3,0.3,0.39,K,SI2,FALSE,700
2026-03-20T06:44:34.472Z,PB,3,0.3,0.39,L,IF,FALSE,1000
2026-03-20T06:44:34.472Z,PB,3,0.3,0.39,L,SI2,TRUE,700
2026-03-20T06:44:34.472Z,PB,3,0.3,0.39,L,I3,FALSE,200
2026-03-20T06:44:34.472Z,PB,3,0.3,0.39,M,VVS1,TRUE,900
2026-03-20T06:44:34.472Z,PB,3,0.3,0.39,M,I1,FALSE,400
2026-03-20T06:44:34.472Z,PB,3,0.3,0.39,M,I3,FALSE,200
2026-03-20T06:44:34.472Z,PB,3,0.4,0.49,D,SI2,TRUE,1600
2026-03-20T06:44:34.472Z,PB,3,0.4,0.49,D,I1,TRUE,1200
2026-03-20T06:44:34.472Z,PB,3,0.4,0.49,D,I3,FALSE,700
2026-03-20T06:44:34.472Z,PB,3,0.4,0.49,E,SI1,TRUE,1700
2026-03-20T06:44:34.472Z,PB,3,0.4,0.49,E,I1,TRUE,1100
2026-03-20T06:44:34.472Z,PB,3,0.4,0.49,E,I3,FALSE,600
2026-03-20T06:44:34.472Z,PB,3,0.4,0.49,F,IF,TRUE,2500
2026-03-20T06:44:34.472Z,PB,3,0.4,0.49,F,VVS1,TRUE,2300
2026-03-20T06:44:34.472Z,PB,3,0.4,0.49,F,VS1,TRUE,1900
2026-03-20T06:44:34.472Z,PB,3,0.4,0.49,F,VS2,TRUE,1800
2026-03-20T06:44:34.472Z,PB,3,0.4,0.49,G,SI1,TRUE,1500
2026-03-20T06:44:34.472Z,PB,3,0.4,0.49,G,I3,FALSE,500
2026-03-20T06:44:34.472Z,PB,3,0.4,0.49,H,IF,TRUE,2100
2026-03-20T06:44:34.472Z,PB,3,0.4,0.49,H,VVS1,TRUE,1900
2026-03-20T06:44:34.472Z,PB,3,0.4,0.49,H,VS1,TRUE,1700
2026-03-20T06:44:34.472Z,PB,3,0.4,0.49,H,SI3,TRUE,1000
2026-03-20T06:44:34.472Z,PB,3,0.4,0.49,I,VS1,TRUE,1500
2026-03-20T06:44:34.472Z,PB,3,0.4,0.49,I,VS2,TRUE,1400
2026-03-20T06:44:34.472Z,PB,3,0.4,0.49,I,SI3,TRUE,1000
2026-03-20T06:44:34.472Z,PB,3,0.4,0.49,I,I2,TRUE,700
2026-03-20T06:44:34.472Z,PB,3,0.4,0.49,I,I3,FALSE,400
2026-03-20T06:44:34.472Z,PB,3,0.4,0.49,J,VS2,TRUE,1300
2026-03-20T06:44:34.472Z,PB,3,0.4,0.49,J,SI3,TRUE,900
2026-03-20T06:44:34.472Z,PB,3,0.4,0.49,J,I2,TRUE,600
2026-03-20T06:44:34.472Z,PB,3,0.4,0.49,J,I3,FALSE,400
2026-03-20T06:44:34.472Z,PB,3,0.4,0.49,K,VVS1,TRUE,1300
2026-03-20T06:44:34.472Z,PB,3,0.4,0.49,K,VVS2,TRUE,1200
2026-03-20T06:44:34.472Z,PB,3,0.4,0.49,K,SI2,TRUE,900
2026-03-20T06:44:34.472Z,PB,3,0.4,0.49,L,I2,FALSE,500
2026-03-20T06:44:34.472Z,PB,3,0.4,0.49,M,SI2,TRUE,700
2026-03-20T06:44:34.472Z,PB,3,0.5,0.69,D,I1,TRUE,1600
2026-03-20T06:44:34.472Z,PB,3,0.5,0.69,E,IF,TRUE,3000
2026-03-20T06:44:34.472Z,PB,3,0.5,0.69,E,VVS2,TRUE,2600
2026-03-20T06:44:34.472Z,PB,3,0.5,0.69,E,VS1,TRUE,2500
2026-03-20T06:44:34.472Z,PB,3,0.5,0.69,E,I2,TRUE,1200
2026-03-20T06:44:34.472Z,PB,3,0.5,0.69,F,VS1,TRUE,2400
2026-03-20T06:44:34.472Z,PB,3,0.5,0.69,F,VS2,TRUE,2200
2026-03-20T06:44:34.472Z,PB,3,0.5,0.69,G,VS1,TRUE,2200
2026-03-20T06:44:34.472Z,PB,3,0.5,0.69,G,VS2,TRUE,2100
2026-03-20T06:44:34.472Z,PB,3,0.5,0.69,G,SI3,TRUE,1500
2026-03-20T06:44:34.472Z,PB,3,0.5,0.69,H,VVS1,TRUE,2200
2026-03-20T06:44:34.472Z,PB,3,0.5,0.69,H,SI3,TRUE,1400
2026-03-20T06:44:34.472Z,PB,3,0.5,0.69,I,IF,TRUE,2200
2026-03-20T06:44:34.472Z,PB,3,0.5,0.69,I,I2,TRUE,900
2026-03-20T06:44:34.472Z,PB,3,0.5,0.69,J,IF,TRUE,1900
2026-03-20T06:44:34.472Z,PB,3,0.5,0.69,J,VS2,TRUE,1500
2026-03-20T06:44:34.472Z,PB,3,0.5,0.69,J,SI1,TRUE,1400
2026-03-20T06:44:34.472Z,PB,3,0.5,0.69,J,I1,TRUE,1000
2026-03-20T06:44:34.472Z,PB,3,0.5,0.69,J,I3,FALSE,600
2026-03-20T06:44:34.472Z,PB,3,0.5,0.69,K,IF,TRUE,1700
2026-03-20T06:44:34.472Z,PB,3,0.5,0.69,K,VS1,TRUE,1400
2026-03-20T06:44:34.472Z,PB,3,0.5,0.69,K,SI3,TRUE,1000
2026-03-20T06:44:34.472Z,PB,3,0.5,0.69,K,I3,FALSE,600
2026-03-20T06:44:34.472Z,PB,3,0.5,0.69,L,VVS2,TRUE,1300
2026-03-20T06:44:34.472Z,PB,3,0.5,0.69,L,I2,TRUE,700
2026-03-20T06:44:34.472Z,PB,3,0.18,0.22,L,I2,TRUE,270
2026-03-20T06:44:34.472Z,PB,3,0.18,0.22,M,IF,TRUE,600
2026-03-20T06:44:34.472Z,PB,3,0.18,0.22,N,VVS1,TRUE,600
2026-03-20T06:44:34.472Z,PB,3,0.23,0.29,D,SI3,FALSE,820
2026-03-20T06:44:34.472Z,PB,3,0.23,0.29,E,VVS2,TRUE,1610
2026-03-20T06:44:34.472Z,PB,3,0.23,0.29,F,IF,TRUE,1610
2026-03-20T06:44:34.472Z,PB,3,0.23,0.29,F,VVS1,TRUE,1610
2026-03-20T06:44:34.472Z,PB,3,0.23,0.29,F,SI3,FALSE,820
2026-03-20T06:44:34.472Z,PB,3,0.23,0.29,G,I2,FALSE,450
2026-03-20T06:44:34.472Z,PB,3,0.23,0.29,H,VS2,TRUE,1210
2026-03-20T06:44:34.472Z,PB,3,0.23,0.29,H,I1,FALSE,570
2026-03-20T06:44:34.472Z,PB,3,0.23,0.29,H,I2,FALSE,450
2026-03-20T06:44:34.472Z,PB,3,0.23,0.29,I,IF,TRUE,1180
2026-03-20T06:44:34.472Z,PB,3,0.23,0.29,I,VS1,TRUE,1020
2026-03-20T06:44:34.472Z,PB,3,0.23,0.29,I,SI1,TRUE,840
2026-03-20T06:44:34.472Z,PB,3,0.23,0.29,I,SI3,FALSE,630
2026-03-20T06:44:34.472Z,PB,3,0.23,0.29,K,VS1,FALSE,820
2026-03-20T06:44:34.472Z,PB,3,0.23,0.29,K,SI1,FALSE,670
2026-03-20T06:44:34.472Z,PB,3,0.23,0.29,L,VS2,FALSE,820
2026-03-20T06:44:34.472Z,PB,3,0.23,0.29,L,SI3,FALSE,510
2026-03-20T06:44:34.472Z,PB,3,0.23,0.29,M,IF,FALSE,780
2026-03-20T06:44:34.472Z,PB,3,0.23,0.29,M,VVS1,FALSE,780
2026-03-20T06:44:34.472Z,PB,3,0.23,0.29,M,I1,FALSE,310
2026-03-20T06:44:34.472Z,PB,3,0.23,0.29,N,VVS2,FALSE,780
2026-03-20T06:44:34.472Z,PB,3,0.23,0.29,N,SI3,FALSE,420
2026-03-20T06:44:34.472Z,PB,3,0.3,0.39,D,IF,TRUE,2500
2026-03-20T06:44:34.472Z,PB,3,0.3,0.39,D,SI2,TRUE,1400
2026-03-20T06:44:34.472Z,PB,3,0.3,0.39,D,SI3,TRUE,1200
2026-03-20T06:44:34.472Z,PB,3,0.3,0.39,E,VVS1,TRUE,2100
2026-03-20T06:44:34.472Z,PB,3,0.3,0.39,E,VVS2,TRUE,1900
2026-03-20T06:44:34.472Z,PB,3,0.3,0.39,E,I1,TRUE,900
2026-03-20T06:44:34.472Z,PB,3,0.3,0.39,F,VVS1,TRUE,1900
2026-03-20T06:44:34.472Z,PB,3,0.3,0.39,F,VVS2,TRUE,1800
2026-03-20T06:44:34.472Z,PB,3,0.3,0.39,F,SI3,TRUE,1000
2026-03-20T06:44:34.472Z,PB,3,0.3,0.39,G,VVS2,TRUE,1700
2026-03-20T06:44:34.472Z,PB,3,0.3,0.39,G,VS1,TRUE,1600
2026-03-20T06:44:34.472Z,PB,3,0.3,0.39,G,SI1,TRUE,1300
2026-03-20T06:44:34.472Z,PB,3,0.3,0.39,G,SI2,TRUE,1100
2026-03-20T06:44:34.472Z,PB,3,0.3,0.39,G,I1,TRUE,800
2026-03-20T06:44:34.472Z,PB,3,0.3,0.39,G,I2,TRUE,700
2026-03-20T06:44:34.472Z,PB,3,0.3,0.39,H,SI3,TRUE,800
2026-03-20T06:44:34.472Z,PB,3,0.3,0.39,I,VVS2,TRUE,1400
2026-03-20T06:44:34.472Z,PB,3,0.3,0.39,I,SI2,TRUE,900
2026-03-20T06:44:34.472Z,PB,3,0.3,0.39,I,I1,TRUE,700
2026-03-20T06:44:34.472Z,PB,3,0.3,0.39,I,I2,TRUE,600
2026-03-20T06:44:34.472Z,PB,3,0.3,0.39,I,I3,FALSE,400
2026-03-20T06:44:34.472Z,PB,3,0.3,0.39,J,VS2,TRUE,1000
2026-03-20T06:44:34.472Z,PB,3,0.3,0.39,J,I1,TRUE,600
2026-03-20T06:44:34.472Z,PB,3,0.3,0.39,J,I3,FALSE,300
2026-03-20T06:44:34.472Z,PB,3,0.3,0.39,K,VS2,TRUE,900
2026-03-20T06:44:34.472Z,PB,3,0.3,0.39,K,SI3,TRUE,700
2026-03-20T06:44:34.472Z,PB,3,0.3,0.39,K,I1,TRUE,600
2026-03-20T06:44:34.472Z,PB,3,0.3,0.39,K,I3,FALSE,300
2026-03-20T06:44:34.472Z,PB,3,0.3,0.39,L,SI1,TRUE,800
2026-03-20T06:44:34.472Z,PB,3,0.3,0.39,L,I1,FALSE,500
2026-03-20T06:44:34.472Z,PB,3,0.3,0.39,M,VVS2,TRUE,900
2026-03-20T06:44:34.472Z,PB,3,0.3,0.39,M,VS1,TRUE,800
2026-03-20T06:44:34.472Z,PB,3,0.3,0.39,M,SI2,FALSE,600
2026-03-20T06:44:34.472Z,PB,3,0.3,0.39,M,I2,FALSE,300
2026-03-20T06:44:34.472Z,PB,3,0.4,0.49,D,VS1,TRUE,2200
2026-03-20T06:44:34.472Z,PB,3,0.4,0.49,D,SI1,TRUE,1800
2026-03-20T06:44:34.472Z,PB,3,0.4,0.49,E,SI2,TRUE,1500
2026-03-20T06:44:34.472Z,PB,3,0.4,0.49,F,VVS2,TRUE,2100
2026-03-20T06:44:34.472Z,PB,3,0.4,0.49,F,SI1,TRUE,1600
2026-03-20T06:44:34.472Z,RBC,3,2,2.99,E,VS2,FALSE,16000
2026-03-20T06:44:34.472Z,RBC,3,2,2.99,E,SI3,FALSE,8800
2026-03-20T06:44:34.472Z,RBC,3,2,2.99,F,IF,FALSE,24500
2026-03-20T06:44:34.472Z,RBC,3,2,2.99,F,VVS1,FALSE,22000
2026-03-20T06:44:34.472Z,RBC,3,2,2.99,F,VS2,FALSE,15000
2026-03-20T06:44:34.472Z,RBC,3,2,2.99,F,I1,FALSE,7200
2026-03-20T06:44:34.472Z,RBC,3,2,2.99,G,IF,FALSE,20500
2026-03-20T06:44:34.472Z,RBC,3,2,2.99,G,I1,FALSE,6800
2026-03-20T06:44:34.472Z,RBC,3,2,2.99,H,VVS2,FALSE,13500
2026-03-20T06:44:34.472Z,RBC,3,2,2.99,H,VS2,FALSE,11500
2026-03-20T06:44:34.472Z,RBC,3,2,2.99,I,VS1,FALSE,10000
2026-03-20T06:44:34.472Z,RBC,3,2,2.99,I,SI1,FALSE,8600
2026-03-20T06:44:34.472Z,RBC,3,2,2.99,J,IF,FALSE,10900
2026-03-20T06:44:34.472Z,RBC,3,2,2.99,J,VS2,FALSE,7600
2026-03-20T06:44:34.472Z,RBC,3,2,2.99,J,SI3,FALSE,5700
2026-03-20T06:44:34.472Z,RBC,3,2,2.99,K,VVS1,FALSE,8300
2026-03-20T06:44:34.472Z,RBC,3,2,2.99,K,SI2,FALSE,5300
2026-03-20T06:44:34.472Z,RBC,3,2,2.99,L,VVS1,FALSE,7100
2026-03-20T06:44:34.472Z,RBC,3,3,3.99,D,IF,FALSE,55000
2026-03-20T06:44:34.472Z,RBC,3,3,3.99,D,VVS1,FALSE,46000
2026-03-20T06:44:34.472Z,RBC,3,3,3.99,D,SI1,FALSE,23500
2026-03-20T06:44:34.472Z,RBC,3,3,3.99,D,SI3,FALSE,13900
2026-03-20T06:44:34.472Z,RBC,3,3,3.99,E,SI1,FALSE,21000
2026-03-20T06:44:34.472Z,RBC,3,3,3.99,E,SI2,FALSE,18500
2026-03-20T06:44:34.472Z,RBC,3,3,3.99,F,VVS1,FALSE,37500
2026-03-20T06:44:34.472Z,RBC,3,3,3.99,F,VS2,FALSE,24500
2026-03-20T06:44:34.472Z,RBC,3,3,3.99,F,SI3,FALSE,12400
2026-03-20T06:44:34.472Z,RBC,3,3,3.99,F,I1,FALSE,9300
2026-03-20T06:44:34.472Z,RBC,3,3,3.99,G,IF,FALSE,33500
2026-03-20T06:44:34.472Z,RBC,3,3,3.99,G,VS1,FALSE,24500
2026-03-20T06:44:34.472Z,RBC,3,3,3.99,G,SI1,FALSE,18000
2026-03-20T06:44:34.472Z,RBC,3,3,3.99,H,IF,FALSE,27000
2026-03-20T06:44:34.472Z,RBC,3,3,3.99,H,VVS2,FALSE,22500
2026-03-20T06:44:34.472Z,RBC,3,3,3.99,H,VS1,FALSE,20500
2026-03-20T06:44:34.472Z,RBC,3,3,3.99,H,SI3,FALSE,10100
2026-03-20T06:44:34.472Z,RBC,3,3,3.99,H,I2,FALSE,4100
2026-03-20T06:44:34.472Z,RBC,3,3,3.99,I,VVS1,FALSE,20500
2026-03-20T06:44:34.472Z,RBC,3,3,3.99,I,VVS2,FALSE,19000
2026-03-20T06:44:34.472Z,RBC,3,3,3.99,I,SI1,FALSE,14000
2026-03-20T06:44:34.472Z,RBC,3,3,3.99,I,SI2,FALSE,12000
2026-03-20T06:44:34.472Z,RBC,3,3,3.99,I,I3,FALSE,1600
2026-03-20T06:44:34.472Z,RBC,3,3,3.99,J,VS1,FALSE,14000
2026-03-20T06:44:34.472Z,RBC,3,3,3.99,J,VS2,FALSE,13000
2026-03-20T06:44:34.472Z,RBC,3,3,3.99,J,SI3,FALSE,8400
2026-03-20T06:44:34.472Z,RBC,3,3,3.99,J,I2,FALSE,3500
2026-03-20T06:44:34.472Z,RBC,3,3,3.99,K,VVS2,FALSE,12500
2026-03-20T06:44:34.472Z,RBC,3,3,3.99,K,VS1,FALSE,12000
2026-03-20T06:44:34.472Z,RBC,3,3,3.99,K,SI1,FALSE,10300
2026-03-20T06:44:34.472Z,RBC,3,3,3.99,L,IF,FALSE,11700
2026-03-20T06:44:34.472Z,RBC,3,3,3.99,L,VVS2,FALSE,10700
2026-03-20T06:44:34.472Z,RBC,3,3,3.99,L,SI3,FALSE,6500
2026-03-20T06:44:34.472Z,RBC,3,3,3.99,L,I1,FALSE,5500
2026-03-20T06:44:34.472Z,RBC,3,3,3.99,L,I3,FALSE,1400
2026-03-20T06:44:34.472Z,RBC,3,3,3.99,M,VVS2,FALSE,8700
2026-03-20T06:44:34.472Z,RBC,3,3,3.99,M,VS1,FALSE,8300
2026-03-20T06:44:34.472Z,RBC,3,3,3.99,M,SI2,FALSE,6700
2026-03-20T06:44:34.472Z,RBC,3,3,3.99,M,SI3,FALSE,5800
2026-03-20T06:44:34.472Z,RBC,3,3,3.99,M,I1,FALSE,4700
2026-03-20T06:44:34.472Z,RBC,3,4,4.99,D,VVS2,FALSE,58500
2026-03-20T06:44:34.472Z,RBC,3,4,4.99,D,SI2,FALSE,25500
2026-03-20T06:44:34.472Z,RBC,3,4,4.99,D,I3,FALSE,2300
2026-03-20T06:44:34.472Z,RBC,3,4,4.99,E,VS2,FALSE,39000
2026-03-20T06:44:34.472Z,RBC,3,4,4.99,E,SI1,FALSE,29500
2026-03-20T06:44:34.472Z,RBC,3,4,4.99,E,SI2,FALSE,24000
2026-03-20T06:44:34.472Z,RBC,3,4,4.99,E,SI3,FALSE,14500
2026-03-20T06:44:34.472Z,RBC,3,4,4.99,E,I3,FALSE,2200
2026-03-20T06:44:34.472Z,RBC,3,4,4.99,F,I1,FALSE,10100
2026-03-20T06:44:34.472Z,RBC,3,4,4.99,F,I2,FALSE,5000
2026-03-20T06:44:34.472Z,RBC,3,4,4.99,G,VS1,FALSE,36000
2026-03-20T06:44:34.472Z,RBC,3,4,4.99,G,SI1,FALSE,24500
2026-03-20T06:44:34.472Z,RBC,3,4,4.99,G,I2,FALSE,4700
2026-03-20T06:44:34.472Z,RBC,3,4,4.99,H,I1,FALSE,9000
2026-03-20T06:44:34.472Z,RBC,3,4,4.99,H,I2,FALSE,4400
2026-03-20T06:44:34.472Z,RBC,3,4,4.99,I,VVS2,FALSE,24500
2026-03-20T06:44:34.472Z,RBC,3,4,4.99,I,SI2,FALSE,16000
2026-03-20T06:44:34.472Z,RBC,3,4,4.99,J,IF,FALSE,22500
2026-03-20T06:44:34.472Z,RBC,3,4,4.99,J,VS1,FALSE,18500
2026-03-20T06:44:34.472Z,RBC,3,4,4.99,K,VVS1,FALSE,17500
2026-03-20T06:44:34.472Z,RBC,3,4,4.99,K,VVS2,FALSE,16000
2026-03-20T06:44:34.472Z,RBC,3,4,4.99,K,VS1,FALSE,15000
2026-03-20T06:44:34.472Z,RBC,3,4,4.99,K,VS2,FALSE,14000
2026-03-20T06:44:34.472Z,RBC,3,4,4.99,K,SI1,FALSE,13000
2026-03-20T06:44:34.472Z,RBC,3,4,4.99,K,SI2,FALSE,12000
2026-03-20T06:44:34.472Z,RBC,3,4,4.99,K,SI3,FALSE,8300
2026-03-20T06:44:34.472Z,RBC,3,4,4.99,K,I3,FALSE,1700
2026-03-20T06:44:34.472Z,RBC,3,4,4.99,L,VS2,FALSE,11500
2026-03-20T06:44:34.472Z,RBC,3,4,4.99,L,I2,FALSE,3400
2026-03-20T06:44:34.472Z,RBC,3,4,4.99,M,I1,FALSE,5000
2026-03-20T06:44:34.472Z,RBC,3,5,9.99,D,VVS2,FALSE,77000
2026-03-20T06:44:34.472Z,RBC,3,5,9.99,D,VS2,FALSE,58000
2026-03-20T06:44:34.472Z,RBC,3,5,9.99,D,SI1,FALSE,43000
2026-03-20T06:44:34.472Z,RBC,3,5,9.99,E,VVS2,FALSE,67000
2026-03-20T06:44:34.472Z,RBC,3,5,9.99,E,VS1,FALSE,59500
2026-03-20T06:44:34.472Z,RBC,3,5,9.99,E,SI1,FALSE,39500
2026-03-20T06:44:34.472Z,RBC,3,5,9.99,E,SI3,FALSE,17000
2026-03-20T06:44:34.472Z,RBC,3,5,9.99,F,I3,FALSE,2200
2026-03-20T06:44:34.472Z,RBC,3,5,9.99,G,I3,FALSE,2100
2026-03-20T06:44:34.472Z,RBC,3,5,9.99,H,VVS1,FALSE,44500
2026-03-20T06:44:34.472Z,RBC,3,5,9.99,H,I3,FALSE,2100
2026-03-20T06:44:34.472Z,RBC,3,5,9.99,I,IF,FALSE,36500
2026-03-20T06:44:34.472Z,RBC,3,5,9.99,I,VVS2,FALSE,31500
2026-03-20T06:44:34.472Z,RBC,3,5,9.99,I,SI1,FALSE,22500
2026-03-20T06:44:34.472Z,RBC,3,5,9.99,I,SI3,FALSE,13000
2026-03-20T06:44:34.472Z,RBC,3,5,9.99,I,I2,FALSE,4600
2026-03-20T06:44:34.472Z,RBC,3,5,9.99,J,SI2,FALSE,17000
2026-03-20T06:44:34.472Z,RBC,3,5,9.99,K,VVS2,FALSE,19500
2026-03-20T06:44:34.472Z,RBC,3,5,9.99,K,VS1,FALSE,18000
2026-03-20T06:44:34.472Z,RBC,3,5,9.99,K,SI2,FALSE,15000
2026-03-20T06:44:34.472Z,RBC,3,5,9.99,K,I3,FALSE,1800
2026-03-20T06:44:34.472Z,RBC,3,5,9.99,L,VVS2,FALSE,15500
2026-03-20T06:44:34.472Z,RBC,3,5,9.99,L,VS2,FALSE,14000
2026-03-20T06:44:34.472Z,RBC,3,5,9.99,L,I1,FALSE,6900
2026-03-20T06:44:34.472Z,RBC,3,5,9.99,M,SI1,FALSE,11000
2026-03-20T06:44:34.472Z,RBC,3,5,9.99,M,I1,FALSE,6000
2026-03-20T06:44:34.472Z,RBC,3,10,99,D,VVS2,FALSE,120000
2026-03-20T06:44:34.472Z,RBC,3,10,99,D,I2,FALSE,6600
2026-03-20T06:44:34.472Z,RBC,3,10,99,D,I3,FALSE,2700
2026-03-20T06:44:34.472Z,RBC,3,10,99,E,SI2,FALSE,43000
2026-03-20T06:44:34.472Z,RBC,3,10,99,E,SI3,FALSE,23500
2026-03-20T06:44:34.472Z,RBC,3,10,99,E,I2,FALSE,6300
2026-03-20T06:44:34.472Z,RBC,3,10,99,E,I3,FALSE,2600
2026-03-20T06:44:34.472Z,RBC,3,10,99,F,IF,FALSE,111000
2026-03-20T06:44:34.472Z,RBC,3,10,99,F,VVS2,FALSE,93000
2026-03-20T06:44:34.472Z,RBC,3,10,99,F,I3,FALSE,2500
2026-03-20T06:44:34.472Z,RBC,3,10,99,G,SI1,FALSE,48500
2026-03-20T06:44:34.472Z,RBC,3,10,99,G,SI2,FALSE,37000
2026-03-20T06:44:34.472Z,RBC,3,10,99,G,I3,FALSE,2400
2026-03-20T06:44:34.472Z,RBC,3,10,99,H,VS1,FALSE,56500
2026-03-20T06:44:34.472Z,RBC,3,10,99,H,VS2,FALSE,50000
2026-03-20T06:44:34.472Z,RBC,3,10,99,I,I1,FALSE,11500
2026-03-20T06:44:34.472Z,RBC,3,10,99,J,VS2,FALSE,32500
2026-03-20T06:44:34.472Z,RBC,3,10,99,K,IF,FALSE,34500
2026-03-20T06:44:34.472Z,RBC,3,10,99,K,I1,FALSE,10000
2026-03-20T06:44:34.472Z,RBC,3,10,99,K,I3,FALSE,2000
2026-03-20T06:44:34.472Z,RBC,3,10,99,L,SI1,FALSE,19500
2026-03-20T06:44:34.472Z,RBC,3,10,99,L,SI3,FALSE,12000
2026-03-20T06:44:34.472Z,RBC,3,10,99,L,I1,FALSE,8500
2026-03-20T06:44:34.472Z,RBC,3,10,99,M,IF,FALSE,22500
2026-03-20T06:44:34.472Z,RBC,3,10,99,M,VVS2,FALSE,19500
2026-03-20T06:44:34.472Z,RBC,3,10,99,M,VS1,FALSE,18500
2026-03-20T06:44:34.472Z,RBC,3,10,99,M,SI3,FALSE,10500
2026-03-20T06:44:34.472Z,RBC,3,0.3,0.39,N,IF,TRUE,1000
2026-03-20T06:44:34.472Z,RBC,3,0.3,0.39,N,I3,FALSE,300
2026-03-20T06:44:34.472Z,RBC,3,0.4,0.49,N,IF,TRUE,1200
2026-03-20T06:44:34.472Z,RBC,3,0.4,0.49,N,SI3,TRUE,700
2026-03-20T06:44:34.472Z,RBC,3,0.4,0.49,N,I1,TRUE,600
2026-03-20T06:44:34.472Z,RBC,3,0.5,0.69,N,VVS2,TRUE,1200
2026-03-20T06:44:34.472Z,RBC,3,0.5,0.69,N,I3,FALSE,500
2026-03-20T06:44:34.472Z,RBC,3,0.7,0.89,N,VVS1,TRUE,1600
2026-03-20T06:44:34.472Z,RBC,3,0.7,0.89,N,SI2,TRUE,1100
2026-03-20T06:44:34.472Z,RBC,3,0.7,0.89,N,SI3,TRUE,1100
2026-03-20T06:44:34.472Z,RBC,3,0.7,0.89,N,I1,TRUE,1100
2026-03-20T06:44:34.472Z,RBC,3,0.9,0.99,N,IF,TRUE,2400
2026-03-20T06:44:34.472Z,RBC,3,0.9,0.99,N,SI3,TRUE,1500
2026-03-20T06:44:34.472Z,RBC,3,1,1.49,N,VS2,TRUE,2100
2026-03-20T06:44:34.472Z,RBC,3,1.5,1.99,N,IF,TRUE,4600
2026-03-20T06:44:34.472Z,RBC,3,1.5,1.99,N,I1,TRUE,2700
2026-03-20T06:44:34.472Z,RBC,3,2,2.99,N,VVS1,FALSE,6300
2026-03-20T06:44:34.472Z,RBC,3,2,2.99,N,VS2,FALSE,4800
2026-03-20T06:44:34.472Z,RBC,3,2,2.99,N,SI2,FALSE,4200
2026-03-20T06:44:34.472Z,RBC,3,2,2.99,N,I1,FALSE,3800
2026-03-20T06:44:34.472Z,RBC,3,3,3.99,N,SI1,FALSE,7500
2026-03-20T06:44:34.472Z,RBC,3,3,3.99,N,SI2,FALSE,6700
2026-03-20T06:44:34.472Z,RBC,3,3,3.99,N,I2,FALSE,3000
2026-03-20T06:44:34.472Z,RBC,3,3,3.99,N,I3,FALSE,1400
2026-03-20T06:44:34.472Z,RBC,3,4,4.99,N,IF,FALSE,12500
2026-03-20T06:44:34.472Z,RBC,3,4,4.99,N,VVS2,FALSE,10500
2026-03-20T06:44:34.472Z,RBC,3,4,4.99,N,SI2,FALSE,8000
2026-03-20T06:44:34.472Z,RBC,3,4,4.99,N,SI3,FALSE,6500
2026-03-20T06:44:34.472Z,RBC,3,4,4.99,N,I1,FALSE,5000
2026-03-20T06:44:34.472Z,RBC,3,5,9.99,N,VS1,FALSE,12500
2026-03-20T06:44:34.472Z,RBC,3,10,99,N,VVS1,FALSE,21000
2026-03-20T06:44:34.472Z,RBC,3,10,99,N,VS1,FALSE,18500
2026-03-20T06:44:34.472Z,RBC,3,0.3,0.39,O-P,VVS1,FALSE,900
2026-03-20T06:44:34.472Z,RBC,3,0.3,0.39,O-P,VS1,FALSE,800
2026-03-20T06:44:34.472Z,RBC,3,0.4,0.49,O-P,VVS2,FALSE,1000
2026-03-20T06:44:34.472Z,RBC,3,0.4,0.49,O-P,SI3,FALSE,700
2026-03-20T06:44:34.472Z,RBC,3,0.4,0.49,O-P,I3,FALSE,400
2026-03-20T06:44:34.472Z,RBC,3,0.5,0.69,O-P,VS1,FALSE,1100
2026-03-20T06:44:34.472Z,RBC,3,0.5,0.69,O-P,VS2,FALSE,1000
2026-03-20T06:44:34.472Z,RBC,3,0.5,0.69,O-P,SI2,FALSE,900
2026-03-20T06:44:34.472Z,RBC,3,0.5,0.69,O-P,I1,FALSE,900
2026-03-20T06:44:34.472Z,RBC,3,0.7,0.89,O-P,VVS2,FALSE,1400
2026-03-20T06:44:34.472Z,RBC,3,0.7,0.89,O-P,I2,FALSE,800
2026-03-20T06:44:34.472Z,RBC,3,0.9,0.99,O-P,SI3,FALSE,1500
2026-03-20T06:44:34.472Z,RBC,3,1,1.49,O-P,IF,FALSE,2700
2026-03-20T06:44:34.472Z,RBC,3,1,1.49,O-P,VVS1,FALSE,2500
2026-03-20T06:44:34.472Z,RBC,3,1,1.49,O-P,VS1,FALSE,2300
2026-03-20T06:44:34.472Z,RBC,3,1,1.49,O-P,SI1,FALSE,1900
2026-03-20T06:44:34.472Z,RBC,3,1.5,1.99,O-P,VVS1,FALSE,4100
2026-03-20T06:44:34.472Z,RBC,3,1.5,1.99,O-P,SI1,FALSE,3200
2026-03-20T06:44:34.472Z,RBC,3,2,2.99,O-P,IF,FALSE,6800
2026-03-20T06:44:34.472Z,RBC,3,2,2.99,E,IF,FALSE,27000
2026-03-20T06:44:34.472Z,RBC,3,2,2.99,E,I1,FALSE,7600
2026-03-20T06:44:34.472Z,RBC,3,2,2.99,E,I3,FALSE,1800
2026-03-20T06:44:34.472Z,RBC,3,2,2.99,F,SI1,FALSE,12300
2026-03-20T06:44:34.472Z,RBC,3,2,2.99,F,I3,FALSE,1700
2026-03-20T06:44:34.472Z,RBC,3,2,2.99,G,VVS2,FALSE,16500
2026-03-20T06:44:34.472Z,RBC,3,2,2.99,G,VS2,FALSE,13500
2026-03-20T06:44:34.472Z,RBC,3,2,2.99,H,SI1,FALSE,10400
2026-03-20T06:44:34.472Z,RBC,3,2,2.99,H,SI2,FALSE,8600
2026-03-20T06:44:34.472Z,RBC,3,2,2.99,H,I1,FALSE,6500
2026-03-20T06:44:34.472Z,RBC,3,2,2.99,H,I2,FALSE,3300
2026-03-20T06:44:34.472Z,RBC,3,2,2.99,I,VVS1,FALSE,12000
2026-03-20T06:44:34.472Z,RBC,3,2,2.99,I,I3,FALSE,1500
2026-03-20T06:44:34.472Z,RBC,3,2,2.99,J,VVS2,FALSE,9100
2026-03-20T06:44:34.472Z,RBC,3,2,2.99,J,SI2,FALSE,6300
2026-03-20T06:44:34.472Z,RBC,3,2,2.99,J,I1,FALSE,5400
2026-03-20T06:44:34.472Z,RBC,3,2,2.99,K,VS2,FALSE,6300
2026-03-20T06:44:34.472Z,RBC,3,2,2.99,K,SI1,FALSE,5700
2026-03-20T06:44:34.472Z,RBC,3,2,2.99,L,VS2,FALSE,5400
2026-03-20T06:44:34.472Z,RBC,3,2,2.99,L,SI2,FALSE,4600
2026-03-20T06:44:34.472Z,RBC,3,2,2.99,L,I1,FALSE,4000
2026-03-20T06:44:34.472Z,RBC,3,2,2.99,L,I2,FALSE,2700
2026-03-20T06:44:34.472Z,RBC,3,2,2.99,M,VS2,FALSE,4800
2026-03-20T06:44:34.472Z,RBC,3,2,2.99,M,SI2,FALSE,4200
2026-03-20T06:44:34.472Z,RBC,3,2,2.99,M,I1,FALSE,3800
2026-03-20T06:44:34.472Z,RBC,3,2,2.99,M,I2,FALSE,2600
2026-03-20T06:44:34.472Z,RBC,3,2,2.99,M,I3,FALSE,1300
2026-03-20T06:44:34.472Z,RBC,3,3,3.99,D,VVS2,FALSE,41000
2026-03-20T06:44:34.472Z,RBC,3,3,3.99,D,VS1,FALSE,35000
2026-03-20T06:44:34.472Z,RBC,3,3,3.99,D,VS2,FALSE,29500
2026-03-20T06:44:34.472Z,RBC,3,3,3.99,D,SI2,FALSE,20000
2026-03-20T06:44:34.472Z,RBC,3,3,3.99,D,I2,FALSE,4900
2026-03-20T06:44:34.472Z,RBC,3,3,3.99,D,I3,FALSE,2100
2026-03-20T06:44:34.472Z,RBC,3,3,3.99,E,IF,FALSE,45000
2026-03-20T06:44:34.472Z,RBC,3,3,3.99,E,VVS1,FALSE,42000
2026-03-20T06:44:34.472Z,RBC,3,3,3.99,E,VVS2,FALSE,37000
2026-03-20T06:44:34.472Z,RBC,3,3,3.99,E,VS2,FALSE,26500
2026-03-20T06:44:34.472Z,RBC,3,3,3.99,E,SI3,FALSE,13100
2026-03-20T06:44:34.472Z,RBC,3,3,3.99,F,VVS2,FALSE,33500
2026-03-20T06:44:34.472Z,RBC,3,3,3.99,F,SI1,FALSE,19500
2026-03-20T06:44:34.472Z,RBC,3,3,3.99,F,SI2,FALSE,17000
2026-03-20T06:44:34.472Z,RBC,3,3,3.99,F,I2,FALSE,4500
2026-03-20T06:44:34.472Z,RBC,3,3,3.99,G,SI3,FALSE,11200
2026-03-20T06:44:34.472Z,RBC,3,3,3.99,G,I1,FALSE,8700
2026-03-20T06:44:34.472Z,RBC,3,3,3.99,H,VVS1,FALSE,25000
2026-03-20T06:44:34.472Z,RBC,3,3,3.99,H,SI1,FALSE,16000
2026-03-20T06:44:34.472Z,RBC,3,3,3.99,I,VS2,FALSE,16000
2026-03-20T06:44:34.472Z,RBC,3,3,3.99,I,I2,FALSE,3800
2026-03-20T06:44:34.472Z,RBC,3,3,3.99,J,IF,FALSE,17500
2026-03-20T06:44:34.472Z,RBC,3,3,3.99,J,VVS2,FALSE,15000
2026-03-20T06:44:34.472Z,RBC,3,3,3.99,J,I1,FALSE,7100
2026-03-20T06:44:34.472Z,RBC,3,3,3.99,K,SI3,FALSE,7600
2026-03-20T06:44:34.472Z,RBC,3,3,3.99,K,I1,FALSE,6200
2026-03-20T06:44:34.472Z,RBC,3,3,3.99,K,I3,FALSE,1500
2026-03-20T06:44:34.472Z,RBC,3,3,3.99,L,VVS1,FALSE,11100
2026-03-20T06:44:34.472Z,RBC,3,3,3.99,L,VS1,FALSE,10300
2026-03-20T06:44:34.472Z,RBC,3,3,3.99,L,SI2,FALSE,8200
2026-03-20T06:44:34.472Z,RBC,3,3,3.99,M,I2,FALSE,3000
2026-03-20T06:44:34.472Z,RBC,3,4,4.99,D,I1,FALSE,11100
2026-03-20T06:44:34.472Z,RBC,3,4,4.99,E,IF,FALSE,62500
2026-03-20T06:44:34.472Z,RBC,3,4,4.99,E,VVS1,FALSE,58500
2026-03-20T06:44:34.472Z,RBC,3,4,4.99,E,I2,FALSE,5200
2026-03-20T06:44:34.472Z,RBC,3,4,4.99,F,IF,FALSE,56500
2026-03-20T06:44:34.472Z,RBC,3,4,4.99,F,VVS2,FALSE,47500
2026-03-20T06:44:34.472Z,RBC,3,2,2.99,O-P,SI1,FALSE,4500
2026-03-20T06:44:34.472Z,RBC,3,2,2.99,O-P,SI2,FALSE,4200
2026-03-20T06:44:34.472Z,RBC,3,3,3.99,O-P,IF,FALSE,9500
2026-03-20T06:44:34.472Z,RBC,3,3,3.99,O-P,VVS1,FALSE,9100
2026-03-20T06:44:34.472Z,RBC,3,3,3.99,O-P,SI1,FALSE,7500
2026-03-20T06:44:34.472Z,RBC,3,3,3.99,O-P,SI2,FALSE,6700
2026-03-20T06:44:34.472Z,RBC,3,4,4.99,O-P,IF,FALSE,12500
2026-03-20T06:44:34.472Z,RBC,3,4,4.99,O-P,SI3,FALSE,6500
2026-03-20T06:44:34.472Z,RBC,3,5,9.99,O-P,VVS1,FALSE,14000
2026-03-20T06:44:34.472Z,RBC,3,5,9.99,O-P,SI3,FALSE,8000
2026-03-20T06:44:34.472Z,RBC,3,10,99,O-P,VS1,FALSE,18500
2026-03-20T06:44:34.472Z,RBC,3,10,99,O-P,VS2,FALSE,17500
2026-03-20T06:44:34.472Z,RBC,3,10,99,O-P,SI1,FALSE,16500
2026-03-20T06:44:34.472Z,RBC,3,0.3,0.39,Q-R,VVS2,FALSE,900
2026-03-20T06:44:34.472Z,RBC,3,0.3,0.39,Q-R,VS2,FALSE,800
2026-03-20T06:44:34.472Z,RBC,3,0.4,0.49,Q-R,I1,FALSE,600
2026-03-20T06:44:34.472Z,RBC,3,0.4,0.49,Q-R,I3,FALSE,400
2026-03-20T06:44:34.472Z,RBC,3,0.5,0.69,Q-R,IF,FALSE,1400
2026-03-20T06:44:34.472Z,RBC,3,0.5,0.69,Q-R,SI1,FALSE,1000
2026-03-20T06:44:34.472Z,RBC,3,0.5,0.69,Q-R,SI2,FALSE,900
2026-03-20T06:44:34.472Z,RBC,3,0.7,0.89,Q-R,IF,FALSE,1800
2026-03-20T06:44:34.472Z,RBC,3,0.7,0.89,Q-R,VVS2,FALSE,1400
2026-03-20T06:44:34.472Z,RBC,3,0.7,0.89,Q-R,SI1,FALSE,1200
2026-03-20T06:44:34.472Z,RBC,3,0.7,0.89,Q-R,I3,FALSE,600
2026-03-20T06:44:34.472Z,RBC,3,0.9,0.99,Q-R,SI1,FALSE,1600
2026-03-20T06:44:34.472Z,RBC,3,0.9,0.99,Q-R,SI3,FALSE,1500
2026-03-20T06:44:34.472Z,RBC,3,0.9,0.99,Q-R,I3,FALSE,700
2026-03-20T06:44:34.472Z,RBC,3,1,1.49,Q-R,IF,FALSE,2700
2026-03-20T06:44:34.472Z,RBC,3,1,1.49,Q-R,VS2,FALSE,2100
2026-03-20T06:44:34.472Z,RBC,3,1,1.49,Q-R,SI1,FALSE,1900
2026-03-20T06:44:34.472Z,RBC,3,1,1.49,Q-R,SI3,FALSE,1700
2026-03-20T06:44:34.472Z,RBC,3,1.5,1.99,Q-R,IF,FALSE,4600
2026-03-20T06:44:34.472Z,RBC,3,1.5,1.99,Q-R,SI1,FALSE,3200
2026-03-20T06:44:34.472Z,RBC,3,2,2.99,Q-R,IF,FALSE,6800
2026-03-20T06:44:34.472Z,RBC,3,2,2.99,Q-R,VVS2,FALSE,5700
2026-03-20T06:44:34.472Z,RBC,3,2,2.99,Q-R,SI2,FALSE,4200
2026-03-20T06:44:34.472Z,RBC,3,2,2.99,Q-R,I1,FALSE,3800
2026-03-20T06:44:34.472Z,RBC,3,3,3.99,Q-R,SI2,FALSE,6700
2026-03-20T06:44:34.472Z,RBC,3,3,3.99,Q-R,I2,FALSE,3000
2026-03-20T06:44:34.472Z,RBC,3,4,4.99,Q-R,VVS1,FALSE,11500
2026-03-20T06:44:34.472Z,RBC,3,4,4.99,Q-R,VVS2,FALSE,10500
2026-03-20T06:44:34.472Z,RBC,3,4,4.99,Q-R,SI1,FALSE,9000
2026-03-20T06:44:34.472Z,RBC,3,5,9.99,Q-R,I2,FALSE,3400
2026-03-20T06:44:34.472Z,RBC,3,5,9.99,Q-R,I3,FALSE,1600
2026-03-20T06:44:34.472Z,RBC,3,10,99,Q-R,SI3,FALSE,10500
2026-03-20T06:44:34.472Z,RBC,3,10,99,Q-R,I2,FALSE,4300
2026-03-20T06:44:34.472Z,RBC,3,0.3,0.39,S-T,VVS2,FALSE,900
2026-03-20T06:44:34.472Z,RBC,3,0.3,0.39,S-T,SI1,FALSE,800
2026-03-20T06:44:34.472Z,RBC,3,0.4,0.49,S-T,VVS1,FALSE,1100
2026-03-20T06:44:34.472Z,RBC,3,0.4,0.49,S-T,VVS2,FALSE,1000
2026-03-20T06:44:34.472Z,RBC,3,0.4,0.49,S-T,I3,FALSE,400
2026-03-20T06:44:34.472Z,RBC,3,0.5,0.69,S-T,VVS2,FALSE,1200
2026-03-20T06:44:34.472Z,RBC,3,0.5,0.69,S-T,SI1,FALSE,1000
2026-03-20T06:44:34.472Z,RBC,3,0.7,0.89,S-T,IF,FALSE,1800
2026-03-20T06:44:34.472Z,RBC,3,0.7,0.89,S-T,SI2,FALSE,1100
2026-03-20T06:44:34.472Z,RBC,3,0.7,0.89,S-T,I3,FALSE,600
2026-03-20T06:44:34.472Z,RBC,3,0.9,0.99,S-T,IF,FALSE,2400
2026-03-20T06:44:34.472Z,RBC,3,0.9,0.99,S-T,SI3,FALSE,1500
2026-03-20T06:44:34.472Z,RBC,3,0.9,0.99,S-T,I3,FALSE,700
2026-03-20T06:44:34.472Z,RBC,3,1,1.49,S-T,VVS2,FALSE,2400
2026-03-20T06:44:34.472Z,RBC,3,1,1.49,S-T,SI3,FALSE,1700
2026-03-20T06:44:34.472Z,RBC,3,1.5,1.99,S-T,SI1,FALSE,3200
2026-03-20T06:44:34.472Z,RBC,3,1.5,1.99,S-T,SI3,FALSE,2800
2026-03-20T06:44:34.472Z,RBC,3,1.5,1.99,S-T,I1,FALSE,2700
2026-03-20T06:44:34.472Z,PB,3,0.4,0.49,F,I2,TRUE,800
2026-03-20T06:44:34.472Z,PB,3,0.4,0.49,G,IF,TRUE,2300
2026-03-20T06:44:34.472Z,PB,3,0.4,0.49,G,VVS1,TRUE,2100
2026-03-20T06:44:34.472Z,PB,3,0.4,0.49,G,SI3,TRUE,1100
2026-03-20T06:44:34.472Z,PB,3,0.4,0.49,G,I1,TRUE,1000
2026-03-20T06:44:34.472Z,PB,3,0.4,0.49,H,I1,TRUE,900
2026-03-20T06:44:34.472Z,PB,3,0.4,0.49,I,SI1,TRUE,1300
2026-03-20T06:44:34.472Z,PB,3,0.4,0.49,J,VVS1,TRUE,1500
2026-03-20T06:44:34.472Z,PB,3,0.4,0.49,J,SI1,TRUE,1200
2026-03-20T06:44:34.472Z,PB,3,0.4,0.49,J,I1,TRUE,700
2026-03-20T06:44:34.472Z,PB,3,0.4,0.49,L,IF,TRUE,1300
2026-03-20T06:44:34.472Z,PB,3,0.4,0.49,L,VS1,TRUE,1000
2026-03-20T06:44:34.472Z,PB,3,0.4,0.49,L,SI2,TRUE,800
2026-03-20T06:44:34.472Z,PB,3,0.4,0.49,M,IF,TRUE,1200
2026-03-20T06:44:34.472Z,PB,3,0.4,0.49,M,VVS1,TRUE,1100
2026-03-20T06:44:34.472Z,PB,3,0.4,0.49,M,VS2,TRUE,900
2026-03-20T06:44:34.472Z,PB,3,0.4,0.49,M,SI1,TRUE,800
2026-03-20T06:44:34.472Z,PB,3,0.5,0.69,D,IF,TRUE,3300
2026-03-20T06:44:34.472Z,PB,3,0.5,0.69,D,VVS1,TRUE,3000
2026-03-20T06:44:34.472Z,PB,3,0.5,0.69,D,VVS2,TRUE,2800
2026-03-20T06:44:34.472Z,PB,3,0.5,0.69,D,VS1,TRUE,2600
2026-03-20T06:44:34.472Z,PB,3,0.5,0.69,E,SI1,TRUE,2100
2026-03-20T06:44:34.472Z,PB,3,0.5,0.69,E,I1,TRUE,1500
2026-03-20T06:44:34.472Z,PB,3,0.5,0.69,F,VVS2,TRUE,2500
2026-03-20T06:44:34.472Z,PB,3,0.5,0.69,G,VVS2,TRUE,2300
2026-03-20T06:44:34.472Z,PB,3,0.5,0.69,G,SI1,TRUE,1900
2026-03-20T06:44:34.472Z,PB,3,0.5,0.69,G,SI2,TRUE,1600
2026-03-20T06:44:34.472Z,PB,3,0.5,0.69,G,I3,FALSE,700
2026-03-20T06:44:34.472Z,PB,3,0.5,0.69,H,SI2,TRUE,1500
2026-03-20T06:44:34.472Z,PB,3,0.5,0.69,H,I2,TRUE,900
2026-03-20T06:44:34.472Z,PB,3,0.5,0.69,I,VVS2,TRUE,1900
2026-03-20T06:44:34.472Z,PB,3,0.5,0.69,I,VS2,TRUE,1700
2026-03-20T06:44:34.472Z,PB,3,0.5,0.69,I,SI2,TRUE,1400
2026-03-20T06:44:34.472Z,PB,3,0.5,0.69,I,SI3,TRUE,1300
2026-03-20T06:44:34.472Z,PB,3,0.5,0.69,J,VVS2,TRUE,1700
2026-03-20T06:44:34.472Z,PB,3,0.5,0.69,J,VS1,TRUE,1600
2026-03-20T06:44:34.472Z,PB,3,0.5,0.69,J,SI2,TRUE,1300
2026-03-20T06:44:34.472Z,PB,3,0.5,0.69,J,I2,TRUE,800
2026-03-20T06:44:34.472Z,PB,3,0.5,0.69,K,VVS1,TRUE,1600
2026-03-20T06:44:34.472Z,PB,3,0.5,0.69,K,SI1,TRUE,1200
2026-03-20T06:44:34.472Z,PB,3,0.5,0.69,L,VVS1,TRUE,1400
2026-03-20T06:44:34.472Z,PB,3,0.5,0.69,L,VS1,TRUE,1200
2026-03-20T06:44:34.472Z,PB,3,0.5,0.69,M,VVS2,TRUE,1200
2026-03-20T06:44:34.472Z,PB,3,0.5,0.69,M,VS2,FALSE,1000
2026-03-20T06:44:34.472Z,PB,3,0.7,0.89,D,VVS2,TRUE,4000
2026-03-20T06:44:34.472Z,PB,3,0.7,0.89,D,VS1,TRUE,3700
2026-03-20T06:44:34.472Z,PB,3,0.7,0.89,D,VS2,TRUE,3400
2026-03-20T06:44:34.472Z,PB,3,0.7,0.89,D,SI2,TRUE,2400
2026-03-20T06:44:34.472Z,PB,3,0.7,0.89,E,IF,TRUE,4300
2026-03-20T06:44:34.472Z,PB,3,0.7,0.89,E,VVS1,TRUE,4000
2026-03-20T06:44:34.472Z,PB,3,0.7,0.89,E,SI2,TRUE,2200
2026-03-20T06:44:34.472Z,PB,3,0.7,0.89,E,SI3,TRUE,2000
2026-03-20T06:44:34.472Z,PB,3,0.7,0.89,F,VVS1,TRUE,3800
2026-03-20T06:44:34.472Z,PB,3,0.7,0.89,F,VS1,TRUE,3300
2026-03-20T06:44:34.472Z,PB,3,0.7,0.89,F,VS2,TRUE,3000
2026-03-20T06:44:34.472Z,PB,3,0.7,0.89,F,SI2,TRUE,2000
2026-03-20T06:44:34.472Z,PB,3,0.7,0.89,F,I1,TRUE,1600
2026-03-20T06:44:34.472Z,PB,3,0.7,0.89,G,IF,TRUE,3700
2026-03-20T06:44:34.472Z,PB,3,0.7,0.89,G,VS1,TRUE,3100
2026-03-20T06:44:34.472Z,PB,3,0.7,0.89,G,SI1,TRUE,2200
2026-03-20T06:44:34.472Z,PB,3,0.7,0.89,G,SI3,TRUE,1700
2026-03-20T06:44:34.472Z,PB,3,0.7,0.89,H,VS1,TRUE,2800
2026-03-20T06:44:34.472Z,PB,3,0.7,0.89,H,SI1,TRUE,2100
2026-03-20T06:44:34.472Z,PB,3,0.7,0.89,H,SI2,TRUE,1700
2026-03-20T06:44:34.472Z,RBC,3,2,2.99,S-T,IF,FALSE,6800
2026-03-20T06:44:34.472Z,RBC,3,2,2.99,S-T,SI3,FALSE,4000
2026-03-20T06:44:34.472Z,RBC,3,3,3.99,S-T,VS1,FALSE,8300
2026-03-20T06:44:34.472Z,RBC,3,3,3.99,S-T,VS2,FALSE,7900
2026-03-20T06:44:34.472Z,RBC,3,3,3.99,S-T,SI3,FALSE,5800
2026-03-20T06:44:34.472Z,RBC,3,3,3.99,S-T,I3,FALSE,1400
2026-03-20T06:44:34.472Z,RBC,3,4,4.99,S-T,IF,FALSE,12500
2026-03-20T06:44:34.472Z,RBC,3,4,4.99,S-T,VVS1,FALSE,11500
2026-03-20T06:44:34.472Z,RBC,3,4,4.99,S-T,I1,FALSE,5000
2026-03-20T06:44:34.472Z,RBC,3,4,4.99,S-T,I2,FALSE,3200
2026-03-20T06:44:34.472Z,RBC,3,5,9.99,S-T,IF,FALSE,15000
2026-03-20T06:44:34.472Z,RBC,3,5,9.99,S-T,VVS2,FALSE,13000
2026-03-20T06:44:34.472Z,RBC,3,5,9.99,S-T,SI1,FALSE,11000
2026-03-20T06:44:34.472Z,RBC,3,5,9.99,S-T,I2,FALSE,3400
2026-03-20T06:44:34.472Z,RBC,3,10,99,S-T,IF,FALSE,22500
2026-03-20T06:44:34.472Z,RBC,3,10,99,S-T,SI2,FALSE,14000
2026-03-20T06:44:34.472Z,RBC,3,0.3,0.39,U-V,VVS2,FALSE,900
2026-03-20T06:44:34.472Z,RBC,3,0.3,0.39,U-V,VS2,FALSE,800
2026-03-20T06:44:34.472Z,RBC,3,0.4,0.49,U-V,IF,FALSE,1200
2026-03-20T06:44:34.472Z,RBC,3,0.4,0.49,U-V,VVS1,FALSE,1100
2026-03-20T06:44:34.472Z,RBC,3,0.4,0.49,U-V,SI1,FALSE,900
2026-03-20T06:44:34.472Z,RBC,3,0.4,0.49,U-V,I3,FALSE,400
2026-03-20T06:44:34.472Z,RBC,3,0.5,0.69,U-V,VS2,FALSE,1000
2026-03-20T06:44:34.472Z,RBC,3,0.5,0.69,U-V,SI2,FALSE,900
2026-03-20T06:44:34.472Z,RBC,3,0.5,0.69,U-V,I2,FALSE,700
2026-03-20T06:44:34.472Z,RBC,3,0.7,0.89,U-V,IF,FALSE,1800
2026-03-20T06:44:34.472Z,RBC,3,0.7,0.89,U-V,VVS1,FALSE,1600
2026-03-20T06:44:34.472Z,RBC,3,0.7,0.89,U-V,SI1,FALSE,1200
2026-03-20T06:44:34.472Z,RBC,3,0.7,0.89,U-V,I1,FALSE,1100
2026-03-20T06:44:34.472Z,RBC,3,0.7,0.89,U-V,I2,FALSE,800
2026-03-20T06:44:34.472Z,RBC,3,0.9,0.99,U-V,IF,FALSE,2400
2026-03-20T06:44:34.472Z,RBC,3,0.9,0.99,U-V,VVS2,FALSE,2000
2026-03-20T06:44:34.472Z,RBC,3,1,1.49,U-V,SI1,FALSE,1900
2026-03-20T06:44:34.472Z,RBC,3,1,1.49,U-V,SI3,FALSE,1700
2026-03-20T06:44:34.472Z,RBC,3,1.5,1.99,U-V,VVS1,FALSE,4100
2026-03-20T06:44:34.472Z,RBC,3,1.5,1.99,U-V,VS1,FALSE,3600
2026-03-20T06:44:34.472Z,RBC,3,1.5,1.99,U-V,SI2,FALSE,3000
2026-03-20T06:44:34.472Z,RBC,3,1.5,1.99,U-V,SI3,FALSE,2800
2026-03-20T06:44:34.472Z,RBC,3,1.5,1.99,U-V,I1,FALSE,2700
2026-03-20T06:44:34.472Z,RBC,3,2,2.99,U-V,VVS1,FALSE,6300
2026-03-20T06:44:34.472Z,RBC,3,2,2.99,U-V,VS1,FALSE,5400
2026-03-20T06:44:34.472Z,RBC,3,2,2.99,U-V,SI2,FALSE,4200
2026-03-20T06:44:34.472Z,RBC,3,2,2.99,U-V,I3,FALSE,1300
2026-03-20T06:44:34.472Z,RBC,3,3,3.99,U-V,SI3,FALSE,5800
2026-03-20T06:44:34.472Z,RBC,3,3,3.99,U-V,I1,FALSE,4700
2026-03-20T06:44:34.472Z,RBC,3,3,3.99,U-V,I2,FALSE,3000
2026-03-20T06:44:34.472Z,RBC,3,4,4.99,U-V,VVS1,FALSE,11500
2026-03-20T06:44:34.472Z,RBC,3,4,4.99,U-V,VS1,FALSE,10000
2026-03-20T06:44:34.472Z,RBC,3,4,4.99,U-V,VS2,FALSE,9500
2026-03-20T06:44:34.472Z,RBC,3,4,4.99,U-V,I2,FALSE,3200
2026-03-20T06:44:34.472Z,RBC,3,5,9.99,U-V,VS1,FALSE,12500
2026-03-20T06:44:34.472Z,RBC,3,5,9.99,U-V,VS2,FALSE,12000
2026-03-20T06:44:34.472Z,RBC,3,5,9.99,U-V,I2,FALSE,3400
2026-03-20T06:44:34.472Z,RBC,3,10,99,U-V,VVS1,FALSE,21000
2026-03-20T06:44:34.472Z,RBC,3,10,99,U-V,VS1,FALSE,18500
2026-03-20T06:44:34.472Z,RBC,3,10,99,U-V,I3,FALSE,1800
2026-03-20T06:44:34.472Z,RBC,3,0.3,0.39,W-X,VVS2,FALSE,900
2026-03-20T06:44:34.472Z,RBC,3,0.3,0.39,W-X,VS1,FALSE,800
2026-03-20T06:44:34.472Z,RBC,3,0.3,0.39,W-X,VS2,FALSE,800
2026-03-20T06:44:34.472Z,RBC,3,0.3,0.39,W-X,SI1,FALSE,800
2026-03-20T06:44:34.472Z,RBC,3,0.3,0.39,W-X,SI2,FALSE,700
2026-03-20T06:44:34.472Z,RBC,3,0.3,0.39,W-X,I3,FALSE,300
2026-03-20T06:44:34.472Z,RBC,3,0.5,0.69,W-X,IF,FALSE,1400
2026-03-20T06:44:34.472Z,RBC,3,0.5,0.69,W-X,SI1,FALSE,1000
2026-03-20T06:44:34.472Z,RBC,3,0.5,0.69,W-X,SI2,FALSE,900
2026-03-20T06:44:34.472Z,RBC,3,0.7,0.89,W-X,IF,FALSE,1800
2026-03-20T06:44:34.472Z,RBC,3,0.9,0.99,W-X,VS2,FALSE,1700
2026-03-20T06:44:34.472Z,RBC,3,0.9,0.99,W-X,SI3,FALSE,1500
2026-03-20T06:44:34.472Z,RBC,3,1,1.49,W-X,VVS1,FALSE,2500
2026-03-20T06:44:34.472Z,RBC,3,1,1.49,W-X,SI2,FALSE,1800
2026-03-20T06:44:34.472Z,RBC,3,1,1.49,W-X,I2,FALSE,1600
2026-03-20T06:44:34.472Z,RBC,3,1.5,1.99,W-X,VS2,FALSE,3400
2026-03-20T06:44:34.472Z,RBC,3,2,2.99,W-X,SI1,FALSE,4500
2026-03-20T06:44:34.472Z,RBC,3,2,2.99,W-X,SI3,FALSE,4000
2026-03-20T06:44:34.472Z,RBC,3,3,3.99,W-X,VS2,FALSE,7900
2026-03-20T06:44:34.472Z,RBC,3,3,3.99,W-X,SI2,FALSE,6700
2026-03-20T06:44:34.472Z,RBC,3,3,3.99,W-X,I2,FALSE,3000
2026-03-20T06:44:34.472Z,RBC,3,4,4.99,W-X,VVS2,FALSE,10500
2026-03-20T06:44:34.472Z,RBC,3,4,4.99,W-X,SI1,FALSE,9000
2026-03-20T06:44:34.472Z,RBC,3,5,9.99,W-X,VS2,FALSE,12000
2026-03-20T06:44:34.472Z,RBC,3,5,9.99,W-X,SI1,FALSE,11000
2026-03-20T06:44:34.472Z,RBC,3,5,9.99,W-X,SI2,FALSE,10000
2026-03-20T06:44:34.472Z,RBC,3,5,9.99,W-X,I1,FALSE,6000
2026-03-20T06:44:34.472Z,RBC,3,10,99,W-X,VVS1,FALSE,21000
2026-03-20T06:44:34.472Z,RBC,3,10,99,W-X,VS1,FALSE,18500
2026-03-20T06:44:34.472Z,RBC,3,10,99,W-X,I2,FALSE,4300
2026-03-20T06:44:34.472Z,RBC,3,0.3,0.39,Y-Z,VVS1,FALSE,900
2026-03-20T06:44:34.472Z,RBC,3,0.3,0.39,Y-Z,VVS2,FALSE,900
2026-03-20T06:44:34.472Z,RBC,3,0.3,0.39,Y-Z,VS2,FALSE,800
2026-03-20T06:44:34.472Z,RBC,3,0.3,0.39,Y-Z,SI1,FALSE,800
2026-03-20T06:44:34.472Z,RBC,3,0.4,0.49,Y-Z,IF,FALSE,1200
2026-03-20T06:44:34.472Z,RBC,3,0.4,0.49,Y-Z,VVS1,FALSE,1100
2026-03-20T06:44:34.472Z,RBC,3,0.4,0.49,Y-Z,SI2,FALSE,800
2026-03-20T06:44:34.472Z,RBC,3,0.4,0.49,Y-Z,I3,FALSE,400
2026-03-20T06:44:34.472Z,RBC,3,0.5,0.69,Y-Z,I2,FALSE,700
2026-03-20T06:44:34.472Z,RBC,3,0.7,0.89,Y-Z,VVS1,FALSE,1600
2026-03-20T06:44:34.472Z,RBC,3,0.9,0.99,Y-Z,IF,FALSE,2400
2026-03-20T06:44:34.472Z,RBC,3,0.9,0.99,Y-Z,VS1,FALSE,1900
2026-03-20T06:44:34.472Z,RBC,3,0.9,0.99,Y-Z,SI1,FALSE,1600
2026-03-20T06:44:34.472Z,RBC,3,1,1.49,Y-Z,VS1,FALSE,2300
2026-03-20T06:44:34.472Z,RBC,3,1,1.49,Y-Z,SI1,FALSE,1900
2026-03-20T06:44:34.472Z,RBC,3,1,1.49,Y-Z,SI2,FALSE,1800
2026-03-20T06:44:34.472Z,RBC,3,1,1.49,Y-Z,SI3,FALSE,1700
2026-03-20T06:44:34.472Z,RBC,3,1.5,1.99,Y-Z,VVS1,FALSE,4100
2026-03-20T06:44:34.472Z,RBC,3,1.5,1.99,Y-Z,VVS2,FALSE,3900
2026-03-20T06:44:34.472Z,RBC,3,1.5,1.99,Y-Z,VS1,FALSE,3600
2026-03-20T06:44:34.472Z,RBC,3,1.5,1.99,Y-Z,SI1,FALSE,3200
2026-03-20T06:44:34.472Z,RBC,3,1.5,1.99,Y-Z,SI3,FALSE,2800
2026-03-20T06:44:34.472Z,RBC,3,2,2.99,Y-Z,VVS1,FALSE,6300
2026-03-20T06:44:34.472Z,RBC,3,2,2.99,Y-Z,VVS2,FALSE,5700
2026-03-20T06:44:34.472Z,RBC,3,2,2.99,Y-Z,SI2,FALSE,4200
2026-03-20T06:44:34.472Z,RBC,3,2,2.99,Y-Z,SI3,FALSE,4000
2026-03-20T06:44:34.472Z,RBC,3,2,2.99,Y-Z,I3,FALSE,1300
2026-03-20T06:44:34.472Z,RBC,3,3,3.99,Y-Z,VVS1,FALSE,9100
2026-03-20T06:44:34.472Z,RBC,3,3,3.99,Y-Z,VS2,FALSE,7900
2026-03-20T06:44:34.472Z,RBC,3,3,3.99,Y-Z,I1,FALSE,4700
2026-03-20T06:44:34.472Z,RBC,3,4,4.99,Y-Z,VVS1,FALSE,11500
2026-03-20T06:44:34.472Z,RBC,3,4,4.99,Y-Z,SI2,FALSE,8000
2026-03-20T06:44:34.472Z,RBC,3,5,9.99,Y-Z,I2,FALSE,3400
2026-03-20T06:44:34.472Z,RBC,3,10,99,Y-Z,VS2,FALSE,17500
2026-03-20T06:44:34.472Z,RBC,3,10,99,Y-Z,SI2,FALSE,14000
2026-03-20T06:44:34.472Z,RBC,3,10,99,Y-Z,I3,FALSE,1800
2026-03-20T06:44:34.472Z,PB,3,0.18,0.22,D,VVS2,TRUE,1370
2026-03-20T06:44:34.472Z,PB,3,0.18,0.22,D,VS2,TRUE,1160
2026-03-20T06:44:34.472Z,PB,3,0.18,0.22,E,IF,TRUE,1370
2026-03-20T06:44:34.472Z,PB,3,0.18,0.22,E,I2,TRUE,450
2026-03-20T06:44:34.472Z,PB,3,0.18,0.22,F,IF,TRUE,1370
2026-03-20T06:44:34.472Z,PB,3,0.18,0.22,F,VVS2,TRUE,1370
2026-03-20T06:44:34.472Z,RBC,3,4,4.99,F,SI1,FALSE,27500
2026-03-20T06:44:34.472Z,RBC,3,4,4.99,H,IF,FALSE,36000
2026-03-20T06:44:34.472Z,RBC,3,4,4.99,H,VS2,FALSE,26000
2026-03-20T06:44:34.472Z,RBC,3,4,4.99,H,SI2,FALSE,18000
2026-03-20T06:44:34.472Z,RBC,3,4,4.99,I,VVS1,FALSE,26000
2026-03-20T06:44:34.472Z,RBC,3,4,4.99,I,SI3,FALSE,10500
2026-03-20T06:44:34.472Z,RBC,3,4,4.99,I,I2,FALSE,4100
2026-03-20T06:44:34.472Z,RBC,3,4,4.99,J,VS2,FALSE,17000
2026-03-20T06:44:34.472Z,RBC,3,4,4.99,J,SI2,FALSE,14000
2026-03-20T06:44:34.472Z,RBC,3,4,4.99,J,SI3,FALSE,9500
2026-03-20T06:44:34.472Z,RBC,3,4,4.99,J,I2,FALSE,3900
2026-03-20T06:44:34.472Z,RBC,3,4,4.99,J,I3,FALSE,1700
2026-03-20T06:44:34.472Z,RBC,3,4,4.99,L,VS1,FALSE,12000
2026-03-20T06:44:34.472Z,RBC,3,4,4.99,L,SI1,FALSE,10500
2026-03-20T06:44:34.472Z,RBC,3,4,4.99,M,SI1,FALSE,9000
2026-03-20T06:44:34.472Z,RBC,3,4,4.99,M,SI2,FALSE,8000
2026-03-20T06:44:34.472Z,RBC,3,4,4.99,M,I2,FALSE,3200
2026-03-20T06:44:34.472Z,RBC,3,5,9.99,D,VVS1,FALSE,85500
2026-03-20T06:44:34.472Z,RBC,3,5,9.99,D,I1,FALSE,12500
2026-03-20T06:44:34.472Z,RBC,3,5,9.99,E,I2,FALSE,5700
2026-03-20T06:44:34.472Z,RBC,3,5,9.99,E,I3,FALSE,2300
2026-03-20T06:44:34.472Z,RBC,3,5,9.99,F,IF,FALSE,73000
2026-03-20T06:44:34.472Z,RBC,3,5,9.99,F,VS1,FALSE,54000
2026-03-20T06:44:34.472Z,RBC,3,5,9.99,F,SI1,FALSE,36000
2026-03-20T06:44:34.472Z,RBC,3,5,9.99,F,SI3,FALSE,16000
2026-03-20T06:44:34.472Z,RBC,3,5,9.99,F,I1,FALSE,11500
2026-03-20T06:44:34.472Z,RBC,3,5,9.99,G,VVS2,FALSE,50500
2026-03-20T06:44:34.472Z,RBC,3,5,9.99,G,I1,FALSE,11000
2026-03-20T06:44:34.472Z,RBC,3,5,9.99,H,I1,FALSE,10000
2026-03-20T06:44:34.472Z,RBC,3,5,9.99,I,VVS1,FALSE,34500
2026-03-20T06:44:34.472Z,RBC,3,5,9.99,I,VS2,FALSE,25500
2026-03-20T06:44:34.472Z,RBC,3,5,9.99,I,SI2,FALSE,19500
2026-03-20T06:44:34.472Z,RBC,3,5,9.99,J,IF,FALSE,28000
2026-03-20T06:44:34.472Z,RBC,3,5,9.99,J,VVS1,FALSE,26000
2026-03-20T06:44:34.472Z,RBC,3,5,9.99,J,VS2,FALSE,20500
2026-03-20T06:44:34.472Z,RBC,3,5,9.99,J,SI1,FALSE,19500
2026-03-20T06:44:34.472Z,RBC,3,5,9.99,J,I2,FALSE,4300
2026-03-20T06:44:34.472Z,RBC,3,5,9.99,L,IF,FALSE,18000
2026-03-20T06:44:34.472Z,RBC,3,5,9.99,L,VVS1,FALSE,16500
2026-03-20T06:44:34.472Z,RBC,3,5,9.99,L,SI2,FALSE,12500
2026-03-20T06:44:34.472Z,RBC,3,5,9.99,L,I2,FALSE,3700
2026-03-20T06:44:34.472Z,RBC,3,5,9.99,M,VVS2,FALSE,13000
2026-03-20T06:44:34.472Z,RBC,3,5,9.99,M,VS1,FALSE,12500
2026-03-20T06:44:34.472Z,RBC,3,5,9.99,M,VS2,FALSE,12000
2026-03-20T06:44:34.472Z,RBC,3,5,9.99,M,SI2,FALSE,10000
2026-03-20T06:44:34.472Z,RBC,3,10,99,D,IF,FALSE,140000
2026-03-20T06:44:34.472Z,RBC,3,10,99,D,SI2,FALSE,46500
2026-03-20T06:44:34.472Z,RBC,3,10,99,D,SI3,FALSE,25000
2026-03-20T06:44:34.472Z,RBC,3,10,99,E,IF,FALSE,127000
2026-03-20T06:44:34.472Z,RBC,3,10,99,E,VVS1,FALSE,116000
2026-03-20T06:44:34.472Z,RBC,3,10,99,E,SI1,FALSE,58500
2026-03-20T06:44:34.472Z,RBC,3,10,99,F,VS1,FALSE,83500
2026-03-20T06:44:34.472Z,RBC,3,10,99,F,VS2,FALSE,71500
2026-03-20T06:44:34.472Z,RBC,3,10,99,F,SI3,FALSE,22000
2026-03-20T06:44:34.472Z,RBC,3,10,99,F,I2,FALSE,6000
2026-03-20T06:44:34.472Z,RBC,3,10,99,G,VS2,FALSE,61000
2026-03-20T06:44:34.472Z,RBC,3,10,99,G,SI3,FALSE,20500
2026-03-20T06:44:34.472Z,RBC,3,10,99,H,SI2,FALSE,32500
2026-03-20T06:44:34.472Z,RBC,3,10,99,H,SI3,FALSE,18500
2026-03-20T06:44:34.472Z,RBC,3,10,99,H,I1,FALSE,12000
2026-03-20T06:44:34.472Z,RBC,3,10,99,H,I2,FALSE,5500
2026-03-20T06:44:34.472Z,RBC,3,10,99,I,VS2,FALSE,40500
2026-03-20T06:44:34.472Z,RBC,3,10,99,I,I2,FALSE,5200
2026-03-20T06:44:34.472Z,RBC,3,10,99,J,VVS1,FALSE,40500
2026-03-20T06:44:34.472Z,PB,3,0.7,0.89,H,I3,FALSE,800
2026-03-20T06:44:34.472Z,PB,3,0.7,0.89,I,VVS1,TRUE,2900
2026-03-20T06:44:34.472Z,PB,3,0.7,0.89,I,VVS2,TRUE,2700
2026-03-20T06:44:34.472Z,PB,3,0.7,0.89,J,SI1,TRUE,1700
2026-03-20T06:44:34.472Z,PB,3,0.7,0.89,J,I2,FALSE,1100
2026-03-20T06:44:34.472Z,PB,3,0.7,0.89,J,I3,FALSE,700
2026-03-20T06:44:34.472Z,PB,3,0.7,0.89,K,SI2,TRUE,1500
2026-03-20T06:44:34.472Z,PB,3,0.7,0.89,K,SI3,TRUE,1400
2026-03-20T06:44:34.472Z,PB,3,0.7,0.89,K,I1,TRUE,1200
2026-03-20T06:44:34.472Z,PB,3,0.7,0.89,L,VVS2,TRUE,1800
2026-03-20T06:44:34.472Z,PB,3,0.7,0.89,L,SI1,TRUE,1500
2026-03-20T06:44:34.472Z,PB,3,0.7,0.89,L,SI3,TRUE,1300
2026-03-20T06:44:34.472Z,PB,3,0.7,0.89,L,I3,FALSE,600
2026-03-20T06:44:34.472Z,PB,3,0.7,0.89,M,VVS2,TRUE,1600
2026-03-20T06:44:34.472Z,PB,3,0.7,0.89,M,VS2,TRUE,1400
2026-03-20T06:44:34.472Z,PB,3,0.9,0.99,D,SI3,TRUE,3000
2026-03-20T06:44:34.472Z,PB,3,0.9,0.99,E,IF,TRUE,6200
2026-03-20T06:44:34.472Z,PB,3,0.9,0.99,E,VVS1,TRUE,5700
2026-03-20T06:44:34.472Z,PB,3,0.9,0.99,E,I1,FALSE,2300
2026-03-20T06:44:34.472Z,PB,3,0.9,0.99,E,I2,FALSE,1700
2026-03-20T06:44:34.472Z,PB,3,0.9,0.99,F,VVS1,TRUE,5200
2026-03-20T06:44:34.472Z,PB,3,0.9,0.99,F,VVS2,TRUE,4900
2026-03-20T06:44:34.472Z,PB,3,0.9,0.99,F,SI2,TRUE,2900
2026-03-20T06:44:34.472Z,PB,3,0.9,0.99,F,SI3,TRUE,2600
2026-03-20T06:44:34.472Z,PB,3,0.9,0.99,G,SI3,TRUE,2400
2026-03-20T06:44:34.472Z,PB,3,0.9,0.99,H,VS1,TRUE,3900
2026-03-20T06:44:34.472Z,PB,3,0.9,0.99,H,SI1,TRUE,3000
2026-03-20T06:44:34.472Z,PB,3,0.9,0.99,H,SI3,TRUE,2200
2026-03-20T06:44:34.472Z,PB,3,0.9,0.99,I,VVS2,TRUE,3700
2026-03-20T06:44:34.472Z,PB,3,0.9,0.99,I,VS2,TRUE,3100
2026-03-20T06:44:34.472Z,PB,3,0.9,0.99,I,SI1,TRUE,2700
2026-03-20T06:44:34.472Z,PB,3,0.9,0.99,J,VS1,TRUE,3000
2026-03-20T06:44:34.472Z,PB,3,0.9,0.99,K,SI2,TRUE,1900
2026-03-20T06:44:34.472Z,PB,3,0.9,0.99,K,SI3,TRUE,1700
2026-03-20T06:44:34.472Z,PB,3,0.9,0.99,L,VS2,TRUE,1900
2026-03-20T06:44:34.472Z,PB,3,0.9,0.99,L,SI3,TRUE,1500
2026-03-20T06:44:34.472Z,PB,3,0.9,0.99,M,VVS1,TRUE,1900
2026-03-20T06:44:34.472Z,PB,3,0.9,0.99,M,VVS2,TRUE,1800
2026-03-20T06:44:34.472Z,PB,3,0.9,0.99,M,VS1,TRUE,1700
2026-03-20T06:44:34.472Z,PB,3,0.9,0.99,M,SI1,TRUE,1500
2026-03-20T06:44:34.472Z,PB,3,1,1.49,D,VVS1,FALSE,8200
2026-03-20T06:44:34.472Z,PB,3,1,1.49,D,VVS2,FALSE,7600
2026-03-20T06:44:34.472Z,PB,3,1,1.49,D,VS2,FALSE,5700
2026-03-20T06:44:34.472Z,PB,3,1,1.49,D,SI1,FALSE,4600
2026-03-20T06:44:34.472Z,PB,3,1,1.49,D,I1,FALSE,3100
2026-03-20T06:44:34.472Z,PB,3,1,1.49,E,VVS2,FALSE,6900
2026-03-20T06:44:34.472Z,PB,3,1,1.49,E,VS2,FALSE,5400
2026-03-20T06:44:34.472Z,PB,3,1,1.49,E,I1,FALSE,2900
2026-03-20T06:44:34.472Z,PB,3,1,1.49,E,I3,FALSE,1200
2026-03-20T06:44:34.472Z,PB,3,1,1.49,F,VVS1,FALSE,6800
2026-03-20T06:44:34.472Z,PB,3,1,1.49,F,VS1,FALSE,5800
2026-03-20T06:44:34.472Z,PB,3,1,1.49,G,VS1,FALSE,5400
2026-03-20T06:44:34.472Z,PB,3,1,1.49,G,SI1,FALSE,3800
2026-03-20T06:44:34.472Z,PB,3,1,1.49,H,I2,FALSE,1800
2026-03-20T06:44:34.472Z,PB,3,1,1.49,I,IF,FALSE,4700
2026-03-20T06:44:34.472Z,PB,3,1,1.49,I,VVS1,FALSE,4400
2026-03-20T06:44:34.472Z,PB,3,1,1.49,I,VS2,FALSE,3700
2026-03-20T06:44:34.472Z,PB,3,1,1.49,I,SI2,FALSE,2800
2026-03-20T06:44:34.472Z,PB,3,1,1.49,I,I1,FALSE,2200
2026-03-20T06:44:34.472Z,PB,3,1,1.49,J,VVS1,FALSE,3800
2026-03-20T06:44:34.472Z,PB,3,1,1.49,J,SI1,FALSE,2900
2026-03-20T06:44:34.472Z,PB,3,1,1.49,J,SI2,FALSE,2500
2026-03-20T06:44:34.472Z,PB,3,1,1.49,K,IF,FALSE,3400
2026-03-20T06:44:34.472Z,PB,3,1,1.49,K,VS1,FALSE,2800
2026-03-20T06:44:34.472Z,PB,3,0.18,0.22,F,SI2,TRUE,850
2026-03-20T06:44:34.472Z,PB,3,0.18,0.22,G,SI1,TRUE,880
2026-03-20T06:44:34.472Z,PB,3,0.18,0.22,G,SI2,TRUE,750
2026-03-20T06:44:34.472Z,PB,3,0.18,0.22,G,I3,TRUE,320
2026-03-20T06:44:34.472Z,PB,3,0.18,0.22,H,I3,TRUE,320
2026-03-20T06:44:34.472Z,PB,3,0.18,0.22,I,VS1,TRUE,850
2026-03-20T06:44:34.472Z,PB,3,0.18,0.22,I,VS2,TRUE,850
2026-03-20T06:44:34.472Z,PB,3,0.18,0.22,I,SI3,TRUE,540
2026-03-20T06:44:34.472Z,PB,3,0.18,0.22,I,I1,TRUE,450
2026-03-20T06:44:34.472Z,PB,3,0.18,0.22,J,IF,TRUE,1000
2026-03-20T06:44:34.472Z,PB,3,0.18,0.22,J,VS1,TRUE,850
2026-03-20T06:44:34.472Z,PB,3,0.18,0.22,J,SI1,TRUE,750
2026-03-20T06:44:34.472Z,PB,3,0.18,0.22,J,SI3,TRUE,540
2026-03-20T06:44:34.472Z,PB,3,0.18,0.22,J,I1,TRUE,450
2026-03-20T06:44:34.472Z,PB,3,0.18,0.22,K,IF,TRUE,770
2026-03-20T06:44:34.472Z,PB,3,0.18,0.22,K,VVS1,TRUE,770
2026-03-20T06:44:34.472Z,PB,3,0.18,0.22,K,VVS2,TRUE,770
2026-03-20T06:44:34.472Z,PB,3,0.18,0.22,K,SI2,TRUE,490
2026-03-20T06:44:34.472Z,PB,3,0.18,0.22,L,VS2,TRUE,650
2026-03-20T06:44:34.472Z,PB,3,0.18,0.22,L,SI3,TRUE,420
2026-03-20T06:44:34.472Z,PB,3,0.18,0.22,L,I3,TRUE,210
2026-03-20T06:44:34.472Z,PB,3,0.18,0.22,M,VVS1,TRUE,600
2026-03-20T06:44:34.472Z,PB,3,0.18,0.22,M,VS2,TRUE,510
2026-03-20T06:44:34.472Z,PB,3,0.18,0.22,M,SI1,TRUE,430
2026-03-20T06:44:34.472Z,PB,3,0.18,0.22,N,VVS2,TRUE,600
2026-03-20T06:44:34.472Z,PB,3,0.18,0.22,N,SI1,TRUE,430
2026-03-20T06:44:34.472Z,PB,3,0.18,0.22,N,SI3,TRUE,320
2026-03-20T06:44:34.472Z,PB,3,0.23,0.29,D,VVS2,TRUE,1610
2026-03-20T06:44:34.472Z,PB,3,0.23,0.29,D,VS2,TRUE,1400
2026-03-20T06:44:34.472Z,PB,3,0.23,0.29,D,I1,FALSE,660
2026-03-20T06:44:34.472Z,PB,3,0.23,0.29,D,I3,FALSE,400
2026-03-20T06:44:34.472Z,PB,3,0.23,0.29,E,IF,TRUE,1610
2026-03-20T06:44:34.472Z,PB,3,0.23,0.29,E,VS1,TRUE,1400
2026-03-20T06:44:34.472Z,PB,3,0.23,0.29,E,SI1,TRUE,1130
2026-03-20T06:44:34.472Z,PB,3,0.23,0.29,E,I3,FALSE,400
2026-03-20T06:44:34.472Z,PB,3,0.23,0.29,F,SI1,TRUE,1130
2026-03-20T06:44:34.472Z,PB,3,0.23,0.29,G,VS2,TRUE,1210
2026-03-20T06:44:34.472Z,PB,3,0.23,0.29,G,SI3,FALSE,720
2026-03-20T06:44:34.472Z,PB,3,0.23,0.29,H,IF,TRUE,1410
2026-03-20T06:44:34.472Z,PB,3,0.23,0.29,H,VVS1,TRUE,1410
2026-03-20T06:44:34.472Z,PB,3,0.23,0.29,H,VVS2,TRUE,1410
2026-03-20T06:44:34.472Z,PB,3,0.23,0.29,H,VS1,TRUE,1210
2026-03-20T06:44:34.472Z,PB,3,0.23,0.29,I,I3,FALSE,300
2026-03-20T06:44:34.472Z,PB,3,0.23,0.29,J,SI3,FALSE,630
2026-03-20T06:44:34.472Z,PB,3,0.23,0.29,J,I2,FALSE,390
2026-03-20T06:44:34.472Z,PB,3,0.23,0.29,K,SI2,FALSE,590
2026-03-20T06:44:34.472Z,PB,3,0.23,0.29,K,SI3,FALSE,510
2026-03-20T06:44:34.472Z,PB,3,0.23,0.29,K,I1,FALSE,390
2026-03-20T06:44:34.472Z,PB,3,0.23,0.29,K,I3,FALSE,230
2026-03-20T06:44:34.472Z,PB,3,0.23,0.29,L,VVS2,FALSE,940
2026-03-20T06:44:34.472Z,PB,3,0.23,0.29,L,SI1,FALSE,670
2026-03-20T06:44:34.472Z,PB,3,0.23,0.29,L,SI2,FALSE,590
2026-03-20T06:44:34.472Z,PB,3,0.23,0.29,M,SI2,FALSE,480
2026-03-20T06:44:34.472Z,PB,3,0.23,0.29,N,VVS1,FALSE,780
2026-03-20T06:44:34.472Z,PB,3,0.23,0.29,N,VS1,FALSE,660
2026-03-20T06:44:34.472Z,PB,3,0.23,0.29,N,VS2,FALSE,660
2026-03-20T06:44:34.472Z,PB,3,0.23,0.29,N,I1,FALSE,310
2026-03-20T06:44:34.472Z,PB,3,0.3,0.39,D,I2,TRUE,800
2026-03-20T06:44:34.472Z,PB,3,0.3,0.39,E,SI3,TRUE,1100
2026-03-20T06:44:34.472Z,PB,3,0.3,0.39,E,I2,TRUE,800
2026-03-20T06:44:34.472Z,PB,3,0.3,0.39,F,SI1,TRUE,1400
2026-03-20T06:44:34.472Z,PB,3,0.3,0.39,F,SI2,TRUE,1200
2026-03-20T06:44:34.472Z,PB,3,0.3,0.39,H,IF,TRUE,1800
2026-03-20T06:44:34.472Z,PB,3,0.3,0.39,H,I3,FALSE,400
2026-03-20T06:44:34.472Z,PB,3,0.3,0.39,I,IF,TRUE,1600
2026-03-20T06:44:34.472Z,PB,3,0.3,0.39,I,VVS1,TRUE,1500
2026-03-20T06:44:34.472Z,PB,3,0.3,0.39,I,VS1,TRUE,1300
2026-03-20T06:44:34.472Z,PB,3,0.3,0.39,I,SI1,FALSE,1000
2026-03-20T06:44:34.472Z,PB,3,0.3,0.39,J,VVS1,TRUE,1300
2026-03-20T06:44:34.472Z,PB,3,0.3,0.39,J,SI3,TRUE,700
2026-03-20T06:44:34.472Z,PB,3,0.3,0.39,K,VVS2,TRUE,1000
2026-03-20T06:44:34.472Z,PB,3,0.3,0.39,K,I2,FALSE,500
2026-03-20T06:44:34.472Z,PB,3,0.3,0.39,L,VVS1,FALSE,900
2026-03-20T06:44:34.472Z,PB,3,0.3,0.39,L,VVS2,TRUE,900
2026-03-20T06:44:34.472Z,PB,3,0.3,0.39,L,SI3,TRUE,600
2026-03-20T06:44:34.472Z,PB,3,0.3,0.39,L,I2,FALSE,400
2026-03-20T06:44:34.472Z,PB,3,0.3,0.39,M,SI1,TRUE,700
2026-03-20T06:44:34.472Z,PB,3,0.3,0.39,M,SI3,FALSE,500
2026-03-20T06:44:34.472Z,PB,3,0.4,0.49,D,VVS1,TRUE,2600
2026-03-20T06:44:34.472Z,PB,3,0.4,0.49,D,VVS2,TRUE,2400
2026-03-20T06:44:34.472Z,PB,3,0.4,0.49,D,VS2,TRUE,2000
2026-03-20T06:44:34.472Z,PB,3,0.4,0.49,E,IF,TRUE,2700
2026-03-20T06:44:34.472Z,PB,3,0.4,0.49,E,VVS1,TRUE,2400
2026-03-20T06:44:34.472Z,PB,3,0.4,0.49,E,VVS2,TRUE,2200
2026-03-20T06:44:34.472Z,PB,3,0.4,0.49,E,VS2,TRUE,1900
2026-03-20T06:44:34.472Z,PB,3,0.4,0.49,F,SI2,TRUE,1400
2026-03-20T06:44:34.472Z,PB,3,0.4,0.49,F,SI3,TRUE,1200
2026-03-20T06:44:34.472Z,PB,3,0.4,0.49,F,I1,TRUE,1000
2026-03-20T06:44:34.472Z,PB,3,0.4,0.49,F,I3,FALSE,500
2026-03-20T06:44:34.472Z,PB,3,0.4,0.49,G,VVS2,TRUE,1900
2026-03-20T06:44:34.472Z,PB,3,0.4,0.49,G,VS1,TRUE,1800
2026-03-20T06:44:34.472Z,PB,3,0.4,0.49,G,VS2,TRUE,1700
2026-03-20T06:44:34.472Z,PB,3,0.4,0.49,G,SI2,TRUE,1300
2026-03-20T06:44:34.472Z,PB,3,0.4,0.49,H,VVS2,TRUE,1800
2026-03-20T06:44:34.472Z,PB,3,0.4,0.49,H,VS2,TRUE,1600
2026-03-20T06:44:34.472Z,PB,3,0.4,0.49,H,SI1,TRUE,1400
2026-03-20T06:44:34.472Z,PB,3,0.4,0.49,H,SI2,TRUE,1200
2026-03-20T06:44:34.472Z,PB,3,0.4,0.49,H,I2,TRUE,700
2026-03-20T06:44:34.472Z,PB,3,0.4,0.49,H,I3,FALSE,500
2026-03-20T06:44:34.472Z,PB,3,0.4,0.49,I,VVS1,TRUE,1700
2026-03-20T06:44:34.472Z,PB,3,0.4,0.49,I,I1,TRUE,800
2026-03-20T06:44:34.472Z,PB,3,0.4,0.49,J,IF,TRUE,1600
2026-03-20T06:44:34.472Z,PB,3,0.4,0.49,J,VS1,TRUE,1300
2026-03-20T06:44:34.472Z,PB,3,0.4,0.49,K,IF,TRUE,1400
2026-03-20T06:44:34.472Z,PB,3,0.4,0.49,K,VS1,TRUE,1100
2026-03-20T06:44:34.472Z,PB,3,0.4,0.49,K,SI3,TRUE,800
2026-03-20T06:44:34.472Z,PB,3,0.4,0.49,K,I1,TRUE,700
2026-03-20T06:44:34.472Z,PB,3,0.4,0.49,L,VVS2,TRUE,1100
2026-03-20T06:44:34.472Z,PB,3,0.4,0.49,L,VS2,TRUE,1000
2026-03-20T06:44:34.472Z,PB,3,0.4,0.49,L,SI1,TRUE,900
2026-03-20T06:44:34.472Z,PB,3,0.4,0.49,L,I1,TRUE,600
2026-03-20T06:44:34.472Z,PB,3,0.4,0.49,M,I1,FALSE,500
2026-03-20T06:44:34.472Z,PB,3,0.4,0.49,M,I3,FALSE,300
2026-03-20T06:44:34.472Z,PB,3,0.5,0.69,D,VS2,TRUE,2400
2026-03-20T06:44:34.472Z,PB,3,0.5,0.69,D,SI1,TRUE,2200
2026-03-20T06:44:34.472Z,PB,3,0.5,0.69,D,I2,TRUE,1300
2026-03-20T06:44:34.472Z,PB,3,0.5,0.69,E,VVS1,TRUE,2800
2026-03-20T06:44:34.472Z,PB,3,0.5,0.69,E,VS2,TRUE,2300
2026-03-20T06:44:34.472Z,PB,3,0.5,0.69,F,SI1,TRUE,2000
2026-03-20T06:44:34.472Z,PB,3,0.5,0.69,F,SI3,TRUE,1600
2026-03-20T06:44:34.472Z,PB,3,0.5,0.69,F,I1,TRUE,1400
2026-03-20T06:44:34.472Z,PB,3,0.5,0.69,G,IF,TRUE,2600
2026-03-20T06:44:34.472Z,PB,3,0.5,0.69,G,I2,TRUE,1000
2026-03-20T06:44:34.472Z,PB,3,0.5,0.69,H,VVS2,TRUE,2100
2026-03-20T06:44:34.472Z,PB,3,0.5,0.69,H,VS1,TRUE,2000
2026-03-20T06:44:34.472Z,PB,3,0.5,0.69,H,SI1,TRUE,1800
2026-03-20T06:44:34.472Z,PB,3,0.5,0.69,I,SI1,TRUE,1600
2026-03-20T06:44:34.472Z,PB,3,0.5,0.69,I,I1,TRUE,1100
2026-03-20T06:44:34.472Z,PB,3,1,1.49,K,SI1,FALSE,2400
2026-03-20T06:44:34.472Z,PB,3,1,1.49,K,SI2,FALSE,2200
2026-03-20T06:44:34.472Z,PB,3,1,1.49,K,I2,FALSE,1400
2026-03-20T06:44:34.472Z,PB,3,1,1.49,K,I3,FALSE,900
2026-03-20T06:44:34.472Z,PB,3,1,1.49,L,SI3,FALSE,1800
2026-03-20T06:44:34.472Z,PB,3,1,1.49,L,I1,FALSE,1600
2026-03-20T06:44:34.472Z,PB,3,1,1.49,L,I2,FALSE,1200
2026-03-20T06:44:34.472Z,PB,3,1,1.49,L,I3,FALSE,900
2026-03-20T06:44:34.472Z,PB,3,1,1.49,M,IF,FALSE,2500
2026-03-20T06:44:34.472Z,PB,3,1,1.49,M,VVS2,FALSE,2100
2026-03-20T06:44:34.472Z,PB,3,1,1.49,M,VS1,FALSE,2000
2026-03-20T06:44:34.472Z,PB,3,1,1.49,M,VS2,FALSE,1900
2026-03-20T06:44:34.472Z,PB,3,1,1.49,M,SI2,FALSE,1700
2026-03-20T06:44:34.472Z,PB,3,1.5,1.99,D,VVS2,FALSE,12500
2026-03-20T06:44:34.472Z,PB,3,1.5,1.99,D,SI1,FALSE,8100
2026-03-20T06:44:34.472Z,PB,3,1.5,1.99,D,SI2,FALSE,6700
2026-03-20T06:44:34.472Z,PB,3,1.5,1.99,D,SI3,FALSE,5900
2026-03-20T06:44:34.472Z,PB,3,1.5,1.99,D,I3,FALSE,1500
2026-03-20T06:44:34.472Z,PB,3,1.5,1.99,E,I2,FALSE,2600
2026-03-20T06:44:34.472Z,PB,3,1.5,1.99,F,SI3,FALSE,5100
2026-03-20T06:44:34.472Z,PB,3,1.5,1.99,F,I2,FALSE,2500
2026-03-20T06:44:34.472Z,PB,3,1.5,1.99,G,IF,FALSE,10900
2026-03-20T06:44:34.472Z,PB,3,1.5,1.99,G,I3,FALSE,1200
2026-03-20T06:44:34.472Z,PB,3,1.5,1.99,H,SI1,FALSE,6200
2026-03-20T06:44:34.472Z,PB,3,1.5,1.99,H,I1,FALSE,3900
2026-03-20T06:44:34.472Z,PB,3,1.5,1.99,H,I2,FALSE,2300
2026-03-20T06:44:34.472Z,PB,3,1.5,1.99,I,IF,FALSE,7900
2026-03-20T06:44:34.472Z,PB,3,1.5,1.99,I,VVS2,FALSE,7200
2026-03-20T06:44:34.472Z,PB,3,1.5,1.99,I,VS1,FALSE,6800
2026-03-20T06:44:34.472Z,PB,3,1.5,1.99,I,SI3,FALSE,4200
2026-03-20T06:44:34.472Z,PB,3,1.5,1.99,J,I3,FALSE,1100
2026-03-20T06:44:34.472Z,PB,3,1.5,1.99,K,IF,FALSE,4900
2026-03-20T06:44:34.472Z,PB,3,1.5,1.99,K,VVS2,FALSE,4500
2026-03-20T06:44:34.472Z,PB,3,1.5,1.99,K,I1,FALSE,2900
2026-03-20T06:44:34.472Z,PB,3,1.5,1.99,K,I2,FALSE,1800
2026-03-20T06:44:34.472Z,PB,3,1.5,1.99,L,VVS2,FALSE,3700
2026-03-20T06:44:34.472Z,PB,3,1.5,1.99,L,SI2,FALSE,3000
2026-03-20T06:44:34.472Z,PB,3,1.5,1.99,M,VVS1,FALSE,3300
2026-03-20T06:44:34.472Z,PB,3,1.5,1.99,M,SI1,FALSE,2700
2026-03-20T06:44:34.472Z,PB,3,1.5,1.99,M,SI3,FALSE,2400
2026-03-20T06:44:34.472Z,PB,3,2,2.99,D,VS2,FALSE,16000
2026-03-20T06:44:34.472Z,PB,3,2,2.99,D,I3,FALSE,1600
2026-03-20T06:44:34.472Z,PB,3,2,2.99,E,VVS1,FALSE,18500
2026-03-20T06:44:34.472Z,PB,3,2,2.99,E,I1,FALSE,6400
2026-03-20T06:44:34.472Z,PB,3,2,2.99,F,VVS1,FALSE,17000
2026-03-20T06:44:34.472Z,PB,3,2,2.99,F,SI1,FALSE,11700
2026-03-20T06:44:34.472Z,PB,3,2,2.99,F,SI2,FALSE,9100
2026-03-20T06:44:34.472Z,PB,3,2,2.99,F,I3,FALSE,1400
2026-03-20T06:44:34.472Z,PB,3,2,2.99,G,IF,FALSE,17000
2026-03-20T06:44:34.472Z,PB,3,2,2.99,G,VS2,FALSE,13000
2026-03-20T06:44:34.472Z,PB,3,2,2.99,G,SI1,FALSE,10700
2026-03-20T06:44:34.472Z,PB,3,2,2.99,H,VVS2,FALSE,12000
2026-03-20T06:44:34.472Z,PB,3,2,2.99,H,I1,FALSE,5100
2026-03-20T06:44:34.472Z,PB,3,2,2.99,H,I3,FALSE,1200
2026-03-20T06:44:34.472Z,PB,3,2,2.99,I,IF,FALSE,10800
2026-03-20T06:44:34.472Z,PB,3,2,2.99,I,VVS2,FALSE,9900
2026-03-20T06:44:34.472Z,PB,3,2,2.99,I,VS2,FALSE,9000
2026-03-20T06:44:34.472Z,PB,3,2,2.99,I,I2,FALSE,2400
2026-03-20T06:44:34.472Z,PB,3,2,2.99,J,SI3,FALSE,5100
2026-03-20T06:44:34.472Z,PB,3,2,2.99,K,SI1,FALSE,5500
2026-03-20T06:44:34.472Z,PB,3,2,2.99,L,IF,FALSE,5400
2026-03-20T06:44:34.472Z,PB,3,2,2.99,M,IF,FALSE,4500
2026-03-20T06:44:34.472Z,PB,3,2,2.99,M,VS1,FALSE,3800
2026-03-20T06:44:34.472Z,PB,3,2,2.99,M,VS2,FALSE,3600
2026-03-20T06:44:34.472Z,RBC,3,10,99,J,VVS2,FALSE,37500
2026-03-20T06:44:34.472Z,RBC,3,10,99,J,SI2,FALSE,23500
2026-03-20T06:44:34.472Z,RBC,3,10,99,K,VS1,FALSE,27500
2026-03-20T06:44:34.472Z,RBC,3,10,99,K,SI3,FALSE,13500
2026-03-20T06:44:34.472Z,RBC,3,10,99,M,VVS1,FALSE,21000
2026-03-20T06:44:34.472Z,RBC,3,10,99,M,VS2,FALSE,17500
2026-03-20T06:44:34.472Z,RBC,3,10,99,M,I2,FALSE,4300
2026-03-20T06:44:34.472Z,RBC,3,0.3,0.39,N,VVS2,TRUE,900
2026-03-20T06:44:34.472Z,RBC,3,0.3,0.39,N,VS1,TRUE,800
2026-03-20T06:44:34.472Z,RBC,3,0.5,0.69,N,VVS1,TRUE,1300
2026-03-20T06:44:34.472Z,RBC,3,0.5,0.69,N,VS1,TRUE,1100
2026-03-20T06:44:34.472Z,RBC,3,0.5,0.69,N,SI3,TRUE,900
2026-03-20T06:44:34.472Z,RBC,3,0.7,0.89,N,VVS2,TRUE,1400
2026-03-20T06:44:34.472Z,RBC,3,0.7,0.89,N,VS1,TRUE,1300
2026-03-20T06:44:34.472Z,RBC,3,0.7,0.89,N,I3,FALSE,600
2026-03-20T06:44:34.472Z,RBC,3,0.9,0.99,N,VVS1,TRUE,2200
2026-03-20T06:44:34.472Z,RBC,3,0.9,0.99,N,I1,TRUE,1400
2026-03-20T06:44:34.472Z,RBC,3,1,1.49,N,IF,TRUE,2700
2026-03-20T06:44:34.472Z,RBC,3,1,1.49,N,VS1,TRUE,2300
2026-03-20T06:44:34.472Z,RBC,3,1,1.49,N,SI2,TRUE,1800
2026-03-20T06:44:34.472Z,RBC,3,1,1.49,N,I2,TRUE,1600
2026-03-20T06:44:34.472Z,RBC,3,1.5,1.99,N,VVS1,TRUE,4100
2026-03-20T06:44:34.472Z,RBC,3,1.5,1.99,N,VVS2,TRUE,3900
2026-03-20T06:44:34.472Z,RBC,3,1.5,1.99,N,SI1,TRUE,3200
2026-03-20T06:44:34.472Z,RBC,3,1.5,1.99,N,SI2,TRUE,3000
2026-03-20T06:44:34.472Z,RBC,3,1.5,1.99,N,I3,FALSE,1200
2026-03-20T06:44:34.472Z,RBC,3,2,2.99,N,VS1,FALSE,5400
2026-03-20T06:44:34.472Z,RBC,3,2,2.99,N,I2,FALSE,2600
2026-03-20T06:44:34.472Z,RBC,3,3,3.99,N,VVS2,FALSE,8700
2026-03-20T06:44:34.472Z,RBC,3,3,3.99,N,VS1,FALSE,8300
2026-03-20T06:44:34.472Z,RBC,3,3,3.99,N,I1,FALSE,4700
2026-03-20T06:44:34.472Z,RBC,3,4,4.99,N,VS1,FALSE,10000
2026-03-20T06:44:34.472Z,RBC,3,4,4.99,N,VS2,FALSE,9500
2026-03-20T06:44:34.472Z,RBC,3,4,4.99,N,I3,FALSE,1600
2026-03-20T06:44:34.472Z,RBC,3,5,9.99,N,IF,FALSE,15000
2026-03-20T06:44:34.472Z,RBC,3,5,9.99,N,VVS2,FALSE,13000
2026-03-20T06:44:34.472Z,RBC,3,5,9.99,N,VS2,FALSE,12000
2026-03-20T06:44:34.472Z,RBC,3,5,9.99,N,SI1,FALSE,11000
2026-03-20T06:44:34.472Z,RBC,3,5,9.99,N,I1,FALSE,6000
2026-03-20T06:44:34.472Z,RBC,3,5,9.99,N,I3,FALSE,1600
2026-03-20T06:44:34.472Z,RBC,3,10,99,N,IF,FALSE,22500
2026-03-20T06:44:34.472Z,RBC,3,10,99,N,VVS2,FALSE,19500
2026-03-20T06:44:34.472Z,RBC,3,10,99,N,VS2,FALSE,17500
2026-03-20T06:44:34.472Z,RBC,3,10,99,N,SI3,FALSE,10500
2026-03-20T06:44:34.472Z,RBC,3,0.3,0.39,O-P,SI1,FALSE,800
2026-03-20T06:44:34.472Z,RBC,3,0.3,0.39,O-P,I1,FALSE,500
2026-03-20T06:44:34.472Z,RBC,3,0.4,0.49,O-P,IF,FALSE,1200
2026-03-20T06:44:34.472Z,RBC,3,0.4,0.49,O-P,I1,FALSE,600
2026-03-20T06:44:34.472Z,RBC,3,0.4,0.49,O-P,I2,FALSE,500
2026-03-20T06:44:34.472Z,RBC,3,0.5,0.69,O-P,IF,FALSE,1400
2026-03-20T06:44:34.472Z,RBC,3,0.5,0.69,O-P,I3,FALSE,500
2026-03-20T06:44:34.472Z,RBC,3,0.7,0.89,O-P,VVS1,FALSE,1600
2026-03-20T06:44:34.472Z,RBC,3,0.7,0.89,O-P,I1,FALSE,1100
2026-03-20T06:44:34.472Z,RBC,3,0.9,0.99,O-P,VS1,FALSE,1900
2026-03-20T06:44:34.472Z,RBC,3,0.9,0.99,O-P,VS2,FALSE,1700
2026-03-20T06:44:34.472Z,RBC,3,0.9,0.99,O-P,I3,FALSE,700
2026-03-20T06:44:34.472Z,RBC,3,1,1.49,O-P,VS2,FALSE,2100
2026-03-20T06:44:34.472Z,RBC,3,1,1.49,O-P,I2,FALSE,1600
2026-03-20T06:44:34.472Z,RBC,3,1.5,1.99,O-P,VVS2,FALSE,3900
2026-03-20T06:44:34.472Z,RBC,3,1.5,1.99,O-P,VS1,FALSE,3600
2026-03-20T06:44:34.472Z,RBC,3,1.5,1.99,O-P,SI3,FALSE,2800
2026-03-20T06:44:34.472Z,RBC,3,1.5,1.99,O-P,I3,FALSE,1200
2026-03-20T06:44:34.472Z,RBC,3,2,2.99,O-P,VS1,FALSE,5400
2026-03-20T06:44:34.472Z,RBC,3,2,2.99,O-P,VS2,FALSE,4800
2026-03-20T06:44:34.472Z,PB,3,0.5,0.69,J,VVS1,TRUE,1800
2026-03-20T06:44:34.472Z,PB,3,0.5,0.69,J,SI3,TRUE,1200
2026-03-20T06:44:34.472Z,PB,3,0.5,0.69,K,VVS2,TRUE,1500
2026-03-20T06:44:34.472Z,PB,3,0.5,0.69,K,SI2,TRUE,1100
2026-03-20T06:44:34.472Z,PB,3,0.5,0.69,K,I2,TRUE,700
2026-03-20T06:44:34.472Z,PB,3,0.5,0.69,L,IF,TRUE,1500
2026-03-20T06:44:34.472Z,PB,3,0.5,0.69,L,VS2,FALSE,1100
2026-03-20T06:44:34.472Z,PB,3,0.5,0.69,L,SI2,TRUE,1000
2026-03-20T06:44:34.472Z,PB,3,0.5,0.69,L,SI3,TRUE,900
2026-03-20T06:44:34.472Z,PB,3,0.5,0.69,L,I3,FALSE,500
2026-03-20T06:44:34.472Z,PB,3,0.5,0.69,M,SI1,TRUE,1000
2026-03-20T06:44:34.472Z,PB,3,0.5,0.69,M,I1,TRUE,700
2026-03-20T06:44:34.472Z,PB,3,0.7,0.89,D,SI1,TRUE,2800
2026-03-20T06:44:34.472Z,PB,3,0.7,0.89,D,I1,TRUE,2000
2026-03-20T06:44:34.472Z,PB,3,0.7,0.89,E,VS1,TRUE,3500
2026-03-20T06:44:34.472Z,PB,3,0.7,0.89,E,I2,FALSE,1500
2026-03-20T06:44:34.472Z,PB,3,0.7,0.89,E,I3,FALSE,900
2026-03-20T06:44:34.472Z,PB,3,0.7,0.89,F,I3,FALSE,900
2026-03-20T06:44:34.472Z,PB,3,0.7,0.89,G,VS2,TRUE,2800
2026-03-20T06:44:34.472Z,PB,3,0.7,0.89,G,SI2,TRUE,1800
2026-03-20T06:44:34.472Z,PB,3,0.7,0.89,G,I1,TRUE,1600
2026-03-20T06:44:34.472Z,PB,3,0.7,0.89,G,I3,FALSE,800
2026-03-20T06:44:34.472Z,PB,3,0.7,0.89,H,VS2,TRUE,2500
2026-03-20T06:44:34.472Z,PB,3,0.7,0.89,H,I2,FALSE,1300
2026-03-20T06:44:34.472Z,PB,3,0.7,0.89,I,VS1,TRUE,2500
2026-03-20T06:44:34.472Z,PB,3,0.7,0.89,I,VS2,TRUE,2200
2026-03-20T06:44:34.472Z,PB,3,0.7,0.89,I,I2,FALSE,1200
2026-03-20T06:44:34.472Z,PB,3,0.7,0.89,I,I3,FALSE,800
2026-03-20T06:44:34.472Z,PB,3,0.7,0.89,J,SI2,TRUE,1600
2026-03-20T06:44:34.472Z,PB,3,0.7,0.89,J,SI3,TRUE,1500
2026-03-20T06:44:34.472Z,PB,3,0.7,0.89,J,I1,TRUE,1300
2026-03-20T06:44:34.472Z,PB,3,0.7,0.89,K,VVS2,TRUE,2000
2026-03-20T06:44:34.472Z,PB,3,0.7,0.89,K,VS2,TRUE,1800
2026-03-20T06:44:34.472Z,PB,3,0.7,0.89,L,IF,TRUE,2000
2026-03-20T06:44:34.472Z,PB,3,0.7,0.89,L,VS2,TRUE,1600
2026-03-20T06:44:34.472Z,PB,3,0.7,0.89,M,VVS1,TRUE,1700
2026-03-20T06:44:34.472Z,PB,3,0.7,0.89,M,SI2,TRUE,1200
2026-03-20T06:44:34.472Z,PB,3,0.7,0.89,M,I2,FALSE,700
2026-03-20T06:44:34.472Z,PB,3,0.7,0.89,M,I3,FALSE,500
2026-03-20T06:44:34.472Z,PB,3,0.9,0.99,D,VVS1,TRUE,6300
2026-03-20T06:44:34.472Z,PB,3,0.9,0.99,D,VVS2,TRUE,5600
2026-03-20T06:44:34.472Z,PB,3,0.9,0.99,D,VS1,TRUE,5200
2026-03-20T06:44:34.472Z,PB,3,0.9,0.99,D,VS2,TRUE,4400
2026-03-20T06:44:34.472Z,PB,3,0.9,0.99,D,SI2,TRUE,3300
2026-03-20T06:44:34.472Z,PB,3,0.9,0.99,D,I2,FALSE,1800
2026-03-20T06:44:34.472Z,PB,3,0.9,0.99,E,VS2,TRUE,4200
2026-03-20T06:44:34.472Z,PB,3,0.9,0.99,E,SI2,TRUE,3100
2026-03-20T06:44:34.472Z,PB,3,0.9,0.99,E,I3,FALSE,1000
2026-03-20T06:44:34.472Z,PB,3,0.9,0.99,F,VS2,TRUE,4000
2026-03-20T06:44:34.472Z,PB,3,0.9,0.99,F,I2,FALSE,1600
2026-03-20T06:44:34.472Z,PB,3,0.9,0.99,G,IF,TRUE,5200
2026-03-20T06:44:34.472Z,PB,3,0.9,0.99,G,VVS1,TRUE,4900
2026-03-20T06:44:34.472Z,PB,3,0.9,0.99,G,VS1,TRUE,4300
2026-03-20T06:44:34.472Z,PB,3,0.9,0.99,G,VS2,TRUE,3800
2026-03-20T06:44:34.472Z,PB,3,0.9,0.99,G,SI2,TRUE,2700
2026-03-20T06:44:34.472Z,PB,3,0.9,0.99,G,I3,FALSE,900
2026-03-20T06:44:34.472Z,PB,3,0.9,0.99,I,VS1,TRUE,3400
2026-03-20T06:44:34.472Z,PB,3,0.9,0.99,I,SI2,TRUE,2300
2026-03-20T06:44:34.472Z,PB,3,0.9,0.99,I,I1,TRUE,1900
2026-03-20T06:44:34.472Z,PB,3,0.9,0.99,J,I2,FALSE,1300
2026-03-20T06:44:34.472Z,PB,3,0.9,0.99,J,I3,FALSE,800
2026-03-20T06:44:34.472Z,PB,3,0.9,0.99,K,VS1,TRUE,2500
2026-03-20T06:44:34.472Z,PB,3,0.9,0.99,K,VS2,TRUE,2300
2026-03-20T06:44:34.472Z,PB,3,0.9,0.99,K,I1,TRUE,1500
2026-03-20T06:44:34.472Z,PB,3,0.9,0.99,L,IF,TRUE,2400
2026-03-20T06:44:34.472Z,PB,3,0.9,0.99,L,SI1,TRUE,1800
2026-03-20T06:44:34.472Z,PB,3,0.9,0.99,L,I1,FALSE,1300
2026-03-20T06:44:34.472Z,PB,3,0.9,0.99,L,I3,FALSE,700
2026-03-20T06:44:34.472Z,PB,3,1,1.49,D,SI2,FALSE,3900
2026-03-20T06:44:34.472Z,PB,3,1,1.49,D,I2,FALSE,2100
2026-03-20T06:44:34.472Z,PB,3,1,1.49,D,I3,FALSE,1300
2026-03-20T06:44:34.472Z,PB,3,1,1.49,F,VS2,FALSE,5100
2026-03-20T06:44:34.472Z,PB,3,1,1.49,F,SI3,FALSE,3100
2026-03-20T06:44:34.472Z,PB,3,1,1.49,F,I1,FALSE,2800
2026-03-20T06:44:34.472Z,PB,3,1,1.49,F,I2,FALSE,2000
2026-03-20T06:44:34.472Z,PB,3,1,1.49,G,IF,FALSE,6600
2026-03-20T06:44:34.472Z,PB,3,1,1.49,G,I1,FALSE,2600
2026-03-20T06:44:34.472Z,PB,3,1,1.49,G,I3,FALSE,1000
2026-03-20T06:44:34.472Z,PB,3,1,1.49,H,IF,FALSE,5600
2026-03-20T06:44:34.472Z,PB,3,1,1.49,H,SI3,FALSE,2700
2026-03-20T06:44:34.472Z,PB,3,1,1.49,H,I1,FALSE,2400
2026-03-20T06:44:34.472Z,PB,3,1,1.49,H,I3,FALSE,1000
2026-03-20T06:44:34.472Z,PB,3,1,1.49,I,VVS2,FALSE,4200
2026-03-20T06:44:34.472Z,PB,3,1,1.49,J,VS1,FALSE,3400
2026-03-20T06:44:34.472Z,PB,3,1,1.49,J,SI3,FALSE,2200
2026-03-20T06:44:34.472Z,PB,3,1,1.49,J,I1,FALSE,1900
2026-03-20T06:44:34.472Z,PB,3,1,1.49,J,I3,FALSE,900
2026-03-20T06:44:34.472Z,PB,3,1,1.49,L,VVS1,FALSE,2700
2026-03-20T06:44:34.472Z,PB,3,1,1.49,L,SI1,FALSE,2000
2026-03-20T06:44:34.472Z,PB,3,1.5,1.99,D,VS2,FALSE,9900
2026-03-20T06:44:34.472Z,PB,3,1.5,1.99,E,VVS1,FALSE,12400
2026-03-20T06:44:34.472Z,PB,3,1.5,1.99,E,SI3,FALSE,5500
2026-03-20T06:44:34.472Z,PB,3,1.5,1.99,E,I1,FALSE,4800
2026-03-20T06:44:34.472Z,PB,3,1.5,1.99,E,I3,FALSE,1400
2026-03-20T06:44:34.472Z,PB,3,1.5,1.99,F,IF,FALSE,12300
2026-03-20T06:44:34.472Z,PB,3,1.5,1.99,F,VVS1,FALSE,11500
2026-03-20T06:44:34.472Z,PB,3,1.5,1.99,F,VVS2,FALSE,10800
2026-03-20T06:44:34.472Z,PB,3,1.5,1.99,F,VS2,FALSE,8800
2026-03-20T06:44:34.472Z,PB,3,1.5,1.99,G,VVS1,FALSE,10500
2026-03-20T06:44:34.472Z,PB,3,1.5,1.99,G,VVS2,FALSE,10000
2026-03-20T06:44:34.472Z,PB,3,1.5,1.99,G,VS2,FALSE,8200
2026-03-20T06:44:34.472Z,PB,3,1.5,1.99,G,SI1,FALSE,6700
2026-03-20T06:44:34.472Z,PB,3,1.5,1.99,G,SI3,FALSE,4800
2026-03-20T06:44:34.472Z,PB,3,1.5,1.99,G,I1,FALSE,4200
2026-03-20T06:44:34.472Z,PB,3,1.5,1.99,G,I2,FALSE,2400
2026-03-20T06:44:34.472Z,PB,3,1.5,1.99,H,VVS1,FALSE,8800
2026-03-20T06:44:34.472Z,PB,3,1.5,1.99,H,SI2,FALSE,5200
2026-03-20T06:44:34.472Z,PB,3,1.5,1.99,H,I3,FALSE,1100
2026-03-20T06:44:34.472Z,PB,3,1.5,1.99,I,VVS1,FALSE,7500
2026-03-20T06:44:34.472Z,PB,3,1.5,1.99,I,VS2,FALSE,6300
2026-03-20T06:44:34.472Z,PB,3,1.5,1.99,I,SI1,FALSE,5600
2026-03-20T06:44:34.472Z,PB,3,1.5,1.99,I,I2,FALSE,2200
2026-03-20T06:44:34.472Z,PB,3,1.5,1.99,I,I3,FALSE,1100
2026-03-20T06:44:34.472Z,PB,3,1.5,1.99,J,VS1,FALSE,5500
2026-03-20T06:44:34.472Z,PB,3,1.5,1.99,K,VVS1,FALSE,4700
2026-03-20T06:44:34.472Z,PB,3,1.5,1.99,K,SI1,FALSE,3900
2026-03-20T06:44:34.472Z,PB,3,1.5,1.99,L,VS2,FALSE,3400
2026-03-20T06:44:34.472Z,PB,3,1.5,1.99,L,SI3,FALSE,2800
2026-03-20T06:44:34.472Z,PB,3,1.5,1.99,L,I1,FALSE,2600
2026-03-20T06:44:34.472Z,PB,3,1.5,1.99,L,I2,FALSE,1600
2026-03-20T06:44:34.472Z,PB,3,1.5,1.99,M,VVS2,FALSE,3200
2026-03-20T06:44:34.472Z,PB,3,1.5,1.99,M,SI2,FALSE,2500
2026-03-20T06:44:34.472Z,PB,3,2,2.99,D,IF,FALSE,21500
2026-03-20T06:44:34.472Z,PB,3,2,2.99,D,VVS1,FALSE,20000
2026-03-20T06:44:34.472Z,PB,3,2,2.99,D,SI2,FALSE,10300
2026-03-20T06:44:34.472Z,PB,3,2,2.99,D,SI3,FALSE,8200
2026-03-20T06:44:34.472Z,PB,3,2,2.99,E,I3,FALSE,1500
2026-03-20T06:44:34.472Z,PB,3,2,2.99,G,VVS2,FALSE,15000
2026-03-20T06:44:34.472Z,PB,3,2,2.99,M,SI3,FALSE,2900
2026-03-20T06:44:34.472Z,PB,3,2,2.99,M,I1,FALSE,2700
2026-03-20T06:44:34.472Z,PB,3,3,3.99,D,IF,FALSE,42000
2026-03-20T06:44:34.472Z,PB,3,3,3.99,D,VVS2,FALSE,32500
2026-03-20T06:44:34.472Z,PB,3,3,3.99,D,I3,FALSE,1700
2026-03-20T06:44:34.472Z,PB,3,3,3.99,E,VS2,FALSE,25000
2026-03-20T06:44:34.472Z,PB,3,3,3.99,E,SI1,FALSE,21500
2026-03-20T06:44:34.472Z,PB,3,3,3.99,G,VS2,FALSE,21000
2026-03-20T06:44:34.472Z,PB,3,3,3.99,G,SI3,FALSE,9500
2026-03-20T06:44:34.472Z,PB,3,3,3.99,G,I1,FALSE,6700
2026-03-20T06:44:34.472Z,PB,3,3,3.99,G,I3,FALSE,1500
2026-03-20T06:44:34.472Z,PB,3,3,3.99,H,I2,FALSE,2700
2026-03-20T06:44:34.472Z,PB,3,3,3.99,I,SI2,FALSE,12500
2026-03-20T06:44:34.472Z,PB,3,3,3.99,I,SI3,FALSE,8100
2026-03-20T06:44:34.472Z,PB,3,3,3.99,I,I3,FALSE,1400
2026-03-20T06:44:34.472Z,PB,3,3,3.99,J,I3,FALSE,1300
2026-03-20T06:44:34.472Z,PB,3,3,3.99,K,VS1,FALSE,10000
2026-03-20T06:44:34.472Z,PB,3,3,3.99,K,VS2,FALSE,9400
2026-03-20T06:44:34.472Z,PB,3,3,3.99,K,I1,FALSE,5000
2026-03-20T06:44:34.472Z,PB,3,3,3.99,L,SI3,FALSE,5300
2026-03-20T06:44:34.472Z,PB,3,3,3.99,L,I2,FALSE,2300
2026-03-20T06:44:34.472Z,PB,3,3,3.99,M,I3,FALSE,1100
2026-03-20T06:44:34.472Z,PB,3,4,4.99,D,IF,FALSE,53500
2026-03-20T06:44:34.472Z,PB,3,4,4.99,D,VVS2,FALSE,43500
2026-03-20T06:44:34.472Z,PB,3,4,4.99,D,VS1,FALSE,40500
2026-03-20T06:44:34.472Z,PB,3,4,4.99,D,VS2,FALSE,37500
2026-03-20T06:44:34.472Z,PB,3,4,4.99,D,I2,FALSE,3900
2026-03-20T06:44:34.472Z,PB,3,4,4.99,D,I3,FALSE,1900
2026-03-20T06:44:34.472Z,PB,3,4,4.99,E,IF,FALSE,46000
2026-03-20T06:44:34.472Z,PB,3,4,4.99,E,I2,FALSE,3700
2026-03-20T06:44:34.472Z,PB,3,4,4.99,F,IF,FALSE,42000
2026-03-20T06:44:34.472Z,PB,3,4,4.99,G,IF,FALSE,37500
2026-03-20T06:44:34.472Z,PB,3,4,4.99,G,SI3,FALSE,10900
2026-03-20T06:44:34.472Z,PB,3,4,4.99,H,VVS1,FALSE,28500
2026-03-20T06:44:34.472Z,PB,3,4,4.99,I,VS2,FALSE,19000
2026-03-20T06:44:34.472Z,PB,3,4,4.99,I,I2,FALSE,2800
2026-03-20T06:44:34.472Z,PB,3,4,4.99,I,I3,FALSE,1500
2026-03-20T06:44:34.472Z,PB,3,4,4.99,J,IF,FALSE,19500
2026-03-20T06:44:34.472Z,PB,3,4,4.99,J,VS1,FALSE,16500
2026-03-20T06:44:34.472Z,PB,3,4,4.99,J,SI2,FALSE,12500
2026-03-20T06:44:34.472Z,PB,3,4,4.99,K,VS1,FALSE,13200
2026-03-20T06:44:34.472Z,PB,3,4,4.99,K,SI1,FALSE,11500
2026-03-20T06:44:34.472Z,PB,3,4,4.99,L,VVS1,FALSE,10600
2026-03-20T06:44:34.472Z,PB,3,4,4.99,L,VVS2,FALSE,10000
2026-03-20T06:44:34.472Z,PB,3,4,4.99,L,SI1,FALSE,8400
2026-03-20T06:44:34.472Z,PB,3,4,4.99,M,VS2,FALSE,6800
2026-03-20T06:44:34.472Z,PB,3,4,4.99,M,SI1,FALSE,6400
2026-03-20T06:44:34.472Z,PB,3,4,4.99,M,I1,FALSE,3900
2026-03-20T06:44:34.472Z,PB,3,4,4.99,M,I2,FALSE,2200
2026-03-20T06:44:34.472Z,PB,3,5,9.99,D,IF,FALSE,75000
2026-03-20T06:44:34.472Z,PB,3,5,9.99,D,VS2,FALSE,49000
2026-03-20T06:44:34.472Z,PB,3,5,9.99,D,SI1,FALSE,37500
2026-03-20T06:44:34.472Z,PB,3,5,9.99,E,I3,FALSE,1800
2026-03-20T06:44:34.472Z,PB,3,5,9.99,F,IF,FALSE,56500
2026-03-20T06:44:34.472Z,PB,3,5,9.99,F,VS1,FALSE,48500
2026-03-20T06:44:34.472Z,PB,3,5,9.99,F,VS2,FALSE,43000
2026-03-20T06:44:34.472Z,PB,3,5,9.99,F,SI1,FALSE,32000
2026-03-20T06:44:34.472Z,PB,3,5,9.99,F,SI2,FALSE,23500
2026-03-20T06:44:34.472Z,PB,3,5,9.99,F,I1,FALSE,8900
2026-03-20T06:44:34.472Z,PB,3,5,9.99,F,I3,FALSE,1700
2026-03-20T06:44:34.472Z,PB,3,5,9.99,G,SI1,FALSE,29500
2026-03-20T06:44:34.472Z,PB,3,5,9.99,G,I1,FALSE,8400
2026-03-20T06:44:34.472Z,PB,3,5,9.99,I,VVS1,FALSE,30000
2026-03-20T06:44:34.472Z,PB,3,5,9.99,I,SI1,FALSE,21000
2026-03-20T06:44:34.472Z,PB,3,2,2.99,G,SI3,FALSE,7000
2026-03-20T06:44:34.472Z,PB,3,2,2.99,G,I2,FALSE,2700
2026-03-20T06:44:34.472Z,PB,3,2,2.99,H,VVS1,FALSE,12500
2026-03-20T06:44:34.472Z,PB,3,2,2.99,H,VS1,FALSE,11500
2026-03-20T06:44:34.472Z,PB,3,2,2.99,H,SI1,FALSE,9900
2026-03-20T06:44:34.472Z,PB,3,2,2.99,H,SI2,FALSE,8200
2026-03-20T06:44:34.472Z,PB,3,2,2.99,I,VVS1,FALSE,10400
2026-03-20T06:44:34.472Z,PB,3,2,2.99,I,VS1,FALSE,9500
2026-03-20T06:44:34.472Z,PB,3,2,2.99,I,SI2,FALSE,7500
2026-03-20T06:44:34.472Z,PB,3,2,2.99,J,VVS2,FALSE,8100
2026-03-20T06:44:34.472Z,PB,3,2,2.99,J,VS2,FALSE,7400
2026-03-20T06:44:34.472Z,PB,3,2,2.99,J,SI2,FALSE,6300
2026-03-20T06:44:34.472Z,PB,3,2,2.99,J,I1,FALSE,4500
2026-03-20T06:44:34.472Z,PB,3,2,2.99,J,I2,FALSE,2200
2026-03-20T06:44:34.472Z,PB,3,2,2.99,K,SI2,FALSE,5100
2026-03-20T06:44:34.472Z,PB,3,2,2.99,K,I1,FALSE,3700
2026-03-20T06:44:34.472Z,PB,3,2,2.99,L,SI1,FALSE,4300
2026-03-20T06:44:34.472Z,PB,3,2,2.99,L,SI2,FALSE,4100
2026-03-20T06:44:34.472Z,PB,3,2,2.99,L,SI3,FALSE,3600
2026-03-20T06:44:34.472Z,PB,3,2,2.99,L,I2,FALSE,1900
2026-03-20T06:44:34.472Z,PB,3,2,2.99,M,VVS1,FALSE,4200
2026-03-20T06:44:34.472Z,PB,3,2,2.99,M,SI1,FALSE,3500
2026-03-20T06:44:34.472Z,PB,3,2,2.99,M,SI2,FALSE,3300
2026-03-20T06:44:34.472Z,PB,3,3,3.99,D,SI3,FALSE,12200
2026-03-20T06:44:34.472Z,PB,3,3,3.99,D,I2,FALSE,3600
2026-03-20T06:44:34.472Z,PB,3,3,3.99,E,IF,FALSE,36500
2026-03-20T06:44:34.472Z,PB,3,3,3.99,E,VVS1,FALSE,32500
2026-03-20T06:44:34.472Z,PB,3,3,3.99,E,VS1,FALSE,27500
2026-03-20T06:44:34.472Z,PB,3,3,3.99,E,SI2,FALSE,17000
2026-03-20T06:44:34.472Z,PB,3,3,3.99,E,I1,FALSE,8000
2026-03-20T06:44:34.472Z,PB,3,3,3.99,E,I2,FALSE,3300
2026-03-20T06:44:34.472Z,PB,3,3,3.99,F,VVS1,FALSE,29500
2026-03-20T06:44:34.472Z,PB,3,3,3.99,F,VVS2,FALSE,27000
2026-03-20T06:44:34.472Z,PB,3,3,3.99,F,VS2,FALSE,23000
2026-03-20T06:44:34.472Z,PB,3,3,3.99,G,IF,FALSE,29000
2026-03-20T06:44:34.472Z,PB,3,3,3.99,G,VS1,FALSE,22500
2026-03-20T06:44:34.472Z,PB,3,3,3.99,G,SI1,FALSE,18500
2026-03-20T06:44:34.472Z,PB,3,3,3.99,G,SI2,FALSE,15000
2026-03-20T06:44:34.472Z,PB,3,3,3.99,H,IF,FALSE,24000
2026-03-20T06:44:34.472Z,PB,3,3,3.99,H,VVS1,FALSE,22500
2026-03-20T06:44:34.472Z,PB,3,3,3.99,H,VS1,FALSE,19500
2026-03-20T06:44:34.472Z,PB,3,3,3.99,I,VVS1,FALSE,18500
2026-03-20T06:44:34.472Z,PB,3,3,3.99,I,VS1,FALSE,16500
2026-03-20T06:44:34.472Z,PB,3,3,3.99,J,SI2,FALSE,10200
2026-03-20T06:44:34.472Z,PB,3,3,3.99,K,VVS2,FALSE,10500
2026-03-20T06:44:34.472Z,PB,3,3,3.99,K,SI1,FALSE,8800
2026-03-20T06:44:34.472Z,PB,3,3,3.99,K,I2,FALSE,2400
2026-03-20T06:44:34.472Z,PB,3,3,3.99,K,I3,FALSE,1300
2026-03-20T06:44:34.472Z,PB,3,3,3.99,L,VS1,FALSE,7500
2026-03-20T06:44:34.472Z,PB,3,3,3.99,M,VVS1,FALSE,6300
2026-03-20T06:44:34.472Z,PB,3,3,3.99,M,VS1,FALSE,5700
2026-03-20T06:44:34.472Z,PB,3,3,3.99,M,SI1,FALSE,4900
2026-03-20T06:44:34.472Z,PB,3,3,3.99,M,SI3,FALSE,4100
2026-03-20T06:44:34.472Z,PB,3,4,4.99,D,I1,FALSE,9200
2026-03-20T06:44:34.472Z,PB,3,4,4.99,E,VVS2,FALSE,40000
2026-03-20T06:44:34.472Z,PB,3,4,4.99,E,SI3,FALSE,12900
2026-03-20T06:44:34.472Z,PB,3,4,4.99,E,I1,FALSE,8800
2026-03-20T06:44:34.472Z,PB,3,4,4.99,G,VVS1,FALSE,34000
2026-03-20T06:44:34.472Z,PB,3,4,4.99,G,VVS2,FALSE,32000
2026-03-20T06:44:34.472Z,PB,3,4,4.99,G,I3,FALSE,1600
2026-03-20T06:44:34.472Z,PB,3,4,4.99,H,IF,FALSE,30500
2026-03-20T06:44:34.472Z,PB,3,4,4.99,H,VVS2,FALSE,27000
2026-03-20T06:44:34.472Z,PB,3,4,4.99,H,SI2,FALSE,17000
2026-03-20T06:44:34.472Z,PB,3,4,4.99,H,SI3,FALSE,10300
2026-03-20T06:44:34.472Z,PB,3,5,9.99,I,I2,FALSE,3000
2026-03-20T06:44:34.472Z,PB,3,5,9.99,J,VS1,FALSE,20000
2026-03-20T06:44:34.472Z,PB,3,5,9.99,J,I1,FALSE,7000
2026-03-20T06:44:34.472Z,PB,3,5,9.99,L,VVS2,FALSE,13500
2026-03-20T06:44:34.472Z,PB,3,5,9.99,L,SI2,FALSE,11000
2026-03-20T06:44:34.472Z,PB,3,5,9.99,M,IF,FALSE,11500
2026-03-20T06:44:34.472Z,PB,3,5,9.99,M,VS1,FALSE,9500
2026-03-20T06:44:34.472Z,PB,3,5,9.99,M,SI1,FALSE,8500
2026-03-20T06:44:34.472Z,PB,3,10,99,D,VVS1,FALSE,107500
2026-03-20T06:44:34.472Z,PB,3,10,99,D,I1,FALSE,12400
2026-03-20T06:44:34.472Z,PB,3,10,99,D,I2,FALSE,5300
2026-03-20T06:44:34.472Z,PB,3,10,99,D,I3,FALSE,2300
2026-03-20T06:44:34.472Z,PB,3,10,99,E,VVS1,FALSE,96500
2026-03-20T06:44:34.472Z,PB,3,10,99,E,VS1,FALSE,83500
2026-03-20T06:44:34.472Z,PB,3,10,99,E,VS2,FALSE,72500
2026-03-20T06:44:34.472Z,PB,3,10,99,E,SI1,FALSE,53500
2026-03-20T06:44:34.472Z,PB,3,10,99,E,I2,FALSE,5000
2026-03-20T06:44:34.472Z,PB,3,10,99,E,I3,FALSE,2200
2026-03-20T06:44:34.472Z,PB,3,10,99,F,VS2,FALSE,66500
2026-03-20T06:44:34.472Z,PB,3,10,99,F,I1,FALSE,11100
2026-03-20T06:44:34.472Z,PB,3,10,99,F,I2,FALSE,4800
2026-03-20T06:44:34.472Z,PB,3,10,99,G,SI3,FALSE,17000
2026-03-20T06:44:34.472Z,PB,3,10,99,G,I3,FALSE,2000
2026-03-20T06:44:34.472Z,PB,3,10,99,H,VVS1,FALSE,61000
2026-03-20T06:44:34.472Z,PB,3,10,99,H,SI3,FALSE,16000
2026-03-20T06:44:34.472Z,PB,3,10,99,I,VVS2,FALSE,44000
2026-03-20T06:44:34.472Z,PB,3,10,99,I,VS2,FALSE,37000
2026-03-20T06:44:34.472Z,PB,3,10,99,I,I3,FALSE,1800
2026-03-20T06:44:34.472Z,PB,3,10,99,K,IF,FALSE,31500
2026-03-20T06:44:34.472Z,PB,3,10,99,K,VS1,FALSE,25000
2026-03-20T06:44:34.472Z,PB,3,10,99,K,SI2,FALSE,18500
2026-03-20T06:44:34.472Z,PB,3,10,99,L,IF,FALSE,23000
2026-03-20T06:44:34.472Z,PB,3,10,99,L,VS1,FALSE,19000
2026-03-20T06:44:34.472Z,PB,3,10,99,L,SI1,FALSE,16000
2026-03-20T06:44:34.472Z,PB,3,10,99,L,SI3,FALSE,10500
2026-03-20T06:44:34.472Z,PB,3,10,99,L,I2,FALSE,3600
2026-03-20T06:44:34.472Z,PB,3,10,99,L,I3,FALSE,1600
2026-03-20T06:44:34.472Z,PB,3,0.3,0.39,N,SI1,TRUE,700
2026-03-20T06:44:34.472Z,PB,3,0.4,0.49,N,SI3,TRUE,600
2026-03-20T06:44:34.472Z,PB,3,0.4,0.49,N,I1,FALSE,500
2026-03-20T06:44:34.472Z,PB,3,0.5,0.69,N,VVS1,TRUE,1300
2026-03-20T06:44:34.472Z,PB,3,0.5,0.69,N,SI2,TRUE,900
2026-03-20T06:44:34.472Z,PB,3,0.5,0.69,N,SI3,TRUE,800
2026-03-20T06:44:34.472Z,PB,3,0.7,0.89,N,VS2,TRUE,1400
2026-03-20T06:44:34.472Z,PB,3,0.7,0.89,N,SI2,TRUE,1200
2026-03-20T06:44:34.472Z,PB,3,0.9,0.99,N,VVS2,TRUE,1800
2026-03-20T06:44:34.472Z,PB,3,0.9,0.99,N,SI3,TRUE,1300
2026-03-20T06:44:34.472Z,PB,3,0.9,0.99,N,I3,FALSE,700
2026-03-20T06:44:34.472Z,PB,3,1,1.49,N,IF,FALSE,2500
2026-03-20T06:44:34.472Z,PB,3,1,1.49,N,VVS2,FALSE,2100
2026-03-20T06:44:34.472Z,PB,3,1,1.49,N,VS1,FALSE,2000
2026-03-20T06:44:34.472Z,PB,3,1,1.49,N,I2,FALSE,1000
2026-03-20T06:44:34.472Z,PB,3,1.5,1.99,N,VS1,FALSE,3100
2026-03-20T06:44:34.472Z,PB,3,1.5,1.99,N,VS2,FALSE,2900
2026-03-20T06:44:34.472Z,PB,3,1.5,1.99,N,SI1,FALSE,2700
2026-03-20T06:44:34.472Z,PB,3,1.5,1.99,N,I2,FALSE,1500
2026-03-20T06:44:34.472Z,PB,3,2,2.99,N,I2,FALSE,1800
2026-03-20T06:44:34.472Z,PB,3,3,3.99,N,IF,FALSE,6700
2026-03-20T06:44:34.472Z,PB,3,3,3.99,N,VVS1,FALSE,6300
2026-03-20T06:44:34.472Z,PB,3,3,3.99,N,VS1,FALSE,5700
2026-03-20T06:44:34.472Z,PB,3,3,3.99,N,I2,FALSE,2100
2026-03-20T06:44:34.472Z,PB,3,4,4.99,N,IF,FALSE,8100
2026-03-20T06:44:34.472Z,PB,3,4,4.99,N,VS2,FALSE,6800
2026-03-20T06:44:34.472Z,PB,3,4,4.99,N,SI1,FALSE,6400
2026-03-20T06:44:34.472Z,RBC,3,3,3.99,O-P,VS2,FALSE,7900
2026-03-20T06:44:34.472Z,RBC,3,3,3.99,O-P,SI3,FALSE,5800
2026-03-20T06:44:34.472Z,RBC,3,4,4.99,O-P,VVS1,FALSE,11500
2026-03-20T06:44:34.472Z,RBC,3,4,4.99,O-P,VVS2,FALSE,10500
2026-03-20T06:44:34.472Z,RBC,3,4,4.99,O-P,VS1,FALSE,10000
2026-03-20T06:44:34.472Z,RBC,3,4,4.99,O-P,I3,FALSE,1600
2026-03-20T06:44:34.472Z,RBC,3,5,9.99,O-P,IF,FALSE,15000
2026-03-20T06:44:34.472Z,RBC,3,5,9.99,O-P,VS2,FALSE,12000
2026-03-20T06:44:34.472Z,RBC,3,5,9.99,O-P,SI2,FALSE,10000
2026-03-20T06:44:34.472Z,RBC,3,5,9.99,O-P,I3,FALSE,1600
2026-03-20T06:44:34.472Z,RBC,3,10,99,O-P,IF,FALSE,22500
2026-03-20T06:44:34.472Z,RBC,3,10,99,O-P,VVS2,FALSE,19500
2026-03-20T06:44:34.472Z,RBC,3,10,99,O-P,SI2,FALSE,14000
2026-03-20T06:44:34.472Z,RBC,3,10,99,O-P,SI3,FALSE,10500
2026-03-20T06:44:34.472Z,RBC,3,10,99,O-P,I1,FALSE,7500
2026-03-20T06:44:34.472Z,RBC,3,10,99,O-P,I2,FALSE,4300
2026-03-20T06:44:34.472Z,RBC,3,0.3,0.39,Q-R,SI3,FALSE,600
2026-03-20T06:44:34.472Z,RBC,3,0.4,0.49,Q-R,VS1,FALSE,900
2026-03-20T06:44:34.472Z,RBC,3,0.4,0.49,Q-R,SI1,FALSE,900
2026-03-20T06:44:34.472Z,RBC,3,0.4,0.49,Q-R,SI2,FALSE,800
2026-03-20T06:44:34.472Z,RBC,3,0.5,0.69,Q-R,SI3,FALSE,900
2026-03-20T06:44:34.472Z,RBC,3,0.7,0.89,Q-R,VS1,FALSE,1300
2026-03-20T06:44:34.472Z,RBC,3,0.7,0.89,Q-R,SI2,FALSE,1100
2026-03-20T06:44:34.472Z,RBC,3,0.9,0.99,Q-R,IF,FALSE,2400
2026-03-20T06:44:34.472Z,RBC,3,0.9,0.99,Q-R,SI2,FALSE,1500
2026-03-20T06:44:34.472Z,RBC,3,1,1.49,Q-R,VVS1,FALSE,2500
2026-03-20T06:44:34.472Z,RBC,3,1,1.49,Q-R,SI2,FALSE,1800
2026-03-20T06:44:34.472Z,RBC,3,1,1.49,Q-R,I1,FALSE,1600
2026-03-20T06:44:34.472Z,RBC,3,1.5,1.99,Q-R,VS1,FALSE,3600
2026-03-20T06:44:34.472Z,RBC,3,1.5,1.99,Q-R,I2,FALSE,2200
2026-03-20T06:44:34.472Z,RBC,3,1.5,1.99,Q-R,I3,FALSE,1200
2026-03-20T06:44:34.472Z,RBC,3,2,2.99,Q-R,VVS1,FALSE,6300
2026-03-20T06:44:34.472Z,RBC,3,2,2.99,Q-R,VS2,FALSE,4800
2026-03-20T06:44:34.472Z,RBC,3,2,2.99,Q-R,SI3,FALSE,4000
2026-03-20T06:44:34.472Z,RBC,3,2,2.99,Q-R,I2,FALSE,2600
2026-03-20T06:44:34.472Z,RBC,3,3,3.99,Q-R,IF,FALSE,9500
2026-03-20T06:44:34.472Z,RBC,3,3,3.99,Q-R,VVS1,FALSE,9100
2026-03-20T06:44:34.472Z,RBC,3,3,3.99,Q-R,SI1,FALSE,7500
2026-03-20T06:44:34.472Z,RBC,3,3,3.99,Q-R,SI3,FALSE,5800
2026-03-20T06:44:34.472Z,RBC,3,4,4.99,Q-R,SI2,FALSE,8000
2026-03-20T06:44:34.472Z,RBC,3,4,4.99,Q-R,I3,FALSE,1600
2026-03-20T06:44:34.472Z,RBC,3,5,9.99,Q-R,IF,FALSE,15000
2026-03-20T06:44:34.472Z,RBC,3,5,9.99,Q-R,SI2,FALSE,10000
2026-03-20T06:44:34.472Z,RBC,3,5,9.99,Q-R,SI3,FALSE,8000
2026-03-20T06:44:34.472Z,RBC,3,10,99,Q-R,IF,FALSE,22500
2026-03-20T06:44:34.472Z,RBC,3,10,99,Q-R,VVS2,FALSE,19500
2026-03-20T06:44:34.472Z,RBC,3,10,99,Q-R,SI2,FALSE,14000
2026-03-20T06:44:34.472Z,RBC,3,10,99,Q-R,I1,FALSE,7500
2026-03-20T06:44:34.472Z,RBC,3,0.3,0.39,S-T,IF,FALSE,1000
2026-03-20T06:44:34.472Z,RBC,3,0.3,0.39,S-T,I3,FALSE,300
2026-03-20T06:44:34.472Z,RBC,3,0.4,0.49,S-T,VS1,FALSE,900
2026-03-20T06:44:34.472Z,RBC,3,0.4,0.49,S-T,SI2,FALSE,800
2026-03-20T06:44:34.472Z,RBC,3,0.4,0.49,S-T,I2,FALSE,500
2026-03-20T06:44:34.472Z,RBC,3,0.5,0.69,S-T,SI3,FALSE,900
2026-03-20T06:44:34.472Z,RBC,3,0.7,0.89,S-T,VVS1,FALSE,1600
2026-03-20T06:44:34.472Z,RBC,3,0.7,0.89,S-T,VS2,FALSE,1200
2026-03-20T06:44:34.472Z,RBC,3,0.7,0.89,S-T,SI3,FALSE,1100
2026-03-20T06:44:34.472Z,RBC,3,0.9,0.99,S-T,SI2,FALSE,1500
2026-03-20T06:44:34.472Z,RBC,3,1,1.49,S-T,VVS1,FALSE,2500
2026-03-20T06:44:34.472Z,RBC,3,1,1.49,S-T,VS1,FALSE,2300
2026-03-20T06:44:34.472Z,RBC,3,1,1.49,S-T,I3,FALSE,1000
2026-03-20T06:44:34.472Z,RBC,3,1.5,1.99,S-T,IF,FALSE,4600
2026-03-20T06:44:34.472Z,RBC,3,1.5,1.99,S-T,VS2,FALSE,3400
2026-03-20T06:44:34.472Z,RBC,3,2,2.99,S-T,VS1,FALSE,5400
2026-03-20T06:44:34.472Z,RBC,3,2,2.99,S-T,SI2,FALSE,4200
2026-03-20T06:44:34.472Z,RBC,3,3,3.99,S-T,VVS1,FALSE,9100
2026-03-20T06:44:34.472Z,RBC,3,3,3.99,S-T,SI1,FALSE,7500
2026-03-20T06:44:34.472Z,RBC,3,3,3.99,S-T,SI2,FALSE,6700
2026-03-20T06:44:34.472Z,RBC,3,4,4.99,S-T,VVS2,FALSE,10500
2026-03-20T06:44:34.472Z,RBC,3,4,4.99,S-T,SI3,FALSE,6500
2026-03-20T06:44:34.472Z,RBC,3,10,99,S-T,VS1,FALSE,18500
2026-03-20T06:44:34.472Z,RBC,3,10,99,S-T,I2,FALSE,4300
2026-03-20T06:44:34.472Z,RBC,3,10,99,S-T,I3,FALSE,1800
2026-03-20T06:44:34.472Z,RBC,3,0.3,0.39,U-V,VVS1,FALSE,900
2026-03-20T06:44:34.472Z,RBC,3,0.3,0.39,U-V,SI1,FALSE,800
2026-03-20T06:44:34.472Z,RBC,3,0.3,0.39,U-V,I2,FALSE,400
2026-03-20T06:44:34.472Z,RBC,3,0.4,0.49,U-V,VVS2,FALSE,1000
2026-03-20T06:44:34.472Z,RBC,3,0.4,0.49,U-V,I1,FALSE,600
2026-03-20T06:44:34.472Z,RBC,3,0.4,0.49,U-V,I2,FALSE,500
2026-03-20T06:44:34.472Z,RBC,3,0.5,0.69,U-V,IF,FALSE,1400
2026-03-20T06:44:34.472Z,RBC,3,0.5,0.69,U-V,I1,FALSE,900
2026-03-20T06:44:34.472Z,RBC,3,0.7,0.89,U-V,SI2,FALSE,1100
2026-03-20T06:44:34.472Z,RBC,3,0.9,0.99,U-V,VS1,FALSE,1900
2026-03-20T06:44:34.472Z,RBC,3,0.9,0.99,U-V,VS2,FALSE,1700
2026-03-20T06:44:34.472Z,RBC,3,0.9,0.99,U-V,SI2,FALSE,1500
2026-03-20T06:44:34.472Z,RBC,3,0.9,0.99,U-V,I3,FALSE,700
2026-03-20T06:44:34.472Z,RBC,3,1,1.49,U-V,VVS1,FALSE,2500
2026-03-20T06:44:34.472Z,RBC,3,1,1.49,U-V,I1,FALSE,1600
2026-03-20T06:44:34.472Z,RBC,3,1,1.49,U-V,I2,FALSE,1600
2026-03-20T06:44:34.472Z,RBC,3,1.5,1.99,U-V,SI1,FALSE,3200
2026-03-20T06:44:34.472Z,RBC,3,1.5,1.99,U-V,I2,FALSE,2200
2026-03-20T06:44:34.472Z,RBC,3,2,2.99,U-V,SI1,FALSE,4500
2026-03-20T06:44:34.472Z,RBC,3,2,2.99,U-V,SI3,FALSE,4000
2026-03-20T06:44:34.472Z,RBC,3,2,2.99,U-V,I1,FALSE,3800
2026-03-20T06:44:34.472Z,RBC,3,3,3.99,U-V,IF,FALSE,9500
2026-03-20T06:44:34.472Z,RBC,3,3,3.99,U-V,VS1,FALSE,8300
2026-03-20T06:44:34.472Z,RBC,3,3,3.99,U-V,VS2,FALSE,7900
2026-03-20T06:44:34.472Z,RBC,3,3,3.99,U-V,I3,FALSE,1400
2026-03-20T06:44:34.472Z,RBC,3,4,4.99,U-V,SI1,FALSE,9000
2026-03-20T06:44:34.472Z,RBC,3,4,4.99,U-V,SI2,FALSE,8000
2026-03-20T06:44:34.472Z,RBC,3,4,4.99,U-V,SI3,FALSE,6500
2026-03-20T06:44:34.472Z,RBC,3,4,4.99,U-V,I3,FALSE,1600
2026-03-20T06:44:34.472Z,RBC,3,5,9.99,U-V,VVS2,FALSE,13000
2026-03-20T06:44:34.472Z,RBC,3,5,9.99,U-V,I3,FALSE,1600
2026-03-20T06:44:34.472Z,RBC,3,10,99,U-V,SI2,FALSE,14000
2026-03-20T06:44:34.472Z,RBC,3,10,99,U-V,I1,FALSE,7500
2026-03-20T06:44:34.472Z,RBC,3,0.3,0.39,W-X,SI3,FALSE,600
2026-03-20T06:44:34.472Z,RBC,3,0.5,0.69,W-X,VVS1,FALSE,1300
2026-03-20T06:44:34.472Z,RBC,3,0.5,0.69,W-X,VVS2,FALSE,1200
2026-03-20T06:44:34.472Z,RBC,3,0.5,0.69,W-X,VS1,FALSE,1100
2026-03-20T06:44:34.472Z,RBC,3,0.5,0.69,W-X,VS2,FALSE,1000
2026-03-20T06:44:34.472Z,RBC,3,0.5,0.69,W-X,SI3,FALSE,900
2026-03-20T06:44:34.472Z,RBC,3,0.5,0.69,W-X,I3,FALSE,500
2026-03-20T06:44:34.472Z,RBC,3,0.7,0.89,W-X,VVS2,FALSE,1400
2026-03-20T06:44:34.472Z,RBC,3,0.7,0.89,W-X,VS2,FALSE,1200
2026-03-20T06:44:34.472Z,RBC,3,0.7,0.89,W-X,SI1,FALSE,1200
2026-03-20T06:44:34.472Z,RBC,3,0.7,0.89,W-X,SI3,FALSE,1100
2026-03-20T06:44:34.472Z,RBC,3,0.7,0.89,W-X,I1,FALSE,1100
2026-03-20T06:44:34.472Z,RBC,3,0.7,0.89,W-X,I2,FALSE,800
2026-03-20T06:44:34.472Z,RBC,3,0.9,0.99,W-X,IF,FALSE,2400
2026-03-20T06:44:34.472Z,RBC,3,0.9,0.99,W-X,VS1,FALSE,1900
2026-03-20T06:44:34.472Z,RBC,3,0.9,0.99,W-X,SI2,FALSE,1500
2026-03-20T06:44:34.472Z,RBC,3,0.9,0.99,W-X,I1,FALSE,1400
2026-03-20T06:44:34.472Z,RBC,3,0.9,0.99,W-X,I3,FALSE,700
2026-03-20T06:44:34.472Z,RBC,3,1,1.49,W-X,VS1,FALSE,2300
2026-03-20T06:44:34.472Z,RBC,3,1,1.49,W-X,SI1,FALSE,1900
2026-03-20T06:44:34.472Z,RBC,3,1,1.49,W-X,I1,FALSE,1600
2026-03-20T06:44:34.472Z,RBC,3,1.5,1.99,W-X,IF,FALSE,4600
2026-03-20T06:44:34.472Z,PB,3,0.5,0.69,M,VVS1,TRUE,1300
2026-03-20T06:44:34.472Z,PB,3,0.5,0.69,M,SI3,TRUE,800
2026-03-20T06:44:34.472Z,PB,3,0.5,0.69,M,I2,TRUE,600
2026-03-20T06:44:34.472Z,PB,3,0.5,0.69,M,I3,FALSE,400
2026-03-20T06:44:34.472Z,PB,3,0.7,0.89,D,IF,TRUE,4700
2026-03-20T06:44:34.472Z,PB,3,0.7,0.89,D,I2,FALSE,1600
2026-03-20T06:44:34.472Z,PB,3,0.7,0.89,E,VVS2,TRUE,3800
2026-03-20T06:44:34.472Z,PB,3,0.7,0.89,E,VS2,TRUE,3200
2026-03-20T06:44:34.472Z,PB,3,0.7,0.89,E,SI1,TRUE,2600
2026-03-20T06:44:34.472Z,PB,3,0.7,0.89,E,I1,TRUE,1800
2026-03-20T06:44:34.472Z,PB,3,0.7,0.89,F,IF,TRUE,4000
2026-03-20T06:44:34.472Z,PB,3,0.7,0.89,F,SI3,TRUE,1800
2026-03-20T06:44:34.472Z,PB,3,0.7,0.89,G,VVS2,TRUE,3300
2026-03-20T06:44:34.472Z,PB,3,0.7,0.89,H,VVS1,TRUE,3200
2026-03-20T06:44:34.472Z,PB,3,0.7,0.89,I,SI1,TRUE,2000
2026-03-20T06:44:34.472Z,PB,3,0.7,0.89,I,I1,TRUE,1400
2026-03-20T06:44:34.472Z,PB,3,0.7,0.89,J,VVS1,TRUE,2500
2026-03-20T06:44:34.472Z,PB,3,0.7,0.89,J,VS1,TRUE,2100
2026-03-20T06:44:34.472Z,PB,3,0.7,0.89,K,IF,TRUE,2200
2026-03-20T06:44:34.472Z,PB,3,0.7,0.89,L,SI2,TRUE,1400
2026-03-20T06:44:34.472Z,PB,3,0.7,0.89,L,I2,FALSE,800
2026-03-20T06:44:34.472Z,PB,3,0.7,0.89,M,SI1,TRUE,1300
2026-03-20T06:44:34.472Z,PB,3,0.7,0.89,M,SI3,TRUE,1100
2026-03-20T06:44:34.472Z,PB,3,0.9,0.99,D,IF,TRUE,6700
2026-03-20T06:44:34.472Z,PB,3,0.9,0.99,D,I1,FALSE,2400
2026-03-20T06:44:34.472Z,PB,3,0.9,0.99,D,I3,FALSE,1100
2026-03-20T06:44:34.472Z,PB,3,0.9,0.99,E,VVS2,TRUE,5200
2026-03-20T06:44:34.472Z,PB,3,0.9,0.99,E,VS1,TRUE,4900
2026-03-20T06:44:34.472Z,PB,3,0.9,0.99,E,SI1,TRUE,3500
2026-03-20T06:44:34.472Z,PB,3,0.9,0.99,E,SI3,TRUE,2800
2026-03-20T06:44:34.472Z,PB,3,0.9,0.99,F,IF,TRUE,5500
2026-03-20T06:44:34.472Z,PB,3,0.9,0.99,F,VS1,TRUE,4600
2026-03-20T06:44:34.472Z,PB,3,0.9,0.99,F,I1,FALSE,2200
2026-03-20T06:44:34.472Z,PB,3,0.9,0.99,G,VVS2,TRUE,4600
2026-03-20T06:44:34.472Z,PB,3,0.9,0.99,G,I1,FALSE,2100
2026-03-20T06:44:34.472Z,PB,3,0.9,0.99,H,IF,TRUE,4800
2026-03-20T06:44:34.472Z,PB,3,0.9,0.99,H,VS2,TRUE,3500
2026-03-20T06:44:34.472Z,PB,3,0.9,0.99,H,I3,FALSE,900
2026-03-20T06:44:34.472Z,PB,3,0.9,0.99,I,IF,TRUE,4100
2026-03-20T06:44:34.472Z,PB,3,0.9,0.99,I,SI3,TRUE,2100
2026-03-20T06:44:34.472Z,PB,3,0.9,0.99,J,VS2,TRUE,2700
2026-03-20T06:44:34.472Z,PB,3,0.9,0.99,J,SI1,TRUE,2400
2026-03-20T06:44:34.472Z,PB,3,0.9,0.99,K,IF,TRUE,3000
2026-03-20T06:44:34.472Z,PB,3,0.9,0.99,K,I3,FALSE,800
2026-03-20T06:44:34.472Z,PB,3,0.9,0.99,L,SI2,TRUE,1600
2026-03-20T06:44:34.472Z,PB,3,0.9,0.99,M,I3,FALSE,700
2026-03-20T06:44:34.472Z,PB,3,1,1.49,D,IF,FALSE,9300
2026-03-20T06:44:34.472Z,PB,3,1,1.49,D,SI3,FALSE,3500
2026-03-20T06:44:34.472Z,PB,3,1,1.49,E,IF,FALSE,8200
2026-03-20T06:44:34.472Z,PB,3,1,1.49,E,VVS1,FALSE,7500
2026-03-20T06:44:34.472Z,PB,3,1,1.49,E,VS1,FALSE,6200
2026-03-20T06:44:34.472Z,PB,3,1,1.49,E,SI1,FALSE,4300
2026-03-20T06:44:34.472Z,PB,3,1,1.49,F,SI1,FALSE,4000
2026-03-20T06:44:34.472Z,PB,3,1,1.49,F,SI2,FALSE,3500
2026-03-20T06:44:34.472Z,PB,3,1,1.49,G,VVS2,FALSE,5800
2026-03-20T06:44:34.472Z,PB,3,1,1.49,G,VS2,FALSE,4800
2026-03-20T06:44:34.472Z,PB,3,1,1.49,G,I2,FALSE,1900
2026-03-20T06:44:34.472Z,PB,3,1,1.49,H,VVS1,FALSE,5200
2026-03-20T06:44:34.472Z,PB,3,1,1.49,H,VS1,FALSE,4600
2026-03-20T06:44:34.472Z,PB,3,1,1.49,H,SI1,FALSE,3600
2026-03-20T06:44:34.472Z,PB,3,1,1.49,I,SI3,FALSE,2400
2026-03-20T06:44:34.472Z,PB,3,1,1.49,J,VVS2,FALSE,3600
2026-03-20T06:44:34.472Z,PB,3,1,1.49,J,VS2,FALSE,3200
2026-03-20T06:44:34.472Z,PB,3,1,1.49,J,I2,FALSE,1500
2026-03-20T06:44:34.472Z,PB,3,4,4.99,N,SI3,FALSE,4700
2026-03-20T06:44:34.472Z,PB,3,5,9.99,N,VS1,FALSE,9500
2026-03-20T06:44:34.472Z,PB,3,5,9.99,N,SI3,FALSE,6100
2026-03-20T06:44:34.472Z,PB,3,5,9.99,N,I1,FALSE,4600
2026-03-20T06:44:34.472Z,PB,3,5,9.99,N,I3,FALSE,1300
2026-03-20T06:44:34.472Z,PB,3,10,99,N,VS2,FALSE,13500
2026-03-20T06:44:34.472Z,PB,3,0.3,0.39,O-P,IF,FALSE,900
2026-03-20T06:44:34.472Z,PB,3,0.3,0.39,O-P,VVS2,FALSE,900
2026-03-20T06:44:34.472Z,PB,3,0.3,0.39,O-P,VS1,FALSE,800
2026-03-20T06:44:34.472Z,PB,3,0.3,0.39,O-P,SI3,FALSE,500
2026-03-20T06:44:34.472Z,PB,3,0.3,0.39,O-P,I1,FALSE,400
2026-03-20T06:44:34.472Z,PB,3,0.3,0.39,O-P,I2,FALSE,300
2026-03-20T06:44:34.472Z,PB,3,0.3,0.39,O-P,I3,FALSE,200
2026-03-20T06:44:34.472Z,PB,3,0.4,0.49,O-P,VS1,FALSE,900
2026-03-20T06:44:34.472Z,PB,3,0.4,0.49,O-P,SI3,FALSE,600
2026-03-20T06:44:34.472Z,PB,3,0.4,0.49,O-P,I1,FALSE,500
2026-03-20T06:44:34.472Z,PB,3,0.5,0.69,O-P,VVS1,FALSE,1300
2026-03-20T06:44:34.472Z,PB,3,0.5,0.69,O-P,VVS2,FALSE,1200
2026-03-20T06:44:34.472Z,PB,3,0.5,0.69,O-P,SI1,FALSE,1000
2026-03-20T06:44:34.472Z,PB,3,0.5,0.69,O-P,I3,FALSE,400
2026-03-20T06:44:34.472Z,PB,3,0.7,0.89,O-P,VS1,FALSE,1500
2026-03-20T06:44:34.472Z,PB,3,0.7,0.89,O-P,VS2,FALSE,1400
2026-03-20T06:44:34.472Z,PB,3,0.7,0.89,O-P,SI2,FALSE,1200
2026-03-20T06:44:34.472Z,PB,3,0.7,0.89,O-P,I3,FALSE,500
2026-03-20T06:44:34.472Z,PB,3,0.9,0.99,O-P,VVS2,FALSE,1800
2026-03-20T06:44:34.472Z,PB,3,0.9,0.99,O-P,VS1,FALSE,1700
2026-03-20T06:44:34.472Z,PB,3,1.5,1.99,O-P,IF,FALSE,3500
2026-03-20T06:44:34.472Z,PB,3,1.5,1.99,O-P,VVS1,FALSE,3300
2026-03-20T06:44:34.472Z,PB,3,1.5,1.99,O-P,VS1,FALSE,3100
2026-03-20T06:44:34.472Z,PB,3,1.5,1.99,O-P,VS2,FALSE,2900
2026-03-20T06:44:34.472Z,PB,3,1.5,1.99,O-P,I2,FALSE,1500
2026-03-20T06:44:34.472Z,PB,3,1.5,1.99,O-P,I3,FALSE,1000
2026-03-20T06:44:34.472Z,PB,3,2,2.99,O-P,IF,FALSE,4500
2026-03-20T06:44:34.472Z,PB,3,2,2.99,O-P,SI2,FALSE,3300
2026-03-20T06:44:34.472Z,PB,3,2,2.99,O-P,I3,FALSE,1000
2026-03-20T06:44:34.472Z,PB,3,3,3.99,O-P,IF,FALSE,6700
2026-03-20T06:44:34.472Z,PB,3,3,3.99,O-P,VVS2,FALSE,6000
2026-03-20T06:44:34.472Z,PB,3,4,4.99,O-P,VVS1,FALSE,7700
2026-03-20T06:44:34.472Z,PB,3,4,4.99,O-P,VVS2,FALSE,7400
2026-03-20T06:44:34.472Z,PB,3,4,4.99,O-P,SI1,FALSE,6400
2026-03-20T06:44:34.472Z,PB,3,4,4.99,O-P,I1,FALSE,3900
2026-03-20T06:44:34.472Z,PB,3,5,9.99,O-P,I1,FALSE,4600
2026-03-20T06:44:34.472Z,PB,3,5,9.99,O-P,I2,FALSE,2300
2026-03-20T06:44:34.472Z,PB,3,10,99,O-P,IF,FALSE,17500
2026-03-20T06:44:34.472Z,PB,3,10,99,O-P,VVS1,FALSE,16500
2026-03-20T06:44:34.472Z,PB,3,10,99,O-P,VS2,FALSE,13500
2026-03-20T06:44:34.472Z,PB,3,10,99,O-P,SI2,FALSE,11500
2026-03-20T06:44:34.472Z,PB,3,10,99,O-P,I1,FALSE,6400
2026-03-20T06:44:34.472Z,PB,3,0.3,0.39,Q-R,VVS2,FALSE,900
2026-03-20T06:44:34.472Z,PB,3,0.3,0.39,Q-R,SI3,FALSE,500
2026-03-20T06:44:34.472Z,PB,3,0.3,0.39,Q-R,I1,FALSE,400
2026-03-20T06:44:34.472Z,PB,3,0.3,0.39,Q-R,I3,FALSE,200
2026-03-20T06:44:34.472Z,PB,3,0.4,0.49,Q-R,IF,FALSE,1200
2026-03-20T06:44:34.472Z,PB,3,0.4,0.49,Q-R,VS1,FALSE,900
2026-03-20T06:44:34.472Z,PB,3,0.4,0.49,Q-R,I1,FALSE,500
2026-03-20T06:44:34.472Z,PB,3,0.4,0.49,Q-R,I2,FALSE,400
2026-03-20T06:44:34.472Z,PB,3,0.4,0.49,Q-R,I3,FALSE,300
2026-03-20T06:44:34.472Z,PB,3,0.5,0.69,Q-R,VS1,FALSE,1100
2026-03-20T06:44:34.472Z,PB,3,0.5,0.69,Q-R,SI3,FALSE,800
2026-03-20T06:44:34.472Z,PB,3,0.7,0.89,Q-R,VVS2,FALSE,1600
2026-03-20T06:44:34.472Z,PB,3,0.7,0.89,Q-R,I2,FALSE,700
2026-03-20T06:44:34.472Z,PB,3,0.7,0.89,Q-R,I3,FALSE,500
2026-03-20T06:44:34.472Z,PB,3,0.9,0.99,Q-R,IF,FALSE,2000
2026-03-20T06:44:34.472Z,PB,3,0.9,0.99,Q-R,VS2,FALSE,1600
2026-03-20T06:44:34.472Z,PB,3,1,1.49,K,VVS1,FALSE,3200
2026-03-20T06:44:34.472Z,PB,3,1,1.49,K,VVS2,FALSE,3000
2026-03-20T06:44:34.472Z,PB,3,1,1.49,K,VS2,FALSE,2600
2026-03-20T06:44:34.472Z,PB,3,1,1.49,K,I1,FALSE,1700
2026-03-20T06:44:34.472Z,PB,3,1,1.49,L,VVS2,FALSE,2500
2026-03-20T06:44:34.472Z,PB,3,1,1.49,L,SI2,FALSE,1900
2026-03-20T06:44:34.472Z,PB,3,1,1.49,M,VVS1,FALSE,2300
2026-03-20T06:44:34.472Z,PB,3,1,1.49,M,SI1,FALSE,1800
2026-03-20T06:44:34.472Z,PB,3,1.5,1.99,D,IF,FALSE,14100
2026-03-20T06:44:34.472Z,PB,3,1.5,1.99,D,VVS1,FALSE,13200
2026-03-20T06:44:34.472Z,PB,3,1.5,1.99,D,I1,FALSE,5100
2026-03-20T06:44:34.472Z,PB,3,1.5,1.99,E,SI1,FALSE,7600
2026-03-20T06:44:34.472Z,PB,3,1.5,1.99,F,SI1,FALSE,7200
2026-03-20T06:44:34.472Z,PB,3,1.5,1.99,F,SI2,FALSE,6000
2026-03-20T06:44:34.472Z,PB,3,1.5,1.99,F,I1,FALSE,4500
2026-03-20T06:44:34.472Z,PB,3,1.5,1.99,H,VVS2,FALSE,8400
2026-03-20T06:44:34.472Z,PB,3,1.5,1.99,H,VS2,FALSE,7100
2026-03-20T06:44:34.472Z,PB,3,1.5,1.99,J,VVS1,FALSE,6100
2026-03-20T06:44:34.472Z,PB,3,1.5,1.99,J,SI1,FALSE,4800
2026-03-20T06:44:34.472Z,PB,3,1.5,1.99,J,SI2,FALSE,4400
2026-03-20T06:44:34.472Z,PB,3,1.5,1.99,J,SI3,FALSE,3800
2026-03-20T06:44:34.472Z,PB,3,1.5,1.99,J,I1,FALSE,3300
2026-03-20T06:44:34.472Z,PB,3,1.5,1.99,J,I2,FALSE,2000
2026-03-20T06:44:34.472Z,PB,3,1.5,1.99,K,VS1,FALSE,4300
2026-03-20T06:44:34.472Z,PB,3,1.5,1.99,K,SI2,FALSE,3700
2026-03-20T06:44:34.472Z,PB,3,1.5,1.99,K,SI3,FALSE,3300
2026-03-20T06:44:34.472Z,PB,3,1.5,1.99,L,IF,FALSE,4100
2026-03-20T06:44:34.472Z,PB,3,1.5,1.99,L,SI1,FALSE,3200
2026-03-20T06:44:34.472Z,PB,3,1.5,1.99,L,I3,FALSE,1000
2026-03-20T06:44:34.472Z,PB,3,1.5,1.99,M,IF,FALSE,3500
2026-03-20T06:44:34.472Z,PB,3,2,2.99,D,VVS2,FALSE,18500
2026-03-20T06:44:34.472Z,PB,3,2,2.99,D,VS1,FALSE,17500
2026-03-20T06:44:34.472Z,PB,3,2,2.99,D,SI1,FALSE,13500
2026-03-20T06:44:34.472Z,PB,3,2,2.99,D,I2,FALSE,3000
2026-03-20T06:44:34.472Z,PB,3,2,2.99,E,IF,FALSE,20000
2026-03-20T06:44:34.472Z,PB,3,2,2.99,E,VS2,FALSE,15000
2026-03-20T06:44:34.472Z,PB,3,2,2.99,E,SI1,FALSE,12500
2026-03-20T06:44:34.472Z,PB,3,2,2.99,E,SI2,FALSE,9600
2026-03-20T06:44:34.472Z,PB,3,2,2.99,E,I2,FALSE,2900
2026-03-20T06:44:34.472Z,PB,3,2,2.99,F,IF,FALSE,18500
2026-03-20T06:44:34.472Z,PB,3,2,2.99,F,VS2,FALSE,14000
2026-03-20T06:44:34.472Z,PB,3,2,2.99,F,I2,FALSE,2800
2026-03-20T06:44:34.472Z,PB,3,2,2.99,G,I1,FALSE,5500
2026-03-20T06:44:34.472Z,PB,3,2,2.99,H,VS2,FALSE,11000
2026-03-20T06:44:34.472Z,PB,3,2,2.99,I,SI1,FALSE,8500
2026-03-20T06:44:34.472Z,PB,3,2,2.99,I,SI3,FALSE,5700
2026-03-20T06:44:34.472Z,PB,3,2,2.99,I,I1,FALSE,4800
2026-03-20T06:44:34.472Z,PB,3,2,2.99,I,I3,FALSE,1200
2026-03-20T06:44:34.472Z,PB,3,2,2.99,J,VVS1,FALSE,8400
2026-03-20T06:44:34.472Z,PB,3,2,2.99,J,SI1,FALSE,7000
2026-03-20T06:44:34.472Z,PB,3,2,2.99,J,I3,FALSE,1200
2026-03-20T06:44:34.472Z,PB,3,2,2.99,K,IF,FALSE,7000
2026-03-20T06:44:34.472Z,PB,3,2,2.99,K,VVS2,FALSE,6300
2026-03-20T06:44:34.472Z,PB,3,2,2.99,K,SI3,FALSE,4300
2026-03-20T06:44:34.472Z,PB,3,2,2.99,K,I2,FALSE,2100
2026-03-20T06:44:34.472Z,PB,3,2,2.99,L,VS1,FALSE,4700
2026-03-20T06:44:34.472Z,PB,3,2,2.99,L,I1,FALSE,3300
2026-03-20T06:44:34.472Z,PB,3,2,2.99,L,I3,FALSE,1100
2026-03-20T06:44:34.472Z,PB,3,2,2.99,M,VVS2,FALSE,4000
2026-03-20T06:44:34.472Z,PB,3,2,2.99,M,I2,FALSE,1800
2026-03-20T06:44:34.472Z,PB,3,2,2.99,M,I3,FALSE,1000
2026-03-20T06:44:34.472Z,PB,3,3,3.99,D,VVS1,FALSE,35500
2026-03-20T06:44:34.472Z,PB,3,3,3.99,D,VS1,FALSE,30000
2026-03-20T06:44:34.472Z,PB,3,3,3.99,D,VS2,FALSE,27000
2026-03-20T06:44:34.472Z,PB,3,3,3.99,D,SI2,FALSE,18000
2026-03-20T06:44:34.472Z,PB,3,3,3.99,E,SI3,FALSE,11200
2026-03-20T06:44:34.472Z,PB,3,3,3.99,F,SI2,FALSE,16000
2026-03-20T06:44:34.472Z,PB,3,3,3.99,F,SI3,FALSE,10400
2026-03-20T06:44:34.472Z,PB,3,3,3.99,F,I2,FALSE,3000
2026-03-20T06:44:34.472Z,PB,3,3,3.99,G,VVS2,FALSE,24500
2026-03-20T06:44:34.472Z,PB,3,3,3.99,G,I2,FALSE,2900
2026-03-20T06:44:34.472Z,PB,3,3,3.99,H,VVS2,FALSE,21000
2026-03-20T06:44:34.472Z,PB,3,3,3.99,H,SI2,FALSE,14000
2026-03-20T06:44:34.472Z,PB,3,3,3.99,H,SI3,FALSE,8800
2026-03-20T06:44:34.472Z,PB,3,3,3.99,J,IF,FALSE,15400
2026-03-20T06:44:34.472Z,PB,3,3,3.99,J,VVS1,FALSE,14200
2026-03-20T06:44:34.472Z,PB,3,3,3.99,J,VS1,FALSE,12700
2026-03-20T06:44:34.472Z,PB,3,3,3.99,J,SI1,FALSE,11100
2026-03-20T06:44:34.472Z,PB,3,3,3.99,J,I1,FALSE,5400
2026-03-20T06:44:34.472Z,PB,3,3,3.99,K,VVS1,FALSE,11100
2026-03-20T06:44:34.472Z,PB,3,3,3.99,L,IF,FALSE,8900
2026-03-20T06:44:34.472Z,PB,3,3,3.99,L,SI2,FALSE,6200
2026-03-20T06:44:34.472Z,PB,3,3,3.99,L,I3,FALSE,1200
2026-03-20T06:44:34.472Z,PB,3,3,3.99,M,VVS2,FALSE,6000
2026-03-20T06:44:34.472Z,PB,3,3,3.99,M,I2,FALSE,2100
2026-03-20T06:44:34.472Z,PB,3,4,4.99,D,SI3,FALSE,13700
2026-03-20T06:44:34.472Z,PB,3,4,4.99,E,VS1,FALSE,37500
2026-03-20T06:44:34.472Z,PB,3,4,4.99,E,VS2,FALSE,34500
2026-03-20T06:44:34.472Z,PB,3,4,4.99,E,SI1,FALSE,26500
2026-03-20T06:44:34.472Z,PB,3,4,4.99,E,SI2,FALSE,20000
2026-03-20T06:44:34.472Z,PB,3,4,4.99,F,VVS1,FALSE,39000
2026-03-20T06:44:34.472Z,PB,3,4,4.99,F,VVS2,FALSE,37000
2026-03-20T06:44:34.472Z,PB,3,4,4.99,F,SI1,FALSE,25000
2026-03-20T06:44:34.472Z,PB,3,4,4.99,F,I3,FALSE,1600
2026-03-20T06:44:34.472Z,PB,3,4,4.99,G,VS1,FALSE,30000
2026-03-20T06:44:34.472Z,PB,3,4,4.99,G,VS2,FALSE,27500
2026-03-20T06:44:34.472Z,PB,3,4,4.99,G,SI2,FALSE,18000
2026-03-20T06:44:34.472Z,PB,3,4,4.99,G,I1,FALSE,7700
2026-03-20T06:44:34.472Z,PB,3,4,4.99,G,I2,FALSE,3200
2026-03-20T06:44:34.472Z,PB,3,4,4.99,H,I3,FALSE,1500
2026-03-20T06:44:34.472Z,PB,3,4,4.99,I,IF,FALSE,25000
2026-03-20T06:44:34.472Z,PB,3,4,4.99,J,VS2,FALSE,15500
2026-03-20T06:44:34.472Z,PB,3,4,4.99,J,SI3,FALSE,8100
2026-03-20T06:44:34.472Z,PB,3,4,4.99,J,I3,FALSE,1400
2026-03-20T06:44:34.472Z,PB,3,4,4.99,K,VVS2,FALSE,13900
2026-03-20T06:44:34.472Z,PB,3,4,4.99,L,VS1,FALSE,9500
2026-03-20T06:44:34.472Z,PB,3,4,4.99,L,VS2,FALSE,9000
2026-03-20T06:44:34.472Z,PB,3,4,4.99,L,SI3,FALSE,5800
2026-03-20T06:44:34.472Z,PB,3,4,4.99,L,I1,FALSE,4800
2026-03-20T06:44:34.472Z,PB,3,4,4.99,M,VVS2,FALSE,7400
2026-03-20T06:44:34.472Z,PB,3,4,4.99,M,SI2,FALSE,6100
2026-03-20T06:44:34.472Z,PB,3,4,4.99,M,I3,FALSE,1200
2026-03-20T06:44:34.472Z,PB,3,5,9.99,D,VVS1,FALSE,63500
2026-03-20T06:44:34.472Z,PB,3,5,9.99,D,I1,FALSE,10500
2026-03-20T06:44:34.472Z,PB,3,5,9.99,E,IF,FALSE,63000
2026-03-20T06:44:34.472Z,PB,3,5,9.99,E,VVS1,FALSE,58000
2026-03-20T06:44:34.472Z,PB,3,5,9.99,E,VS1,FALSE,52500
2026-03-20T06:44:34.472Z,PB,3,5,9.99,E,VS2,FALSE,45500
2026-03-20T06:44:34.472Z,PB,3,5,9.99,E,SI1,FALSE,35000
2026-03-20T06:44:34.472Z,PB,3,5,9.99,E,SI2,FALSE,25000
2026-03-20T06:44:34.472Z,PB,3,5,9.99,E,SI3,FALSE,13900
2026-03-20T06:44:34.472Z,PB,3,5,9.99,E,I1,FALSE,9500
2026-03-20T06:44:34.472Z,PB,3,5,9.99,F,VVS1,FALSE,53500
2026-03-20T06:44:34.472Z,PB,3,5,9.99,F,VVS2,FALSE,51000
2026-03-20T06:44:34.472Z,PB,3,5,9.99,G,IF,FALSE,50000
2026-03-20T06:44:34.472Z,PB,3,5,9.99,G,VVS2,FALSE,44500
2026-03-20T06:44:34.472Z,PB,3,5,9.99,G,SI2,FALSE,22000
2026-03-20T06:44:34.472Z,PB,3,5,9.99,H,IF,FALSE,42000
2026-03-20T06:44:34.472Z,RBC,3,1.5,1.99,W-X,VS1,FALSE,3600
2026-03-20T06:44:34.472Z,RBC,3,1.5,1.99,W-X,SI2,FALSE,3000
2026-03-20T06:44:34.472Z,RBC,3,1.5,1.99,W-X,I3,FALSE,1200
2026-03-20T06:44:34.472Z,RBC,3,2,2.99,W-X,VVS1,FALSE,6300
2026-03-20T06:44:34.472Z,RBC,3,2,2.99,W-X,VVS2,FALSE,5700
2026-03-20T06:44:34.472Z,RBC,3,3,3.99,W-X,IF,FALSE,9500
2026-03-20T06:44:34.472Z,RBC,3,3,3.99,W-X,SI1,FALSE,7500
2026-03-20T06:44:34.472Z,RBC,3,3,3.99,W-X,I1,FALSE,4700
2026-03-20T06:44:34.472Z,RBC,3,4,4.99,W-X,VS1,FALSE,10000
2026-03-20T06:44:34.472Z,RBC,3,4,4.99,W-X,SI3,FALSE,6500
2026-03-20T06:44:34.472Z,RBC,3,5,9.99,W-X,VVS2,FALSE,13000
2026-03-20T06:44:34.472Z,RBC,3,0.3,0.39,Y-Z,IF,FALSE,1000
2026-03-20T06:44:34.472Z,RBC,3,0.3,0.39,Y-Z,VS1,FALSE,800
2026-03-20T06:44:34.472Z,RBC,3,0.3,0.39,Y-Z,SI2,FALSE,700
2026-03-20T06:44:34.472Z,RBC,3,0.3,0.39,Y-Z,I2,FALSE,400
2026-03-20T06:44:34.472Z,RBC,3,0.4,0.49,Y-Z,VVS2,FALSE,1000
2026-03-20T06:44:34.472Z,RBC,3,0.4,0.49,Y-Z,VS2,FALSE,900
2026-03-20T06:44:34.472Z,RBC,3,0.4,0.49,Y-Z,SI1,FALSE,900
2026-03-20T06:44:34.472Z,RBC,3,0.4,0.49,Y-Z,I1,FALSE,600
2026-03-20T06:44:34.472Z,RBC,3,0.4,0.49,Y-Z,I2,FALSE,500
2026-03-20T06:44:34.472Z,RBC,3,0.5,0.69,Y-Z,VVS1,FALSE,1300
2026-03-20T06:44:34.472Z,RBC,3,0.5,0.69,Y-Z,VS2,FALSE,1000
2026-03-20T06:44:34.472Z,RBC,3,0.5,0.69,Y-Z,SI2,FALSE,900
2026-03-20T06:44:34.472Z,RBC,3,0.5,0.69,Y-Z,SI3,FALSE,900
2026-03-20T06:44:34.472Z,RBC,3,0.7,0.89,Y-Z,SI2,FALSE,1100
2026-03-20T06:44:34.472Z,RBC,3,0.7,0.89,Y-Z,I3,FALSE,600
2026-03-20T06:44:34.472Z,RBC,3,0.9,0.99,Y-Z,VVS1,FALSE,2200
2026-03-20T06:44:34.472Z,RBC,3,0.9,0.99,Y-Z,VVS2,FALSE,2000
2026-03-20T06:44:34.472Z,RBC,3,0.9,0.99,Y-Z,SI2,FALSE,1500
2026-03-20T06:44:34.472Z,RBC,3,0.9,0.99,Y-Z,I2,FALSE,1100
2026-03-20T06:44:34.472Z,RBC,3,1,1.49,Y-Z,VVS2,FALSE,2400
2026-03-20T06:44:34.472Z,RBC,3,1,1.49,Y-Z,I1,FALSE,1600
2026-03-20T06:44:34.472Z,RBC,3,1,1.49,Y-Z,I2,FALSE,1600
2026-03-20T06:44:34.472Z,RBC,3,1,1.49,Y-Z,I3,FALSE,1000
2026-03-20T06:44:34.472Z,RBC,3,1.5,1.99,Y-Z,I1,FALSE,2700
2026-03-20T06:44:34.472Z,RBC,3,1.5,1.99,Y-Z,I3,FALSE,1200
2026-03-20T06:44:34.472Z,RBC,3,2,2.99,Y-Z,IF,FALSE,6800
2026-03-20T06:44:34.472Z,RBC,3,2,2.99,Y-Z,VS1,FALSE,5400
2026-03-20T06:44:34.472Z,RBC,3,2,2.99,Y-Z,VS2,FALSE,4800
2026-03-20T06:44:34.472Z,RBC,3,2,2.99,Y-Z,SI1,FALSE,4500
2026-03-20T06:44:34.472Z,RBC,3,3,3.99,Y-Z,SI1,FALSE,7500
2026-03-20T06:44:34.472Z,RBC,3,4,4.99,Y-Z,IF,FALSE,12500
2026-03-20T06:44:34.472Z,RBC,3,4,4.99,Y-Z,VS2,FALSE,9500
2026-03-20T06:44:34.472Z,RBC,3,4,4.99,Y-Z,SI3,FALSE,6500
2026-03-20T06:44:34.472Z,RBC,3,5,9.99,Y-Z,VVS1,FALSE,14000
2026-03-20T06:44:34.472Z,RBC,3,5,9.99,Y-Z,VS1,FALSE,12500
2026-03-20T06:44:34.472Z,RBC,3,5,9.99,Y-Z,VS2,FALSE,12000
2026-03-20T06:44:34.472Z,RBC,3,5,9.99,Y-Z,SI1,FALSE,11000
2026-03-20T06:44:34.472Z,RBC,3,5,9.99,Y-Z,SI3,FALSE,8000
2026-03-20T06:44:34.472Z,RBC,3,5,9.99,Y-Z,I3,FALSE,1600
2026-03-20T06:44:34.472Z,RBC,3,10,99,Y-Z,VVS1,FALSE,21000
2026-03-20T06:44:34.472Z,PB,3,0.18,0.22,D,VVS1,TRUE,1370
2026-03-20T06:44:34.472Z,PB,3,0.18,0.22,D,VS1,TRUE,1160
2026-03-20T06:44:34.472Z,PB,3,0.18,0.22,D,SI2,TRUE,850
2026-03-20T06:44:34.472Z,PB,3,0.18,0.22,D,I2,TRUE,450
2026-03-20T06:44:34.472Z,PB,3,0.18,0.22,E,VVS1,TRUE,1370
2026-03-20T06:44:34.472Z,PB,3,0.18,0.22,E,VS1,TRUE,1160
2026-03-20T06:44:34.472Z,PB,3,0.18,0.22,E,VS2,TRUE,1160
2026-03-20T06:44:34.472Z,PB,3,0.18,0.22,E,SI1,TRUE,1000
2026-03-20T06:44:34.472Z,PB,3,0.18,0.22,E,I3,TRUE,360
2026-03-20T06:44:34.472Z,PB,3,0.18,0.22,F,VVS1,TRUE,1370
2026-03-20T06:44:34.472Z,PB,3,0.18,0.22,F,SI3,TRUE,710
2026-03-20T06:44:34.472Z,PB,3,0.18,0.22,G,VS1,TRUE,1020
2026-03-20T06:44:34.472Z,PB,3,0.18,0.22,G,SI3,TRUE,630
2026-03-20T06:44:34.472Z,PB,3,5,9.99,H,VS1,FALSE,33500
2026-03-20T06:44:34.472Z,PB,3,5,9.99,H,VS2,FALSE,30000
2026-03-20T06:44:34.472Z,PB,3,5,9.99,H,SI1,FALSE,25000
2026-03-20T06:44:34.472Z,PB,3,5,9.99,H,SI3,FALSE,11800
2026-03-20T06:44:34.472Z,PB,3,5,9.99,I,VS1,FALSE,25500
2026-03-20T06:44:34.472Z,PB,3,5,9.99,I,VS2,FALSE,23500
2026-03-20T06:44:34.472Z,PB,3,5,9.99,I,SI3,FALSE,10700
2026-03-20T06:44:34.472Z,PB,3,5,9.99,J,VVS1,FALSE,23000
2026-03-20T06:44:34.472Z,PB,3,5,9.99,J,I3,FALSE,1500
2026-03-20T06:44:34.472Z,PB,3,5,9.99,K,VVS2,FALSE,17500
2026-03-20T06:44:34.472Z,PB,3,5,9.99,K,SI1,FALSE,14500
2026-03-20T06:44:34.472Z,PB,3,5,9.99,K,SI2,FALSE,13500
2026-03-20T06:44:34.472Z,PB,3,5,9.99,L,VS2,FALSE,12500
2026-03-20T06:44:34.472Z,PB,3,5,9.99,L,SI1,FALSE,12000
2026-03-20T06:44:34.472Z,PB,3,5,9.99,L,I1,FALSE,5600
2026-03-20T06:44:34.472Z,PB,3,5,9.99,L,I2,FALSE,2400
2026-03-20T06:44:34.472Z,PB,3,5,9.99,M,VVS1,FALSE,11000
2026-03-20T06:44:34.472Z,PB,3,10,99,D,IF,FALSE,132000
2026-03-20T06:44:34.472Z,PB,3,10,99,E,VVS2,FALSE,90500
2026-03-20T06:44:34.472Z,PB,3,10,99,E,SI2,FALSE,39000
2026-03-20T06:44:34.472Z,PB,3,10,99,E,I1,FALSE,11700
2026-03-20T06:44:34.472Z,PB,3,10,99,F,IF,FALSE,94500
2026-03-20T06:44:34.472Z,PB,3,10,99,G,VVS1,FALSE,74500
2026-03-20T06:44:34.472Z,PB,3,10,99,G,VVS2,FALSE,69500
2026-03-20T06:44:34.472Z,PB,3,10,99,G,VS2,FALSE,57500
2026-03-20T06:44:34.472Z,PB,3,10,99,G,SI2,FALSE,34000
2026-03-20T06:44:34.472Z,PB,3,10,99,G,I1,FALSE,10600
2026-03-20T06:44:34.472Z,PB,3,10,99,H,VS2,FALSE,46500
2026-03-20T06:44:34.472Z,PB,3,10,99,H,SI2,FALSE,30500
2026-03-20T06:44:34.472Z,PB,3,10,99,H,I3,FALSE,1900
2026-03-20T06:44:34.472Z,PB,3,10,99,I,I2,FALSE,4200
2026-03-20T06:44:34.472Z,PB,3,10,99,J,VVS1,FALSE,37000
2026-03-20T06:44:34.472Z,PB,3,10,99,J,VVS2,FALSE,34500
2026-03-20T06:44:34.472Z,PB,3,10,99,J,SI3,FALSE,13500
2026-03-20T06:44:34.472Z,PB,3,10,99,J,I1,FALSE,9100
2026-03-20T06:44:34.472Z,PB,3,10,99,J,I2,FALSE,4000
2026-03-20T06:44:34.472Z,PB,3,10,99,J,I3,FALSE,1700
2026-03-20T06:44:34.472Z,PB,3,10,99,K,SI3,FALSE,12000
2026-03-20T06:44:34.472Z,PB,3,10,99,K,I2,FALSE,3800
2026-03-20T06:44:34.472Z,PB,3,10,99,L,VVS1,FALSE,21500
2026-03-20T06:44:34.472Z,PB,3,10,99,L,SI2,FALSE,14000
2026-03-20T06:44:34.472Z,PB,3,10,99,M,IF,FALSE,17500
2026-03-20T06:44:34.472Z,PB,3,10,99,M,VVS1,FALSE,16500
2026-03-20T06:44:34.472Z,PB,3,10,99,M,VVS2,FALSE,15500
2026-03-20T06:44:34.472Z,PB,3,10,99,M,SI1,FALSE,12500
2026-03-20T06:44:34.472Z,PB,3,0.3,0.39,N,VVS2,TRUE,900
2026-03-20T06:44:34.472Z,PB,3,0.4,0.49,N,VS1,TRUE,900
2026-03-20T06:44:34.472Z,PB,3,0.4,0.49,N,SI1,TRUE,800
2026-03-20T06:44:34.472Z,PB,3,0.4,0.49,N,SI2,TRUE,700
2026-03-20T06:44:34.472Z,PB,3,0.5,0.69,N,VVS2,TRUE,1200
2026-03-20T06:44:34.472Z,PB,3,0.5,0.69,N,I1,TRUE,700
2026-03-20T06:44:34.472Z,PB,3,0.5,0.69,N,I2,TRUE,600
2026-03-20T06:44:34.472Z,PB,3,0.7,0.89,N,SI3,TRUE,1100
2026-03-20T06:44:34.472Z,PB,3,0.7,0.89,N,I3,FALSE,500
2026-03-20T06:44:34.472Z,PB,3,0.9,0.99,N,VVS1,TRUE,1900
2026-03-20T06:44:34.472Z,PB,3,0.9,0.99,N,VS1,TRUE,1700
2026-03-20T06:44:34.472Z,PB,3,0.9,0.99,N,I2,FALSE,900
2026-03-20T06:44:34.472Z,PB,3,1,1.49,N,VVS1,FALSE,2300
2026-03-20T06:44:34.472Z,PB,3,1,1.49,N,I3,FALSE,800
2026-03-20T06:44:34.472Z,PB,3,1.5,1.99,N,I1,FALSE,2200
2026-03-20T06:44:34.472Z,PB,3,2,2.99,N,VS1,FALSE,3800
2026-03-20T06:44:34.472Z,PB,3,2,2.99,N,SI2,FALSE,3300
2026-03-20T06:44:34.472Z,PB,3,2,2.99,N,SI3,FALSE,2900
2026-03-20T06:44:34.472Z,PB,3,3,3.99,N,VVS2,FALSE,6000
2026-03-20T06:44:34.472Z,PB,3,0.18,0.22,G,I2,TRUE,400
2026-03-20T06:44:34.472Z,PB,3,0.18,0.22,H,IF,TRUE,1210
2026-03-20T06:44:34.472Z,PB,3,0.18,0.22,J,VS2,TRUE,850
2026-03-20T06:44:34.472Z,PB,3,0.18,0.22,J,SI2,TRUE,650
2026-03-20T06:44:34.472Z,PB,3,0.18,0.22,J,I2,TRUE,350
2026-03-20T06:44:34.472Z,PB,3,0.18,0.22,K,VS2,TRUE,650
2026-03-20T06:44:34.472Z,PB,3,0.18,0.22,K,SI3,TRUE,420
2026-03-20T06:44:34.472Z,PB,3,0.18,0.22,L,SI1,TRUE,570
2026-03-20T06:44:34.472Z,PB,3,0.18,0.22,M,VVS2,TRUE,600
2026-03-20T06:44:34.472Z,PB,3,0.18,0.22,M,VS1,TRUE,510
2026-03-20T06:44:34.472Z,PB,3,0.18,0.22,M,SI3,TRUE,320
2026-03-20T06:44:34.472Z,PB,3,0.18,0.22,N,VS1,TRUE,510
2026-03-20T06:44:34.472Z,PB,3,0.18,0.22,N,VS2,TRUE,510
2026-03-20T06:44:34.472Z,PB,3,0.18,0.22,N,I2,TRUE,200
2026-03-20T06:44:34.472Z,PB,3,0.23,0.29,D,IF,TRUE,1610
2026-03-20T06:44:34.472Z,PB,3,0.23,0.29,D,VVS1,TRUE,1610
2026-03-20T06:44:34.472Z,PB,3,0.23,0.29,D,VS1,TRUE,1400
2026-03-20T06:44:34.472Z,PB,3,0.23,0.29,D,SI2,TRUE,970
2026-03-20T06:44:34.472Z,PB,3,0.23,0.29,E,SI2,TRUE,970
2026-03-20T06:44:34.472Z,PB,3,0.23,0.29,E,SI3,FALSE,820
2026-03-20T06:44:34.472Z,PB,3,0.23,0.29,E,I1,FALSE,660
2026-03-20T06:44:34.472Z,PB,3,0.23,0.29,E,I2,FALSE,510
2026-03-20T06:44:34.472Z,PB,3,0.23,0.29,F,VVS2,TRUE,1610
2026-03-20T06:44:34.472Z,PB,3,0.23,0.29,F,VS1,TRUE,1400
2026-03-20T06:44:34.472Z,PB,3,0.23,0.29,F,I2,FALSE,510
2026-03-20T06:44:34.472Z,PB,3,0.23,0.29,F,I3,FALSE,400
2026-03-20T06:44:34.472Z,PB,3,0.23,0.29,G,VS1,TRUE,1210
2026-03-20T06:44:34.472Z,PB,3,0.23,0.29,G,SI1,TRUE,990
2026-03-20T06:44:34.472Z,PB,3,0.23,0.29,G,I1,FALSE,570
2026-03-20T06:44:34.472Z,PB,3,0.23,0.29,H,SI2,TRUE,840
2026-03-20T06:44:34.472Z,PB,3,0.23,0.29,H,I3,FALSE,350
2026-03-20T06:44:34.472Z,PB,3,0.23,0.29,I,VVS2,TRUE,1180
2026-03-20T06:44:34.472Z,PB,3,0.23,0.29,I,VS2,TRUE,1020
2026-03-20T06:44:34.472Z,PB,3,0.23,0.29,I,I1,FALSE,490
2026-03-20T06:44:34.472Z,PB,3,0.23,0.29,I,I2,FALSE,390
2026-03-20T06:44:34.472Z,PB,3,0.23,0.29,J,VVS2,TRUE,1180
2026-03-20T06:44:34.472Z,PB,3,0.23,0.29,J,VS1,TRUE,1020
2026-03-20T06:44:34.472Z,PB,3,0.23,0.29,J,VS2,TRUE,1020
2026-03-20T06:44:34.472Z,PB,3,0.23,0.29,J,SI2,TRUE,720
2026-03-20T06:44:34.472Z,PB,3,0.23,0.29,J,I1,FALSE,490
2026-03-20T06:44:34.472Z,PB,3,0.23,0.29,J,I3,FALSE,300
2026-03-20T06:44:34.472Z,PB,3,0.23,0.29,K,IF,FALSE,940
2026-03-20T06:44:34.472Z,PB,3,0.23,0.29,K,VVS1,FALSE,940
2026-03-20T06:44:34.472Z,PB,3,0.23,0.29,K,VVS2,FALSE,940
2026-03-20T06:44:34.472Z,PB,3,0.23,0.29,K,VS2,FALSE,820
2026-03-20T06:44:34.472Z,PB,3,0.23,0.29,L,VS1,FALSE,820
2026-03-20T06:44:34.472Z,PB,3,0.23,0.29,M,VVS2,FALSE,780
2026-03-20T06:44:34.472Z,PB,3,0.23,0.29,M,SI1,FALSE,550
2026-03-20T06:44:34.472Z,PB,3,0.23,0.29,M,I2,FALSE,240
2026-03-20T06:44:34.472Z,PB,3,0.23,0.29,N,SI2,FALSE,480
2026-03-20T06:44:34.472Z,PB,3,0.23,0.29,N,I2,FALSE,240
2026-03-20T06:44:34.472Z,PB,3,0.23,0.29,N,I3,FALSE,170
2026-03-20T06:44:34.472Z,PB,3,0.3,0.39,D,VS1,TRUE,1900
2026-03-20T06:44:34.472Z,PB,3,0.3,0.39,D,VS2,TRUE,1800
2026-03-20T06:44:34.472Z,PB,3,0.3,0.39,D,I1,TRUE,1000
2026-03-20T06:44:34.472Z,PB,3,0.3,0.39,E,VS1,TRUE,1800
2026-03-20T06:44:34.472Z,PB,3,0.3,0.39,E,VS2,TRUE,1700
2026-03-20T06:44:34.472Z,PB,3,0.3,0.39,E,SI1,TRUE,1500
2026-03-20T06:44:34.472Z,PB,3,0.3,0.39,E,SI2,TRUE,1300
2026-03-20T06:44:34.472Z,PB,3,0.3,0.39,F,IF,TRUE,2100
2026-03-20T06:44:34.472Z,PB,3,0.3,0.39,F,I3,FALSE,500
2026-03-20T06:44:34.472Z,PB,3,0.3,0.39,G,IF,TRUE,1900
2026-03-20T06:44:34.472Z,PB,3,0.3,0.39,G,SI3,TRUE,900
2026-03-20T06:44:34.472Z,PB,3,0.3,0.39,H,VVS1,TRUE,1700
2026-03-20T06:44:34.472Z,PB,3,4,4.99,I,VVS1,FALSE,23500
2026-03-20T06:44:34.472Z,PB,3,4,4.99,I,SI1,FALSE,17500
2026-03-20T06:44:34.472Z,PB,3,4,4.99,J,VVS2,FALSE,17500
2026-03-20T06:44:34.472Z,PB,3,4,4.99,J,SI1,FALSE,14500
2026-03-20T06:44:34.472Z,PB,3,4,4.99,J,I1,FALSE,6100
2026-03-20T06:44:34.472Z,PB,3,4,4.99,K,VS2,FALSE,12300
2026-03-20T06:44:34.472Z,PB,3,4,4.99,K,I2,FALSE,2500
2026-03-20T06:44:34.472Z,PB,3,4,4.99,L,I3,FALSE,1300
2026-03-20T06:44:34.472Z,PB,3,4,4.99,M,IF,FALSE,8100
2026-03-20T06:44:34.472Z,PB,3,4,4.99,M,VVS1,FALSE,7700
2026-03-20T06:44:34.472Z,PB,3,4,4.99,M,VS1,FALSE,7100
2026-03-20T06:44:34.472Z,PB,3,5,9.99,D,I2,FALSE,4300
2026-03-20T06:44:34.472Z,PB,3,5,9.99,E,VVS2,FALSE,55000
2026-03-20T06:44:34.472Z,PB,3,5,9.99,E,I2,FALSE,4000
2026-03-20T06:44:34.472Z,PB,3,5,9.99,G,VS1,FALSE,42500
2026-03-20T06:44:34.472Z,PB,3,5,9.99,G,VS2,FALSE,36500
2026-03-20T06:44:34.472Z,PB,3,5,9.99,G,SI3,FALSE,12400
2026-03-20T06:44:34.472Z,PB,3,5,9.99,H,VVS1,FALSE,38500
2026-03-20T06:44:34.472Z,PB,3,5,9.99,H,VVS2,FALSE,36500
2026-03-20T06:44:34.472Z,PB,3,5,9.99,H,SI2,FALSE,20500
2026-03-20T06:44:34.472Z,PB,3,5,9.99,H,I1,FALSE,8100
2026-03-20T06:44:34.472Z,PB,3,5,9.99,H,I3,FALSE,1600
2026-03-20T06:44:34.472Z,PB,3,5,9.99,I,IF,FALSE,32500
2026-03-20T06:44:34.472Z,PB,3,5,9.99,I,VVS2,FALSE,27500
2026-03-20T06:44:34.472Z,PB,3,5,9.99,J,VVS2,FALSE,21500
2026-03-20T06:44:34.472Z,PB,3,5,9.99,K,IF,FALSE,19500
2026-03-20T06:44:34.472Z,PB,3,5,9.99,K,VVS1,FALSE,18500
2026-03-20T06:44:34.472Z,PB,3,5,9.99,K,VS1,FALSE,16500
2026-03-20T06:44:34.472Z,PB,3,5,9.99,K,SI3,FALSE,8800
2026-03-20T06:44:34.472Z,PB,3,5,9.99,L,VVS1,FALSE,14000
2026-03-20T06:44:34.472Z,PB,3,5,9.99,L,VS1,FALSE,13000
2026-03-20T06:44:34.472Z,PB,3,5,9.99,L,I3,FALSE,1400
2026-03-20T06:44:34.472Z,PB,3,5,9.99,M,VS2,FALSE,9000
2026-03-20T06:44:34.472Z,PB,3,5,9.99,M,I3,FALSE,1300
2026-03-20T06:44:34.472Z,PB,3,10,99,D,VVS2,FALSE,99000
2026-03-20T06:44:34.472Z,PB,3,10,99,D,VS2,FALSE,79500
2026-03-20T06:44:34.472Z,PB,3,10,99,D,SI1,FALSE,57500
2026-03-20T06:44:34.472Z,PB,3,10,99,D,SI3,FALSE,20500
2026-03-20T06:44:34.472Z,PB,3,10,99,E,IF,FALSE,107000
2026-03-20T06:44:34.472Z,PB,3,10,99,E,SI3,FALSE,19500
2026-03-20T06:44:34.472Z,PB,3,10,99,F,VVS1,FALSE,88500
2026-03-20T06:44:34.472Z,PB,3,10,99,F,VVS2,FALSE,83500
2026-03-20T06:44:34.472Z,PB,3,10,99,F,SI2,FALSE,36500
2026-03-20T06:44:34.472Z,PB,3,10,99,F,SI3,FALSE,18500
2026-03-20T06:44:34.472Z,PB,3,10,99,G,IF,FALSE,79000
2026-03-20T06:44:34.472Z,PB,3,10,99,G,VS1,FALSE,65000
2026-03-20T06:44:34.472Z,PB,3,10,99,H,IF,FALSE,65500
2026-03-20T06:44:34.472Z,PB,3,10,99,H,VVS2,FALSE,57000
2026-03-20T06:44:34.472Z,PB,3,10,99,H,SI1,FALSE,39500
2026-03-20T06:44:34.472Z,PB,3,10,99,H,I2,FALSE,4400
2026-03-20T06:44:34.472Z,PB,3,10,99,I,VS1,FALSE,40500
2026-03-20T06:44:34.472Z,PB,3,10,99,I,SI1,FALSE,33000
2026-03-20T06:44:34.472Z,PB,3,10,99,I,SI2,FALSE,26000
2026-03-20T06:44:34.472Z,PB,3,10,99,I,I1,FALSE,9700
2026-03-20T06:44:34.472Z,PB,3,10,99,J,IF,FALSE,39500
2026-03-20T06:44:34.472Z,PB,3,10,99,J,VS1,FALSE,31500
2026-03-20T06:44:34.472Z,PB,3,10,99,J,VS2,FALSE,28500
2026-03-20T06:44:34.472Z,PB,3,10,99,J,SI1,FALSE,25500
2026-03-20T06:44:34.472Z,PB,3,10,99,K,VVS1,FALSE,29500
2026-03-20T06:44:34.472Z,PB,3,10,99,K,VS2,FALSE,23000
2026-03-20T06:44:34.472Z,PB,3,10,99,L,VVS2,FALSE,20500
2026-03-20T06:44:34.472Z,PB,3,10,99,M,I2,FALSE,3300
2026-03-20T06:44:34.472Z,PB,3,10,99,M,I3,FALSE,1500
2026-03-20T06:44:34.472Z,PB,3,0.3,0.39,N,IF,FALSE,900
2026-03-20T06:44:34.472Z,PB,3,0.3,0.39,H,SI1,TRUE,1200
2026-03-20T06:44:34.472Z,PB,3,0.3,0.39,H,I2,TRUE,600
2026-03-20T06:44:34.472Z,PB,3,0.3,0.39,I,SI3,TRUE,800
2026-03-20T06:44:34.472Z,PB,3,0.3,0.39,J,IF,TRUE,1400
2026-03-20T06:44:34.472Z,PB,3,0.3,0.39,J,VS1,TRUE,1100
2026-03-20T06:44:34.472Z,PB,3,0.3,0.39,J,SI1,TRUE,900
2026-03-20T06:44:34.472Z,PB,3,0.3,0.39,K,VVS1,TRUE,1100
2026-03-20T06:44:34.472Z,PB,3,0.3,0.39,K,SI1,TRUE,800
2026-03-20T06:44:34.472Z,PB,3,0.3,0.39,L,VS1,TRUE,800
2026-03-20T06:44:34.472Z,PB,3,0.3,0.39,L,VS2,TRUE,800
2026-03-20T06:44:34.472Z,PB,3,0.3,0.39,M,IF,FALSE,900
2026-03-20T06:44:34.472Z,PB,3,0.3,0.39,M,VS2,TRUE,800
2026-03-20T06:44:34.472Z,PB,3,0.4,0.49,D,IF,TRUE,2900
2026-03-20T06:44:34.472Z,PB,3,0.4,0.49,D,SI3,TRUE,1400
2026-03-20T06:44:34.472Z,PB,3,0.4,0.49,D,I2,TRUE,900
2026-03-20T06:44:34.472Z,PB,3,0.4,0.49,E,VS1,TRUE,2000
2026-03-20T06:44:34.472Z,PB,3,0.4,0.49,E,SI3,TRUE,1300
2026-03-20T06:44:34.472Z,PB,3,0.4,0.49,E,I2,TRUE,900
2026-03-20T06:44:34.472Z,PB,3,0.4,0.49,G,I2,TRUE,800
2026-03-20T06:44:34.472Z,PB,3,0.4,0.49,I,IF,TRUE,1900
2026-03-20T06:44:34.472Z,PB,3,0.4,0.49,I,VVS2,TRUE,1600
2026-03-20T06:44:34.472Z,PB,3,0.4,0.49,I,SI2,TRUE,1100
2026-03-20T06:44:34.472Z,PB,3,0.4,0.49,J,VVS2,TRUE,1400
2026-03-20T06:44:34.472Z,PB,3,0.4,0.49,J,SI2,TRUE,1100
2026-03-20T06:44:34.472Z,PB,3,0.4,0.49,K,VS2,TRUE,1100
2026-03-20T06:44:34.472Z,PB,3,0.4,0.49,K,SI1,TRUE,1000
2026-03-20T06:44:34.472Z,PB,3,0.4,0.49,K,I2,TRUE,600
2026-03-20T06:44:34.472Z,PB,3,0.4,0.49,K,I3,FALSE,400
2026-03-20T06:44:34.472Z,PB,3,0.4,0.49,L,VVS1,TRUE,1200
2026-03-20T06:44:34.472Z,PB,3,0.4,0.49,L,SI3,TRUE,700
2026-03-20T06:44:34.472Z,PB,3,0.4,0.49,L,I3,FALSE,300
2026-03-20T06:44:34.472Z,PB,3,0.4,0.49,M,VVS2,TRUE,1000
2026-03-20T06:44:34.472Z,PB,3,0.4,0.49,M,VS1,TRUE,900
2026-03-20T06:44:34.472Z,PB,3,0.4,0.49,M,SI3,TRUE,600
2026-03-20T06:44:34.472Z,PB,3,0.4,0.49,M,I2,FALSE,400
2026-03-20T06:44:34.472Z,PB,3,0.5,0.69,D,SI2,TRUE,2000
2026-03-20T06:44:34.472Z,PB,3,0.5,0.69,D,SI3,TRUE,1800
2026-03-20T06:44:34.472Z,PB,3,0.5,0.69,D,I3,FALSE,900
2026-03-20T06:44:34.472Z,PB,3,0.5,0.69,E,SI2,TRUE,1800
2026-03-20T06:44:34.472Z,PB,3,0.5,0.69,E,SI3,TRUE,1700
2026-03-20T06:44:34.472Z,PB,3,0.5,0.69,E,I3,FALSE,800
2026-03-20T06:44:34.472Z,PB,3,0.5,0.69,F,IF,TRUE,2800
2026-03-20T06:44:34.472Z,PB,3,0.5,0.69,F,VVS1,TRUE,2600
2026-03-20T06:44:34.472Z,PB,3,0.5,0.69,F,SI2,TRUE,1700
2026-03-20T06:44:34.472Z,PB,3,0.5,0.69,F,I2,TRUE,1100
2026-03-20T06:44:34.472Z,PB,3,0.5,0.69,F,I3,FALSE,700
2026-03-20T06:44:34.472Z,PB,3,0.5,0.69,G,VVS1,TRUE,2400
2026-03-20T06:44:34.472Z,PB,3,0.5,0.69,G,I1,TRUE,1300
2026-03-20T06:44:34.472Z,PB,3,0.5,0.69,H,IF,TRUE,2400
2026-03-20T06:44:34.472Z,PB,3,0.5,0.69,H,VS2,TRUE,1900
2026-03-20T06:44:34.472Z,PB,3,0.5,0.69,H,I1,TRUE,1200
2026-03-20T06:44:34.472Z,PB,3,0.5,0.69,H,I3,FALSE,700
2026-03-20T06:44:34.472Z,PB,3,0.5,0.69,I,VVS1,TRUE,2000
2026-03-20T06:44:34.472Z,PB,3,0.5,0.69,I,VS1,TRUE,1800
2026-03-20T06:44:34.472Z,PB,3,0.5,0.69,I,I3,FALSE,600
2026-03-20T06:44:34.472Z,PB,3,0.5,0.69,K,VS2,TRUE,1300
2026-03-20T06:44:34.472Z,PB,3,0.5,0.69,K,I1,TRUE,900
2026-03-20T06:44:34.472Z,PB,3,0.5,0.69,L,SI1,TRUE,1100
2026-03-20T06:44:34.472Z,PB,3,0.5,0.69,L,I1,TRUE,800
2026-03-20T06:44:34.472Z,PB,3,0.5,0.69,M,IF,TRUE,1400
2026-03-20T06:44:34.472Z,PB,3,0.5,0.69,M,VS1,TRUE,1100
2026-03-20T06:44:34.472Z,PB,3,0.5,0.69,M,SI2,TRUE,900
2026-03-20T06:44:34.472Z,PB,3,0.7,0.89,D,VVS1,TRUE,4300
2026-03-20T06:44:34.472Z,PB,3,0.7,0.89,D,SI3,TRUE,2200
2026-03-20T06:44:34.472Z,PB,3,0.3,0.39,N,SI2,FALSE,600
2026-03-20T06:44:34.472Z,PB,3,0.3,0.39,N,I1,FALSE,400
2026-03-20T06:44:34.472Z,PB,3,0.4,0.49,N,VVS2,TRUE,1000
2026-03-20T06:44:34.472Z,PB,3,0.5,0.69,N,IF,TRUE,1400
2026-03-20T06:44:34.472Z,PB,3,0.5,0.69,N,VS1,TRUE,1100
2026-03-20T06:44:34.472Z,PB,3,0.5,0.69,N,VS2,FALSE,1000
2026-03-20T06:44:34.472Z,PB,3,0.5,0.69,N,SI1,TRUE,1000
2026-03-20T06:44:34.472Z,PB,3,0.7,0.89,N,VVS1,TRUE,1700
2026-03-20T06:44:34.472Z,PB,3,0.7,0.89,N,VVS2,TRUE,1600
2026-03-20T06:44:34.472Z,PB,3,0.7,0.89,N,SI1,TRUE,1300
2026-03-20T06:44:34.472Z,PB,3,0.7,0.89,N,I2,FALSE,700
2026-03-20T06:44:34.472Z,PB,3,0.9,0.99,N,IF,TRUE,2000
2026-03-20T06:44:34.472Z,PB,3,0.9,0.99,N,VS2,TRUE,1600
2026-03-20T06:44:34.472Z,PB,3,1,1.49,N,SI1,FALSE,1800
2026-03-20T06:44:34.472Z,PB,3,1,1.49,N,SI2,FALSE,1700
2026-03-20T06:44:34.472Z,PB,3,1,1.49,N,SI3,FALSE,1600
2026-03-20T06:44:34.472Z,PB,3,1.5,1.99,N,VVS2,FALSE,3200
2026-03-20T06:44:34.472Z,PB,3,1.5,1.99,N,SI3,FALSE,2400
2026-03-20T06:44:34.472Z,PB,3,1.5,1.99,N,I3,FALSE,1000
2026-03-20T06:44:34.472Z,PB,3,2,2.99,N,IF,FALSE,4500
2026-03-20T06:44:34.472Z,PB,3,2,2.99,N,VVS1,FALSE,4200
2026-03-20T06:44:34.472Z,PB,3,2,2.99,N,VVS2,FALSE,4000
2026-03-20T06:44:34.472Z,PB,3,2,2.99,N,I3,FALSE,1000
2026-03-20T06:44:34.472Z,PB,3,3,3.99,N,SI3,FALSE,4100
2026-03-20T06:44:34.472Z,PB,3,4,4.99,N,VVS2,FALSE,7400
2026-03-20T06:44:34.472Z,PB,3,4,4.99,N,VS1,FALSE,7100
2026-03-20T06:44:34.472Z,PB,3,4,4.99,N,SI2,FALSE,6100
2026-03-20T06:44:34.472Z,PB,3,4,4.99,N,I1,FALSE,3900
2026-03-20T06:44:34.472Z,PB,3,5,9.99,N,VVS1,FALSE,11000
2026-03-20T06:44:34.472Z,PB,3,5,9.99,N,SI1,FALSE,8500
2026-03-20T06:44:34.472Z,PB,3,5,9.99,N,SI2,FALSE,8000
2026-03-20T06:44:34.472Z,PB,3,10,99,N,VS1,FALSE,14500
2026-03-20T06:44:34.472Z,PB,3,10,99,N,SI3,FALSE,9000
2026-03-20T06:44:34.472Z,PB,3,10,99,N,I2,FALSE,3300
2026-03-20T06:44:34.472Z,PB,3,10,99,N,I3,FALSE,1500
2026-03-20T06:44:34.472Z,PB,3,0.3,0.39,O-P,VVS1,FALSE,900
2026-03-20T06:44:34.472Z,PB,3,0.3,0.39,O-P,VS2,FALSE,800
2026-03-20T06:44:34.472Z,PB,3,0.3,0.39,O-P,SI1,FALSE,700
2026-03-20T06:44:34.472Z,PB,3,0.3,0.39,O-P,SI2,FALSE,600
2026-03-20T06:44:34.472Z,PB,3,0.4,0.49,O-P,VVS1,FALSE,1100
2026-03-20T06:44:34.472Z,PB,3,0.4,0.49,O-P,SI1,FALSE,800
2026-03-20T06:44:34.472Z,PB,3,0.4,0.49,O-P,I3,FALSE,300
2026-03-20T06:44:34.472Z,PB,3,0.5,0.69,O-P,VS1,FALSE,1100
2026-03-20T06:44:34.472Z,PB,3,0.5,0.69,O-P,VS2,FALSE,1000
2026-03-20T06:44:34.472Z,PB,3,0.5,0.69,O-P,I2,FALSE,600
2026-03-20T06:44:34.472Z,PB,3,0.7,0.89,O-P,VVS1,FALSE,1700
2026-03-20T06:44:34.472Z,PB,3,0.7,0.89,O-P,I2,FALSE,700
2026-03-20T06:44:34.472Z,PB,3,0.9,0.99,O-P,SI1,FALSE,1500
2026-03-20T06:44:34.472Z,PB,3,0.9,0.99,O-P,I1,FALSE,1100
2026-03-20T06:44:34.472Z,PB,3,0.9,0.99,O-P,I2,FALSE,900
2026-03-20T06:44:34.472Z,PB,3,0.9,0.99,O-P,I3,FALSE,700
2026-03-20T06:44:34.472Z,PB,3,1,1.49,O-P,IF,FALSE,2500
2026-03-20T06:44:34.472Z,PB,3,1,1.49,O-P,VS2,FALSE,1900
2026-03-20T06:44:34.472Z,PB,3,1,1.49,O-P,SI1,FALSE,1800
2026-03-20T06:44:34.472Z,PB,3,1,1.49,O-P,I2,FALSE,1000
2026-03-20T06:44:34.472Z,PB,3,2,2.99,O-P,VVS2,FALSE,4000
2026-03-20T06:44:34.472Z,PB,3,2,2.99,O-P,SI3,FALSE,2900
2026-03-20T06:44:34.472Z,PB,3,2,2.99,O-P,I2,FALSE,1800
2026-03-20T06:44:34.472Z,PB,3,3,3.99,O-P,VVS1,FALSE,6300
2026-03-20T06:44:34.472Z,PB,3,3,3.99,O-P,VS1,FALSE,5700
2026-03-20T06:44:34.472Z,PB,3,3,3.99,O-P,SI2,FALSE,4600
2026-03-20T06:44:34.472Z,PB,3,3,3.99,O-P,I1,FALSE,3600
2026-03-20T06:44:34.472Z,PB,3,3,3.99,O-P,I3,FALSE,1100
2026-03-20T06:44:34.472Z,PB,3,4,4.99,O-P,IF,FALSE,8100
2026-03-20T06:44:34.472Z,PB,3,0.7,0.89,D,I3,FALSE,1000
2026-03-20T06:44:34.472Z,PB,3,0.7,0.89,F,VVS2,TRUE,3600
2026-03-20T06:44:34.472Z,PB,3,0.7,0.89,F,SI1,TRUE,2400
2026-03-20T06:44:34.472Z,PB,3,0.7,0.89,F,I2,FALSE,1400
2026-03-20T06:44:34.472Z,PB,3,0.7,0.89,G,VVS1,TRUE,3500
2026-03-20T06:44:34.472Z,PB,3,0.7,0.89,G,I2,FALSE,1400
2026-03-20T06:44:34.472Z,PB,3,0.7,0.89,H,IF,TRUE,3400
2026-03-20T06:44:34.472Z,PB,3,0.7,0.89,H,VVS2,TRUE,3000
2026-03-20T06:44:34.472Z,PB,3,0.7,0.89,H,SI3,TRUE,1600
2026-03-20T06:44:34.472Z,PB,3,0.7,0.89,H,I1,TRUE,1500
2026-03-20T06:44:34.472Z,PB,3,0.7,0.89,I,IF,TRUE,3100
2026-03-20T06:44:34.472Z,PB,3,0.7,0.89,I,SI2,TRUE,1600
2026-03-20T06:44:34.472Z,PB,3,0.7,0.89,I,SI3,TRUE,1600
2026-03-20T06:44:34.472Z,PB,3,0.7,0.89,J,IF,TRUE,2600
2026-03-20T06:44:34.472Z,PB,3,0.7,0.89,J,VVS2,TRUE,2300
2026-03-20T06:44:34.472Z,PB,3,0.7,0.89,J,VS2,TRUE,1900
2026-03-20T06:44:34.472Z,PB,3,0.7,0.89,K,VVS1,TRUE,2100
2026-03-20T06:44:34.472Z,PB,3,0.7,0.89,K,VS1,TRUE,1900
2026-03-20T06:44:34.472Z,PB,3,0.7,0.89,K,SI1,TRUE,1600
2026-03-20T06:44:34.472Z,PB,3,0.7,0.89,K,I2,FALSE,1000
2026-03-20T06:44:34.472Z,PB,3,0.7,0.89,K,I3,FALSE,700
2026-03-20T06:44:34.472Z,PB,3,0.7,0.89,L,VVS1,TRUE,1900
2026-03-20T06:44:34.472Z,PB,3,0.7,0.89,L,VS1,TRUE,1700
2026-03-20T06:44:34.472Z,PB,3,0.7,0.89,L,I1,TRUE,1100
2026-03-20T06:44:34.472Z,PB,3,0.7,0.89,M,IF,TRUE,1800
2026-03-20T06:44:34.472Z,PB,3,0.7,0.89,M,VS1,TRUE,1500
2026-03-20T06:44:34.472Z,PB,3,0.7,0.89,M,I1,TRUE,900
2026-03-20T06:44:34.472Z,PB,3,0.9,0.99,D,SI1,TRUE,3700
2026-03-20T06:44:34.472Z,PB,3,0.9,0.99,F,SI1,TRUE,3300
2026-03-20T06:44:34.472Z,PB,3,0.9,0.99,F,I3,FALSE,1000
2026-03-20T06:44:34.472Z,PB,3,0.9,0.99,G,SI1,TRUE,3200
2026-03-20T06:44:34.472Z,PB,3,0.9,0.99,G,I2,FALSE,1600
2026-03-20T06:44:34.472Z,PB,3,0.9,0.99,H,VVS1,TRUE,4500
2026-03-20T06:44:34.472Z,PB,3,0.9,0.99,H,VVS2,TRUE,4200
2026-03-20T06:44:34.472Z,PB,3,0.9,0.99,H,SI2,TRUE,2500
2026-03-20T06:44:34.472Z,PB,3,0.9,0.99,H,I1,FALSE,2000
2026-03-20T06:44:34.472Z,PB,3,0.9,0.99,H,I2,FALSE,1500
2026-03-20T06:44:34.472Z,PB,3,0.9,0.99,I,VVS1,TRUE,3900
2026-03-20T06:44:34.472Z,PB,3,0.9,0.99,I,I2,FALSE,1400
2026-03-20T06:44:34.472Z,PB,3,0.9,0.99,I,I3,FALSE,900
2026-03-20T06:44:34.472Z,PB,3,0.9,0.99,J,IF,TRUE,3600
2026-03-20T06:44:34.472Z,PB,3,0.9,0.99,J,VVS1,TRUE,3400
2026-03-20T06:44:34.472Z,PB,3,0.9,0.99,J,VVS2,TRUE,3200
2026-03-20T06:44:34.472Z,PB,3,0.9,0.99,J,SI2,TRUE,2100
2026-03-20T06:44:34.472Z,PB,3,0.9,0.99,J,SI3,TRUE,1900
2026-03-20T06:44:34.472Z,PB,3,0.9,0.99,J,I1,TRUE,1700
2026-03-20T06:44:34.472Z,PB,3,0.9,0.99,K,VVS1,TRUE,2800
2026-03-20T06:44:34.472Z,PB,3,0.9,0.99,K,VVS2,TRUE,2600
2026-03-20T06:44:34.472Z,PB,3,0.9,0.99,K,SI1,TRUE,2100
2026-03-20T06:44:34.472Z,PB,3,0.9,0.99,K,I2,FALSE,1200
2026-03-20T06:44:34.472Z,PB,3,0.9,0.99,L,VVS1,TRUE,2300
2026-03-20T06:44:34.472Z,PB,3,0.9,0.99,L,VVS2,TRUE,2200
2026-03-20T06:44:34.472Z,PB,3,0.9,0.99,L,VS1,TRUE,2000
2026-03-20T06:44:34.472Z,PB,3,0.9,0.99,L,I2,FALSE,1000
2026-03-20T06:44:34.472Z,PB,3,0.9,0.99,M,IF,TRUE,2000
2026-03-20T06:44:34.472Z,PB,3,0.9,0.99,M,VS2,TRUE,1600
2026-03-20T06:44:34.472Z,PB,3,0.9,0.99,M,SI2,TRUE,1400
2026-03-20T06:44:34.472Z,PB,3,0.9,0.99,M,SI3,TRUE,1300
2026-03-20T06:44:34.472Z,PB,3,0.9,0.99,M,I1,FALSE,1100
2026-03-20T06:44:34.472Z,PB,3,0.9,0.99,M,I2,FALSE,900
2026-03-20T06:44:34.472Z,PB,3,1,1.49,D,VS1,FALSE,6700
2026-03-20T06:44:34.472Z,PB,3,1,1.49,E,SI2,FALSE,3700
2026-03-20T06:44:34.472Z,PB,3,1,1.49,E,SI3,FALSE,3300
2026-03-20T06:44:34.472Z,PB,3,1,1.49,E,I2,FALSE,2000
2026-03-20T06:44:34.472Z,PB,3,4,4.99,O-P,VS1,FALSE,7100
2026-03-20T06:44:34.472Z,PB,3,5,9.99,O-P,VS1,FALSE,9500
2026-03-20T06:44:34.472Z,PB,3,5,9.99,O-P,SI3,FALSE,6100
2026-03-20T06:44:34.472Z,PB,3,5,9.99,O-P,I3,FALSE,1300
2026-03-20T06:44:34.472Z,PB,3,0.3,0.39,Q-R,SI2,FALSE,600
2026-03-20T06:44:34.472Z,PB,3,0.4,0.49,Q-R,VS2,FALSE,900
2026-03-20T06:44:34.472Z,PB,3,0.4,0.49,Q-R,SI1,FALSE,800
2026-03-20T06:44:34.472Z,PB,3,0.5,0.69,Q-R,SI2,FALSE,900
2026-03-20T06:44:34.472Z,PB,3,0.5,0.69,Q-R,I2,FALSE,600
2026-03-20T06:44:34.472Z,PB,3,0.7,0.89,Q-R,VS1,FALSE,1500
2026-03-20T06:44:34.472Z,PB,3,0.7,0.89,Q-R,SI1,FALSE,1300
2026-03-20T06:44:34.472Z,PB,3,0.7,0.89,Q-R,I1,FALSE,900
2026-03-20T06:44:34.472Z,PB,3,0.9,0.99,Q-R,SI3,FALSE,1300
2026-03-20T06:44:34.472Z,PB,3,1,1.49,Q-R,VVS2,FALSE,2100
2026-03-20T06:44:34.472Z,PB,3,1,1.49,Q-R,SI2,FALSE,1700
2026-03-20T06:44:34.472Z,PB,3,1,1.49,Q-R,I1,FALSE,1300
2026-03-20T06:44:34.472Z,PB,3,1,1.49,Q-R,I3,FALSE,800
2026-03-20T06:44:34.472Z,PB,3,1.5,1.99,Q-R,I3,FALSE,1000
2026-03-20T06:44:34.472Z,PB,3,2,2.99,Q-R,VVS1,FALSE,4200
2026-03-20T06:44:34.472Z,PB,3,2,2.99,Q-R,VS1,FALSE,3800
2026-03-20T06:44:34.472Z,PB,3,2,2.99,Q-R,VS2,FALSE,3600
2026-03-20T06:44:34.472Z,PB,3,2,2.99,Q-R,SI2,FALSE,3300
2026-03-20T06:44:34.472Z,PB,3,3,3.99,Q-R,VVS1,FALSE,6300
2026-03-20T06:44:34.472Z,PB,3,3,3.99,Q-R,VVS2,FALSE,6000
2026-03-20T06:44:34.472Z,PB,3,3,3.99,Q-R,SI1,FALSE,4900
2026-03-20T06:44:34.472Z,PB,3,3,3.99,Q-R,SI2,FALSE,4600
2026-03-20T06:44:34.472Z,PB,3,4,4.99,Q-R,SI1,FALSE,6400
2026-03-20T06:44:34.472Z,PB,3,4,4.99,Q-R,I3,FALSE,1200
2026-03-20T06:44:34.472Z,PB,3,5,9.99,Q-R,IF,FALSE,11500
2026-03-20T06:44:34.472Z,PB,3,5,9.99,Q-R,VVS2,FALSE,10500
2026-03-20T06:44:34.472Z,PB,3,5,9.99,Q-R,VS1,FALSE,9500
2026-03-20T06:44:34.472Z,PB,3,5,9.99,Q-R,SI3,FALSE,6100
2026-03-20T06:44:34.472Z,PB,3,5,9.99,Q-R,I3,FALSE,1300
2026-03-20T06:44:34.472Z,PB,3,10,99,Q-R,IF,FALSE,17500
2026-03-20T06:44:34.472Z,PB,3,10,99,Q-R,SI1,FALSE,12500
2026-03-20T06:44:34.472Z,PB,3,10,99,Q-R,SI2,FALSE,11500
2026-03-20T06:44:34.472Z,PB,3,10,99,Q-R,I1,FALSE,6400
2026-03-20T06:44:34.472Z,PB,3,0.4,0.49,S-T,VVS1,FALSE,1100
2026-03-20T06:44:34.472Z,PB,3,0.4,0.49,S-T,VVS2,FALSE,1000
2026-03-20T06:44:34.472Z,PB,3,0.4,0.49,S-T,VS2,FALSE,900
2026-03-20T06:44:34.472Z,PB,3,0.4,0.49,S-T,I1,FALSE,500
2026-03-20T06:44:34.472Z,PB,3,0.5,0.69,S-T,VVS1,FALSE,1300
2026-03-20T06:44:34.472Z,PB,3,0.5,0.69,S-T,VVS2,FALSE,1200
2026-03-20T06:44:34.472Z,PB,3,0.5,0.69,S-T,VS1,FALSE,1100
2026-03-20T06:44:34.472Z,PB,3,0.5,0.69,S-T,SI3,FALSE,800
2026-03-20T06:44:34.472Z,PB,3,0.5,0.69,S-T,I2,FALSE,600
2026-03-20T06:44:34.472Z,PB,3,0.7,0.89,S-T,VVS2,FALSE,1600
2026-03-20T06:44:34.472Z,PB,3,0.7,0.89,S-T,VS2,FALSE,1400
2026-03-20T06:44:34.472Z,PB,3,0.7,0.89,S-T,SI1,FALSE,1300
2026-03-20T06:44:34.472Z,PB,3,0.7,0.89,S-T,I2,FALSE,700
2026-03-20T06:44:34.472Z,PB,3,0.9,0.99,S-T,IF,FALSE,2000
2026-03-20T06:44:34.472Z,PB,3,0.9,0.99,S-T,VVS1,FALSE,1900
2026-03-20T06:44:34.472Z,PB,3,0.9,0.99,S-T,SI1,FALSE,1500
2026-03-20T06:44:34.472Z,PB,3,0.9,0.99,S-T,I1,FALSE,1100
2026-03-20T06:44:34.472Z,PB,3,1,1.49,S-T,VS1,FALSE,2000
2026-03-20T06:44:34.472Z,PB,3,1.5,1.99,S-T,IF,FALSE,3500
2026-03-20T06:44:34.472Z,PB,3,2,2.99,S-T,VVS1,FALSE,4200
2026-03-20T06:44:34.472Z,PB,3,2,2.99,S-T,VVS2,FALSE,4000
2026-03-20T06:44:34.472Z,PB,3,2,2.99,S-T,SI3,FALSE,2900
2026-03-20T06:44:34.472Z,PB,3,2,2.99,S-T,I3,FALSE,1000
2026-03-20T06:44:34.472Z,PB,3,3,3.99,S-T,VVS1,FALSE,6300
2026-03-20T06:44:34.472Z,PB,3,3,3.99,S-T,VS1,FALSE,5700
2026-03-20T06:44:34.472Z,PB,3,3,3.99,S-T,I3,FALSE,1100
2026-03-20T06:44:34.472Z,PB,3,4,4.99,S-T,VVS2,FALSE,7400
2026-03-20T06:44:34.472Z,PB,3,4,4.99,S-T,VS2,FALSE,6800
2026-03-20T06:44:34.472Z,PB,3,5,9.99,S-T,VVS1,FALSE,11000
2026-03-20T06:44:34.472Z,PB,3,5,9.99,S-T,VS1,FALSE,9500
2026-03-20T06:44:34.472Z,PB,3,5,9.99,S-T,VS2,FALSE,9000
2026-03-20T06:44:34.472Z,PB,3,5,9.99,S-T,SI1,FALSE,8500
2026-03-20T06:44:34.472Z,PB,3,5,9.99,S-T,SI3,FALSE,6100
2026-03-20T06:44:34.472Z,PB,3,10,99,S-T,I3,FALSE,1500
2026-03-20T06:44:34.472Z,PB,3,0.3,0.39,U-V,VVS1,FALSE,900
2026-03-20T06:44:34.472Z,PB,3,0.3,0.39,U-V,SI2,FALSE,600
2026-03-20T06:44:34.472Z,PB,3,0.4,0.49,U-V,SI1,FALSE,800
2026-03-20T06:44:34.472Z,PB,3,0.4,0.49,U-V,SI3,FALSE,600
2026-03-20T06:44:34.472Z,PB,3,0.4,0.49,U-V,I1,FALSE,500
2026-03-20T06:44:34.472Z,PB,3,0.5,0.69,U-V,SI2,FALSE,900
2026-03-20T06:44:34.472Z,PB,3,0.5,0.69,U-V,SI3,FALSE,800
2026-03-20T06:44:34.472Z,PB,3,0.5,0.69,U-V,I3,FALSE,400
2026-03-20T06:44:34.472Z,PB,3,0.7,0.89,U-V,VS2,FALSE,1400
2026-03-20T06:44:34.472Z,PB,3,0.9,0.99,U-V,SI3,FALSE,1300
2026-03-20T06:44:34.472Z,PB,3,1,1.49,U-V,VVS2,FALSE,2100
2026-03-20T06:44:34.472Z,PB,3,1.5,1.99,U-V,VS2,FALSE,2900
2026-03-20T06:44:34.472Z,PB,3,1.5,1.99,U-V,SI2,FALSE,2500
2026-03-20T06:44:34.472Z,PB,3,1.5,1.99,U-V,I1,FALSE,2200
2026-03-20T06:44:34.472Z,PB,3,1.5,1.99,U-V,I2,FALSE,1500
2026-03-20T06:44:34.472Z,PB,3,2,2.99,U-V,IF,FALSE,4500
2026-03-20T06:44:34.472Z,PB,3,2,2.99,U-V,SI1,FALSE,3500
2026-03-20T06:44:34.472Z,PB,3,2,2.99,U-V,SI2,FALSE,3300
2026-03-20T06:44:34.472Z,PB,3,2,2.99,U-V,SI3,FALSE,2900
2026-03-20T06:44:34.472Z,PB,3,3,3.99,U-V,SI2,FALSE,4600
2026-03-20T06:44:34.472Z,PB,3,3,3.99,U-V,SI3,FALSE,4100
2026-03-20T06:44:34.472Z,PB,3,3,3.99,U-V,I1,FALSE,3600
2026-03-20T06:44:34.472Z,PB,3,3,3.99,U-V,I3,FALSE,1100
2026-03-20T06:44:34.472Z,PB,3,4,4.99,U-V,IF,FALSE,8100
2026-03-20T06:44:34.472Z,PB,3,4,4.99,U-V,I1,FALSE,3900
2026-03-20T06:44:34.472Z,PB,3,4,4.99,U-V,I2,FALSE,2200
2026-03-20T06:44:34.472Z,PB,3,10,99,U-V,SI1,FALSE,12500
2026-03-20T06:44:34.472Z,PB,3,0.3,0.39,W-X,SI1,FALSE,700
2026-03-20T06:44:34.472Z,PB,3,0.4,0.49,W-X,VS2,FALSE,900
2026-03-20T06:44:34.472Z,PB,3,0.4,0.49,W-X,I2,FALSE,400
2026-03-20T06:44:34.472Z,PB,3,0.5,0.69,W-X,VVS1,FALSE,1300
2026-03-20T06:44:34.472Z,PB,3,0.5,0.69,W-X,VS1,FALSE,1100
2026-03-20T06:44:34.472Z,PB,3,0.5,0.69,W-X,SI3,FALSE,800
2026-03-20T06:44:34.472Z,PB,3,0.5,0.69,W-X,I1,FALSE,700
2026-03-20T06:44:34.472Z,PB,3,0.5,0.69,W-X,I3,FALSE,400
2026-03-20T06:44:34.472Z,PB,3,0.7,0.89,W-X,I3,FALSE,500
2026-03-20T06:44:34.472Z,PB,3,0.9,0.99,W-X,SI2,FALSE,1400
2026-03-20T06:44:34.472Z,PB,3,0.9,0.99,W-X,I1,FALSE,1100
2026-03-20T06:44:34.472Z,PB,3,0.9,0.99,W-X,I3,FALSE,700
2026-03-20T06:44:34.472Z,PB,3,1,1.49,W-X,SI1,FALSE,1800
2026-03-20T06:44:34.472Z,PB,3,1,1.49,W-X,I3,FALSE,800
2026-03-20T06:44:34.472Z,PB,3,1.5,1.99,W-X,VS2,FALSE,2900
2026-03-20T06:44:34.472Z,PB,3,1.5,1.99,W-X,SI2,FALSE,2500
2026-03-20T06:44:34.472Z,PB,3,1.5,1.99,W-X,SI3,FALSE,2400
2026-03-20T06:44:34.472Z,PB,3,1.5,1.99,W-X,I3,FALSE,1000
2026-03-20T06:44:34.472Z,PB,3,2,2.99,W-X,VS2,FALSE,3600
2026-03-20T06:44:34.472Z,PB,3,2,2.99,W-X,SI1,FALSE,3500
2026-03-20T06:44:34.472Z,PB,3,2,2.99,W-X,SI3,FALSE,2900
2026-03-20T06:44:34.472Z,PB,3,3,3.99,W-X,IF,FALSE,6700
2026-03-20T06:44:34.472Z,PB,3,3,3.99,W-X,SI2,FALSE,4600
2026-03-20T06:44:34.472Z,PB,3,3,3.99,W-X,SI3,FALSE,4100
2026-03-20T06:44:34.472Z,PB,3,3,3.99,W-X,I3,FALSE,1100
2026-03-20T06:44:34.472Z,PB,3,4,4.99,W-X,IF,FALSE,8100
2026-03-20T06:44:34.472Z,PB,3,4,4.99,W-X,SI1,FALSE,6400
2026-03-20T06:44:34.472Z,PB,3,4,4.99,W-X,I2,FALSE,2200
2026-03-20T06:44:34.472Z,PB,3,5,9.99,W-X,SI3,FALSE,6100
2026-03-20T06:44:34.472Z,PB,3,10,99,W-X,SI3,FALSE,9000
2026-03-20T06:44:34.472Z,PB,3,0.9,0.99,Q-R,I3,FALSE,700
2026-03-20T06:44:34.472Z,PB,3,1,1.49,Q-R,IF,FALSE,2500
2026-03-20T06:44:34.472Z,PB,3,1,1.49,Q-R,SI3,FALSE,1600
2026-03-20T06:44:34.472Z,PB,3,1,1.49,Q-R,I2,FALSE,1000
2026-03-20T06:44:34.472Z,PB,3,1.5,1.99,Q-R,IF,FALSE,3500
2026-03-20T06:44:34.472Z,PB,3,1.5,1.99,Q-R,VS1,FALSE,3100
2026-03-20T06:44:34.472Z,PB,3,1.5,1.99,Q-R,SI1,FALSE,2700
2026-03-20T06:44:34.472Z,PB,3,1.5,1.99,Q-R,I1,FALSE,2200
2026-03-20T06:44:34.472Z,PB,3,1.5,1.99,Q-R,I2,FALSE,1500
2026-03-20T06:44:34.472Z,PB,3,2,2.99,Q-R,SI1,FALSE,3500
2026-03-20T06:44:34.472Z,PB,3,2,2.99,Q-R,I2,FALSE,1800
2026-03-20T06:44:34.472Z,PB,3,3,3.99,Q-R,VS1,FALSE,5700
2026-03-20T06:44:34.472Z,PB,3,3,3.99,Q-R,SI3,FALSE,4100
2026-03-20T06:44:34.472Z,PB,3,3,3.99,Q-R,I1,FALSE,3600
2026-03-20T06:44:34.472Z,PB,3,3,3.99,Q-R,I2,FALSE,2100
2026-03-20T06:44:34.472Z,PB,3,3,3.99,Q-R,I3,FALSE,1100
2026-03-20T06:44:34.472Z,PB,3,4,4.99,Q-R,IF,FALSE,8100
2026-03-20T06:44:34.472Z,PB,3,4,4.99,Q-R,VVS1,FALSE,7700
2026-03-20T06:44:34.472Z,PB,3,4,4.99,Q-R,VVS2,FALSE,7400
2026-03-20T06:44:34.472Z,PB,3,4,4.99,Q-R,VS2,FALSE,6800
2026-03-20T06:44:34.472Z,PB,3,4,4.99,Q-R,SI2,FALSE,6100
2026-03-20T06:44:34.472Z,PB,3,5,9.99,Q-R,SI2,FALSE,8000
2026-03-20T06:44:34.472Z,PB,3,5,9.99,Q-R,I1,FALSE,4600
2026-03-20T06:44:34.472Z,PB,3,10,99,Q-R,VVS1,FALSE,16500
2026-03-20T06:44:34.472Z,PB,3,0.3,0.39,S-T,VVS2,FALSE,900
2026-03-20T06:44:34.472Z,PB,3,0.3,0.39,S-T,VS1,FALSE,800
2026-03-20T06:44:34.472Z,PB,3,0.3,0.39,S-T,I1,FALSE,400
2026-03-20T06:44:34.472Z,PB,3,0.3,0.39,S-T,I2,FALSE,300
2026-03-20T06:44:34.472Z,PB,3,0.4,0.49,S-T,IF,FALSE,1200
2026-03-20T06:44:34.472Z,PB,3,0.5,0.69,S-T,IF,FALSE,1400
2026-03-20T06:44:34.472Z,PB,3,0.7,0.89,S-T,VS1,FALSE,1500
2026-03-20T06:44:34.472Z,PB,3,0.7,0.89,S-T,SI3,FALSE,1100
2026-03-20T06:44:34.472Z,PB,3,0.7,0.89,S-T,I1,FALSE,900
2026-03-20T06:44:34.472Z,PB,3,0.9,0.99,S-T,VS2,FALSE,1600
2026-03-20T06:44:34.472Z,PB,3,0.9,0.99,S-T,I2,FALSE,900
2026-03-20T06:44:34.472Z,PB,3,0.9,0.99,S-T,I3,FALSE,700
2026-03-20T06:44:34.472Z,PB,3,1,1.49,S-T,VVS1,FALSE,2300
2026-03-20T06:44:34.472Z,PB,3,1,1.49,S-T,VS2,FALSE,1900
2026-03-20T06:44:34.472Z,PB,3,1,1.49,S-T,I1,FALSE,1300
2026-03-20T06:44:34.472Z,PB,3,1,1.49,S-T,I3,FALSE,800
2026-03-20T06:44:34.472Z,PB,3,1.5,1.99,S-T,VVS1,FALSE,3300
2026-03-20T06:44:34.472Z,PB,3,1.5,1.99,S-T,SI1,FALSE,2700
2026-03-20T06:44:34.472Z,PB,3,1.5,1.99,S-T,SI2,FALSE,2500
2026-03-20T06:44:34.472Z,PB,3,2,2.99,S-T,VS2,FALSE,3600
2026-03-20T06:44:34.472Z,PB,3,2,2.99,S-T,I2,FALSE,1800
2026-03-20T06:44:34.472Z,PB,3,3,3.99,S-T,SI2,FALSE,4600
2026-03-20T06:44:34.472Z,PB,3,3,3.99,S-T,SI3,FALSE,4100
2026-03-20T06:44:34.472Z,PB,3,3,3.99,S-T,I2,FALSE,2100
2026-03-20T06:44:34.472Z,PB,3,4,4.99,S-T,I2,FALSE,2200
2026-03-20T06:44:34.472Z,PB,3,4,4.99,S-T,I3,FALSE,1200
2026-03-20T06:44:34.472Z,PB,3,5,9.99,S-T,VVS2,FALSE,10500
2026-03-20T06:44:34.472Z,PB,3,5,9.99,S-T,I3,FALSE,1300
2026-03-20T06:44:34.472Z,PB,3,10,99,S-T,VVS1,FALSE,16500
2026-03-20T06:44:34.472Z,PB,3,10,99,S-T,VS2,FALSE,13500
2026-03-20T06:44:34.472Z,PB,3,10,99,S-T,SI1,FALSE,12500
2026-03-20T06:44:34.472Z,PB,3,10,99,S-T,SI3,FALSE,9000
2026-03-20T06:44:34.472Z,PB,3,0.3,0.39,U-V,VS1,FALSE,800
2026-03-20T06:44:34.472Z,PB,3,0.3,0.39,U-V,VS2,FALSE,800
2026-03-20T06:44:34.472Z,PB,3,0.3,0.39,U-V,SI1,FALSE,700
2026-03-20T06:44:34.472Z,PB,3,0.4,0.49,U-V,VVS1,FALSE,1100
2026-03-20T06:44:34.472Z,PB,3,0.5,0.69,U-V,IF,FALSE,1400
2026-03-20T06:44:34.472Z,PB,3,0.5,0.69,U-V,SI1,FALSE,1000
2026-03-20T06:44:34.472Z,PB,3,0.5,0.69,U-V,I2,FALSE,600
2026-03-20T06:44:34.472Z,PB,3,0.7,0.89,U-V,IF,FALSE,1800
2026-03-20T06:44:34.472Z,PB,3,3,3.99,N,VS2,FALSE,5400
2026-03-20T06:44:34.472Z,PB,3,3,3.99,N,SI1,FALSE,4900
2026-03-20T06:44:34.472Z,PB,3,3,3.99,N,SI2,FALSE,4600
2026-03-20T06:44:34.472Z,PB,3,3,3.99,N,I3,FALSE,1100
2026-03-20T06:44:34.472Z,PB,3,4,4.99,N,VVS1,FALSE,7700
2026-03-20T06:44:34.472Z,PB,3,4,4.99,N,I3,FALSE,1200
2026-03-20T06:44:34.472Z,PB,3,5,9.99,N,VVS2,FALSE,10500
2026-03-20T06:44:34.472Z,PB,3,5,9.99,N,I2,FALSE,2300
2026-03-20T06:44:34.472Z,PB,3,10,99,N,IF,FALSE,17500
2026-03-20T06:44:34.472Z,PB,3,10,99,N,VVS1,FALSE,16500
2026-03-20T06:44:34.472Z,PB,3,10,99,N,SI1,FALSE,12500
2026-03-20T06:44:34.472Z,PB,3,10,99,N,SI2,FALSE,11500
2026-03-20T06:44:34.472Z,PB,3,10,99,N,I1,FALSE,6400
2026-03-20T06:44:34.472Z,PB,3,0.4,0.49,O-P,IF,FALSE,1200
2026-03-20T06:44:34.472Z,PB,3,0.5,0.69,O-P,IF,FALSE,1400
2026-03-20T06:44:34.472Z,PB,3,0.5,0.69,O-P,SI2,FALSE,900
2026-03-20T06:44:34.472Z,PB,3,0.5,0.69,O-P,SI3,FALSE,800
2026-03-20T06:44:34.472Z,PB,3,0.7,0.89,O-P,IF,FALSE,1800
2026-03-20T06:44:34.472Z,PB,3,0.7,0.89,O-P,I1,FALSE,900
2026-03-20T06:44:34.472Z,PB,3,0.9,0.99,O-P,VVS1,FALSE,1900
2026-03-20T06:44:34.472Z,PB,3,0.9,0.99,O-P,VS2,FALSE,1600
2026-03-20T06:44:34.472Z,PB,3,0.9,0.99,O-P,SI3,FALSE,1300
2026-03-20T06:44:34.472Z,PB,3,1,1.49,O-P,VVS1,FALSE,2300
2026-03-20T06:44:34.472Z,PB,3,1,1.49,O-P,VS1,FALSE,2000
2026-03-20T06:44:34.472Z,PB,3,1,1.49,O-P,SI2,FALSE,1700
2026-03-20T06:44:34.472Z,PB,3,1,1.49,O-P,SI3,FALSE,1600
2026-03-20T06:44:34.472Z,PB,3,1,1.49,O-P,I3,FALSE,800
2026-03-20T06:44:34.472Z,PB,3,1.5,1.99,O-P,SI2,FALSE,2500
2026-03-20T06:44:34.472Z,PB,3,1.5,1.99,O-P,SI3,FALSE,2400
2026-03-20T06:44:34.472Z,PB,3,2,2.99,O-P,VVS1,FALSE,4200
2026-03-20T06:44:34.472Z,PB,3,2,2.99,O-P,SI1,FALSE,3500
2026-03-20T06:44:34.472Z,PB,3,2,2.99,O-P,I1,FALSE,2700
2026-03-20T06:44:34.472Z,PB,3,3,3.99,O-P,SI1,FALSE,4900
2026-03-20T06:44:34.472Z,PB,3,4,4.99,O-P,VS2,FALSE,6800
2026-03-20T06:44:34.472Z,PB,3,4,4.99,O-P,I3,FALSE,1200
2026-03-20T06:44:34.472Z,PB,3,5,9.99,O-P,IF,FALSE,11500
2026-03-20T06:44:34.472Z,PB,3,5,9.99,O-P,VVS1,FALSE,11000
2026-03-20T06:44:34.472Z,PB,3,5,9.99,O-P,VVS2,FALSE,10500
2026-03-20T06:44:34.472Z,PB,3,5,9.99,O-P,VS2,FALSE,9000
2026-03-20T06:44:34.472Z,PB,3,5,9.99,O-P,SI1,FALSE,8500
2026-03-20T06:44:34.472Z,PB,3,5,9.99,O-P,SI2,FALSE,8000
2026-03-20T06:44:34.472Z,PB,3,10,99,O-P,VS1,FALSE,14500
2026-03-20T06:44:34.472Z,PB,3,10,99,O-P,I2,FALSE,3300
2026-03-20T06:44:34.472Z,PB,3,10,99,O-P,I3,FALSE,1500
2026-03-20T06:44:34.472Z,PB,3,0.3,0.39,Q-R,IF,FALSE,900
2026-03-20T06:44:34.472Z,PB,3,0.3,0.39,Q-R,VVS1,FALSE,900
2026-03-20T06:44:34.472Z,PB,3,0.3,0.39,Q-R,VS1,FALSE,800
2026-03-20T06:44:34.472Z,PB,3,0.4,0.49,Q-R,VVS2,FALSE,1000
2026-03-20T06:44:34.472Z,PB,3,0.4,0.49,Q-R,SI3,FALSE,600
2026-03-20T06:44:34.472Z,PB,3,0.5,0.69,Q-R,SI1,FALSE,1000
2026-03-20T06:44:34.472Z,PB,3,0.7,0.89,Q-R,VVS1,FALSE,1700
2026-03-20T06:44:34.472Z,PB,3,0.7,0.89,Q-R,SI2,FALSE,1200
2026-03-20T06:44:34.472Z,PB,3,0.7,0.89,Q-R,SI3,FALSE,1100
2026-03-20T06:44:34.472Z,PB,3,0.9,0.99,Q-R,SI1,FALSE,1500
2026-03-20T06:44:34.472Z,PB,3,0.9,0.99,Q-R,I2,FALSE,900
2026-03-20T06:44:34.472Z,PB,3,1,1.49,Q-R,VS1,FALSE,2000
2026-03-20T06:44:34.472Z,PB,3,1,1.49,Q-R,VS2,FALSE,1900
2026-03-20T06:44:34.472Z,PB,3,1,1.49,Q-R,SI1,FALSE,1800
2026-03-20T06:44:34.472Z,PB,3,1.5,1.99,Q-R,VVS2,FALSE,3200
2026-03-20T06:44:34.472Z,PB,3,1.5,1.99,Q-R,SI3,FALSE,2400
2026-03-20T06:44:34.472Z,PB,3,2,2.99,Q-R,SI3,FALSE,2900
2026-03-20T06:44:34.472Z,PB,3,2,2.99,Q-R,I1,FALSE,2700
2026-03-20T06:44:34.472Z,PB,3,3,3.99,Q-R,VS2,FALSE,5400
2026-03-20T06:44:34.472Z,PB,3,4,4.99,Q-R,VS1,FALSE,7100
2026-03-20T06:44:34.472Z,PB,3,0.7,0.89,U-V,VVS1,FALSE,1700
2026-03-20T06:44:34.472Z,PB,3,0.7,0.89,U-V,VS1,FALSE,1500
2026-03-20T06:44:34.472Z,PB,3,0.7,0.89,U-V,I1,FALSE,900
2026-03-20T06:44:34.472Z,PB,3,0.7,0.89,U-V,I2,FALSE,700
2026-03-20T06:44:34.472Z,PB,3,0.9,0.99,U-V,IF,FALSE,2000
2026-03-20T06:44:34.472Z,PB,3,0.9,0.99,U-V,VS1,FALSE,1700
2026-03-20T06:44:34.472Z,PB,3,0.9,0.99,U-V,SI1,FALSE,1500
2026-03-20T06:44:34.472Z,PB,3,1,1.49,U-V,VVS1,FALSE,2300
2026-03-20T06:44:34.472Z,PB,3,1,1.49,U-V,I2,FALSE,1000
2026-03-20T06:44:34.472Z,PB,3,1.5,1.99,U-V,VVS2,FALSE,3200
2026-03-20T06:44:34.472Z,PB,3,1.5,1.99,U-V,I3,FALSE,1000
2026-03-20T06:44:34.472Z,PB,3,2,2.99,U-V,VS2,FALSE,3600
2026-03-20T06:44:34.472Z,PB,3,3,3.99,U-V,IF,FALSE,6700
2026-03-20T06:44:34.472Z,PB,3,3,3.99,U-V,VVS1,FALSE,6300
2026-03-20T06:44:34.472Z,PB,3,4,4.99,U-V,I3,FALSE,1200
2026-03-20T06:44:34.472Z,PB,3,5,9.99,U-V,VS1,FALSE,9500
2026-03-20T06:44:34.472Z,PB,3,5,9.99,U-V,VS2,FALSE,9000
2026-03-20T06:44:34.472Z,PB,3,5,9.99,U-V,I1,FALSE,4600
2026-03-20T06:44:34.472Z,PB,3,5,9.99,U-V,I3,FALSE,1300
2026-03-20T06:44:34.472Z,PB,3,10,99,U-V,IF,FALSE,17500
2026-03-20T06:44:34.472Z,PB,3,10,99,U-V,VVS1,FALSE,16500
2026-03-20T06:44:34.472Z,PB,3,10,99,U-V,SI2,FALSE,11500
2026-03-20T06:44:34.472Z,PB,3,10,99,U-V,SI3,FALSE,9000
2026-03-20T06:44:34.472Z,PB,3,10,99,U-V,I2,FALSE,3300
2026-03-20T06:44:34.472Z,PB,3,10,99,U-V,I3,FALSE,1500
2026-03-20T06:44:34.472Z,PB,3,0.3,0.39,W-X,IF,FALSE,900
2026-03-20T06:44:34.472Z,PB,3,0.3,0.39,W-X,VS1,FALSE,800
2026-03-20T06:44:34.472Z,PB,3,0.3,0.39,W-X,VS2,FALSE,800
2026-03-20T06:44:34.472Z,PB,3,0.4,0.49,W-X,IF,FALSE,1200
2026-03-20T06:44:34.472Z,PB,3,0.4,0.49,W-X,VVS1,FALSE,1100
2026-03-20T06:44:34.472Z,PB,3,0.4,0.49,W-X,VVS2,FALSE,1000
2026-03-20T06:44:34.472Z,PB,3,0.4,0.49,W-X,I1,FALSE,500
2026-03-20T06:44:34.472Z,PB,3,0.5,0.69,W-X,VVS2,FALSE,1200
2026-03-20T06:44:34.472Z,PB,3,0.5,0.69,W-X,SI1,FALSE,1000
2026-03-20T06:44:34.472Z,PB,3,0.7,0.89,W-X,VS2,FALSE,1400
2026-03-20T06:44:34.472Z,PB,3,0.7,0.89,W-X,I1,FALSE,900
2026-03-20T06:44:34.472Z,PB,3,0.7,0.89,W-X,I2,FALSE,700
2026-03-20T06:44:34.472Z,PB,3,0.9,0.99,W-X,VVS1,FALSE,1900
2026-03-20T06:44:34.472Z,PB,3,0.9,0.99,W-X,VVS2,FALSE,1800
2026-03-20T06:44:34.472Z,PB,3,0.9,0.99,W-X,VS2,FALSE,1600
2026-03-20T06:44:34.472Z,PB,3,0.9,0.99,W-X,SI3,FALSE,1300
2026-03-20T06:44:34.472Z,PB,3,1,1.49,W-X,IF,FALSE,2500
2026-03-20T06:44:34.472Z,PB,3,1,1.49,W-X,VVS1,FALSE,2300
2026-03-20T06:44:34.472Z,PB,3,1,1.49,W-X,VVS2,FALSE,2100
2026-03-20T06:44:34.472Z,PB,3,1,1.49,W-X,VS2,FALSE,1900
2026-03-20T06:44:34.472Z,PB,3,1,1.49,W-X,SI2,FALSE,1700
2026-03-20T06:44:34.472Z,PB,3,1,1.49,W-X,I2,FALSE,1000
2026-03-20T06:44:34.472Z,PB,3,1.5,1.99,W-X,IF,FALSE,3500
2026-03-20T06:44:34.472Z,PB,3,1.5,1.99,W-X,VVS1,FALSE,3300
2026-03-20T06:44:34.472Z,PB,3,1.5,1.99,W-X,SI1,FALSE,2700
2026-03-20T06:44:34.472Z,PB,3,2,2.99,W-X,VVS2,FALSE,4000
2026-03-20T06:44:34.472Z,PB,3,3,3.99,W-X,VVS2,FALSE,6000
2026-03-20T06:44:34.472Z,PB,3,3,3.99,W-X,VS2,FALSE,5400
2026-03-20T06:44:34.472Z,PB,3,3,3.99,W-X,SI1,FALSE,4900
2026-03-20T06:44:34.472Z,PB,3,3,3.99,W-X,I1,FALSE,3600
2026-03-20T06:44:34.472Z,PB,3,3,3.99,W-X,I2,FALSE,2100
2026-03-20T06:44:34.472Z,PB,3,4,4.99,W-X,VS1,FALSE,7100
2026-03-20T06:44:34.472Z,PB,3,4,4.99,W-X,SI2,FALSE,6100
2026-03-20T06:44:34.472Z,PB,3,4,4.99,W-X,SI3,FALSE,4700
2026-03-20T06:44:34.472Z,PB,3,4,4.99,W-X,I1,FALSE,3900
2026-03-20T06:44:34.472Z,PB,3,5,9.99,W-X,IF,FALSE,11500
2026-03-20T06:44:34.472Z,PB,3,5,9.99,W-X,VVS1,FALSE,11000
2026-03-20T06:44:34.472Z,PB,3,5,9.99,W-X,VVS2,FALSE,10500
2026-03-20T06:44:34.472Z,PB,3,10,99,W-X,IF,FALSE,17500
2026-03-20T06:44:34.472Z,PB,3,4,4.99,Q-R,I1,FALSE,3900
2026-03-20T06:44:34.472Z,PB,3,4,4.99,Q-R,I2,FALSE,2200
2026-03-20T06:44:34.472Z,PB,3,5,9.99,Q-R,VVS1,FALSE,11000
2026-03-20T06:44:34.472Z,PB,3,5,9.99,Q-R,VS2,FALSE,9000
2026-03-20T06:44:34.472Z,PB,3,5,9.99,Q-R,SI1,FALSE,8500
2026-03-20T06:44:34.472Z,PB,3,5,9.99,Q-R,I2,FALSE,2300
2026-03-20T06:44:34.472Z,PB,3,10,99,Q-R,VS1,FALSE,14500
2026-03-20T06:44:34.472Z,PB,3,10,99,Q-R,VS2,FALSE,13500
2026-03-20T06:44:34.472Z,PB,3,10,99,Q-R,SI3,FALSE,9000
2026-03-20T06:44:34.472Z,PB,3,0.3,0.39,S-T,IF,FALSE,900
2026-03-20T06:44:34.472Z,PB,3,0.3,0.39,S-T,VVS1,FALSE,900
2026-03-20T06:44:34.472Z,PB,3,0.3,0.39,S-T,SI2,FALSE,600
2026-03-20T06:44:34.472Z,PB,3,0.4,0.49,S-T,VS1,FALSE,900
2026-03-20T06:44:34.472Z,PB,3,0.4,0.49,S-T,SI1,FALSE,800
2026-03-20T06:44:34.472Z,PB,3,0.4,0.49,S-T,SI2,FALSE,700
2026-03-20T06:44:34.472Z,PB,3,0.4,0.49,S-T,I3,FALSE,300
2026-03-20T06:44:34.472Z,PB,3,0.5,0.69,S-T,I1,FALSE,700
2026-03-20T06:44:34.472Z,PB,3,0.7,0.89,S-T,IF,FALSE,1800
2026-03-20T06:44:34.472Z,PB,3,0.7,0.89,S-T,VVS1,FALSE,1700
2026-03-20T06:44:34.472Z,PB,3,0.7,0.89,S-T,SI2,FALSE,1200
2026-03-20T06:44:34.472Z,PB,3,0.7,0.89,S-T,I3,FALSE,500
2026-03-20T06:44:34.472Z,PB,3,0.9,0.99,S-T,VS1,FALSE,1700
2026-03-20T06:44:34.472Z,PB,3,0.9,0.99,S-T,SI3,FALSE,1300
2026-03-20T06:44:34.472Z,PB,3,1,1.49,S-T,IF,FALSE,2500
2026-03-20T06:44:34.472Z,PB,3,1,1.49,S-T,VVS2,FALSE,2100
2026-03-20T06:44:34.472Z,PB,3,1,1.49,S-T,SI1,FALSE,1800
2026-03-20T06:44:34.472Z,PB,3,1,1.49,S-T,SI2,FALSE,1700
2026-03-20T06:44:34.472Z,PB,3,1,1.49,S-T,I2,FALSE,1000
2026-03-20T06:44:34.472Z,PB,3,1.5,1.99,S-T,VVS2,FALSE,3200
2026-03-20T06:44:34.472Z,PB,3,1.5,1.99,S-T,VS2,FALSE,2900
2026-03-20T06:44:34.472Z,PB,3,1.5,1.99,S-T,I2,FALSE,1500
2026-03-20T06:44:34.472Z,PB,3,2,2.99,S-T,IF,FALSE,4500
2026-03-20T06:44:34.472Z,PB,3,2,2.99,S-T,VS1,FALSE,3800
2026-03-20T06:44:34.472Z,PB,3,2,2.99,S-T,SI2,FALSE,3300
2026-03-20T06:44:34.472Z,PB,3,2,2.99,S-T,I1,FALSE,2700
2026-03-20T06:44:34.472Z,PB,3,3,3.99,S-T,SI1,FALSE,4900
2026-03-20T06:44:34.472Z,PB,3,3,3.99,S-T,I1,FALSE,3600
2026-03-20T06:44:34.472Z,PB,3,4,4.99,S-T,VVS1,FALSE,7700
2026-03-20T06:44:34.472Z,PB,3,4,4.99,S-T,SI2,FALSE,6100
2026-03-20T06:44:34.472Z,PB,3,4,4.99,S-T,SI3,FALSE,4700
2026-03-20T06:44:34.472Z,PB,3,5,9.99,S-T,IF,FALSE,11500
2026-03-20T06:44:34.472Z,PB,3,5,9.99,S-T,SI2,FALSE,8000
2026-03-20T06:44:34.472Z,PB,3,5,9.99,S-T,I1,FALSE,4600
2026-03-20T06:44:34.472Z,PB,3,10,99,S-T,IF,FALSE,17500
2026-03-20T06:44:34.472Z,PB,3,10,99,S-T,I2,FALSE,3300
2026-03-20T06:44:34.472Z,PB,3,0.3,0.39,U-V,VVS2,FALSE,900
2026-03-20T06:44:34.472Z,PB,3,0.3,0.39,U-V,SI3,FALSE,500
2026-03-20T06:44:34.472Z,PB,3,0.3,0.39,U-V,I1,FALSE,400
2026-03-20T06:44:34.472Z,PB,3,0.4,0.49,U-V,IF,FALSE,1200
2026-03-20T06:44:34.472Z,PB,3,0.4,0.49,U-V,VVS2,FALSE,1000
2026-03-20T06:44:34.472Z,PB,3,0.4,0.49,U-V,VS1,FALSE,900
2026-03-20T06:44:34.472Z,PB,3,0.4,0.49,U-V,VS2,FALSE,900
2026-03-20T06:44:34.472Z,PB,3,0.5,0.69,U-V,VS2,FALSE,1000
2026-03-20T06:44:34.472Z,PB,3,0.5,0.69,U-V,I1,FALSE,700
2026-03-20T06:44:34.472Z,PB,3,0.7,0.89,U-V,SI1,FALSE,1300
2026-03-20T06:44:34.472Z,PB,3,0.7,0.89,U-V,SI2,FALSE,1200
2026-03-20T06:44:34.472Z,PB,3,0.9,0.99,U-V,VS2,FALSE,1600
2026-03-20T06:44:34.472Z,PB,3,0.9,0.99,U-V,I3,FALSE,700
2026-03-20T06:44:34.472Z,PB,3,1,1.49,U-V,VS1,FALSE,2000
2026-03-20T06:44:34.472Z,PB,3,1,1.49,U-V,VS2,FALSE,1900
2026-03-20T06:44:34.472Z,PB,3,1,1.49,U-V,SI2,FALSE,1700
2026-03-20T06:44:34.472Z,PB,3,1,1.49,U-V,SI3,FALSE,1600
2026-03-20T06:44:34.472Z,PB,3,1,1.49,U-V,I1,FALSE,1300
2026-03-20T06:44:34.472Z,PB,3,1,1.49,U-V,I3,FALSE,800
2026-03-20T06:44:34.472Z,PB,3,10,99,W-X,I1,FALSE,6400
2026-03-20T06:44:34.472Z,PB,3,0.3,0.39,Y-Z,VVS2,FALSE,900
2026-03-20T06:44:34.472Z,PB,3,0.3,0.39,Y-Z,VS1,FALSE,800
2026-03-20T06:44:34.472Z,PB,3,0.3,0.39,Y-Z,I3,FALSE,200
2026-03-20T06:44:34.472Z,PB,3,0.4,0.49,Y-Z,SI2,FALSE,700
2026-03-20T06:44:34.472Z,PB,3,0.4,0.49,Y-Z,I3,FALSE,300
2026-03-20T06:44:34.472Z,PB,3,0.5,0.69,Y-Z,I1,FALSE,700
2026-03-20T06:44:34.472Z,PB,3,0.5,0.69,Y-Z,I2,FALSE,600
2026-03-20T06:44:34.472Z,PB,3,0.7,0.89,Y-Z,VVS1,FALSE,1700
2026-03-20T06:44:34.472Z,PB,3,0.7,0.89,Y-Z,SI2,FALSE,1200
2026-03-20T06:44:34.472Z,PB,3,0.9,0.99,Y-Z,IF,FALSE,2000
2026-03-20T06:44:34.472Z,PB,3,1,1.49,Y-Z,VVS1,FALSE,2300
2026-03-20T06:44:34.472Z,PB,3,1.5,1.99,Y-Z,VVS1,FALSE,3300
2026-03-20T06:44:34.472Z,PB,3,1.5,1.99,Y-Z,VS2,FALSE,2900
2026-03-20T06:44:34.472Z,PB,3,1.5,1.99,Y-Z,SI2,FALSE,2500
2026-03-20T06:44:34.472Z,PB,3,2,2.99,Y-Z,IF,FALSE,4500
2026-03-20T06:44:34.472Z,PB,3,3,3.99,Y-Z,IF,FALSE,6700
2026-03-20T06:44:34.472Z,PB,3,3,3.99,Y-Z,VS2,FALSE,5400
2026-03-20T06:44:34.472Z,PB,3,3,3.99,Y-Z,SI3,FALSE,4100
2026-03-20T06:44:34.472Z,PB,3,4,4.99,Y-Z,VVS1,FALSE,7700
2026-03-20T06:44:34.472Z,PB,3,4,4.99,Y-Z,VS1,FALSE,7100
2026-03-20T06:44:34.472Z,PB,3,4,4.99,Y-Z,SI1,FALSE,6400
2026-03-20T06:44:34.472Z,PB,3,4,4.99,Y-Z,SI3,FALSE,4700
2026-03-20T06:44:34.472Z,PB,3,4,4.99,Y-Z,I1,FALSE,3900
2026-03-20T06:44:34.472Z,PB,3,5,9.99,Y-Z,IF,FALSE,11500
2026-03-20T06:44:34.472Z,PB,3,5,9.99,Y-Z,VS2,FALSE,9000
2026-03-20T06:44:34.472Z,PB,3,5,9.99,Y-Z,SI2,FALSE,8000
2026-03-20T06:44:34.472Z,PB,3,10,99,Y-Z,SI1,FALSE,12500
2026-03-20T06:44:34.472Z,PB,3,10,99,Y-Z,SI3,FALSE,9000
2026-03-20T06:44:34.472Z,RBC,3,0.04,0.07,D,FL,FALSE,900
2026-03-20T06:44:34.472Z,RBC,3,0.04,0.07,F,FL,FALSE,900
2026-03-20T06:44:34.472Z,RBC,3,0.04,0.07,G,FL,FALSE,770
2026-03-20T06:44:34.472Z,RBC,3,0.04,0.07,L,FL,FALSE,470
2026-03-20T06:44:34.472Z,RBC,3,0.04,0.07,N,FL,FALSE,310
2026-03-20T06:44:34.472Z,RBC,3,0.08,0.14,F,FL,FALSE,1060
2026-03-20T06:44:34.472Z,RBC,3,0.08,0.14,I,FL,FALSE,760
2026-03-20T06:44:34.472Z,RBC,3,0.15,0.17,D,FL,FALSE,1250
2026-03-20T06:44:34.472Z,RBC,3,0.15,0.17,F,FL,FALSE,1250
2026-03-20T06:44:34.472Z,RBC,3,0.18,0.22,F,FL,TRUE,1340
2026-03-20T06:44:34.472Z,RBC,3,0.18,0.22,K,FL,TRUE,820
2026-03-20T06:44:34.472Z,RBC,3,0.23,0.29,H,FL,TRUE,1310
2026-03-20T06:44:34.472Z,RBC,3,0.23,0.29,J,FL,TRUE,1090
2026-03-20T06:44:34.472Z,RBC,3,0.23,0.29,M,FL,TRUE,780
2026-03-20T06:44:34.472Z,RBC,3,0.23,0.29,N,FL,TRUE,780
2026-03-20T06:44:34.472Z,RBC,3,0.3,0.39,K,FL,TRUE,1200
2026-03-20T06:44:34.472Z,RBC,3,0.3,0.39,L,FL,TRUE,1100
2026-03-20T06:44:34.472Z,RBC,3,0.4,0.49,I,FL,TRUE,1800
2026-03-20T06:44:34.472Z,RBC,3,0.4,0.49,K,FL,TRUE,1400
2026-03-20T06:44:34.472Z,RBC,3,0.5,0.69,E,FL,TRUE,4400
2026-03-20T06:44:34.472Z,RBC,3,0.5,0.69,H,FL,TRUE,2600
2026-03-20T06:44:34.472Z,RBC,3,0.5,0.69,I,FL,TRUE,2300
2026-03-20T06:44:34.472Z,RBC,3,0.5,0.69,L,FL,TRUE,1500
2026-03-20T06:44:34.472Z,RBC,3,0.5,0.69,M,FL,TRUE,1400
2026-03-20T06:44:34.472Z,RBC,3,0.7,0.89,D,FL,TRUE,7000
2026-03-20T06:44:34.472Z,RBC,3,0.7,0.89,I,FL,TRUE,2900
2026-03-20T06:44:34.472Z,RBC,3,0.7,0.89,K,FL,TRUE,2200
2026-03-20T06:44:34.472Z,RBC,3,0.9,0.99,D,FL,TRUE,10400
2026-03-20T06:44:34.472Z,RBC,3,0.9,0.99,G,FL,TRUE,6500
2026-03-20T06:44:34.472Z,RBC,3,0.9,0.99,J,FL,TRUE,3700
2026-03-20T06:44:34.472Z,RBC,3,0.9,0.99,K,FL,TRUE,3200
2026-03-20T06:44:34.472Z,RBC,3,0.9,0.99,L,FL,TRUE,2700
2026-03-20T06:44:34.472Z,RBC,3,1.5,1.99,E,FL,TRUE,18800
2026-03-20T06:44:34.472Z,RBC,3,1.5,1.99,F,FL,TRUE,16400
2026-03-20T06:44:34.472Z,RBC,3,1.5,1.99,G,FL,TRUE,13600
2026-03-20T06:44:34.472Z,PB,3,1.5,1.99,U-V,IF,FALSE,3500
2026-03-20T06:44:34.472Z,PB,3,1.5,1.99,U-V,VVS1,FALSE,3300
2026-03-20T06:44:34.472Z,PB,3,1.5,1.99,U-V,SI1,FALSE,2700
2026-03-20T06:44:34.472Z,PB,3,1.5,1.99,U-V,SI3,FALSE,2400
2026-03-20T06:44:34.472Z,PB,3,2,2.99,U-V,VS1,FALSE,3800
2026-03-20T06:44:34.472Z,PB,3,2,2.99,U-V,I1,FALSE,2700
2026-03-20T06:44:34.472Z,PB,3,2,2.99,U-V,I3,FALSE,1000
2026-03-20T06:44:34.472Z,PB,3,3,3.99,U-V,VS1,FALSE,5700
2026-03-20T06:44:34.472Z,PB,3,3,3.99,U-V,SI1,FALSE,4900
2026-03-20T06:44:34.472Z,PB,3,4,4.99,U-V,VVS1,FALSE,7700
2026-03-20T06:44:34.472Z,PB,3,4,4.99,U-V,VVS2,FALSE,7400
2026-03-20T06:44:34.472Z,PB,3,4,4.99,U-V,SI2,FALSE,6100
2026-03-20T06:44:34.472Z,PB,3,4,4.99,U-V,SI3,FALSE,4700
2026-03-20T06:44:34.472Z,PB,3,5,9.99,U-V,IF,FALSE,11500
2026-03-20T06:44:34.472Z,PB,3,5,9.99,U-V,VVS2,FALSE,10500
2026-03-20T06:44:34.472Z,PB,3,5,9.99,U-V,SI2,FALSE,8000
2026-03-20T06:44:34.472Z,PB,3,5,9.99,U-V,SI3,FALSE,6100
2026-03-20T06:44:34.472Z,PB,3,5,9.99,U-V,I2,FALSE,2300
2026-03-20T06:44:34.472Z,PB,3,10,99,U-V,VVS2,FALSE,15500
2026-03-20T06:44:34.472Z,PB,3,10,99,U-V,VS1,FALSE,14500
2026-03-20T06:44:34.472Z,PB,3,10,99,U-V,VS2,FALSE,13500
2026-03-20T06:44:34.472Z,PB,3,10,99,U-V,I1,FALSE,6400
2026-03-20T06:44:34.472Z,PB,3,0.3,0.39,W-X,VVS1,FALSE,900
2026-03-20T06:44:34.472Z,PB,3,0.3,0.39,W-X,VVS2,FALSE,900
2026-03-20T06:44:34.472Z,PB,3,0.4,0.49,W-X,VS1,FALSE,900
2026-03-20T06:44:34.472Z,PB,3,0.4,0.49,W-X,SI1,FALSE,800
2026-03-20T06:44:34.472Z,PB,3,0.4,0.49,W-X,SI2,FALSE,700
2026-03-20T06:44:34.472Z,PB,3,0.4,0.49,W-X,SI3,FALSE,600
2026-03-20T06:44:34.472Z,PB,3,0.5,0.69,W-X,IF,FALSE,1400
2026-03-20T06:44:34.472Z,PB,3,0.5,0.69,W-X,SI2,FALSE,900
2026-03-20T06:44:34.472Z,PB,3,0.5,0.69,W-X,I2,FALSE,600
2026-03-20T06:44:34.472Z,PB,3,0.7,0.89,W-X,VVS1,FALSE,1700
2026-03-20T06:44:34.472Z,PB,3,0.7,0.89,W-X,SI1,FALSE,1300
2026-03-20T06:44:34.472Z,PB,3,0.9,0.99,W-X,SI1,FALSE,1500
2026-03-20T06:44:34.472Z,PB,3,1,1.49,W-X,I1,FALSE,1300
2026-03-20T06:44:34.472Z,PB,3,1.5,1.99,W-X,VVS2,FALSE,3200
2026-03-20T06:44:34.472Z,PB,3,1.5,1.99,W-X,VS1,FALSE,3100
2026-03-20T06:44:34.472Z,PB,3,1.5,1.99,W-X,I1,FALSE,2200
2026-03-20T06:44:34.472Z,PB,3,1.5,1.99,W-X,I2,FALSE,1500
2026-03-20T06:44:34.472Z,PB,3,2,2.99,W-X,IF,FALSE,4500
2026-03-20T06:44:34.472Z,PB,3,2,2.99,W-X,VVS1,FALSE,4200
2026-03-20T06:44:34.472Z,PB,3,2,2.99,W-X,I1,FALSE,2700
2026-03-20T06:44:34.472Z,PB,3,3,3.99,W-X,VS1,FALSE,5700
2026-03-20T06:44:34.472Z,PB,3,4,4.99,W-X,VVS1,FALSE,7700
2026-03-20T06:44:34.472Z,PB,3,4,4.99,W-X,VS2,FALSE,6800
2026-03-20T06:44:34.472Z,PB,3,4,4.99,W-X,I3,FALSE,1200
2026-03-20T06:44:34.472Z,PB,3,5,9.99,W-X,SI2,FALSE,8000
2026-03-20T06:44:34.472Z,PB,3,5,9.99,W-X,I2,FALSE,2300
2026-03-20T06:44:34.472Z,PB,3,10,99,W-X,VVS1,FALSE,16500
2026-03-20T06:44:34.472Z,PB,3,10,99,W-X,VVS2,FALSE,15500
2026-03-20T06:44:34.472Z,PB,3,10,99,W-X,VS1,FALSE,14500
2026-03-20T06:44:34.472Z,PB,3,10,99,W-X,SI1,FALSE,12500
2026-03-20T06:44:34.472Z,PB,3,10,99,W-X,SI2,FALSE,11500
2026-03-20T06:44:34.472Z,PB,3,10,99,W-X,I2,FALSE,3300
2026-03-20T06:44:34.472Z,PB,3,0.3,0.39,Y-Z,SI1,FALSE,700
2026-03-20T06:44:34.472Z,PB,3,0.3,0.39,Y-Z,I1,FALSE,400
2026-03-20T06:44:34.472Z,PB,3,0.4,0.49,Y-Z,IF,FALSE,1200
2026-03-20T06:44:34.472Z,PB,3,0.4,0.49,Y-Z,VVS2,FALSE,1000
2026-03-20T06:44:34.472Z,PB,3,0.5,0.69,Y-Z,IF,FALSE,1400
2026-03-20T06:44:34.472Z,PB,3,0.5,0.69,Y-Z,VS1,FALSE,1100
2026-03-20T06:44:34.472Z,PB,3,0.7,0.89,Y-Z,VS2,FALSE,1400
2026-03-20T06:44:34.472Z,PB,3,0.7,0.89,Y-Z,I2,FALSE,700
2026-03-20T06:44:34.472Z,PB,3,0.7,0.89,Y-Z,I3,FALSE,500
2026-03-20T06:44:34.472Z,PB,3,0.9,0.99,Y-Z,VVS1,FALSE,1900
2026-03-20T06:44:34.472Z,RBC,3,2,2.99,H,FL,FALSE,16500
2026-03-20T06:44:34.472Z,RBC,3,2,2.99,K,FL,FALSE,9100
2026-03-20T06:44:34.472Z,RBC,3,3,3.99,D,FL,FALSE,55000
2026-03-20T06:44:34.472Z,RBC,3,3,3.99,G,FL,FALSE,33500
2026-03-20T06:44:34.472Z,RBC,3,3,3.99,I,FL,FALSE,22000
2026-03-20T06:44:34.472Z,RBC,3,3,3.99,J,FL,FALSE,17500
2026-03-20T06:44:34.472Z,RBC,3,3,3.99,K,FL,FALSE,14500
2026-03-20T06:44:34.472Z,RBC,3,4,4.99,F,FL,FALSE,56500
2026-03-20T06:44:34.472Z,RBC,3,4,4.99,H,FL,FALSE,36000
2026-03-20T06:44:34.472Z,RBC,3,4,4.99,J,FL,FALSE,22500
2026-03-20T06:44:34.472Z,RBC,3,4,4.99,L,FL,FALSE,15000
2026-03-20T06:44:34.472Z,RBC,3,5,9.99,D,FL,FALSE,100000
2026-03-20T06:44:34.472Z,RBC,3,5,9.99,J,FL,FALSE,28000
2026-03-20T06:44:34.472Z,RBC,3,5,9.99,K,FL,FALSE,22000
2026-03-20T06:44:34.472Z,RBC,3,0.7,0.89,N,FL,TRUE,1800
2026-03-20T06:44:34.472Z,RBC,3,2,2.99,N,FL,FALSE,6800
2026-03-20T06:44:34.472Z,RBC,3,3,3.99,N,FL,FALSE,9500
2026-03-20T06:44:34.472Z,RBC,3,4,4.99,N,FL,FALSE,12500
2026-03-20T06:44:34.472Z,RBC,3,10,99,N,FL,FALSE,22500
2026-03-20T06:44:34.472Z,RBC,3,0.5,0.69,O-P,FL,FALSE,1400
2026-03-20T06:44:34.472Z,RBC,3,0.7,0.89,O-P,FL,FALSE,1800
2026-03-20T06:44:34.472Z,RBC,3,0.9,0.99,O-P,FL,FALSE,2400
2026-03-20T06:44:34.472Z,RBC,3,1.5,1.99,Q-R,FL,FALSE,4600
2026-03-20T06:44:34.472Z,RBC,3,0.7,0.89,S-T,FL,FALSE,1800
2026-03-20T06:44:34.472Z,RBC,3,0.3,0.39,U-V,FL,FALSE,1000
2026-03-20T06:44:34.472Z,RBC,3,0.4,0.49,W-X,FL,FALSE,1200
2026-03-20T06:44:34.472Z,RBC,3,0.5,0.69,W-X,FL,FALSE,1400
2026-03-20T06:44:34.472Z,RBC,3,0.3,0.39,Y-Z,FL,FALSE,1000
2026-03-20T06:44:34.472Z,RBC,3,1,1.49,Y-Z,FL,FALSE,2700
2026-03-20T06:44:34.472Z,PB,3,0.18,0.22,D,FL,TRUE,1370
2026-03-20T06:44:34.472Z,PB,3,0.18,0.22,F,FL,TRUE,1370
2026-03-20T06:44:34.472Z,PB,3,0.18,0.22,J,FL,TRUE,1000
2026-03-20T06:44:34.472Z,PB,3,0.18,0.22,K,FL,TRUE,770
2026-03-20T06:44:34.472Z,PB,3,0.23,0.29,E,FL,TRUE,1610
2026-03-20T06:44:34.472Z,PB,3,0.23,0.29,H,FL,TRUE,1410
2026-03-20T06:44:34.472Z,PB,3,0.23,0.29,J,FL,TRUE,1180
2026-03-20T06:44:34.472Z,PB,3,0.23,0.29,K,FL,FALSE,940
2026-03-20T06:44:34.472Z,PB,3,0.23,0.29,L,FL,FALSE,940
2026-03-20T06:44:34.472Z,PB,3,0.3,0.39,D,FL,TRUE,2500
2026-03-20T06:44:34.472Z,PB,3,0.3,0.39,F,FL,TRUE,2100
2026-03-20T06:44:34.472Z,PB,3,0.3,0.39,H,FL,TRUE,1800
2026-03-20T06:44:34.472Z,PB,3,0.4,0.49,E,FL,TRUE,2700
2026-03-20T06:44:34.472Z,PB,3,0.4,0.49,F,FL,TRUE,2500
2026-03-20T06:44:34.472Z,PB,3,0.4,0.49,G,FL,TRUE,2300
2026-03-20T06:44:34.472Z,PB,3,0.4,0.49,H,FL,TRUE,2100
2026-03-20T06:44:34.472Z,PB,3,0.4,0.49,I,FL,TRUE,1900
2026-03-20T06:44:34.472Z,PB,3,0.9,0.99,G,FL,TRUE,5200
2026-03-20T06:44:34.472Z,PB,3,0.9,0.99,H,FL,TRUE,4800
2026-03-20T06:44:34.472Z,PB,3,0.9,0.99,I,FL,TRUE,4100
2026-03-20T06:44:34.472Z,PB,3,1,1.49,J,FL,FALSE,4000
2026-03-20T06:44:34.472Z,PB,3,1.5,1.99,I,FL,FALSE,7900
2026-03-20T06:44:34.472Z,PB,3,1.5,1.99,J,FL,FALSE,6400
2026-03-20T06:44:34.472Z,PB,3,2,2.99,E,FL,FALSE,20000
2026-03-20T06:44:34.472Z,PB,3,2,2.99,F,FL,FALSE,18500
2026-03-20T06:44:34.472Z,PB,3,2,2.99,G,FL,FALSE,17000
2026-03-20T06:44:34.472Z,PB,3,2,2.99,K,FL,FALSE,7000
2026-03-20T06:44:34.472Z,PB,3,3,3.99,D,FL,FALSE,42000
2026-03-20T06:44:34.472Z,PB,3,4,4.99,E,FL,FALSE,46000
2026-03-20T06:44:34.472Z,PB,3,4,4.99,F,FL,FALSE,42000
2026-03-20T06:44:34.472Z,PB,3,4,4.99,H,FL,FALSE,30500
2026-03-20T06:44:34.472Z,PB,3,4,4.99,K,FL,FALSE,15800
2026-03-20T06:44:34.472Z,PB,3,5,9.99,D,FL,FALSE,75000
2026-03-20T06:44:34.472Z,PB,3,5,9.99,J,FL,FALSE,25000
2026-03-20T06:44:34.472Z,PB,3,5,9.99,K,FL,FALSE,19500
2026-03-20T06:44:34.472Z,PB,3,5,9.99,L,FL,FALSE,15000
2026-03-20T06:44:34.472Z,PB,3,10,99,F,FL,FALSE,94500
2026-03-20T06:44:34.472Z,PB,3,10,99,K,FL,FALSE,31500
2026-03-20T06:44:34.472Z,PB,3,0.4,0.49,N,FL,TRUE,1200
2026-03-20T06:44:34.472Z,PB,3,0.3,0.39,O-P,FL,FALSE,900
2026-03-20T06:44:34.472Z,PB,3,0.9,0.99,O-P,FL,FALSE,2000
2026-03-20T06:44:34.472Z,PB,3,10,99,O-P,FL,FALSE,17500
2026-03-20T06:44:34.472Z,PB,3,0.9,0.99,Q-R,FL,FALSE,2000
2026-03-20T06:44:34.472Z,PB,3,1,1.49,Q-R,FL,FALSE,2500
2026-03-20T06:44:34.472Z,PB,3,1.5,1.99,Q-R,FL,FALSE,3500
2026-03-20T06:44:34.472Z,PB,3,2,2.99,Q-R,FL,FALSE,4500
2026-03-20T06:44:34.472Z,PB,3,10,99,Q-R,FL,FALSE,17500
2026-03-20T06:44:34.472Z,PB,3,0.4,0.49,S-T,FL,FALSE,1200
2026-03-20T06:44:34.472Z,PB,3,0.9,0.99,S-T,FL,FALSE,2000
2026-03-20T06:44:34.472Z,PB,3,1.5,1.99,S-T,FL,FALSE,3500
2026-03-20T06:44:34.472Z,PB,3,4,4.99,S-T,FL,FALSE,8100
2026-03-20T06:44:34.472Z,PB,3,5,9.99,S-T,FL,FALSE,11500
2026-03-20T06:44:34.472Z,PB,3,1,1.49,U-V,FL,FALSE,2500
2026-03-20T06:44:34.472Z,PB,3,4,4.99,U-V,FL,FALSE,8100
2026-03-20T06:44:34.472Z,PB,3,5,9.99,U-V,FL,FALSE,11500
2026-03-20T06:44:34.472Z,PB,3,0.7,0.89,W-X,FL,FALSE,1800
2026-03-20T06:44:34.472Z,PB,3,1,1.49,W-X,FL,FALSE,2500
2026-03-20T06:44:34.472Z,PB,3,4,4.99,W-X,FL,FALSE,8100
2026-03-20T06:44:34.472Z,PB,3,0.5,0.69,Y-Z,FL,FALSE,1400
2026-03-20T06:44:34.472Z,PB,3,1.5,1.99,Y-Z,FL,FALSE,3500
2026-03-20T06:44:34.472Z,PB,3,5,9.99,Y-Z,FL,FALSE,11500
2026-03-20T06:44:34.472Z,PB,3,1,1.49,F,IF,FALSE,7400
2026-03-20T06:44:34.472Z,PB,3,1,1.49,F,VVS2,FALSE,6400
2026-03-20T06:44:34.472Z,PB,3,1,1.49,F,I3,FALSE,1100
2026-03-20T06:44:34.472Z,PB,3,1,1.49,G,VVS1,FALSE,6200
2026-03-20T06:44:34.472Z,PB,3,1,1.49,G,SI2,FALSE,3300
2026-03-20T06:44:34.472Z,PB,3,1,1.49,G,SI3,FALSE,2900
2026-03-20T06:44:34.472Z,PB,3,1,1.49,H,VVS2,FALSE,4900
2026-03-20T06:44:34.472Z,PB,3,1,1.49,H,VS2,FALSE,4200
2026-03-20T06:44:34.472Z,PB,3,1,1.49,H,SI2,FALSE,3100
2026-03-20T06:44:34.472Z,PB,3,1,1.49,I,VS1,FALSE,3900
2026-03-20T06:44:34.472Z,PB,3,1,1.49,I,SI1,FALSE,3200
2026-03-20T06:44:34.472Z,PB,3,1,1.49,I,I2,FALSE,1700
2026-03-20T06:44:34.472Z,PB,3,1,1.49,I,I3,FALSE,1000
2026-03-20T06:44:34.472Z,PB,3,1,1.49,J,IF,FALSE,4000
2026-03-20T06:44:34.472Z,PB,3,1,1.49,K,SI3,FALSE,1900
2026-03-20T06:44:34.472Z,PB,3,1,1.49,L,IF,FALSE,2900
2026-03-20T06:44:34.472Z,PB,3,1,1.49,L,VS1,FALSE,2300
2026-03-20T06:44:34.472Z,PB,3,1,1.49,L,VS2,FALSE,2200
2026-03-20T06:44:34.472Z,PB,3,1,1.49,M,SI3,FALSE,1600
2026-03-20T06:44:34.472Z,PB,3,1,1.49,M,I1,FALSE,1300
2026-03-20T06:44:34.472Z,PB,3,1,1.49,M,I2,FALSE,1000
2026-03-20T06:44:34.472Z,PB,3,1,1.49,M,I3,FALSE,800
2026-03-20T06:44:34.472Z,PB,3,1.5,1.99,D,VS1,FALSE,11600
2026-03-20T06:44:34.472Z,PB,3,1.5,1.99,D,I2,FALSE,2700
2026-03-20T06:44:34.472Z,PB,3,1.5,1.99,E,IF,FALSE,13200
2026-03-20T06:44:34.472Z,PB,3,1.5,1.99,E,VVS2,FALSE,11600
2026-03-20T06:44:34.472Z,PB,3,1.5,1.99,E,VS1,FALSE,10800
2026-03-20T06:44:34.472Z,PB,3,1.5,1.99,E,VS2,FALSE,9300
2026-03-20T06:44:34.472Z,PB,3,1.5,1.99,E,SI2,FALSE,6300
2026-03-20T06:44:34.472Z,PB,3,1.5,1.99,F,VS1,FALSE,10200
2026-03-20T06:44:34.472Z,PB,3,1.5,1.99,F,I3,FALSE,1300
2026-03-20T06:44:34.472Z,PB,3,1.5,1.99,G,VS1,FALSE,9300
2026-03-20T06:44:34.472Z,PB,3,1.5,1.99,G,SI2,FALSE,5600
2026-03-20T06:44:34.472Z,PB,3,1.5,1.99,H,IF,FALSE,9200
2026-03-20T06:44:34.472Z,PB,3,1.5,1.99,H,VS1,FALSE,7900
2026-03-20T06:44:34.472Z,PB,3,1.5,1.99,H,SI3,FALSE,4500
2026-03-20T06:44:34.472Z,PB,3,1.5,1.99,I,SI2,FALSE,4800
2026-03-20T06:44:34.472Z,PB,3,1.5,1.99,I,I1,FALSE,3600
2026-03-20T06:44:34.472Z,PB,3,1.5,1.99,J,IF,FALSE,6400
2026-03-20T06:44:34.472Z,PB,3,1.5,1.99,J,VVS2,FALSE,5800
2026-03-20T06:44:34.472Z,PB,3,1.5,1.99,J,VS2,FALSE,5200
2026-03-20T06:44:34.472Z,PB,3,1.5,1.99,K,VS2,FALSE,4100
2026-03-20T06:44:34.472Z,PB,3,1.5,1.99,K,I3,FALSE,1000
2026-03-20T06:44:34.472Z,PB,3,1.5,1.99,L,VVS1,FALSE,3900
2026-03-20T06:44:34.472Z,PB,3,1.5,1.99,L,VS1,FALSE,3600
2026-03-20T06:44:34.472Z,PB,3,1.5,1.99,M,VS1,FALSE,3100
2026-03-20T06:44:34.472Z,PB,3,1.5,1.99,M,VS2,FALSE,2900
2026-03-20T06:44:34.472Z,PB,3,1.5,1.99,M,I1,FALSE,2200
2026-03-20T06:44:34.472Z,PB,3,1.5,1.99,M,I2,FALSE,1500
2026-03-20T06:44:34.472Z,PB,3,1.5,1.99,M,I3,FALSE,1000
2026-03-20T06:44:34.472Z,PB,3,2,2.99,D,I1,FALSE,6900
2026-03-20T06:44:34.472Z,PB,3,2,2.99,E,VVS2,FALSE,17000
2026-03-20T06:44:34.472Z,PB,3,2,2.99,E,VS1,FALSE,16000
2026-03-20T06:44:34.472Z,PB,3,2,2.99,E,SI3,FALSE,7800
2026-03-20T06:44:34.472Z,PB,3,2,2.99,F,VVS2,FALSE,16000
2026-03-20T06:44:34.472Z,PB,3,2,2.99,F,VS1,FALSE,15000
2026-03-20T06:44:34.472Z,PB,3,2,2.99,F,SI3,FALSE,7400
2026-03-20T06:44:34.472Z,PB,3,2,2.99,F,I1,FALSE,5900
2026-03-20T06:44:34.472Z,PB,3,2,2.99,G,VVS1,FALSE,16000
2026-03-20T06:44:34.472Z,PB,3,2,2.99,G,VS1,FALSE,14000
2026-03-20T06:44:34.472Z,PB,3,2,2.99,G,SI2,FALSE,8600
2026-03-20T06:44:34.472Z,PB,3,2,2.99,G,I3,FALSE,1300
2026-03-20T06:44:34.472Z,PB,3,2,2.99,H,IF,FALSE,13500
2026-03-20T06:44:34.472Z,PB,3,2,2.99,H,SI3,FALSE,6400
2026-03-20T06:44:34.472Z,PB,3,0.3,0.39,Y-Z,VS2,FALSE,800
2026-03-20T06:44:34.472Z,PB,3,0.4,0.49,Y-Z,VS1,FALSE,900
2026-03-20T06:44:34.472Z,PB,3,0.4,0.49,Y-Z,VS2,FALSE,900
2026-03-20T06:44:34.472Z,PB,3,0.4,0.49,Y-Z,SI3,FALSE,600
2026-03-20T06:44:34.472Z,PB,3,0.5,0.69,Y-Z,VVS2,FALSE,1200
2026-03-20T06:44:34.472Z,PB,3,0.5,0.69,Y-Z,VS2,FALSE,1000
2026-03-20T06:44:34.472Z,PB,3,0.5,0.69,Y-Z,SI1,FALSE,1000
2026-03-20T06:44:34.472Z,PB,3,0.5,0.69,Y-Z,I3,FALSE,400
2026-03-20T06:44:34.472Z,PB,3,0.7,0.89,Y-Z,VS1,FALSE,1500
2026-03-20T06:44:34.472Z,PB,3,0.7,0.89,Y-Z,SI1,FALSE,1300
2026-03-20T06:44:34.472Z,PB,3,0.9,0.99,Y-Z,VS1,FALSE,1700
2026-03-20T06:44:34.472Z,PB,3,0.9,0.99,Y-Z,SI1,FALSE,1500
2026-03-20T06:44:34.472Z,PB,3,0.9,0.99,Y-Z,SI3,FALSE,1300
2026-03-20T06:44:34.472Z,PB,3,0.9,0.99,Y-Z,I2,FALSE,900
2026-03-20T06:44:34.472Z,PB,3,1,1.49,Y-Z,SI3,FALSE,1600
2026-03-20T06:44:34.472Z,PB,3,1,1.49,Y-Z,I1,FALSE,1300
2026-03-20T06:44:34.472Z,PB,3,1,1.49,Y-Z,I3,FALSE,800
2026-03-20T06:44:34.472Z,PB,3,1.5,1.99,Y-Z,VVS2,FALSE,3200
2026-03-20T06:44:34.472Z,PB,3,1.5,1.99,Y-Z,SI3,FALSE,2400
2026-03-20T06:44:34.472Z,PB,3,2,2.99,Y-Z,VS2,FALSE,3600
2026-03-20T06:44:34.472Z,PB,3,2,2.99,Y-Z,SI2,FALSE,3300
2026-03-20T06:44:34.472Z,PB,3,2,2.99,Y-Z,I2,FALSE,1800
2026-03-20T06:44:34.472Z,PB,3,3,3.99,Y-Z,VVS1,FALSE,6300
2026-03-20T06:44:34.472Z,PB,3,3,3.99,Y-Z,VS1,FALSE,5700
2026-03-20T06:44:34.472Z,PB,3,3,3.99,Y-Z,SI2,FALSE,4600
2026-03-20T06:44:34.472Z,PB,3,3,3.99,Y-Z,I1,FALSE,3600
2026-03-20T06:44:34.472Z,PB,3,4,4.99,Y-Z,VVS2,FALSE,7400
2026-03-20T06:44:34.472Z,PB,3,5,9.99,Y-Z,SI1,FALSE,8500
2026-03-20T06:44:34.472Z,PB,3,5,9.99,Y-Z,I3,FALSE,1300
2026-03-20T06:44:34.472Z,PB,3,10,99,Y-Z,SI2,FALSE,11500
2026-03-20T06:44:34.472Z,PB,3,10,99,Y-Z,I1,FALSE,6400
2026-03-20T06:44:34.472Z,PB,3,10,99,Y-Z,I2,FALSE,3300
2026-03-20T06:44:34.472Z,RBC,3,0.01,0.03,D,FL,FALSE,830
2026-03-20T06:44:34.472Z,RBC,3,0.01,0.03,H,FL,FALSE,710
2026-03-20T06:44:34.472Z,RBC,3,0.01,0.03,N,FL,FALSE,290
2026-03-20T06:44:34.472Z,RBC,3,0.04,0.07,E,FL,FALSE,900
2026-03-20T06:44:34.472Z,RBC,3,0.08,0.14,E,FL,FALSE,1060
2026-03-20T06:44:34.472Z,RBC,3,0.08,0.14,N,FL,FALSE,410
2026-03-20T06:44:34.472Z,RBC,3,0.15,0.17,E,FL,FALSE,1250
2026-03-20T06:44:34.472Z,RBC,3,0.15,0.17,G,FL,FALSE,1050
2026-03-20T06:44:34.472Z,RBC,3,0.15,0.17,H,FL,FALSE,1050
2026-03-20T06:44:34.472Z,RBC,3,0.15,0.17,M,FL,FALSE,500
2026-03-20T06:44:34.472Z,RBC,3,0.18,0.22,E,FL,TRUE,1340
2026-03-20T06:44:34.472Z,RBC,3,0.18,0.22,G,FL,TRUE,1150
2026-03-20T06:44:34.472Z,RBC,3,0.18,0.22,H,FL,TRUE,1150
2026-03-20T06:44:34.472Z,RBC,3,0.23,0.29,E,FL,TRUE,1600
2026-03-20T06:44:34.472Z,RBC,3,0.23,0.29,I,FL,TRUE,1090
2026-03-20T06:44:34.472Z,RBC,3,0.23,0.29,L,FL,TRUE,920
2026-03-20T06:44:34.472Z,RBC,3,0.3,0.39,E,FL,TRUE,2600
2026-03-20T06:44:34.472Z,RBC,3,0.3,0.39,F,FL,TRUE,2300
2026-03-20T06:44:34.472Z,RBC,3,0.3,0.39,G,FL,TRUE,2000
2026-03-20T06:44:34.472Z,RBC,3,0.3,0.39,I,FL,TRUE,1500
2026-03-20T06:44:34.472Z,RBC,3,0.4,0.49,E,FL,TRUE,2900
2026-03-20T06:44:34.472Z,RBC,3,0.4,0.49,G,FL,TRUE,2300
2026-03-20T06:44:34.472Z,RBC,3,0.4,0.49,J,FL,TRUE,1600
2026-03-20T06:44:34.472Z,RBC,3,0.4,0.49,L,FL,TRUE,1300
2026-03-20T06:44:34.472Z,RBC,3,0.4,0.49,M,FL,TRUE,1200
2026-03-20T06:44:34.472Z,RBC,3,0.7,0.89,E,FL,TRUE,5700
2026-03-20T06:44:34.472Z,RBC,3,0.7,0.89,F,FL,TRUE,5000
2026-03-20T06:44:34.472Z,RBC,3,1,1.49,H,FL,TRUE,6100
2026-03-20T06:44:34.472Z,RBC,3,1,1.49,I,FL,TRUE,5200
2026-03-20T06:44:34.472Z,RBC,3,1.5,1.99,I,FL,TRUE,8700
2026-03-20T06:44:34.472Z,RBC,3,1.5,1.99,K,FL,TRUE,6300
2026-03-20T06:44:34.472Z,RBC,3,2,2.99,F,FL,FALSE,24500
2026-03-20T06:44:34.472Z,PB,3,2,2.99,H,I2,FALSE,2500
2026-03-20T06:44:34.472Z,PB,3,2,2.99,J,IF,FALSE,8800
2026-03-20T06:44:34.472Z,PB,3,2,2.99,J,VS1,FALSE,7700
2026-03-20T06:44:34.472Z,PB,3,2,2.99,K,VVS1,FALSE,6600
2026-03-20T06:44:34.472Z,PB,3,2,2.99,K,VS1,FALSE,6000
2026-03-20T06:44:34.472Z,PB,3,2,2.99,K,VS2,FALSE,5800
2026-03-20T06:44:34.472Z,PB,3,2,2.99,K,I3,FALSE,1100
2026-03-20T06:44:34.472Z,PB,3,2,2.99,L,VVS1,FALSE,5100
2026-03-20T06:44:34.472Z,PB,3,2,2.99,L,VVS2,FALSE,4900
2026-03-20T06:44:34.472Z,PB,3,2,2.99,L,VS2,FALSE,4500
2026-03-20T06:44:34.472Z,PB,3,3,3.99,D,SI1,FALSE,23000
2026-03-20T06:44:34.472Z,PB,3,3,3.99,D,I1,FALSE,8600
2026-03-20T06:44:34.472Z,PB,3,3,3.99,E,VVS2,FALSE,29500
2026-03-20T06:44:34.472Z,PB,3,3,3.99,E,I3,FALSE,1600
2026-03-20T06:44:34.472Z,PB,3,3,3.99,F,IF,FALSE,32500
2026-03-20T06:44:34.472Z,PB,3,3,3.99,F,VS1,FALSE,25000
2026-03-20T06:44:34.472Z,PB,3,3,3.99,F,SI1,FALSE,20000
2026-03-20T06:44:34.472Z,PB,3,3,3.99,F,I1,FALSE,7400
2026-03-20T06:44:34.472Z,PB,3,3,3.99,F,I3,FALSE,1500
2026-03-20T06:44:34.472Z,PB,3,3,3.99,G,VVS1,FALSE,26500
2026-03-20T06:44:34.472Z,PB,3,3,3.99,H,VS2,FALSE,18500
2026-03-20T06:44:34.472Z,PB,3,3,3.99,H,SI1,FALSE,16500
2026-03-20T06:44:34.472Z,PB,3,3,3.99,H,I1,FALSE,6200
2026-03-20T06:44:34.472Z,PB,3,3,3.99,H,I3,FALSE,1400
2026-03-20T06:44:34.472Z,PB,3,3,3.99,I,IF,FALSE,19500
2026-03-20T06:44:34.472Z,PB,3,3,3.99,I,VVS2,FALSE,17500
2026-03-20T06:44:34.472Z,PB,3,3,3.99,I,VS2,FALSE,15500
2026-03-20T06:44:34.472Z,PB,3,3,3.99,I,SI1,FALSE,14500
2026-03-20T06:44:34.472Z,PB,3,3,3.99,I,I1,FALSE,5700
2026-03-20T06:44:34.472Z,PB,3,3,3.99,I,I2,FALSE,2600
2026-03-20T06:44:34.472Z,PB,3,3,3.99,J,VVS2,FALSE,13500
2026-03-20T06:44:34.472Z,PB,3,3,3.99,J,VS2,FALSE,12100
2026-03-20T06:44:34.472Z,PB,3,3,3.99,J,SI3,FALSE,7100
2026-03-20T06:44:34.472Z,PB,3,3,3.99,J,I2,FALSE,2500
2026-03-20T06:44:34.472Z,PB,3,3,3.99,K,IF,FALSE,11900
2026-03-20T06:44:34.472Z,PB,3,3,3.99,K,SI2,FALSE,8200
2026-03-20T06:44:34.472Z,PB,3,3,3.99,K,SI3,FALSE,6100
2026-03-20T06:44:34.472Z,PB,3,3,3.99,L,VVS1,FALSE,8300
2026-03-20T06:44:34.472Z,PB,3,3,3.99,L,VVS2,FALSE,7900
2026-03-20T06:44:34.472Z,PB,3,3,3.99,L,VS2,FALSE,7100
2026-03-20T06:44:34.472Z,PB,3,3,3.99,L,SI1,FALSE,6600
2026-03-20T06:44:34.472Z,PB,3,3,3.99,L,I1,FALSE,4400
2026-03-20T06:44:34.472Z,PB,3,3,3.99,M,IF,FALSE,6700
2026-03-20T06:44:34.472Z,PB,3,3,3.99,M,VS2,FALSE,5400
2026-03-20T06:44:34.472Z,PB,3,3,3.99,M,SI2,FALSE,4600
2026-03-20T06:44:34.472Z,PB,3,3,3.99,M,I1,FALSE,3600
2026-03-20T06:44:34.472Z,PB,3,4,4.99,D,VVS1,FALSE,46000
2026-03-20T06:44:34.472Z,PB,3,4,4.99,D,SI1,FALSE,28000
2026-03-20T06:44:34.472Z,PB,3,4,4.99,D,SI2,FALSE,21000
2026-03-20T06:44:34.472Z,PB,3,4,4.99,E,VVS1,FALSE,42000
2026-03-20T06:44:34.472Z,PB,3,4,4.99,E,I3,FALSE,1700
2026-03-20T06:44:34.472Z,PB,3,4,4.99,F,VS1,FALSE,34500
2026-03-20T06:44:34.472Z,PB,3,4,4.99,F,VS2,FALSE,31500
2026-03-20T06:44:34.472Z,PB,3,4,4.99,F,SI2,FALSE,19000
2026-03-20T06:44:34.472Z,PB,3,4,4.99,F,SI3,FALSE,11900
2026-03-20T06:44:34.472Z,PB,3,4,4.99,F,I1,FALSE,8200
2026-03-20T06:44:34.472Z,PB,3,4,4.99,F,I2,FALSE,3500
2026-03-20T06:44:34.472Z,PB,3,4,4.99,G,SI1,FALSE,23500
2026-03-20T06:44:34.472Z,PB,3,4,4.99,H,VS1,FALSE,25500
2026-03-20T06:44:34.472Z,PB,3,4,4.99,H,VS2,FALSE,23500
2026-03-20T06:44:34.472Z,PB,3,4,4.99,H,SI1,FALSE,20500
2026-03-20T06:44:34.472Z,PB,3,4,4.99,H,I1,FALSE,7200
2026-03-20T06:44:34.472Z,PB,3,4,4.99,H,I2,FALSE,2900
2026-03-20T06:44:34.472Z,PB,3,4,4.99,I,VVS2,FALSE,22000
2026-03-20T06:44:34.472Z,RBC,3,2,2.99,G,FL,FALSE,20500
2026-03-20T06:44:34.472Z,RBC,3,3,3.99,E,FL,FALSE,45000
2026-03-20T06:44:34.472Z,RBC,3,3,3.99,M,FL,FALSE,9500
2026-03-20T06:44:34.472Z,RBC,3,4,4.99,G,FL,FALSE,46500
2026-03-20T06:44:34.472Z,RBC,3,4,4.99,I,FL,FALSE,28000
2026-03-20T06:44:34.472Z,RBC,3,4,4.99,K,FL,FALSE,18500
2026-03-20T06:44:34.472Z,RBC,3,5,9.99,E,FL,FALSE,83500
2026-03-20T06:44:34.472Z,RBC,3,5,9.99,G,FL,FALSE,60500
2026-03-20T06:44:34.472Z,RBC,3,5,9.99,M,FL,FALSE,15000
2026-03-20T06:44:34.472Z,RBC,3,10,99,D,FL,FALSE,140000
2026-03-20T06:44:34.472Z,RBC,3,10,99,F,FL,FALSE,111000
2026-03-20T06:44:34.472Z,RBC,3,10,99,I,FL,FALSE,57000
2026-03-20T06:44:34.472Z,RBC,3,10,99,K,FL,FALSE,34500
2026-03-20T06:44:34.472Z,RBC,3,10,99,L,FL,FALSE,27000
2026-03-20T06:44:34.472Z,RBC,3,0.4,0.49,N,FL,TRUE,1200
2026-03-20T06:44:34.472Z,RBC,3,0.5,0.69,N,FL,TRUE,1400
2026-03-20T06:44:34.472Z,RBC,3,1.5,1.99,N,FL,TRUE,4600
2026-03-20T06:44:34.472Z,RBC,3,0.4,0.49,O-P,FL,FALSE,1200
2026-03-20T06:44:34.472Z,RBC,3,1.5,1.99,O-P,FL,FALSE,4600
2026-03-20T06:44:34.472Z,RBC,3,2,2.99,O-P,FL,FALSE,6800
2026-03-20T06:44:34.472Z,RBC,3,4,4.99,O-P,FL,FALSE,12500
2026-03-20T06:44:34.472Z,RBC,3,5,9.99,O-P,FL,FALSE,15000
2026-03-20T06:44:34.472Z,RBC,3,0.3,0.39,Q-R,FL,FALSE,1000
2026-03-20T06:44:34.472Z,RBC,3,0.7,0.89,Q-R,FL,FALSE,1800
2026-03-20T06:44:34.472Z,RBC,3,1,1.49,Q-R,FL,FALSE,2700
2026-03-20T06:44:34.472Z,RBC,3,10,99,Q-R,FL,FALSE,22500
2026-03-20T06:44:34.472Z,RBC,3,1,1.49,S-T,FL,FALSE,2700
2026-03-20T06:44:34.472Z,RBC,3,1.5,1.99,S-T,FL,FALSE,4600
2026-03-20T06:44:34.472Z,RBC,3,4,4.99,S-T,FL,FALSE,12500
2026-03-20T06:44:34.472Z,RBC,3,5,9.99,S-T,FL,FALSE,15000
2026-03-20T06:44:34.472Z,RBC,3,0.5,0.69,U-V,FL,FALSE,1400
2026-03-20T06:44:34.472Z,RBC,3,0.7,0.89,U-V,FL,FALSE,1800
2026-03-20T06:44:34.472Z,RBC,3,1.5,1.99,U-V,FL,FALSE,4600
2026-03-20T06:44:34.472Z,RBC,3,2,2.99,U-V,FL,FALSE,6800
2026-03-20T06:44:34.472Z,RBC,3,3,3.99,U-V,FL,FALSE,9500
2026-03-20T06:44:34.472Z,RBC,3,5,9.99,U-V,FL,FALSE,15000
2026-03-20T06:44:34.472Z,RBC,3,10,99,U-V,FL,FALSE,22500
2026-03-20T06:44:34.472Z,RBC,3,0.3,0.39,W-X,FL,FALSE,1000
2026-03-20T06:44:34.472Z,RBC,3,5,9.99,W-X,FL,FALSE,15000
2026-03-20T06:44:34.472Z,RBC,3,10,99,Y-Z,FL,FALSE,22500
2026-03-20T06:44:34.472Z,PB,3,0.18,0.22,G,FL,TRUE,1210
2026-03-20T06:44:34.472Z,PB,3,0.18,0.22,M,FL,TRUE,600
2026-03-20T06:44:34.472Z,PB,3,0.23,0.29,D,FL,TRUE,1610
2026-03-20T06:44:34.472Z,PB,3,0.23,0.29,G,FL,TRUE,1410
2026-03-20T06:44:34.472Z,PB,3,0.23,0.29,I,FL,TRUE,1180
2026-03-20T06:44:34.472Z,PB,3,0.23,0.29,N,FL,FALSE,780
2026-03-20T06:44:34.472Z,PB,3,0.3,0.39,M,FL,FALSE,900
2026-03-20T06:44:34.472Z,PB,3,0.4,0.49,D,FL,TRUE,2900
2026-03-20T06:44:34.472Z,PB,3,0.4,0.49,M,FL,TRUE,1200
2026-03-20T06:44:34.472Z,PB,3,0.5,0.69,E,FL,TRUE,3000
2026-03-20T06:44:34.472Z,PB,3,0.5,0.69,J,FL,TRUE,1900
2026-03-20T06:44:34.472Z,PB,3,0.7,0.89,F,FL,TRUE,4000
2026-03-20T06:44:34.472Z,PB,3,0.7,0.89,L,FL,TRUE,2000
2026-03-20T06:44:34.472Z,PB,3,0.7,0.89,M,FL,TRUE,1800
2026-03-20T06:44:34.472Z,PB,3,0.9,0.99,E,FL,TRUE,6200
2026-03-20T06:44:34.472Z,PB,3,0.9,0.99,F,FL,TRUE,5500
2026-03-20T06:44:34.472Z,PB,3,0.9,0.99,K,FL,TRUE,3000
2026-03-20T06:44:34.472Z,PB,3,0.9,0.99,M,FL,TRUE,2000
2026-03-20T06:44:34.472Z,PB,3,1,1.49,G,FL,FALSE,6600
2026-03-20T06:44:34.472Z,PB,3,1.5,1.99,E,FL,FALSE,13200
2026-03-20T06:44:34.472Z,PB,3,1.5,1.99,F,FL,FALSE,12300
2026-03-20T06:44:34.472Z,PB,3,1.5,1.99,K,FL,FALSE,4900
2026-03-20T06:44:34.472Z,PB,3,2,2.99,H,FL,FALSE,13500
2026-03-20T06:44:34.472Z,PB,3,2,2.99,I,FL,FALSE,10800
2026-03-20T06:44:34.472Z,PB,3,4,4.99,I,VS1,FALSE,20500
2026-03-20T06:44:34.472Z,PB,3,4,4.99,I,SI2,FALSE,15000
2026-03-20T06:44:34.472Z,PB,3,4,4.99,I,SI3,FALSE,9500
2026-03-20T06:44:34.472Z,PB,3,4,4.99,I,I1,FALSE,6600
2026-03-20T06:44:34.472Z,PB,3,4,4.99,J,VVS1,FALSE,18500
2026-03-20T06:44:34.472Z,PB,3,4,4.99,J,I2,FALSE,2600
2026-03-20T06:44:34.472Z,PB,3,4,4.99,K,IF,FALSE,15800
2026-03-20T06:44:34.472Z,PB,3,4,4.99,K,VVS1,FALSE,14800
2026-03-20T06:44:34.472Z,PB,3,4,4.99,K,SI2,FALSE,10500
2026-03-20T06:44:34.472Z,PB,3,4,4.99,K,SI3,FALSE,7000
2026-03-20T06:44:34.472Z,PB,3,4,4.99,K,I1,FALSE,5600
2026-03-20T06:44:34.472Z,PB,3,4,4.99,K,I3,FALSE,1400
2026-03-20T06:44:34.472Z,PB,3,4,4.99,L,IF,FALSE,11300
2026-03-20T06:44:34.472Z,PB,3,4,4.99,L,SI2,FALSE,7700
2026-03-20T06:44:34.472Z,PB,3,4,4.99,L,I2,FALSE,2400
2026-03-20T06:44:34.472Z,PB,3,4,4.99,M,SI3,FALSE,4700
2026-03-20T06:44:34.472Z,PB,3,5,9.99,D,VVS2,FALSE,60000
2026-03-20T06:44:34.472Z,PB,3,5,9.99,D,VS1,FALSE,57000
2026-03-20T06:44:34.472Z,PB,3,5,9.99,D,SI2,FALSE,27000
2026-03-20T06:44:34.472Z,PB,3,5,9.99,D,SI3,FALSE,14600
2026-03-20T06:44:34.472Z,PB,3,5,9.99,D,I3,FALSE,2000
2026-03-20T06:44:34.472Z,PB,3,5,9.99,F,SI3,FALSE,12900
2026-03-20T06:44:34.472Z,PB,3,5,9.99,F,I2,FALSE,3800
2026-03-20T06:44:34.472Z,PB,3,5,9.99,G,VVS1,FALSE,47000
2026-03-20T06:44:34.472Z,PB,3,5,9.99,G,I2,FALSE,3600
2026-03-20T06:44:34.472Z,PB,3,5,9.99,G,I3,FALSE,1700
2026-03-20T06:44:34.472Z,PB,3,5,9.99,H,I2,FALSE,3300
2026-03-20T06:44:34.472Z,PB,3,5,9.99,I,SI2,FALSE,18000
2026-03-20T06:44:34.472Z,PB,3,5,9.99,I,I1,FALSE,7700
2026-03-20T06:44:34.472Z,PB,3,5,9.99,I,I3,FALSE,1600
2026-03-20T06:44:34.472Z,PB,3,5,9.99,J,IF,FALSE,25000
2026-03-20T06:44:34.472Z,PB,3,5,9.99,J,VS2,FALSE,18500
2026-03-20T06:44:34.472Z,PB,3,5,9.99,J,SI1,FALSE,17500
2026-03-20T06:44:34.472Z,PB,3,5,9.99,J,SI2,FALSE,16000
2026-03-20T06:44:34.472Z,PB,3,5,9.99,J,SI3,FALSE,9700
2026-03-20T06:44:34.472Z,PB,3,5,9.99,J,I2,FALSE,2800
2026-03-20T06:44:34.472Z,PB,3,5,9.99,K,VS2,FALSE,15500
2026-03-20T06:44:34.472Z,PB,3,5,9.99,K,I1,FALSE,6500
2026-03-20T06:44:34.472Z,PB,3,5,9.99,K,I2,FALSE,2700
2026-03-20T06:44:34.472Z,PB,3,5,9.99,K,I3,FALSE,1500
2026-03-20T06:44:34.472Z,PB,3,5,9.99,L,IF,FALSE,15000
2026-03-20T06:44:34.472Z,PB,3,5,9.99,L,SI3,FALSE,7100
2026-03-20T06:44:34.472Z,PB,3,5,9.99,M,VVS2,FALSE,10500
2026-03-20T06:44:34.472Z,PB,3,5,9.99,M,SI2,FALSE,8000
2026-03-20T06:44:34.472Z,PB,3,5,9.99,M,SI3,FALSE,6100
2026-03-20T06:44:34.472Z,PB,3,5,9.99,M,I1,FALSE,4600
2026-03-20T06:44:34.472Z,PB,3,5,9.99,M,I2,FALSE,2300
2026-03-20T06:44:34.472Z,PB,3,10,99,D,VS1,FALSE,92000
2026-03-20T06:44:34.472Z,PB,3,10,99,D,SI2,FALSE,41000
2026-03-20T06:44:34.472Z,PB,3,10,99,F,VS1,FALSE,76500
2026-03-20T06:44:34.472Z,PB,3,10,99,F,SI1,FALSE,49500
2026-03-20T06:44:34.472Z,PB,3,10,99,F,I3,FALSE,2100
2026-03-20T06:44:34.472Z,PB,3,10,99,G,SI1,FALSE,46000
2026-03-20T06:44:34.472Z,PB,3,10,99,G,I2,FALSE,4600
2026-03-20T06:44:34.472Z,PB,3,10,99,H,VS1,FALSE,53000
2026-03-20T06:44:34.472Z,PB,3,10,99,H,I1,FALSE,10100
2026-03-20T06:44:34.472Z,PB,3,10,99,I,IF,FALSE,51000
2026-03-20T06:44:34.472Z,PB,3,10,99,I,VVS1,FALSE,47500
2026-03-20T06:44:34.472Z,PB,3,10,99,I,SI3,FALSE,15000
2026-03-20T06:44:34.472Z,PB,3,10,99,J,SI2,FALSE,22000
2026-03-20T06:44:34.472Z,PB,3,10,99,K,VVS2,FALSE,27500
2026-03-20T06:44:34.472Z,PB,3,10,99,K,SI1,FALSE,21000
2026-03-20T06:44:34.472Z,PB,3,10,99,K,I1,FALSE,8600
2026-03-20T06:44:34.472Z,PB,3,10,99,K,I3,FALSE,1600
2026-03-20T06:44:34.472Z,PB,3,2,2.99,M,FL,FALSE,4500
2026-03-20T06:44:34.472Z,PB,3,3,3.99,L,FL,FALSE,8900
2026-03-20T06:44:34.472Z,PB,3,4,4.99,G,FL,FALSE,37500
2026-03-20T06:44:34.472Z,PB,3,4,4.99,I,FL,FALSE,25000
2026-03-20T06:44:34.472Z,PB,3,5,9.99,E,FL,FALSE,63000
2026-03-20T06:44:34.472Z,PB,3,5,9.99,G,FL,FALSE,50000
2026-03-20T06:44:34.472Z,PB,3,5,9.99,H,FL,FALSE,42000
2026-03-20T06:44:34.472Z,PB,3,10,99,D,FL,FALSE,132000
2026-03-20T06:44:34.472Z,PB,3,10,99,G,FL,FALSE,79000
2026-03-20T06:44:34.472Z,PB,3,10,99,L,FL,FALSE,23000
2026-03-20T06:44:34.472Z,PB,3,10,99,M,FL,FALSE,17500
2026-03-20T06:44:34.472Z,PB,3,0.3,0.39,N,FL,FALSE,900
2026-03-20T06:44:34.472Z,PB,3,1.5,1.99,N,FL,FALSE,3500
2026-03-20T06:44:34.472Z,PB,3,5,9.99,N,FL,FALSE,11500
2026-03-20T06:44:34.472Z,PB,3,1.5,1.99,O-P,FL,FALSE,3500
2026-03-20T06:44:34.472Z,PB,3,2,2.99,O-P,FL,FALSE,4500
2026-03-20T06:44:34.472Z,PB,3,0.5,0.69,Q-R,FL,FALSE,1400
2026-03-20T06:44:34.472Z,PB,3,0.3,0.39,S-T,FL,FALSE,900
2026-03-20T06:44:34.472Z,PB,3,2,2.99,S-T,FL,FALSE,4500
2026-03-20T06:44:34.472Z,PB,3,10,99,S-T,FL,FALSE,17500
2026-03-20T06:44:34.472Z,PB,3,0.4,0.49,U-V,FL,FALSE,1200
2026-03-20T06:44:34.472Z,PB,3,0.9,0.99,U-V,FL,FALSE,2000
2026-03-20T06:44:34.472Z,PB,3,0.3,0.39,W-X,FL,FALSE,900
2026-03-20T06:44:34.472Z,PB,3,0.5,0.69,W-X,FL,FALSE,1400
2026-03-20T06:44:34.472Z,PB,3,2,2.99,W-X,FL,FALSE,4500
2026-03-20T06:44:34.472Z,PB,3,0.3,0.39,Y-Z,FL,FALSE,900
2026-03-20T06:44:34.472Z,PB,3,0.4,0.49,Y-Z,FL,FALSE,1200
2026-03-20T06:44:34.472Z,PB,3,1,1.49,Y-Z,FL,FALSE,2500
2026-03-20T06:44:34.472Z,PB,3,3,3.99,Y-Z,FL,FALSE,6700
2026-03-20T06:44:34.472Z,PB,3,4,4.99,Y-Z,FL,FALSE,8100
2026-03-20T06:44:34.472Z,PB,3,10,99,L,VS2,FALSE,17500
2026-03-20T06:44:34.472Z,PB,3,10,99,L,I1,FALSE,7700
2026-03-20T06:44:34.472Z,PB,3,10,99,M,VS1,FALSE,14500
2026-03-20T06:44:34.472Z,PB,3,10,99,M,VS2,FALSE,13500
2026-03-20T06:44:34.472Z,PB,3,10,99,M,SI2,FALSE,11500
2026-03-20T06:44:34.472Z,PB,3,10,99,M,SI3,FALSE,9000
2026-03-20T06:44:34.472Z,PB,3,10,99,M,I1,FALSE,6400
2026-03-20T06:44:34.472Z,PB,3,0.3,0.39,N,VVS1,TRUE,900
2026-03-20T06:44:34.472Z,PB,3,0.3,0.39,N,VS1,TRUE,800
2026-03-20T06:44:34.472Z,PB,3,0.3,0.39,N,VS2,TRUE,800
2026-03-20T06:44:34.472Z,PB,3,0.3,0.39,N,SI3,FALSE,500
2026-03-20T06:44:34.472Z,PB,3,0.3,0.39,N,I2,FALSE,300
2026-03-20T06:44:34.472Z,PB,3,0.3,0.39,N,I3,FALSE,200
2026-03-20T06:44:34.472Z,PB,3,0.4,0.49,N,IF,TRUE,1200
2026-03-20T06:44:34.472Z,PB,3,0.4,0.49,N,VVS1,TRUE,1100
2026-03-20T06:44:34.472Z,PB,3,0.4,0.49,N,VS2,TRUE,900
2026-03-20T06:44:34.472Z,PB,3,0.4,0.49,N,I2,FALSE,400
2026-03-20T06:44:34.472Z,PB,3,0.4,0.49,N,I3,FALSE,300
2026-03-20T06:44:34.472Z,PB,3,0.5,0.69,N,I3,FALSE,400
2026-03-20T06:44:34.472Z,PB,3,0.7,0.89,N,IF,TRUE,1800
2026-03-20T06:44:34.472Z,PB,3,0.7,0.89,N,VS1,TRUE,1500
2026-03-20T06:44:34.472Z,PB,3,0.7,0.89,N,I1,TRUE,900
2026-03-20T06:44:34.472Z,PB,3,0.9,0.99,N,SI1,TRUE,1500
2026-03-20T06:44:34.472Z,PB,3,0.9,0.99,N,SI2,TRUE,1400
2026-03-20T06:44:34.472Z,PB,3,0.9,0.99,N,I1,FALSE,1100
2026-03-20T06:44:34.472Z,PB,3,1,1.49,N,VS2,FALSE,1900
2026-03-20T06:44:34.472Z,PB,3,1,1.49,N,I1,FALSE,1300
2026-03-20T06:44:34.472Z,PB,3,1.5,1.99,N,IF,FALSE,3500
2026-03-20T06:44:34.472Z,PB,3,1.5,1.99,N,VVS1,FALSE,3300
2026-03-20T06:44:34.472Z,PB,3,1.5,1.99,N,SI2,FALSE,2500
2026-03-20T06:44:34.472Z,PB,3,2,2.99,N,VS2,FALSE,3600
2026-03-20T06:44:34.472Z,PB,3,2,2.99,N,SI1,FALSE,3500
2026-03-20T06:44:34.472Z,PB,3,2,2.99,N,I1,FALSE,2700
2026-03-20T06:44:34.472Z,PB,3,3,3.99,N,I1,FALSE,3600
2026-03-20T06:44:34.472Z,PB,3,4,4.99,N,I2,FALSE,2200
2026-03-20T06:44:34.472Z,PB,3,5,9.99,N,IF,FALSE,11500
2026-03-20T06:44:34.472Z,PB,3,5,9.99,N,VS2,FALSE,9000
2026-03-20T06:44:34.472Z,PB,3,10,99,N,VVS2,FALSE,15500
2026-03-20T06:44:34.472Z,PB,3,0.4,0.49,O-P,VVS2,FALSE,1000
2026-03-20T06:44:34.472Z,PB,3,0.4,0.49,O-P,VS2,FALSE,900
2026-03-20T06:44:34.472Z,PB,3,0.4,0.49,O-P,SI2,FALSE,700
2026-03-20T06:44:34.472Z,PB,3,0.4,0.49,O-P,I2,FALSE,400
2026-03-20T06:44:34.472Z,PB,3,0.5,0.69,O-P,I1,FALSE,700
2026-03-20T06:44:34.472Z,PB,3,0.7,0.89,O-P,VVS2,FALSE,1600
2026-03-20T06:44:34.472Z,PB,3,0.7,0.89,O-P,SI1,FALSE,1300
2026-03-20T06:44:34.472Z,PB,3,0.7,0.89,O-P,SI3,FALSE,1100
2026-03-20T06:44:34.472Z,PB,3,0.9,0.99,O-P,IF,FALSE,2000
2026-03-20T06:44:34.472Z,PB,3,0.9,0.99,O-P,SI2,FALSE,1400
2026-03-20T06:44:34.472Z,PB,3,1,1.49,O-P,VVS2,FALSE,2100
2026-03-20T06:44:34.472Z,PB,3,1,1.49,O-P,I1,FALSE,1300
2026-03-20T06:44:34.472Z,PB,3,1.5,1.99,O-P,VVS2,FALSE,3200
2026-03-20T06:44:34.472Z,PB,3,1.5,1.99,O-P,SI1,FALSE,2700
2026-03-20T06:44:34.472Z,PB,3,1.5,1.99,O-P,I1,FALSE,2200
2026-03-20T06:44:34.472Z,PB,3,2,2.99,O-P,VS1,FALSE,3800
2026-03-20T06:44:34.472Z,PB,3,2,2.99,O-P,VS2,FALSE,3600
2026-03-20T06:44:34.472Z,PB,3,3,3.99,O-P,VS2,FALSE,5400
2026-03-20T06:44:34.472Z,PB,3,3,3.99,O-P,SI3,FALSE,4100
2026-03-20T06:44:34.472Z,PB,3,3,3.99,O-P,I2,FALSE,2100
2026-03-20T06:44:34.472Z,PB,3,4,4.99,O-P,SI2,FALSE,6100
2026-03-20T06:44:34.472Z,PB,3,4,4.99,O-P,SI3,FALSE,4700
2026-03-20T06:44:34.472Z,PB,3,4,4.99,O-P,I2,FALSE,2200
2026-03-20T06:44:34.472Z,PB,3,10,99,O-P,VVS2,FALSE,15500
2026-03-20T06:44:34.472Z,PB,3,10,99,O-P,SI1,FALSE,12500
2026-03-20T06:44:34.472Z,PB,3,10,99,O-P,SI3,FALSE,9000
2026-03-20T06:44:34.472Z,PB,3,0.9,0.99,Y-Z,VS2,FALSE,1600
2026-03-20T06:44:34.472Z,PB,3,1,1.49,Y-Z,IF,FALSE,2500
2026-03-20T06:44:34.472Z,PB,3,1,1.49,Y-Z,VS1,FALSE,2000
2026-03-20T06:44:34.472Z,PB,3,1,1.49,Y-Z,SI1,FALSE,1800
2026-03-20T06:44:34.472Z,PB,3,1.5,1.99,Y-Z,IF,FALSE,3500
2026-03-20T06:44:34.472Z,PB,3,1.5,1.99,Y-Z,SI1,FALSE,2700
2026-03-20T06:44:34.472Z,PB,3,1.5,1.99,Y-Z,I1,FALSE,2200
2026-03-20T06:44:34.472Z,PB,3,1.5,1.99,Y-Z,I3,FALSE,1000
2026-03-20T06:44:34.472Z,PB,3,2,2.99,Y-Z,VVS1,FALSE,4200
2026-03-20T06:44:34.472Z,PB,3,2,2.99,Y-Z,VS1,FALSE,3800
2026-03-20T06:44:34.472Z,PB,3,2,2.99,Y-Z,SI1,FALSE,3500
2026-03-20T06:44:34.472Z,PB,3,2,2.99,Y-Z,SI3,FALSE,2900
2026-03-20T06:44:34.472Z,PB,3,2,2.99,Y-Z,I1,FALSE,2700
2026-03-20T06:44:34.472Z,PB,3,3,3.99,Y-Z,SI1,FALSE,4900
2026-03-20T06:44:34.472Z,PB,3,4,4.99,Y-Z,I2,FALSE,2200
2026-03-20T06:44:34.472Z,PB,3,4,4.99,Y-Z,I3,FALSE,1200
2026-03-20T06:44:34.472Z,PB,3,5,9.99,Y-Z,VVS1,FALSE,11000
2026-03-20T06:44:34.472Z,PB,3,5,9.99,Y-Z,VVS2,FALSE,10500
2026-03-20T06:44:34.472Z,PB,3,5,9.99,Y-Z,VS1,FALSE,9500
2026-03-20T06:44:34.472Z,PB,3,5,9.99,Y-Z,SI3,FALSE,6100
2026-03-20T06:44:34.472Z,PB,3,10,99,Y-Z,VVS1,FALSE,16500
2026-03-20T06:44:34.472Z,PB,3,10,99,Y-Z,VS2,FALSE,13500
2026-03-20T06:44:34.472Z,PB,3,10,99,Y-Z,I3,FALSE,1500
2026-03-20T06:44:34.472Z,RBC,3,0.01,0.03,G,FL,FALSE,710
2026-03-20T06:44:34.472Z,RBC,3,0.01,0.03,I,FL,FALSE,610
2026-03-20T06:44:34.472Z,RBC,3,0.01,0.03,J,FL,FALSE,610
2026-03-20T06:44:34.472Z,RBC,3,0.01,0.03,L,FL,FALSE,440
2026-03-20T06:44:34.472Z,RBC,3,0.01,0.03,M,FL,FALSE,290
2026-03-20T06:44:34.472Z,RBC,3,0.04,0.07,I,FL,FALSE,650
2026-03-20T06:44:34.472Z,RBC,3,0.04,0.07,M,FL,FALSE,310
2026-03-20T06:44:34.472Z,RBC,3,0.08,0.14,G,FL,FALSE,880
2026-03-20T06:44:34.472Z,RBC,3,0.08,0.14,H,FL,FALSE,880
2026-03-20T06:44:34.472Z,RBC,3,0.08,0.14,M,FL,FALSE,410
2026-03-20T06:44:34.472Z,RBC,3,0.15,0.17,I,FL,FALSE,850
2026-03-20T06:44:34.472Z,RBC,3,0.15,0.17,J,FL,FALSE,850
2026-03-20T06:44:34.472Z,RBC,3,0.15,0.17,L,FL,FALSE,690
2026-03-20T06:44:34.472Z,RBC,3,0.15,0.17,N,FL,FALSE,500
2026-03-20T06:44:34.472Z,RBC,3,0.18,0.22,I,FL,TRUE,970
2026-03-20T06:44:34.472Z,RBC,3,0.23,0.29,K,FL,TRUE,920
2026-03-20T06:44:34.472Z,RBC,3,0.3,0.39,H,FL,TRUE,1700
2026-03-20T06:44:34.472Z,RBC,3,0.4,0.49,F,FL,TRUE,2600
2026-03-20T06:44:34.472Z,RBC,3,0.4,0.49,H,FL,TRUE,2000
2026-03-20T06:44:34.472Z,RBC,3,0.5,0.69,D,FL,TRUE,5500
2026-03-20T06:44:34.472Z,RBC,3,0.5,0.69,G,FL,TRUE,3200
2026-03-20T06:44:34.472Z,RBC,3,0.7,0.89,H,FL,TRUE,3400
2026-03-20T06:44:34.472Z,RBC,3,0.9,0.99,F,FL,TRUE,8200
2026-03-20T06:44:34.472Z,RBC,3,0.9,0.99,I,FL,TRUE,4500
2026-03-20T06:44:34.472Z,RBC,3,0.9,0.99,M,FL,TRUE,2400
2026-03-20T06:44:34.472Z,RBC,3,1,1.49,D,FL,TRUE,16000
2026-03-20T06:44:34.472Z,RBC,3,1,1.49,E,FL,TRUE,12500
2026-03-20T06:44:34.472Z,RBC,3,1,1.49,G,FL,TRUE,8200
2026-03-20T06:44:34.472Z,RBC,3,1,1.49,M,FL,TRUE,2700
2026-03-20T06:44:34.472Z,RBC,3,1.5,1.99,D,FL,TRUE,21000
2026-03-20T06:44:34.472Z,RBC,3,1.5,1.99,H,FL,TRUE,10800
2026-03-20T06:44:34.472Z,RBC,3,1.5,1.99,M,FL,TRUE,4600
2026-03-20T06:44:34.472Z,RBC,3,2,2.99,J,FL,FALSE,10900
2026-03-20T06:44:34.472Z,RBC,3,2,2.99,L,FL,FALSE,7800
2026-03-20T06:44:34.472Z,RBC,3,4,4.99,D,FL,FALSE,74500
2026-03-20T06:44:34.472Z,RBC,3,4,4.99,E,FL,FALSE,62500
2026-03-20T06:44:34.472Z,RBC,3,4,4.99,M,FL,FALSE,12500
2026-03-20T06:44:34.472Z,RBC,3,5,9.99,F,FL,FALSE,73000
2026-03-20T06:44:34.472Z,RBC,3,5,9.99,H,FL,FALSE,48000
2026-03-20T06:44:34.472Z,RBC,3,5,9.99,I,FL,FALSE,36500
2026-03-20T06:44:34.472Z,RBC,3,10,99,G,FL,FALSE,93000
2026-03-20T06:44:34.472Z,PB,3,0.3,0.39,Q-R,VS2,FALSE,800
2026-03-20T06:44:34.472Z,PB,3,0.3,0.39,Q-R,SI1,FALSE,700
2026-03-20T06:44:34.472Z,PB,3,0.3,0.39,Q-R,I2,FALSE,300
2026-03-20T06:44:34.472Z,PB,3,0.4,0.49,Q-R,VVS1,FALSE,1100
2026-03-20T06:44:34.472Z,PB,3,0.4,0.49,Q-R,SI2,FALSE,700
2026-03-20T06:44:34.472Z,PB,3,0.5,0.69,Q-R,IF,FALSE,1400
2026-03-20T06:44:34.472Z,PB,3,0.5,0.69,Q-R,VVS1,FALSE,1300
2026-03-20T06:44:34.472Z,PB,3,0.5,0.69,Q-R,VVS2,FALSE,1200
2026-03-20T06:44:34.472Z,PB,3,0.5,0.69,Q-R,VS2,FALSE,1000
2026-03-20T06:44:34.472Z,PB,3,0.5,0.69,Q-R,I1,FALSE,700
2026-03-20T06:44:34.472Z,PB,3,0.5,0.69,Q-R,I3,FALSE,400
2026-03-20T06:44:34.472Z,PB,3,0.7,0.89,Q-R,IF,FALSE,1800
2026-03-20T06:44:34.472Z,PB,3,0.7,0.89,Q-R,VS2,FALSE,1400
2026-03-20T06:44:34.472Z,PB,3,0.9,0.99,Q-R,VVS1,FALSE,1900
2026-03-20T06:44:34.472Z,PB,3,0.9,0.99,Q-R,VVS2,FALSE,1800
2026-03-20T06:44:34.472Z,PB,3,0.9,0.99,Q-R,VS1,FALSE,1700
2026-03-20T06:44:34.472Z,PB,3,0.9,0.99,Q-R,SI2,FALSE,1400
2026-03-20T06:44:34.472Z,PB,3,0.9,0.99,Q-R,I1,FALSE,1100
2026-03-20T06:44:34.472Z,PB,3,1,1.49,Q-R,VVS1,FALSE,2300
2026-03-20T06:44:34.472Z,PB,3,1.5,1.99,Q-R,VVS1,FALSE,3300
2026-03-20T06:44:34.472Z,PB,3,1.5,1.99,Q-R,VS2,FALSE,2900
2026-03-20T06:44:34.472Z,PB,3,1.5,1.99,Q-R,SI2,FALSE,2500
2026-03-20T06:44:34.472Z,PB,3,2,2.99,Q-R,IF,FALSE,4500
2026-03-20T06:44:34.472Z,PB,3,2,2.99,Q-R,VVS2,FALSE,4000
2026-03-20T06:44:34.472Z,PB,3,2,2.99,Q-R,I3,FALSE,1000
2026-03-20T06:44:34.472Z,PB,3,3,3.99,Q-R,IF,FALSE,6700
2026-03-20T06:44:34.472Z,PB,3,4,4.99,Q-R,SI3,FALSE,4700
2026-03-20T06:44:34.472Z,PB,3,10,99,Q-R,VVS2,FALSE,15500
2026-03-20T06:44:34.472Z,PB,3,10,99,Q-R,I2,FALSE,3300
2026-03-20T06:44:34.472Z,PB,3,10,99,Q-R,I3,FALSE,1500
2026-03-20T06:44:34.472Z,PB,3,0.3,0.39,S-T,VS2,FALSE,800
2026-03-20T06:44:34.472Z,PB,3,0.3,0.39,S-T,SI1,FALSE,700
2026-03-20T06:44:34.472Z,PB,3,0.3,0.39,S-T,SI3,FALSE,500
2026-03-20T06:44:34.472Z,PB,3,0.3,0.39,S-T,I3,FALSE,200
2026-03-20T06:44:34.472Z,PB,3,0.4,0.49,S-T,SI3,FALSE,600
2026-03-20T06:44:34.472Z,PB,3,0.4,0.49,S-T,I2,FALSE,400
2026-03-20T06:44:34.472Z,PB,3,0.5,0.69,S-T,VS2,FALSE,1000
2026-03-20T06:44:34.472Z,PB,3,0.5,0.69,S-T,SI1,FALSE,1000
2026-03-20T06:44:34.472Z,PB,3,0.5,0.69,S-T,SI2,FALSE,900
2026-03-20T06:44:34.472Z,PB,3,0.5,0.69,S-T,I3,FALSE,400
2026-03-20T06:44:34.472Z,PB,3,0.9,0.99,S-T,VVS2,FALSE,1800
2026-03-20T06:44:34.472Z,PB,3,0.9,0.99,S-T,SI2,FALSE,1400
2026-03-20T06:44:34.472Z,PB,3,1,1.49,S-T,SI3,FALSE,1600
2026-03-20T06:44:34.472Z,PB,3,1.5,1.99,S-T,VS1,FALSE,3100
2026-03-20T06:44:34.472Z,PB,3,1.5,1.99,S-T,SI3,FALSE,2400
2026-03-20T06:44:34.472Z,PB,3,1.5,1.99,S-T,I1,FALSE,2200
2026-03-20T06:44:34.472Z,PB,3,1.5,1.99,S-T,I3,FALSE,1000
2026-03-20T06:44:34.472Z,PB,3,2,2.99,S-T,SI1,FALSE,3500
2026-03-20T06:44:34.472Z,PB,3,3,3.99,S-T,IF,FALSE,6700
2026-03-20T06:44:34.472Z,PB,3,3,3.99,S-T,VVS2,FALSE,6000
2026-03-20T06:44:34.472Z,PB,3,3,3.99,S-T,VS2,FALSE,5400
2026-03-20T06:44:34.472Z,PB,3,4,4.99,S-T,IF,FALSE,8100
2026-03-20T06:44:34.472Z,PB,3,4,4.99,S-T,VS1,FALSE,7100
2026-03-20T06:44:34.472Z,PB,3,4,4.99,S-T,SI1,FALSE,6400
2026-03-20T06:44:34.472Z,PB,3,4,4.99,S-T,I1,FALSE,3900
2026-03-20T06:44:34.472Z,PB,3,5,9.99,S-T,I2,FALSE,2300
2026-03-20T06:44:34.472Z,PB,3,10,99,S-T,VVS2,FALSE,15500
2026-03-20T06:44:34.472Z,PB,3,10,99,S-T,VS1,FALSE,14500
2026-03-20T06:44:34.472Z,PB,3,10,99,S-T,SI2,FALSE,11500
2026-03-20T06:44:34.472Z,PB,3,10,99,S-T,I1,FALSE,6400
2026-03-20T06:44:34.472Z,PB,3,0.3,0.39,U-V,IF,FALSE,900
2026-03-20T06:44:34.472Z,PB,3,0.3,0.39,U-V,I2,FALSE,300
2026-03-20T06:44:34.472Z,PB,3,0.3,0.39,U-V,I3,FALSE,200
2026-03-20T06:44:34.472Z,PB,3,0.4,0.49,U-V,SI2,FALSE,700
2026-03-20T06:44:34.472Z,RBC,3,10,99,H,FL,FALSE,75000
2026-03-20T06:44:34.472Z,RBC,3,10,99,J,FL,FALSE,44000
2026-03-20T06:44:34.472Z,RBC,3,0.3,0.39,O-P,FL,FALSE,1000
2026-03-20T06:44:34.472Z,RBC,3,3,3.99,O-P,FL,FALSE,9500
2026-03-20T06:44:34.472Z,RBC,3,2,2.99,Q-R,FL,FALSE,6800
2026-03-20T06:44:34.472Z,RBC,3,4,4.99,Q-R,FL,FALSE,12500
2026-03-20T06:44:34.472Z,RBC,3,0.5,0.69,S-T,FL,FALSE,1400
2026-03-20T06:44:34.472Z,RBC,3,2,2.99,S-T,FL,FALSE,6800
2026-03-20T06:44:34.472Z,RBC,3,3,3.99,S-T,FL,FALSE,9500
2026-03-20T06:44:34.472Z,RBC,3,0.9,0.99,U-V,FL,FALSE,2400
2026-03-20T06:44:34.472Z,RBC,3,1,1.49,U-V,FL,FALSE,2700
2026-03-20T06:44:34.472Z,RBC,3,1.5,1.99,W-X,FL,FALSE,4600
2026-03-20T06:44:34.472Z,RBC,3,3,3.99,W-X,FL,FALSE,9500
2026-03-20T06:44:34.472Z,RBC,3,0.5,0.69,Y-Z,FL,FALSE,1400
2026-03-20T06:44:34.472Z,RBC,3,0.9,0.99,Y-Z,FL,FALSE,2400
2026-03-20T06:44:34.472Z,RBC,3,1.5,1.99,Y-Z,FL,FALSE,4600
2026-03-20T06:44:34.472Z,RBC,3,5,9.99,Y-Z,FL,FALSE,15000
2026-03-20T06:44:34.472Z,PB,3,0.18,0.22,E,FL,TRUE,1370
2026-03-20T06:44:34.472Z,PB,3,0.18,0.22,H,FL,TRUE,1210
2026-03-20T06:44:34.472Z,PB,3,0.18,0.22,L,FL,TRUE,770
2026-03-20T06:44:34.472Z,PB,3,0.23,0.29,M,FL,FALSE,780
2026-03-20T06:44:34.472Z,PB,3,0.3,0.39,E,FL,TRUE,2300
2026-03-20T06:44:34.472Z,PB,3,0.3,0.39,I,FL,TRUE,1600
2026-03-20T06:44:34.472Z,PB,3,0.3,0.39,J,FL,TRUE,1400
2026-03-20T06:44:34.472Z,PB,3,0.3,0.39,K,FL,TRUE,1200
2026-03-20T06:44:34.472Z,PB,3,0.4,0.49,J,FL,TRUE,1600
2026-03-20T06:44:34.472Z,PB,3,0.4,0.49,K,FL,TRUE,1400
2026-03-20T06:44:34.472Z,PB,3,0.5,0.69,D,FL,TRUE,3300
2026-03-20T06:44:34.472Z,PB,3,0.5,0.69,F,FL,TRUE,2800
2026-03-20T06:44:34.472Z,PB,3,0.5,0.69,G,FL,TRUE,2600
2026-03-20T06:44:34.472Z,PB,3,0.5,0.69,K,FL,TRUE,1700
2026-03-20T06:44:34.472Z,PB,3,0.5,0.69,M,FL,TRUE,1400
2026-03-20T06:44:34.472Z,PB,3,0.7,0.89,E,FL,TRUE,4300
2026-03-20T06:44:34.472Z,PB,3,0.7,0.89,H,FL,TRUE,3400
2026-03-20T06:44:34.472Z,PB,3,0.7,0.89,J,FL,TRUE,2600
2026-03-20T06:44:34.472Z,PB,3,0.7,0.89,K,FL,TRUE,2200
2026-03-20T06:44:34.472Z,PB,3,0.9,0.99,D,FL,TRUE,6700
2026-03-20T06:44:34.472Z,PB,3,0.9,0.99,J,FL,TRUE,3600
2026-03-20T06:44:34.472Z,PB,3,1,1.49,D,FL,FALSE,9300
2026-03-20T06:44:34.472Z,PB,3,1,1.49,K,FL,FALSE,3400
2026-03-20T06:44:34.472Z,PB,3,1,1.49,L,FL,FALSE,2900
2026-03-20T06:44:34.472Z,PB,3,1.5,1.99,M,FL,FALSE,3500
2026-03-20T06:44:34.472Z,PB,3,2,2.99,D,FL,FALSE,21500
2026-03-20T06:44:34.472Z,PB,3,2,2.99,J,FL,FALSE,8800
2026-03-20T06:44:34.472Z,PB,3,2,2.99,L,FL,FALSE,5400
2026-03-20T06:44:34.472Z,PB,3,3,3.99,E,FL,FALSE,36500
2026-03-20T06:44:34.472Z,PB,3,3,3.99,F,FL,FALSE,32500
2026-03-20T06:44:34.472Z,PB,3,3,3.99,G,FL,FALSE,29000
2026-03-20T06:44:34.472Z,PB,3,3,3.99,H,FL,FALSE,24000
2026-03-20T06:44:34.472Z,PB,3,3,3.99,I,FL,FALSE,19500
2026-03-20T06:44:34.472Z,PB,3,3,3.99,K,FL,FALSE,11900
2026-03-20T06:44:34.472Z,PB,3,3,3.99,M,FL,FALSE,6700
2026-03-20T06:44:34.472Z,PB,3,4,4.99,D,FL,FALSE,53500
2026-03-20T06:44:34.472Z,PB,3,4,4.99,J,FL,FALSE,19500
2026-03-20T06:44:34.472Z,PB,3,5,9.99,I,FL,FALSE,32500
2026-03-20T06:44:34.472Z,PB,3,5,9.99,M,FL,FALSE,11500
2026-03-20T06:44:34.472Z,PB,3,10,99,E,FL,FALSE,107000
2026-03-20T06:44:34.472Z,PB,3,10,99,H,FL,FALSE,65500
2026-03-20T06:44:34.472Z,PB,3,10,99,I,FL,FALSE,51000
2026-03-20T06:44:34.472Z,PB,3,0.5,0.69,N,FL,TRUE,1400
2026-03-20T06:44:34.472Z,PB,3,0.7,0.89,N,FL,TRUE,1800
2026-03-20T06:44:34.472Z,PB,3,0.9,0.99,N,FL,TRUE,2000
2026-03-20T06:44:34.472Z,PB,3,1,1.49,N,FL,FALSE,2500
2026-03-20T06:44:34.472Z,PB,3,4,4.99,N,FL,FALSE,8100
2026-03-20T06:44:34.472Z,PB,3,0.4,0.49,U-V,I2,FALSE,400
2026-03-20T06:44:34.472Z,PB,3,0.4,0.49,U-V,I3,FALSE,300
2026-03-20T06:44:34.472Z,PB,3,0.5,0.69,U-V,VVS1,FALSE,1300
2026-03-20T06:44:34.472Z,PB,3,0.5,0.69,U-V,VVS2,FALSE,1200
2026-03-20T06:44:34.472Z,PB,3,0.5,0.69,U-V,VS1,FALSE,1100
2026-03-20T06:44:34.472Z,PB,3,0.7,0.89,U-V,VVS2,FALSE,1600
2026-03-20T06:44:34.472Z,PB,3,0.7,0.89,U-V,SI3,FALSE,1100
2026-03-20T06:44:34.472Z,PB,3,0.7,0.89,U-V,I3,FALSE,500
2026-03-20T06:44:34.472Z,PB,3,0.9,0.99,U-V,VVS1,FALSE,1900
2026-03-20T06:44:34.472Z,PB,3,0.9,0.99,U-V,VVS2,FALSE,1800
2026-03-20T06:44:34.472Z,PB,3,0.9,0.99,U-V,SI2,FALSE,1400
2026-03-20T06:44:34.472Z,PB,3,0.9,0.99,U-V,I1,FALSE,1100
2026-03-20T06:44:34.472Z,PB,3,0.9,0.99,U-V,I2,FALSE,900
2026-03-20T06:44:34.472Z,PB,3,1,1.49,U-V,IF,FALSE,2500
2026-03-20T06:44:34.472Z,PB,3,1,1.49,U-V,SI1,FALSE,1800
2026-03-20T06:44:34.472Z,PB,3,1.5,1.99,U-V,VS1,FALSE,3100
2026-03-20T06:44:34.472Z,PB,3,2,2.99,U-V,VVS1,FALSE,4200
2026-03-20T06:44:34.472Z,PB,3,2,2.99,U-V,VVS2,FALSE,4000
2026-03-20T06:44:34.472Z,PB,3,2,2.99,U-V,I2,FALSE,1800
2026-03-20T06:44:34.472Z,PB,3,3,3.99,U-V,VVS2,FALSE,6000
2026-03-20T06:44:34.472Z,PB,3,3,3.99,U-V,VS2,FALSE,5400
2026-03-20T06:44:34.472Z,PB,3,3,3.99,U-V,I2,FALSE,2100
2026-03-20T06:44:34.472Z,PB,3,4,4.99,U-V,VS1,FALSE,7100
2026-03-20T06:44:34.472Z,PB,3,4,4.99,U-V,VS2,FALSE,6800
2026-03-20T06:44:34.472Z,PB,3,4,4.99,U-V,SI1,FALSE,6400
2026-03-20T06:44:34.472Z,PB,3,5,9.99,U-V,VVS1,FALSE,11000
2026-03-20T06:44:34.472Z,PB,3,5,9.99,U-V,SI1,FALSE,8500
2026-03-20T06:44:34.472Z,PB,3,0.3,0.39,W-X,SI2,FALSE,600
2026-03-20T06:44:34.472Z,PB,3,0.3,0.39,W-X,SI3,FALSE,500
2026-03-20T06:44:34.472Z,PB,3,0.3,0.39,W-X,I1,FALSE,400
2026-03-20T06:44:34.472Z,PB,3,0.3,0.39,W-X,I2,FALSE,300
2026-03-20T06:44:34.472Z,PB,3,0.3,0.39,W-X,I3,FALSE,200
2026-03-20T06:44:34.472Z,PB,3,0.4,0.49,W-X,I3,FALSE,300
2026-03-20T06:44:34.472Z,PB,3,0.5,0.69,W-X,VS2,FALSE,1000
2026-03-20T06:44:34.472Z,PB,3,0.7,0.89,W-X,IF,FALSE,1800
2026-03-20T06:44:34.472Z,PB,3,0.7,0.89,W-X,VVS2,FALSE,1600
2026-03-20T06:44:34.472Z,PB,3,0.7,0.89,W-X,VS1,FALSE,1500
2026-03-20T06:44:34.472Z,PB,3,0.7,0.89,W-X,SI2,FALSE,1200
2026-03-20T06:44:34.472Z,PB,3,0.7,0.89,W-X,SI3,FALSE,1100
2026-03-20T06:44:34.472Z,PB,3,0.9,0.99,W-X,IF,FALSE,2000
2026-03-20T06:44:34.472Z,PB,3,0.9,0.99,W-X,VS1,FALSE,1700
2026-03-20T06:44:34.472Z,PB,3,0.9,0.99,W-X,I2,FALSE,900
2026-03-20T06:44:34.472Z,PB,3,1,1.49,W-X,VS1,FALSE,2000
2026-03-20T06:44:34.472Z,PB,3,1,1.49,W-X,SI3,FALSE,1600
2026-03-20T06:44:34.472Z,PB,3,2,2.99,W-X,VS1,FALSE,3800
2026-03-20T06:44:34.472Z,PB,3,2,2.99,W-X,SI2,FALSE,3300
2026-03-20T06:44:34.472Z,PB,3,2,2.99,W-X,I2,FALSE,1800
2026-03-20T06:44:34.472Z,PB,3,2,2.99,W-X,I3,FALSE,1000
2026-03-20T06:44:34.472Z,PB,3,3,3.99,W-X,VVS1,FALSE,6300
2026-03-20T06:44:34.472Z,PB,3,4,4.99,W-X,VVS2,FALSE,7400
2026-03-20T06:44:34.472Z,PB,3,5,9.99,W-X,VS1,FALSE,9500
2026-03-20T06:44:34.472Z,PB,3,5,9.99,W-X,VS2,FALSE,9000
2026-03-20T06:44:34.472Z,PB,3,5,9.99,W-X,SI1,FALSE,8500
2026-03-20T06:44:34.472Z,PB,3,5,9.99,W-X,I1,FALSE,4600
2026-03-20T06:44:34.472Z,PB,3,5,9.99,W-X,I3,FALSE,1300
2026-03-20T06:44:34.472Z,PB,3,10,99,W-X,VS2,FALSE,13500
2026-03-20T06:44:34.472Z,PB,3,10,99,W-X,I3,FALSE,1500
2026-03-20T06:44:34.472Z,PB,3,0.3,0.39,Y-Z,IF,FALSE,900
2026-03-20T06:44:34.472Z,PB,3,0.3,0.39,Y-Z,VVS1,FALSE,900
2026-03-20T06:44:34.472Z,PB,3,0.3,0.39,Y-Z,SI2,FALSE,600
2026-03-20T06:44:34.472Z,PB,3,0.3,0.39,Y-Z,SI3,FALSE,500
2026-03-20T06:44:34.472Z,PB,3,0.3,0.39,Y-Z,I2,FALSE,300
2026-03-20T06:44:34.472Z,PB,3,0.4,0.49,Y-Z,VVS1,FALSE,1100
2026-03-20T06:44:34.472Z,PB,3,0.4,0.49,Y-Z,SI1,FALSE,800
2026-03-20T06:44:34.472Z,PB,3,0.4,0.49,O-P,FL,FALSE,1200
2026-03-20T06:44:34.472Z,PB,3,0.5,0.69,O-P,FL,FALSE,1400
2026-03-20T06:44:34.472Z,PB,3,0.7,0.89,O-P,FL,FALSE,1800
2026-03-20T06:44:34.472Z,PB,3,5,9.99,O-P,FL,FALSE,11500
2026-03-20T06:44:34.472Z,PB,3,3,3.99,Q-R,FL,FALSE,6700
2026-03-20T06:44:34.472Z,PB,3,4,4.99,Q-R,FL,FALSE,8100
2026-03-20T06:44:34.472Z,PB,3,0.5,0.69,S-T,FL,FALSE,1400
2026-03-20T06:44:34.472Z,PB,3,0.7,0.89,U-V,FL,FALSE,1800
2026-03-20T06:44:34.472Z,PB,3,3,3.99,U-V,FL,FALSE,6700
2026-03-20T06:44:34.472Z,PB,3,10,99,U-V,FL,FALSE,17500
2026-03-20T06:44:34.472Z,PB,3,0.9,0.99,W-X,FL,FALSE,2000
2026-03-20T06:44:34.472Z,PB,3,1.5,1.99,W-X,FL,FALSE,3500
2026-03-20T06:44:34.472Z,PB,3,10,99,W-X,FL,FALSE,17500
2026-03-20T06:44:34.472Z,PB,3,0.7,0.89,Y-Z,FL,FALSE,1800
2026-03-20T06:44:34.472Z,PB,3,2,2.99,Y-Z,FL,FALSE,4500
2026-03-20T06:44:34.472Z,PB,3,0.4,0.49,Y-Z,I1,FALSE,500
2026-03-20T06:44:34.472Z,PB,3,0.4,0.49,Y-Z,I2,FALSE,400
2026-03-20T06:44:34.472Z,PB,3,0.5,0.69,Y-Z,VVS1,FALSE,1300
2026-03-20T06:44:34.472Z,PB,3,0.5,0.69,Y-Z,SI2,FALSE,900
2026-03-20T06:44:34.472Z,PB,3,0.5,0.69,Y-Z,SI3,FALSE,800
2026-03-20T06:44:34.472Z,PB,3,0.7,0.89,Y-Z,IF,FALSE,1800
2026-03-20T06:44:34.472Z,PB,3,0.7,0.89,Y-Z,VVS2,FALSE,1600
2026-03-20T06:44:34.472Z,PB,3,0.7,0.89,Y-Z,SI3,FALSE,1100
2026-03-20T06:44:34.472Z,PB,3,0.7,0.89,Y-Z,I1,FALSE,900
2026-03-20T06:44:34.472Z,PB,3,0.9,0.99,Y-Z,VVS2,FALSE,1800
2026-03-20T06:44:34.472Z,PB,3,0.9,0.99,Y-Z,SI2,FALSE,1400
2026-03-20T06:44:34.472Z,PB,3,0.9,0.99,Y-Z,I1,FALSE,1100
2026-03-20T06:44:34.472Z,PB,3,0.9,0.99,Y-Z,I3,FALSE,700
2026-03-20T06:44:34.472Z,PB,3,1,1.49,Y-Z,VVS2,FALSE,2100
2026-03-20T06:44:34.472Z,PB,3,1,1.49,Y-Z,VS2,FALSE,1900
2026-03-20T06:44:34.472Z,PB,3,1,1.49,Y-Z,SI2,FALSE,1700
2026-03-20T06:44:34.472Z,PB,3,1,1.49,Y-Z,I2,FALSE,1000
2026-03-20T06:44:34.472Z,PB,3,1.5,1.99,Y-Z,VS1,FALSE,3100
2026-03-20T06:44:34.472Z,PB,3,1.5,1.99,Y-Z,I2,FALSE,1500
2026-03-20T06:44:34.472Z,PB,3,2,2.99,Y-Z,VVS2,FALSE,4000
2026-03-20T06:44:34.472Z,PB,3,2,2.99,Y-Z,I3,FALSE,1000
2026-03-20T06:44:34.472Z,PB,3,3,3.99,Y-Z,VVS2,FALSE,6000
2026-03-20T06:44:34.472Z,PB,3,3,3.99,Y-Z,I2,FALSE,2100
2026-03-20T06:44:34.472Z,PB,3,3,3.99,Y-Z,I3,FALSE,1100
2026-03-20T06:44:34.472Z,PB,3,4,4.99,Y-Z,IF,FALSE,8100
2026-03-20T06:44:34.472Z,PB,3,4,4.99,Y-Z,VS2,FALSE,6800
2026-03-20T06:44:34.472Z,PB,3,4,4.99,Y-Z,SI2,FALSE,6100
2026-03-20T06:44:34.472Z,PB,3,5,9.99,Y-Z,I1,FALSE,4600
2026-03-20T06:44:34.472Z,PB,3,5,9.99,Y-Z,I2,FALSE,2300
2026-03-20T06:44:34.472Z,PB,3,10,99,Y-Z,IF,FALSE,17500
2026-03-20T06:44:34.472Z,PB,3,10,99,Y-Z,VVS2,FALSE,15500
2026-03-20T06:44:34.472Z,PB,3,10,99,Y-Z,VS1,FALSE,14500
2026-03-20T06:44:34.472Z,RBC,3,0.01,0.03,E,FL,FALSE,830
2026-03-20T06:44:34.472Z,RBC,3,0.01,0.03,F,FL,FALSE,830
2026-03-20T06:44:34.472Z,RBC,3,0.01,0.03,K,FL,FALSE,440
2026-03-20T06:44:34.472Z,RBC,3,0.04,0.07,H,FL,FALSE,770
2026-03-20T06:44:34.472Z,RBC,3,0.04,0.07,J,FL,FALSE,650
2026-03-20T06:44:34.472Z,RBC,3,0.04,0.07,K,FL,FALSE,470
2026-03-20T06:44:34.472Z,RBC,3,0.08,0.14,D,FL,FALSE,1060
2026-03-20T06:44:34.472Z,RBC,3,0.08,0.14,J,FL,FALSE,760
2026-03-20T06:44:34.472Z,RBC,3,0.08,0.14,K,FL,FALSE,630
2026-03-20T06:44:34.472Z,RBC,3,0.08,0.14,L,FL,FALSE,630
2026-03-20T06:44:34.472Z,RBC,3,0.15,0.17,K,FL,FALSE,690
2026-03-20T06:44:34.472Z,RBC,3,0.18,0.22,D,FL,TRUE,1340
2026-03-20T06:44:34.472Z,RBC,3,0.18,0.22,J,FL,TRUE,970
2026-03-20T06:44:34.472Z,RBC,3,0.18,0.22,L,FL,TRUE,820
2026-03-20T06:44:34.472Z,RBC,3,0.18,0.22,M,FL,TRUE,660
2026-03-20T06:44:34.472Z,RBC,3,0.18,0.22,N,FL,TRUE,660
2026-03-20T06:44:34.472Z,RBC,3,0.23,0.29,D,FL,TRUE,1600
2026-03-20T06:44:34.472Z,RBC,3,0.23,0.29,F,FL,TRUE,1600
2026-03-20T06:44:34.472Z,RBC,3,0.23,0.29,G,FL,TRUE,1310
2026-03-20T06:44:34.472Z,RBC,3,0.3,0.39,D,FL,TRUE,3100
2026-03-20T06:44:34.472Z,RBC,3,0.3,0.39,J,FL,TRUE,1300
2026-03-20T06:44:34.472Z,RBC,3,0.3,0.39,M,FL,TRUE,1000
2026-03-20T06:44:34.472Z,RBC,3,0.4,0.49,D,FL,TRUE,3500
2026-03-20T06:44:34.472Z,RBC,3,0.5,0.69,F,FL,TRUE,3800
2026-03-20T06:44:34.472Z,RBC,3,0.5,0.69,J,FL,TRUE,1900
2026-03-20T06:44:34.472Z,RBC,3,0.5,0.69,K,FL,TRUE,1600
2026-03-20T06:44:34.472Z,RBC,3,0.7,0.89,G,FL,TRUE,4200
2026-03-20T06:44:34.472Z,RBC,3,0.7,0.89,J,FL,TRUE,2400
2026-03-20T06:44:34.472Z,RBC,3,0.7,0.89,L,FL,TRUE,2000
2026-03-20T06:44:34.472Z,RBC,3,0.7,0.89,M,FL,TRUE,1800
2026-03-20T06:44:34.472Z,RBC,3,0.9,0.99,E,FL,TRUE,9000
2026-03-20T06:44:34.472Z,RBC,3,0.9,0.99,H,FL,TRUE,5000
2026-03-20T06:44:34.472Z,RBC,3,1,1.49,F,FL,TRUE,10700
2026-03-20T06:44:34.472Z,RBC,3,1,1.49,J,FL,TRUE,4300
2026-03-20T06:44:34.472Z,RBC,3,1,1.49,K,FL,TRUE,3600
2026-03-20T06:44:34.472Z,RBC,3,1,1.49,L,FL,TRUE,3100
2026-03-20T06:44:34.472Z,RBC,3,1.5,1.99,J,FL,TRUE,7400
2026-03-20T06:44:34.472Z,RBC,3,1.5,1.99,L,FL,TRUE,5300
2026-03-20T06:44:34.472Z,RBC,3,2,2.99,D,FL,FALSE,33000
2026-03-20T06:44:34.472Z,RBC,3,2,2.99,E,FL,FALSE,27000
2026-03-20T06:44:34.472Z,RBC,3,2,2.99,I,FL,FALSE,13500
2026-03-20T06:44:34.472Z,RBC,3,2,2.99,M,FL,FALSE,6800
2026-03-20T06:44:34.472Z,RBC,3,3,3.99,F,FL,FALSE,40500
2026-03-20T06:44:34.472Z,RBC,3,3,3.99,H,FL,FALSE,27000
2026-03-20T06:44:34.472Z,RBC,3,3,3.99,L,FL,FALSE,11700
2026-03-20T06:44:34.472Z,RBC,3,5,9.99,L,FL,FALSE,18000
2026-03-20T06:44:34.472Z,RBC,3,10,99,E,FL,FALSE,127000
2026-03-20T06:44:34.472Z,RBC,3,10,99,M,FL,FALSE,22500
2026-03-20T06:44:34.472Z,RBC,3,0.3,0.39,N,FL,TRUE,1000
2026-03-20T06:44:34.472Z,RBC,3,0.9,0.99,N,FL,TRUE,2400
2026-03-20T06:44:34.472Z,RBC,3,1,1.49,N,FL,TRUE,2700
2026-03-20T06:44:34.472Z,RBC,3,5,9.99,N,FL,FALSE,15000
2026-03-20T06:44:34.472Z,RBC,3,1,1.49,O-P,FL,FALSE,2700
2026-03-20T06:44:34.472Z,RBC,3,10,99,O-P,FL,FALSE,22500
2026-03-20T06:44:34.472Z,RBC,3,0.4,0.49,Q-R,FL,FALSE,1200
2026-03-20T06:44:34.472Z,RBC,3,0.5,0.69,Q-R,FL,FALSE,1400
2026-03-20T06:44:34.472Z,RBC,3,0.9,0.99,Q-R,FL,FALSE,2400
2026-03-20T06:44:34.472Z,RBC,3,3,3.99,Q-R,FL,FALSE,9500
2026-03-20T06:44:34.472Z,RBC,3,5,9.99,Q-R,FL,FALSE,15000
2026-03-20T06:44:34.472Z,RBC,3,0.3,0.39,S-T,FL,FALSE,1000
2026-03-20T06:44:34.472Z,RBC,3,0.4,0.49,S-T,FL,FALSE,1200
2026-03-20T06:44:34.472Z,RBC,3,0.9,0.99,S-T,FL,FALSE,2400
2026-03-20T06:44:34.472Z,RBC,3,10,99,S-T,FL,FALSE,22500
2026-03-20T06:44:34.472Z,RBC,3,0.4,0.49,U-V,FL,FALSE,1200
2026-03-20T06:44:34.472Z,RBC,3,4,4.99,U-V,FL,FALSE,12500
2026-03-20T06:44:34.472Z,RBC,3,0.7,0.89,W-X,FL,FALSE,1800
2026-03-20T06:44:34.472Z,RBC,3,0.9,0.99,W-X,FL,FALSE,2400
2026-03-20T06:44:34.472Z,RBC,3,1,1.49,W-X,FL,FALSE,2700
2026-03-20T06:44:34.472Z,RBC,3,2,2.99,W-X,FL,FALSE,6800
2026-03-20T06:44:34.472Z,RBC,3,4,4.99,W-X,FL,FALSE,12500
2026-03-20T06:44:34.472Z,RBC,3,10,99,W-X,FL,FALSE,22500
2026-03-20T06:44:34.472Z,RBC,3,0.4,0.49,Y-Z,FL,FALSE,1200
2026-03-20T06:44:34.472Z,RBC,3,0.7,0.89,Y-Z,FL,FALSE,1800
2026-03-20T06:44:34.472Z,RBC,3,2,2.99,Y-Z,FL,FALSE,6800
2026-03-20T06:44:34.472Z,RBC,3,3,3.99,Y-Z,FL,FALSE,9500
2026-03-20T06:44:34.472Z,RBC,3,4,4.99,Y-Z,FL,FALSE,12500
2026-03-20T06:44:34.472Z,PB,3,0.18,0.22,I,FL,TRUE,1000
2026-03-20T06:44:34.472Z,PB,3,0.18,0.22,N,FL,TRUE,600
2026-03-20T06:44:34.472Z,PB,3,0.23,0.29,F,FL,TRUE,1610
2026-03-20T06:44:34.472Z,PB,3,0.3,0.39,G,FL,TRUE,1900
2026-03-20T06:44:34.472Z,PB,3,0.3,0.39,L,FL,FALSE,1000
2026-03-20T06:44:34.472Z,PB,3,0.4,0.49,L,FL,TRUE,1300
2026-03-20T06:44:34.472Z,PB,3,0.5,0.69,H,FL,TRUE,2400
2026-03-20T06:44:34.472Z,PB,3,0.5,0.69,I,FL,TRUE,2200
2026-03-20T06:44:34.472Z,PB,3,0.5,0.69,L,FL,TRUE,1500
2026-03-20T06:44:34.472Z,PB,3,0.7,0.89,D,FL,TRUE,4700
2026-03-20T06:44:34.472Z,PB,3,0.7,0.89,G,FL,TRUE,3700
2026-03-20T06:44:34.472Z,PB,3,0.7,0.89,I,FL,TRUE,3100
2026-03-20T06:44:34.472Z,PB,3,0.9,0.99,L,FL,TRUE,2400
2026-03-20T06:44:34.472Z,PB,3,1,1.49,E,FL,FALSE,8200
2026-03-20T06:44:34.472Z,PB,3,1,1.49,F,FL,FALSE,7400
2026-03-20T06:44:34.472Z,PB,3,1,1.49,H,FL,FALSE,5600
2026-03-20T06:44:34.472Z,PB,3,1,1.49,I,FL,FALSE,4700
2026-03-20T06:44:34.472Z,PB,3,1,1.49,M,FL,FALSE,2500
2026-03-20T06:44:34.472Z,PB,3,1.5,1.99,D,FL,FALSE,14100
2026-03-20T06:44:34.472Z,PB,3,1.5,1.99,G,FL,FALSE,10900
2026-03-20T06:44:34.472Z,PB,3,1.5,1.99,H,FL,FALSE,9200
2026-03-20T06:44:34.472Z,PB,3,1.5,1.99,L,FL,FALSE,4100
2026-03-20T06:44:34.472Z,PB,3,3,3.99,J,FL,FALSE,15400
2026-03-20T06:44:34.472Z,PB,3,4,4.99,L,FL,FALSE,11300
2026-03-20T06:44:34.472Z,PB,3,4,4.99,M,FL,FALSE,8100
2026-03-20T06:44:34.472Z,PB,3,5,9.99,F,FL,FALSE,56500
2026-03-20T06:44:34.472Z,PB,3,10,99,J,FL,FALSE,39500
2026-03-20T06:44:34.472Z,PB,3,2,2.99,N,FL,FALSE,4500
2026-03-20T06:44:34.472Z,PB,3,3,3.99,N,FL,FALSE,6700
2026-03-20T06:44:34.472Z,PB,3,10,99,N,FL,FALSE,17500
2026-03-20T06:44:34.472Z,PB,3,1,1.49,O-P,FL,FALSE,2500
2026-03-20T06:44:34.472Z,PB,3,3,3.99,O-P,FL,FALSE,6700
2026-03-20T06:44:34.472Z,PB,3,4,4.99,O-P,FL,FALSE,8100
2026-03-20T06:44:34.472Z,PB,3,0.3,0.39,Q-R,FL,FALSE,900
2026-03-20T06:44:34.472Z,PB,3,0.4,0.49,Q-R,FL,FALSE,1200
2026-03-20T06:44:34.472Z,PB,3,0.7,0.89,Q-R,FL,FALSE,1800
2026-03-20T06:44:34.472Z,PB,3,5,9.99,Q-R,FL,FALSE,11500
2026-03-20T06:44:34.472Z,PB,3,0.7,0.89,S-T,FL,FALSE,1800
2026-03-20T06:44:34.472Z,PB,3,1,1.49,S-T,FL,FALSE,2500
2026-03-20T06:44:34.472Z,PB,3,3,3.99,S-T,FL,FALSE,6700
2026-03-20T06:44:34.472Z,PB,3,0.3,0.39,U-V,FL,FALSE,900
2026-03-20T06:44:34.472Z,PB,3,0.5,0.69,U-V,FL,FALSE,1400
2026-03-20T06:44:34.472Z,PB,3,1.5,1.99,U-V,FL,FALSE,3500
2026-03-20T06:44:34.472Z,PB,3,2,2.99,U-V,FL,FALSE,4500
2026-03-20T06:44:34.472Z,PB,3,0.4,0.49,W-X,FL,FALSE,1200
2026-03-20T06:44:34.472Z,PB,3,3,3.99,W-X,FL,FALSE,6700
2026-03-20T06:44:34.472Z,PB,3,5,9.99,W-X,FL,FALSE,11500
2026-03-20T06:44:34.472Z,PB,3,0.9,0.99,Y-Z,FL,FALSE,2000
2026-03-20T06:44:34.472Z,PB,3,10,99,Y-Z,FL,FALSE,17500
